osm_id,nazov,nazov_norm,okres,kraj,typ,lon,lat
5407898,Bohatá,bohata,Komárno,Nitriansky,village,18.201948,47.887709
9335667,Zálesie,zalesie,Senec,Bratislavský,village,17.275394,48.166954
15235724,Lányiho Huta,lanyiho huta,Rožňava,Košický,hamlet,20.337604,48.836511
15242357,Dobšinská Ľadová Jaskyňa,dobsinska ladova jaskyna,Rožňava,Košický,village,20.303507,48.873992
15243569,Hronský Beňadik,hronsky benadik,Žarnovica,Banskobystrický,village,18.560033,48.345849
17810022,Vík,vik,Komárno,Nitriansky,village,18.148618,47.858489
17974736,Bratislava,bratislava,Bratislava I,Bratislavský,city,17.109671,48.153538
21424903,Chorvátsky Grob - Čierna Voda,chorvatsky grob cierna voda,Senec,Bratislavský,village,17.232043,48.224227
25312048,Nová Dedinka,nova dedinka,Senec,Bratislavský,village,17.354915,48.180581
25322019,Chorvátsky Grob,chorvatsky grob,Senec,Bratislavský,village,17.289747,48.227611
25322502,Vajnory,vajnory,Bratislava III,Bratislavský,suburb,17.206666,48.204418
25938759,Rača,raca,Bratislava III,Bratislavský,suburb,17.1534,48.211512
26035645,Beluša,belusa,Púchov,Trenčiansky,town,18.333333,49.066667
26035646,Pusté Pole,puste pole,Stará Ľubovňa,Prešovský,village,20.9,49.216667
26035647,Hažín nad Cirochou,hazin nad cirochou,Humenné,Prešovský,village,21.961729,48.929264
26035648,Demandice,demandice,Levice,Nitriansky,village,18.782,48.12704
26035649,Laskár,laskar,Martin,Žilinský,hamlet,18.876933,48.956344
26035650,Vyškovce nad Ipľom,vyskovce nad iplom,Levice,Nitriansky,village,18.869463,48.056408
26035651,Báč,bac,Galanta,Trnavský,village,17.566667,48.133333
26035652,Pochabany,pochabany,Bánovce nad Bebravou,Trenčiansky,village,18.145435,48.692447
26035653,Kosihovce,kosihovce,Veľký Krtíš,Banskobystrický,village,19.202351,48.182274
26035654,Iňačovce,inacovce,Michalovce,Košický,village,22.033333,48.7
26035655,Arnutovce,arnutovce,Spišská Nová Ves,Košický,village,20.495212,48.979856
26035656,Dolná Breznica,dolna breznica,Púchov,Trenčiansky,village,18.261852,49.080275
26035657,Tekovská Breznica,tekovska breznica,Žarnovica,Banskobystrický,village,18.616667,48.383333
26035658,Slovenská Ves,slovenska ves,Kežmarok,Prešovský,village,20.433333,49.233333
26035659,Malé Zálužie,male zaluzie,Nitra,Nitriansky,village,17.985146,48.44016
26035660,Osuské,osuske,Senica,Trnavský,village,17.444727,48.621936
26035661,Kľačany,klacany,Hlohovec,Trnavský,village,17.869335,48.387381
26035662,Pčoliné,pcoline,Snina,Prešovský,village,22.170219,49.066623
26035663,Honce,honce,Rožňava,Košický,village,20.4,48.666667
26035664,Pavlovce nad Uhom,pavlovce nad uhom,Michalovce,Košický,village,22.066667,48.616667
26035665,Michaľany,michalany,Trebišov,Košický,village,21.633333,48.516667
26035666,Vyšná Jedľová,vysna jedlova,Svidník,Prešovský,village,21.533333,49.35
26035667,Čičarovce,cicarovce,Michalovce,Košický,village,22.033333,48.55
26035668,Šarkan,sarkan,Nové Zámky,Nitriansky,village,18.566667,47.866667
26035670,Jasenová,jasenova,Dolný Kubín,Žilinský,village,19.2947,49.1761
26035671,Prievaly,prievaly,Senica,Trnavský,village,17.348928,48.555886
26035672,Kružlov,kruzlov,Bardejov,Prešovský,village,21.133333,49.3
26035673,Rokytov,rokytov,Bardejov,Prešovský,village,21.187153,49.317084
26035674,Trávnik,travnik,Komárno,Nitriansky,village,17.788543,47.773817
26035675,Svetlice,svetlice,Medzilaborce,Prešovský,hamlet,22.038543,49.166953
26035676,Bajtava,bajtava,Nové Zámky,Nitriansky,village,18.749408,47.853554
26035677,Studená,studena,Rimavská Sobota,Banskobystrický,village,19.95953,48.159472
26035678,Gregorova Vieska,gregorova vieska,Lučenec,Banskobystrický,hamlet,19.582297,48.384602
26035679,Brezov,brezov,Bardejov,Prešovský,village,21.5,49.15
26035680,Valaská Dubová,valaska dubova,Ružomberok,Žilinský,village,19.3,49.133333
26035681,Silická Brezová,silicka brezova,Rožňava,Košický,hamlet,20.483333,48.533333
26035682,Sečianky,secianky,Veľký Krtíš,Banskobystrický,village,19.079446,48.093727
26035684,Bobrovník,bobrovnik,Liptovský Mikuláš,Žilinský,hamlet,19.477499,49.116816
26035686,Hraničné,hranicne,Stará Ľubovňa,Prešovský,village,20.701332,49.374326
26035687,Drženice,drzenice,Levice,Nitriansky,village,18.7,48.283333
26035688,Nižný Hrabovec,nizny hrabovec,Vranov nad Topľou,Prešovský,village,21.750368,48.854058
26035690,Ružiná,ruzina,Lučenec,Banskobystrický,village,19.55173,48.429067
26035692,Závada,zavada,Topoľčany,Nitriansky,village,18.089173,48.64101
26035694,Abramová,abramova,Turčianske Teplice,Žilinský,hamlet,18.8,48.933333
26035713,Pitelová,pitelova,Žiar nad Hronom,Banskobystrický,village,18.927867,48.597897
26035727,Konrádovce,konradovce,Rimavská Sobota,Banskobystrický,village,19.905062,48.299331
26035729,Zvolen,zvolen,Zvolen,Banskobystrický,town,19.128476,48.576512
26035731,Žabokreky,zabokreky,Martin,Žilinský,village,18.919772,49.026601
26035733,Tisinec,tisinec,Stropkov,Prešovský,village,21.6361,49.22264
26035734,Chmeľov,chmelov,Prešov,Prešovský,village,21.417926,49.064926
26035736,Blažice,blazice,Košice - okolie,Košický,village,21.412283,48.667488
26035738,Havranec,havranec,Svidník,Prešovský,hamlet,21.55,49.416667
26035740,Slovenská Ľupča,slovenska lupca,Banská Bystrica,Banskobystrický,village,19.274739,48.7667
26035742,Liptovský Trnovec,liptovsky trnovec,Liptovský Mikuláš,Žilinský,village,19.55,49.116667
26035743,Krtovce,krtovce,Topoľčany,Nitriansky,village,18.014172,48.540227
26035744,Uhrovské Podhradie,uhrovske podhradie,Bánovce nad Bebravou,Trenčiansky,hamlet,18.383333,48.766667
26035745,Orešany,oresany,Topoľčany,Nitriansky,village,17.90185,48.510606
26035746,Stankovany,stankovany,Ružomberok,Žilinský,village,19.183333,49.15
26035747,Kačanov,kacanov,Michalovce,Košický,village,21.85,48.6
26035749,Dolná Ves,dolna ves,Žiar nad Hronom,Banskobystrický,village,18.91275,48.665721
26035751,Tašuľa,tasula,Sobrance,Košický,village,22.183333,48.65
26035753,Boťany,botany,Trebišov,Košický,village,22.1,48.45
26035755,Handlová,handlova,Prievidza,Trenčiansky,town,18.762694,48.731432
26035756,Bukovina,bukovina,Liptovský Mikuláš,Žilinský,hamlet,19.466667,49.133333
26035757,Gaboltov,gaboltov,Bardejov,Prešovský,village,21.15,49.366667
26035759,Kojatice,kojatice,Prešov,Prešovský,village,21.133333,49
26035764,Podhorany,podhorany,Kežmarok,Prešovský,village,20.483333,49.233333
26035766,Martinček,martincek,Ružomberok,Žilinský,village,19.332334,49.090113
26035769,Nýrovce,nyrovce,Levice,Nitriansky,village,18.583333,48.016667
26035772,Vyšná Sitnica,vysna sitnica,Humenné,Prešovský,village,21.8,49.1
26035774,Spišské Hanušovce,spisske hanusovce,Kežmarok,Prešovský,village,20.346897,49.331411
26035775,Jelenec,jelenec,Nitra,Nitriansky,village,18.223792,48.37932
26035777,Púchov,puchov,Púchov,Trenčiansky,town,18.324242,49.123992
26035778,Zbudská Belá,zbudska bela,Medzilaborce,Prešovský,hamlet,21.95,49.15
26035781,Vozokany,vozokany,Topoľčany,Nitriansky,village,18,48.566667
26035783,Nižný Tvarožec,nizny tvarozec,Bardejov,Prešovský,village,21.183333,49.35
26035785,Tužina,tuzina,Prievidza,Trenčiansky,village,18.616667,48.9
26035788,Veľké Kostoľany,velke kostolany,Piešťany,Trnavský,village,17.726713,48.506185
26035790,Nána,nana,Nové Zámky,Nitriansky,village,18.704061,47.810961
26035792,Otročok,otrocok,Revúca,Banskobystrický,village,20.277063,48.448874
26035795,Hýľov,hylov,Košice - okolie,Košický,village,21.106371,48.730701
26035797,Veľké Zlievce,velke zlievce,Veľký Krtíš,Banskobystrický,village,19.455788,48.19919
26035799,Osturňa,osturna,Kežmarok,Prešovský,village,20.233333,49.333333
26035803,Šintava,sintava,Galanta,Trnavský,village,17.765061,48.282884
26035807,Dlhé Pole,dlhe pole,Žilina,Žilinský,village,18.629806,49.302948
26035808,Prestavlky,prestavlky,Žiar nad Hronom,Banskobystrický,village,18.760444,48.587058
26035810,Žarnovica,zarnovica,Žarnovica,Banskobystrický,town,18.72155,48.483398
26035812,Gregorovce,gregorovce,Prešov,Prešovský,village,21.216667,49.066667
26035825,Liešno,liesno,Turčianske Teplice,Žilinský,hamlet,18.765423,48.887672
26035826,Zálesie,zalesie,Kežmarok,Prešovský,hamlet,20.383333,49.316667
26035827,Lada,lada,Prešov,Prešovský,village,21.362547,49.045231
26035828,Brestovec,brestovec,Komárno,Nitriansky,village,17.821873,47.864001
26035829,Černochov,cernochov,Trebišov,Košický,village,21.733333,48.433333
26035830,Rúbaň,ruban,Nové Zámky,Nitriansky,village,18.4,47.933333
26035831,Blatná na Ostrove,blatna na ostrove,Dunajská Streda,Trnavský,village,17.440189,48.006049
26035832,Nižná Sitnica,nizna sitnica,Humenné,Prešovský,village,21.793702,49.069218
26035833,Šurany,surany,Nové Zámky,Nitriansky,town,18.186834,48.086106
26035834,Dolné Trhovište,dolne trhoviste,Hlohovec,Trnavský,village,17.901443,48.442061
26035835,Dravce,dravce,Levoča,Prešovský,village,20.483333,49.016667
26035836,Kozí Vrbovok,kozi vrbovok,Krupina,Banskobystrický,hamlet,19.116002,48.30026
26035837,Rudník,rudnik,Košice - okolie,Košický,village,21.009475,48.688947
26035838,Potok,potok,Kežmarok,Prešovský,hamlet,20.35,49.35
26035839,Ložín,lozin,Michalovce,Košický,village,21.837806,48.66114
26035840,Uzovský Šalgov,uzovsky salgov,Sabinov,Prešovský,village,21.062849,49.090435
26035841,Vojkovce,vojkovce,Spišská Nová Ves,Košický,village,20.866667,48.95
26035842,Želmanovce,zelmanovce,Svidník,Prešovský,village,21.433333,49.116667
26035843,Nový Salaš,novy salas,Košice - okolie,Košický,village,21.474348,48.61204
26035844,Horné Orešany,horne oresany,Trnava,Trnavský,village,17.43961,48.463689
26035845,Trebatice,trebatice,Piešťany,Trnavský,village,17.749701,48.596347
26035846,Kamenica,kamenica,Sabinov,Prešovský,village,20.960827,49.192769
26035847,Utekáč - Havrilovo,utekac havrilovo,Poltár,Banskobystrický,hamlet,19.768376,48.618143
26035848,Lipovec,lipovec,Rimavská Sobota,Banskobystrický,hamlet,20.065301,48.549466
26035849,Somotor,somotor,Trebišov,Košický,village,21.816667,48.4
26035850,Kaplna,kaplna,Senec,Bratislavský,village,17.452745,48.296525
26035851,Smolník,smolnik,Snina,Prešovský,village,22.283333,49.1
26035852,Kľušov,klusov,Bardejov,Prešovský,village,21.259492,49.246556
26035853,Vrchteplá,vrchtepla,Považská Bystrica,Trenčiansky,village,18.563095,49.129714
26035854,Sklabiňa,sklabina,Martin,Žilinský,village,19.016667,49.05
26035855,Hronsek,hronsek,Banská Bystrica,Banskobystrický,village,19.155922,48.649719
26035856,Žlkovce,zlkovce,Hlohovec,Trnavský,village,17.715681,48.458194
26035857,Medzev,medzev,Košice - okolie,Košický,village,20.892805,48.700117
26035858,Diviacka Nová Ves,diviacka nova ves,Prievidza,Trenčiansky,village,18.5,48.75
26035859,Ondrašová,ondrasova,Turčianske Teplice,Žilinský,hamlet,18.805389,48.94173
26035860,Oreské,oreske,Michalovce,Košický,village,21.905191,48.859065
26035861,Trnkov,trnkov,Prešov,Prešovský,village,21.357857,49.034701
26035862,Radava,radava,Nové Zámky,Nitriansky,village,18.299187,48.096048
26035863,Veľký Lom,velky lom,Veľký Krtíš,Banskobystrický,village,19.370755,48.338786
26035864,Jabloňovce,jablonovce,Levice,Nitriansky,village,18.788722,48.317537
26035865,Trstená na Ostrove,trstena na ostrove,Dunajská Streda,Trnavský,village,17.501958,47.917035
26035866,Dvory nad Žitavou,dvory nad zitavou,Nové Zámky,Nitriansky,village,18.268975,47.994311
26035867,Biely Kostol,biely kostol,Trnava,Trnavský,village,17.531472,48.367918
26035868,Malý Krtíš,maly krtis,Veľký Krtíš,Banskobystrický,village,19.35296,48.189639
26035869,Banský Studenec,bansky studenec,Banská Štiavnica,Banskobystrický,village,18.970979,48.44721
26035870,Brezovica,brezovica,Tvrdošín,Žilinský,village,19.65,49.333333
26035871,Neverice,neverice,Zlaté Moravce,Nitriansky,village,18.283333,48.366667
26035872,Hajtovka,hajtovka,Stará Ľubovňa,Prešovský,hamlet,20.783333,49.3
26035873,Liptovská Lúžna,liptovska luzna,Ružomberok,Žilinský,village,19.321583,48.941112
26035874,Sucháň,suchan,Veľký Krtíš,Banskobystrický,village,19.221784,48.313086
26035875,Podolie,podolie,Nové Mesto nad Váhom,Trenčiansky,village,17.774922,48.674218
26035876,Beňadikovce,benadikovce,Svidník,Prešovský,village,21.547853,49.233154
26035877,Kráľovičove Kračany,kralovicove kracany,Dunajská Streda,Trnavský,village,17.553174,47.984957
26035878,Veľká Ida,velka ida,Košice - okolie,Košický,village,21.166336,48.593289
26035879,Mirkovce,mirkovce,Prešov,Prešovský,village,21.325168,48.893217
26035880,Kapušany,kapusany,Prešov,Prešovský,village,21.335448,49.045321
26035881,Dolný Lieskov,dolny lieskov,Považská Bystrica,Trenčiansky,village,18.416667,49.05
26035882,Hontianske Nemce,hontianske nemce,Krupina,Banskobystrický,village,18.9886,48.28523
26035883,Dlhoňa,dlhona,Svidník,Prešovský,hamlet,21.566667,49.4
26035884,Buclovany,buclovany,Bardejov,Prešovský,village,21.366667,49.15
26035885,Galanta,galanta,Galanta,Trnavský,town,17.727778,48.191057
26035886,Hromoš,hromos,Stará Ľubovňa,Prešovský,village,20.8,49.25
26035887,Nitrianska Blatnica,nitrianska blatnica,Topoľčany,Nitriansky,village,17.966789,48.553863
26035888,Baldovce,baldovce,Levoča,Prešovský,village,20.716667,48.983333
26035889,Nová Baňa,nova bana,Žarnovica,Banskobystrický,town,18.644609,48.41225
26035890,Sukov,sukov,Medzilaborce,Prešovský,hamlet,21.890605,49.221567
26035891,Rozložná,rozlozna,Rožňava,Košický,hamlet,20.35,48.616667
26035892,Poráč,porac,Spišská Nová Ves,Košický,village,20.733333,48.883333
26035893,Košický Klečenov,kosicky klecenov,Košice - okolie,Košický,village,21.505543,48.741301
26035894,Ratkovo,ratkovo,Martin,Žilinský,hamlet,19.082988,49.133646
26035895,Malčice,malcice,Michalovce,Košický,village,21.854297,48.577134
26035896,Gerlachov,gerlachov,Bardejov,Prešovský,village,21.150326,49.317101
26035897,Turecká,turecka,Rožňava,Košický,hamlet,20.483333,48.683333
26035898,Ňagov,nagov,Medzilaborce,Prešovský,village,21.93508,49.249178
26035899,Hul,hul,Nové Zámky,Nitriansky,village,18.266667,48.1
26035900,Veľký Šariš,velky saris,Prešov,Prešovský,village,21.2,49.05
26035901,Rybník,rybnik,Revúca,Banskobystrický,hamlet,20.133489,48.55
26035902,Uňatín,unatin,Krupina,Banskobystrický,hamlet,19.06435,48.295068
26035903,Šemetkovce,semetkovce,Stropkov,Prešovský,hamlet,21.666667,49.3
26035904,Kremnické Bane,kremnicke bane,Žiar nad Hronom,Banskobystrický,village,18.911603,48.733471
26035906,Dolné Orešany,dolne oresany,Trnava,Trnavský,village,17.42785,48.437898
26035907,Zbrojníky,zbrojniky,Levice,Nitriansky,village,18.702789,48.117035
26035908,Horný Lieskov,horny lieskov,Považská Bystrica,Trenčiansky,village,18.433333,49.066667
26035909,Župčany,zupcany,Prešov,Prešovský,village,21.158732,49.011062
26035910,Hanušovce nad Topľou,hanusovce nad toplou,Vranov nad Topľou,Prešovský,village,21.5,49.033333
26035911,Liptovské Matiašovce,liptovske matiasovce,Liptovský Mikuláš,Žilinský,village,19.566667,49.166667
26035912,Turčianky,turcianky,Partizánske,Trenčiansky,hamlet,18.316667,48.583333
26035913,Velušovce,velusovce,Topoľčany,Nitriansky,village,18.099332,48.631125
26035914,Bohunice,bohunice,Trnava,Trnavský,village,17.641526,48.476924
26035915,Ohrady,ohrady,Dunajská Streda,Trnavský,village,17.699415,47.989803
26035916,Hnilčík,hnilcik,Spišská Nová Ves,Košický,village,20.566667,48.883333
26035917,Malý Cetín,maly cetin,Nitra,Nitriansky,village,18.183333,48.233333
26035918,Domaniža,domaniza,Považská Bystrica,Trenčiansky,village,18.551924,49.043114
26035919,Ozdín,ozdin,Poltár,Banskobystrický,village,19.683847,48.470811
26035920,Stebnícka Huta,stebnicka huta,Bardejov,Prešovský,village,21.25,49.416667
26035921,Klubina,klubina,Čadca,Žilinský,village,18.9,49.35
26035922,Nemčiňany,nemcinany,Zlaté Moravce,Nitriansky,village,18.466667,48.3
26035923,Nitrianske Rudno,nitrianske rudno,Prievidza,Trenčiansky,village,18.478012,48.798184
26035924,Partizánska Ľupča,partizanska lupca,Liptovský Mikuláš,Žilinský,village,19.45,49.066667
26035925,Kračúnovce,kracunovce,Svidník,Prešovský,village,21.494347,49.100984
26035926,Lenka,lenka,Rimavská Sobota,Banskobystrický,hamlet,20.350156,48.383333
26035927,Rakovnica,rakovnica,Rožňava,Košický,village,20.461022,48.662368
26035928,Oľšov,olsov,Sabinov,Prešovský,village,20.883333,49.183333
26035929,Poliakovce,poliakovce,Bardejov,Prešovský,village,21.416667,49.25
26035930,Vyšný Orlík,vysny orlik,Svidník,Prešovský,village,21.5,49.35
26035931,Mužla,muzla,Nové Zámky,Nitriansky,village,18.600899,47.78991
26035932,Brvnište,brvniste,Považská Bystrica,Trenčiansky,village,18.425633,49.213422
26035933,Červený Hrádok,cerveny hradok,Zlaté Moravce,Nitriansky,village,18.383333,48.3
26035934,Geraltov,geraltov,Prešov,Prešovský,hamlet,21.266667,49.133333
26035935,Čabalovce,cabalovce,Medzilaborce,Prešovský,village,21.963605,49.226389
26035936,Nový Tekov,novy tekov,Levice,Nitriansky,village,18.517993,48.244126
26035937,Údol,udol,Stará Ľubovňa,Prešovský,village,20.814577,49.298839
26035938,Malé Kozmálovce,male kozmalovce,Levice,Nitriansky,village,18.509324,48.273415
26035939,Polomka,polomka,Brezno,Banskobystrický,village,19.85,48.85
26035940,Lehota,lehota,Nitra,Nitriansky,village,17.990086,48.313735
26035941,Belža,belza,Košice - okolie,Košický,village,21.273345,48.580436
26035942,Beckov,beckov,Nové Mesto nad Váhom,Trenčiansky,village,17.896478,48.788242
26035943,Mudrovce,mudrovce,Košice - okolie,Košický,hamlet,21.447572,48.829895
26035944,Čekovce,cekovce,Krupina,Banskobystrický,village,19.122779,48.351953
26035945,Drnava,drnava,Rožňava,Košický,village,20.666667,48.65
26035946,Paňovce,panovce,Košice - okolie,Košický,village,21.066056,48.643215
26035947,Príkra,prikra,Svidník,Prešovský,hamlet,21.75,49.366667
26035948,Liešťany,liestany,Prievidza,Trenčiansky,village,18.478571,48.824841
26035949,Poľany,polany,Trebišov,Košický,village,21.983333,48.466667
26035950,Hucín,hucin,Revúca,Banskobystrický,village,20.299336,48.566968
26035951,Zemianske Podhradie,zemianske podhradie,Nové Mesto nad Váhom,Trenčiansky,village,17.833333,48.85
26035952,Šávoľ,savol,Lučenec,Banskobystrický,village,19.82561,48.304494
26035953,Šaštín - Stráže,sastin straze,Senica,Trnavský,town,17.149745,48.640447
26035955,Vislanka,vislanka,Stará Ľubovňa,Prešovský,village,20.861627,49.231771
26035956,Považská Bystrica,povazska bystrica,Považská Bystrica,Trenčiansky,town,18.447319,49.114507
26035957,Tepličky,teplicky,Hlohovec,Trnavský,village,17.853185,48.464973
26035958,Horné Trhovište,horne trhoviste,Hlohovec,Trnavský,village,17.865085,48.473569
26035959,Lovča,lovca,Žiar nad Hronom,Banskobystrický,village,18.813923,48.572189
26035960,Staré Hory,stare hory,Banská Bystrica,Banskobystrický,village,19.113819,48.834351
26035961,Hrabkov,hrabkov,Prešov,Prešovský,village,21.021936,48.960587
26035962,Danišovce,danisovce,Spišská Nová Ves,Košický,village,20.620712,48.948703
26035963,Ilija,ilija,Banská Štiavnica,Banskobystrický,village,18.90036,48.419772
26035964,Stránska,stranska,Rimavská Sobota,Banskobystrický,village,20.280431,48.40327
26035965,Jakovany,jakovany,Sabinov,Prešovský,village,21.066667,49.15
26035966,Cimenná,cimenna,Bánovce nad Bebravou,Trenčiansky,hamlet,18.140566,48.726663
26035967,Stráňavy,stranavy,Žilina,Žilinský,village,18.819095,49.170903
26035968,Krásna Lúka,krasna luka,Sabinov,Prešovský,village,20.822502,49.193961
26035969,Kolárovice,kolarovice,Bytča,Žilinský,village,18.533333,49.283333
26035970,Skároš,skaros,Košice - okolie,Košický,village,21.376193,48.588406
26035971,Veličná,velicna,Dolný Kubín,Žilinský,village,19.245128,49.205048
26035972,Lúka,luka,Nové Mesto nad Váhom,Trenčiansky,village,17.878984,48.657252
26035973,Žikava,zikava,Zlaté Moravce,Nitriansky,village,18.383333,48.45
26035974,Rajčany,rajcany,Topoľčany,Nitriansky,village,18.234968,48.613424
26035975,Oravce,oravce,Banská Bystrica,Banskobystrický,hamlet,19.263423,48.6845
26035976,Plaveč,plavec,Stará Ľubovňa,Prešovský,village,20.85,49.266667
26035977,Čierna Voda,cierna voda,Galanta,Trnavský,village,17.650975,48.130522
26035978,Šelpice,selpice,Trnava,Trnavský,village,17.531812,48.43796
26035979,Kremná,kremna,Stará Ľubovňa,Prešovský,hamlet,20.698614,49.354966
26035980,Ražňany,raznany,Sabinov,Prešovský,village,21.083506,49.084013
26035981,Hradište pod Vrátnom,hradiste pod vratnom,Senica,Trnavský,village,17.486803,48.627264
26035982,Podrečany,podrecany,Lučenec,Banskobystrický,village,19.601265,48.406453
26035983,Torysa,torysa,Sabinov,Prešovský,village,20.880687,49.159881
26035984,Vlača,vlaca,Vranov nad Topľou,Prešovský,village,21.516667,49.05
26035985,Ivančiná,ivancina,Martin,Žilinský,hamlet,18.95,49.05
26035986,Modra nad Cirochou,modra nad cirochou,Humenné,Prešovský,village,22.042549,48.945053
26035987,Kuklov,kuklov,Senica,Trnavský,village,17.068471,48.639463
26035988,Bzovík,bzovik,Krupina,Banskobystrický,village,19.089544,48.320325
26035989,Malá nad Hronom,mala nad hronom,Nové Zámky,Nitriansky,village,18.683333,47.85
26035990,Dvorec,dvorec,Turčianske Teplice,Žilinský,village,18.810646,48.909977
26035991,Kolonica,kolonica,Snina,Prešovský,village,22.258003,48.959516
26035992,Čirč,circ,Stará Ľubovňa,Prešovský,village,20.916667,49.283333
26035993,Veľké Slemence,velke slemence,Michalovce,Košický,village,22.150003,48.516669
26035994,Dolná Mičiná,dolna micina,Banská Bystrica,Banskobystrický,village,19.220869,48.672092
26035995,Dubové,dubove,Turčianske Teplice,Žilinský,village,18.795358,48.859103
26035996,Figa,figa,Rimavská Sobota,Banskobystrický,village,20.251904,48.397213
26035997,Bunetice,bunetice,Košice - okolie,Košický,hamlet,21.393459,48.861702
26035998,Betliar,betliar,Rožňava,Košický,village,20.505559,48.703209
26035999,Vlkas,vlkas,Nové Zámky,Nitriansky,village,18.283333,48.116667
26036000,Prašník,prasnik,Piešťany,Trnavský,village,17.68832,48.652309
26036001,Svätý Jur,svaty jur,Pezinok,Bratislavský,village,17.212617,48.254867
26036003,Vyšné Valice,vysne valice,Rimavská Sobota,Banskobystrický,village,20.191777,48.455031
26036004,Jamník,jamnik,Spišská Nová Ves,Košický,village,20.663113,48.943404
26036005,Solčany,solcany,Topoľčany,Nitriansky,village,18.2,48.533333
26036006,Baškovce,baskovce,Humenné,Prešovský,village,21.833333,49.033333
26036007,Renčišov,rencisov,Sabinov,Prešovský,hamlet,20.966667,49.1
26036008,Kalameny,kalameny,Ružomberok,Žilinský,village,19.414226,49.125971
26036009,Strihovce,strihovce,Snina,Prešovský,hamlet,22.283333,48.9
26036010,Melek,melek,Nitra,Nitriansky,village,18.333333,48.2
26036011,Zábiedovo,zabiedovo,Tvrdošín,Žilinský,village,19.616667,49.316667
26036012,Malý Lipník,maly lipnik,Stará Ľubovňa,Prešovský,village,20.801106,49.337306
26036013,Šarišská Trstená,sarisska trstena,Prešov,Prešovský,village,21.383333,49.083333
26036014,Močiar,mociar,Banská Štiavnica,Banskobystrický,hamlet,18.946043,48.541299
26036015,Borcová,borcova,Turčianske Teplice,Žilinský,hamlet,18.85,48.933333
26036016,Kaľava,kalava,Spišská Nová Ves,Košický,village,20.866667,48.933333
26036017,Šarišský Štiavnik,sarissky stiavnik,Svidník,Prešovský,village,21.566667,49.233333
26036018,Nižná Hutka,nizna hutka,Košice - okolie,Košický,village,21.359105,48.658937
26036019,Hontianska Vrbica,hontianska vrbica,Levice,Nitriansky,village,18.70214,48.127633
26036020,Ľubochňa,lubochna,Ružomberok,Žilinský,village,19.166667,49.116667
26036021,Rimavské Zalužany,rimavske zaluzany,Rimavská Sobota,Banskobystrický,village,19.935494,48.500397
26036022,Záborské,zaborske,Prešov,Prešovský,village,21.281924,48.943511
26036023,Baka,baka,Dunajská Streda,Trnavský,village,17.533333,47.9
26036024,Kyselica,kyselica,Dunajská Streda,Trnavský,hamlet,17.389605,47.986004
26036025,Čakajovce,cakajovce,Nitra,Nitriansky,village,18.043902,48.372235
26036026,Žipov,zipov,Prešov,Prešovský,village,21.085048,48.966624
26036027,Hruštín,hrustin,Námestovo,Žilinský,village,19.35,49.316667
26036028,Lučivná,lucivna,Poprad,Prešovský,village,20.144267,49.051338
26036029,Stakčín,stakcin,Snina,Prešovský,village,22.233333,49
26036030,Bošáca,bosaca,Nové Mesto nad Váhom,Trenčiansky,village,17.842651,48.826459
26036031,Petrovce,petrovce,Vranov nad Topľou,Prešovský,village,21.486511,49.004434
26036032,Horná Lehota,horna lehota,Brezno,Banskobystrický,village,19.546814,48.837915
26036033,Smrdáky,smrdaky,Senica,Trnavský,village,17.302093,48.72132
26036034,Hostovice,hostovice,Snina,Prešovský,village,22.144185,49.119134
26036035,Machulince,machulince,Zlaté Moravce,Nitriansky,village,18.433242,48.41125
26036036,Mošovce,mosovce,Turčianske Teplice,Žilinský,village,18.885929,48.908686
26036037,Svrbice,svrbice,Topoľčany,Nitriansky,village,17.882809,48.519926
26036038,Jarovnice,jarovnice,Sabinov,Prešovský,village,21.066667,49.05
26036039,Šajdíkove Humence,sajdikove humence,Senica,Trnavský,village,17.264722,48.65703
26036040,Galovany,galovany,Liptovský Mikuláš,Žilinský,village,19.533333,49.066667
26036041,Dulovo,dulovo,Rimavská Sobota,Banskobystrický,village,20.18975,48.374142
26036042,Čata,cata,Levice,Nitriansky,village,18.666667,47.95
26036043,Markuška,markuska,Rožňava,Košický,hamlet,20.316667,48.733333
26036044,Kláštor pod Znievom,klastor pod znievom,Martin,Žilinský,village,18.805725,48.97394
26036045,Vaniškovce,vaniskovce,Bardejov,Prešovský,village,21.3,49.166667
26036046,Kostolná Ves,kostolna ves,Prievidza,Trenčiansky,village,18.489328,48.806469
26036047,Pavčina Lehota,pavcina lehota,Liptovský Mikuláš,Žilinský,village,19.566667,49.033333
26036048,Košarovce,kosarovce,Humenné,Prešovský,village,21.783333,49.05
26036049,Chminianske Jakubovany,chminianske jakubovany,Prešov,Prešovský,village,21.010579,48.994414
26036050,Chropov,chropov,Skalica,Trnavský,village,17.3172,48.771238
26036051,Ličartovce,licartovce,Prešov,Prešovský,village,21.248449,48.875381
26036052,Čečejovce,cecejovce,Košice - okolie,Košický,village,21.062293,48.597107
26036053,Michalová,michalova,Brezno,Banskobystrický,village,19.779521,48.762253
26036054,Kurimany,kurimany,Levoča,Prešovský,village,20.545681,48.998937
26036055,Olcnava,olcnava,Spišská Nová Ves,Košický,village,20.753407,48.928632
26036056,Jestice,jestice,Rimavská Sobota,Banskobystrický,hamlet,20.05353,48.219147
26036057,Horná Ves,horna ves,Prievidza,Trenčiansky,village,18.488024,48.609859
26036058,Tôň,ton,Komárno,Nitriansky,village,17.838094,47.804701
26036059,Dúbrava,dubrava,Snina,Prešovský,village,22.35775,48.878223
26036060,Košeca,koseca,Ilava,Trenčiansky,village,18.266667,49.016667
26036061,Ruská Poruba,ruska poruba,Humenné,Prešovský,village,21.8,49.15
26036062,Ňárad,narad,Dunajská Streda,Trnavský,village,17.613014,47.834741
26036063,Babindol,babindol,Nitra,Nitriansky,village,18.236649,48.288736
26036064,Martin,martin,Martin,Žilinský,town,18.929174,49.07226
26036065,Rad,rad,Trebišov,Košický,village,21.866667,48.466667
26036066,Sveržov,sverzov,Bardejov,Prešovský,village,21.166667,49.333333
26036067,Kežmarok,kezmarok,Kežmarok,Prešovský,town,20.430447,49.136318
26036068,Vyšná Boca,vysna boca,Liptovský Mikuláš,Žilinský,hamlet,19.751706,48.925525
26036069,Závadka,zavadka,Michalovce,Košický,village,22.0636,48.768774
26036070,Stará Bašta,stara basta,Rimavská Sobota,Banskobystrický,village,19.947617,48.180401
26036072,Chmeľnica,chmelnica,Stará Ľubovňa,Prešovský,village,20.731011,49.295894
26036074,Pružina,pruzina,Považská Bystrica,Trenčiansky,village,18.483333,49.016667
26036075,Zázrivá,zazriva,Dolný Kubín,Žilinský,village,19.154525,49.274927
26036076,Veľké Kosihy,velke kosihy,Komárno,Nitriansky,village,17.883333,47.766667
26036077,Hrlica,hrlica,Revúca,Banskobystrický,hamlet,20.05,48.633333
26036078,Dubovec,dubovec,Rimavská Sobota,Banskobystrický,village,20.157253,48.294188
26036080,Silická Jablonica,silicka jablonica,Rožňava,Košický,village,20.616667,48.566667
26036081,Bajka,bajka,Levice,Nitriansky,village,18.516667,48.15
26036082,Pavlovce,pavlovce,Vranov nad Topľou,Prešovský,village,21.45,49.033333
26036083,Telgárt,telgart,Brezno,Banskobystrický,village,20.18768,48.851611
26036084,Liptovská Kokava,liptovska kokava,Liptovský Mikuláš,Žilinský,village,19.816667,49.083333
26036085,Chorváty,chorvaty,Košice - okolie,Košický,hamlet,20.883333,48.566667
26036086,Slovenská Nová Ves,slovenska nova ves,Trnava,Trnavský,village,17.533333,48.3
26036087,Malachov,malachov,Banská Bystrica,Banskobystrický,village,19.083333,48.716667
26036088,Tekolďany,tekoldany,Hlohovec,Trnavský,hamlet,17.905143,48.494442
26036089,Dolná Krupá,dolna krupa,Trnava,Trnavský,village,17.552101,48.483997
26036090,Ostrý Grúň,ostry grun,Žarnovica,Banskobystrický,village,18.66168,48.565535
26036091,Miroľa,mirola,Svidník,Prešovský,hamlet,21.733333,49.316667
26036092,Veľká Franková,velka frankova,Kežmarok,Prešovský,village,20.3,49.333333
26036093,Vyšná Kamenica,vysna kamenica,Košice - okolie,Košický,village,21.485121,48.779311
26036094,Ľuboreč,luborec,Lučenec,Banskobystrický,village,19.51711,48.31019
26036095,Lopúchov,lopuchov,Bardejov,Prešovský,village,21.366667,49.133333
26036096,Počúvadlo,pocuvadlo,Banská Štiavnica,Banskobystrický,hamlet,18.834955,48.3662
26036097,Jasenové,jasenove,Žilina,Žilinský,village,18.635969,49.110803
26036098,Babie,babie,Vranov nad Topľou,Prešovský,village,21.5,49.066667
26036099,Rokycany,rokycany,Prešov,Prešovský,village,21.143825,48.961757
26036100,Slovenská Volová,slovenska volova,Humenné,Prešovský,village,21.85,48.983333
26036101,Lakšárska Nová Ves,laksarska nova ves,Senica,Trnavský,village,17.189135,48.579238
26036102,Koniarovce,koniarovce,Topoľčany,Nitriansky,village,18.093989,48.428429
26036103,Župkov,zupkov,Žarnovica,Banskobystrický,village,18.650621,48.512684
26036104,Sedliacka Dubová,sedliacka dubova,Dolný Kubín,Žilinský,village,19.429905,49.261303
26036105,Abrahám,abraham,Galanta,Trnavský,village,17.616667,48.25
26036106,Spišské Bystré,spisske bystre,Poprad,Prešovský,village,20.242744,48.991455
26036107,Dolná Ždaňa,dolna zdana,Žiar nad Hronom,Banskobystrický,village,18.761934,48.547275
26036108,Lisková,liskova,Ružomberok,Žilinský,village,19.352332,49.088526
26036109,Kvakovce,kvakovce,Vranov nad Topľou,Prešovský,village,21.683333,48.983333
26036110,Zamarovce,zamarovce,Trenčín,Trenčiansky,village,18.051847,48.909828
26036111,Topoľčany,topolcany,Topoľčany,Nitriansky,town,18.176052,48.559116
26036112,Bulhary,bulhary,Lučenec,Banskobystrický,village,19.847746,48.293133
26036113,Nižný Čaj,nizny caj,Košice - okolie,Košický,village,21.4,48.666667
26036114,Drahňov,drahnov,Michalovce,Košický,village,21.966667,48.583333
26036115,Hronec,hronec,Brezno,Banskobystrický,village,19.575561,48.80232
26036116,Herľany,herlany,Košice - okolie,Košický,village,21.477803,48.79939
26036117,Orechová Potôň,orechova poton,Dunajská Streda,Trnavský,village,17.530205,48.017386
26036118,Veľké Rovné,velke rovne,Bytča,Žilinský,village,18.583333,49.3
26036119,Inovce,inovce,Sobrance,Košický,village,22.366667,48.833333
26036120,Bottovo,bottovo,Rimavská Sobota,Banskobystrický,village,20.150874,48.312623
26036121,Veľké Raškovce,velke raskovce,Michalovce,Košický,village,21.916504,48.553174
26036122,Prietrž,prietrz,Senica,Trnavský,village,17.440796,48.67634
26036123,Ružindol,ruzindol,Trnava,Trnavský,village,17.496541,48.368943
26036124,Gánovce,ganovce,Poprad,Prešovský,village,20.327337,49.029734
26036125,Uhrovec,uhrovec,Bánovce nad Bebravou,Trenčiansky,village,18.333333,48.75
26036126,Súlovce,sulovce,Topoľčany,Nitriansky,village,18.166667,48.466667
26036127,Hnúšťa,hnusta,Rimavská Sobota,Banskobystrický,town,19.952554,48.579048
26036128,Tokajík,tokajik,Stropkov,Prešovský,hamlet,21.704801,49.106099
26036129,Bzovská Lehôtka,bzovska lehotka,Zvolen,Banskobystrický,hamlet,19.131205,48.414227
26036130,Zborov,zborov,Bardejov,Prešovský,village,21.3,49.366667
26036131,Nižný Slavkov,nizny slavkov,Sabinov,Prešovský,village,20.85,49.1
26036132,Havka,havka,Kežmarok,Prešovský,hamlet,20.4,49.35
26036133,Vagrinec,vagrinec,Svidník,Prešovský,hamlet,21.632439,49.313805
26036134,Drietoma,drietoma,Trenčín,Trenčiansky,village,17.95,48.9
26036135,Kochanovce,kochanovce,Bardejov,Prešovský,village,21.383412,49.183333
26036136,Brestov,brestov,Medzilaborce,Prešovský,village,21.939566,49.112715
26036137,Ostrovany,ostrovany,Sabinov,Prešovský,village,21.116099,49.063166
26036138,Bobrovec,bobrovec,Liptovský Mikuláš,Žilinský,village,19.615515,49.118795
26036139,Plášťovce,plastovce,Levice,Nitriansky,village,18.977513,48.159298
26036140,Chocholná-Velčice,chocholna velcice,Trenčín,Trenčiansky,village,17.948123,48.866811
26036141,Lúčina,lucina,Prešov,Prešovský,hamlet,21.430833,48.893054
26036142,Radvaň nad Dunajom,radvan nad dunajom,Komárno,Nitriansky,village,18.372747,47.747745
26036143,Ladmovce,ladmovce,Trebišov,Košický,village,21.783333,48.416667
26036144,Dekýš,dekys,Banská Štiavnica,Banskobystrický,village,18.813955,48.394332
26036145,Hliník nad Hronom,hlinik nad hronom,Žiar nad Hronom,Banskobystrický,village,18.780761,48.540009
26036146,Dlhé Stráže,dlhe straze,Levoča,Prešovský,village,20.521265,49.028487
26036147,Nižná Rybnica,nizna rybnica,Sobrance,Košický,village,22.15,48.75
26036148,Stožok,stozok,Detva,Banskobystrický,village,19.35976,48.528841
26036149,Krahule,krahule,Žiar nad Hronom,Banskobystrický,hamlet,18.940616,48.727975
26036150,Lúčky,lucky,Michalovce,Košický,village,22.041781,48.769111
26036151,Bočiar,bociar,Košice II,Košický,village,21.220894,48.581286
26036152,Rudina,rudina,Kysucké Nové Mesto,Žilinský,village,18.75,49.283333
26036153,Turzovka,turzovka,Čadca,Žilinský,town,18.628775,49.402543
26036154,Soľ,sol,Vranov nad Topľou,Prešovský,village,21.6,48.933333
26036157,Bitarová,bitarova,Žilina,Žilinský,village,18.672014,49.208773
26036158,Hontianske Tesáre,hontianske tesare,Krupina,Banskobystrický,village,18.922639,48.203621
26036159,Nová Ves nad Váhom,nova ves nad vahom,Nové Mesto nad Váhom,Trenčiansky,village,17.887916,48.733595
26036160,Železník,zeleznik,Svidník,Prešovský,village,21.511049,49.094189
26036161,Hudcovce,hudcovce,Humenné,Prešovský,village,21.8,48.916667
26036162,Novosad,novosad,Trebišov,Košický,village,21.741507,48.526824
26036163,Úhorná,uhorna,Gelnica,Košický,hamlet,20.666667,48.7
26036164,Haligovce,haligovce,Stará Ľubovňa,Prešovský,village,20.45,49.366667
26036165,Medzianky,medzianky,Vranov nad Topľou,Prešovský,village,21.466667,49.033333
26036166,Brzotín,brzotin,Rožňava,Košický,village,20.497424,48.631985
26036167,Diakovce,diakovce,Šaľa,Nitriansky,village,17.837915,48.133611
26036168,Leľa,lela,Nové Zámky,Nitriansky,village,18.767487,47.863625
26036169,Lipovce,lipovce,Prešov,Prešovský,village,20.95,49.05
26036170,Slavec,slavec,Rožňava,Košický,village,20.483333,48.583333
26036171,Horné Otrokovce,horne otrokovce,Hlohovec,Trnavský,village,17.881244,48.490563
26036172,Trebeľovce,trebelovce,Lučenec,Banskobystrický,village,19.71428,48.282985
26036173,Sklabinský Podzámok,sklabinsky podzamok,Martin,Žilinský,hamlet,19.033333,49.05
26036174,Banská Štiavnica,banska stiavnica,Banská Štiavnica,Banskobystrický,town,18.89828,48.458093
26036175,Trenčianske Bohuslavice,trencianske bohuslavice,Nové Mesto nad Váhom,Trenčiansky,village,17.866667,48.8
26036176,Gabčíkovo,gabcikovo,Dunajská Streda,Trnavský,town,17.578125,47.895106
26036177,Zálesie,zalesie,Kežmarok,Prešovský,village,20.383333,49.316667
26036178,Vojka,vojka,Trebišov,Košický,village,21.916667,48.466667
26036179,Streženice,strezenice,Púchov,Trenčiansky,village,18.3,49.1
26036180,Petrova Lehota,petrova lehota,Trenčín,Trenčiansky,hamlet,18.183333,48.866667
26036181,Kluknava,kluknava,Gelnica,Košický,village,20.9381,48.921938
26036182,Jablonica,jablonica,Senica,Trnavský,village,17.420797,48.605982
26036183,Podhradie,podhradie,Prievidza,Trenčiansky,village,18.632348,48.683831
26036184,Rudňany,rudnany,Spišská Nová Ves,Košický,village,20.683333,48.883333
26036185,Brezovica,brezovica,Tvrdošín,Žilinský,village,19.65,49.333333
26036186,Nitrianska Streda,nitrianska streda,Topoľčany,Nitriansky,village,18.180702,48.520498
26036187,Dolný Lopašov,dolny lopasov,Piešťany,Trnavský,village,17.643299,48.57883
26036188,Bielovce,bielovce,Levice,Nitriansky,village,18.773472,47.993078
26036189,Gribov,gribov,Stropkov,Prešovský,hamlet,21.716667,49.283333
26036190,Suché,suche,Michalovce,Košický,village,21.836611,48.769735
26036191,Karlová,karlova,Martin,Žilinský,hamlet,18.902068,48.961905
26036192,Tročany,trocany,Bardejov,Prešovský,village,21.333333,49.183333
26036194,Vrícko,vricko,Martin,Žilinský,village,18.69978,48.971288
26036195,Poltár,poltar,Poltár,Banskobystrický,town,19.793827,48.432586
26036196,Veľké Pole,velke pole,Žarnovica,Banskobystrický,village,18.567592,48.53957
26036197,Kraskovo,kraskovo,Rimavská Sobota,Banskobystrický,hamlet,19.987819,48.501126
26036198,Cernina,cernina,Svidník,Prešovský,village,21.483333,49.3
26036199,Dolné Vestenice,dolne vestenice,Prievidza,Trenčiansky,village,18.398792,48.701964
26036200,Preseľany,preselany,Topoľčany,Nitriansky,village,18.100227,48.452159
26036201,Kmeťovo,kmetovo,Nové Zámky,Nitriansky,village,18.279532,48.168049
26036202,Nevidzany,nevidzany,Prievidza,Trenčiansky,village,18.483147,48.849049
26036203,Baňa,bana,Rožňava,Košický,hamlet,20.516562,48.668332
26036204,Beluj,beluj,Banská Štiavnica,Banskobystrický,hamlet,18.893516,48.351258
26036205,Malá Tŕňa,mala trna,Trebišov,Košický,village,21.683333,48.45
26036206,Čičava,cicava,Vranov nad Topľou,Prešovský,village,21.666667,48.916667
26036207,Šarovce,sarovce,Levice,Nitriansky,village,18.628052,48.108406
26036208,Rožkovany,rozkovany,Sabinov,Prešovský,village,20.983333,49.133333
26036209,Bučany,bucany,Trnava,Trnavský,village,17.698193,48.418642
26036210,Malé Vozokany,male vozokany,Zlaté Moravce,Nitriansky,village,18.4,48.3
26036211,Kružlová,kruzlova,Svidník,Prešovský,village,21.583333,49.35
26036212,Omšenie,omsenie,Trenčín,Trenčiansky,village,18.233333,48.9
26036213,Potoky,potoky,Stropkov,Prešovský,hamlet,21.627609,49.255188
26036214,Šípkové,sipkove,Piešťany,Trnavský,village,17.716667,48.666667
26036215,Dlžín,dlzin,Prievidza,Trenčiansky,hamlet,18.51244,48.809326
26036216,Porostov,porostov,Sobrance,Košický,village,22.183333,48.7
26036217,Beňatina,benatina,Sobrance,Košický,village,22.333333,48.816667
26036218,Nová Bystrica,nova bystrica,Čadca,Žilinský,village,19.013051,49.346713
26036219,Snakov,snakov,Bardejov,Prešovský,village,21.05,49.316667
26036220,Zliechov,zliechov,Ilava,Trenčiansky,village,18.433333,48.95
26036221,Trstené,trstene,Liptovský Mikuláš,Žilinský,village,19.619818,49.114497
26036223,Hozelec,hozelec,Poprad,Prešovský,village,20.344847,49.03266
26036224,Búč,buc,Komárno,Nitriansky,village,18.442432,47.808196
26036226,Kožuchovce,kozuchovce,Stropkov,Prešovský,hamlet,21.7,49.316667
26036227,Tešedíkovo,tesedikovo,Šaľa,Nitriansky,village,17.848333,48.102505
26036228,Hubová,hubova,Ružomberok,Žilinský,village,19.183333,49.116667
26036229,Sučany,sucany,Martin,Žilinský,village,19,49.1
26036230,Liptovské Kľačany,liptovske klacany,Liptovský Mikuláš,Žilinský,village,19.483333,49.033333
26036231,Veľký Lipník,velky lipnik,Stará Ľubovňa,Prešovský,village,20.516667,49.366667
26036232,Šemša,semsa,Košice - okolie,Košický,village,21.113785,48.675054
26036233,Viničné,vinicne,Pezinok,Bratislavský,village,17.302281,48.269892
26036234,Čerín,cerin,Banská Bystrica,Banskobystrický,village,19.24506,48.657893
26036235,Zborov nad Bystricou,zborov nad bystricou,Čadca,Žilinský,village,18.883333,49.383333
26036236,Donovaly,donovaly,Banská Bystrica,Banskobystrický,hamlet,19.223947,48.879036
26036237,Krivá,kriva,Dolný Kubín,Žilinský,village,19.479142,49.282583
26036238,Cigeľ,cigel,Prievidza,Trenčiansky,village,18.65,48.716667
26036240,Bohunice,bohunice,Levice,Nitriansky,hamlet,18.75,48.33333
26036241,Košická Polianka,kosicka polianka,Košice - okolie,Košický,village,21.346767,48.694008
26036242,Hniezdne,hniezdne,Stará Ľubovňa,Prešovský,village,20.633332,49.300005
26036243,Bzenov,bzenov,Prešov,Prešovský,village,21.166667,48.95
26036244,Bátovce,batovce,Levice,Nitriansky,village,18.75,48.3
26036245,Čakany,cakany,Dunajská Streda,Trnavský,village,17.364737,48.116035
26036246,Nitrianske Sučany,nitrianske sucany,Prievidza,Trenčiansky,village,18.468924,48.732646
26036247,Klátova Nová Ves,klatova nova ves,Partizánske,Trenčiansky,village,18.3,48.566667
26036248,Giglovce,giglovce,Vranov nad Topľou,Prešovský,hamlet,21.733333,49
26036249,Nacina Ves,nacina ves,Michalovce,Košický,village,21.851941,48.8175
26036250,Zubné,zubne,Humenné,Prešovský,village,22.062576,49.0478
26036251,Klokočov,klokocov,Čadca,Žilinský,village,18.567083,49.446206
26036252,Veľké Ripňany,velke ripnany,Topoľčany,Nitriansky,village,17.983628,48.5
26036253,Turčianske Kľačany,turcianske klacany,Martin,Žilinský,village,18.95,49.116667
26036254,Očová,ocova,Zvolen,Banskobystrický,village,19.286756,48.599127
26036255,Lutila,lutila,Žiar nad Hronom,Banskobystrický,village,18.842936,48.615141
26036256,Červeník,cervenik,Hlohovec,Trnavský,village,17.75582,48.458044
26036257,Gôtovany,gotovany,Liptovský Mikuláš,Žilinský,village,19.5,49.066667
26036258,Veľká Lúka,velka luka,Zvolen,Banskobystrický,village,19.168569,48.629716
26036259,Vlky,vlky,Senec,Bratislavský,village,17.366171,48.156241
26036260,Kendice,kendice,Prešov,Prešovský,village,21.243099,48.925057
26036261,Hamuliakovo,hamuliakovo,Senec,Bratislavský,village,17.251838,48.036541
26036262,Ilava,ilava,Ilava,Trenčiansky,town,18.233333,49
26036263,Malý Šariš,maly saris,Prešov,Prešovský,village,21.186792,49.008794
26036264,Jakubany,jakubany,Stará Ľubovňa,Prešovský,village,20.7,49.25
26036265,Nemecká,nemecka,Brezno,Banskobystrický,village,19.428319,48.815878
26036266,Rakúsy,rakusy,Kežmarok,Prešovský,village,20.383333,49.183333
26036267,Lendak,lendak,Kežmarok,Prešovský,village,20.35,49.233333
26036268,Oľšinkov,olsinkov,Medzilaborce,Prešovský,hamlet,22.05,49.2
26036269,Stará Turá,stara tura,Nové Mesto nad Váhom,Trenčiansky,town,17.692694,48.776457
26036270,Vyšný Čaj,vysny caj,Košice - okolie,Košický,village,21.4,48.683333
26036271,Zemianske Kostoľany,zemianske kostolany,Prievidza,Trenčiansky,village,18.526082,48.683233
26036272,Malé Kosihy,male kosihy,Nové Zámky,Nitriansky,village,18.750281,47.9251
26036273,Dolné Otrokovce,dolne otrokovce,Hlohovec,Trnavský,village,17.912662,48.466174
26036274,Kalinkovo,kalinkovo,Senec,Bratislavský,village,17.250355,48.059606
26036276,Ratnovce,ratnovce,Piešťany,Trnavský,village,17.84145,48.561692
26036277,Vinné,vinne,Michalovce,Košický,village,21.968623,48.813984
26036278,Terany,terany,Krupina,Banskobystrický,village,18.89834,48.183939
26036279,Gerlachov,gerlachov,Poprad,Prešovský,village,20.206935,49.099258
26036280,Močenok,mocenok,Šaľa,Nitriansky,village,17.929734,48.229923
26036281,Nový Svet,novy svet,Banská Bystrica,Banskobystrický,hamlet,19.133333,48.783333
26036282,Nižná Polianka,nizna polianka,Bardejov,Prešovský,village,21.4,49.4
26036283,Drňa,drna,Rimavská Sobota,Banskobystrický,village,20.115184,48.263722
26036284,Palota,palota,Medzilaborce,Prešovský,hamlet,21.991508,49.267637
26036285,Malý Čepčín,maly cepcin,Turčianske Teplice,Žilinský,village,18.837128,48.90097
26036286,Harakovce,harakovce,Levoča,Prešovský,hamlet,20.85,49
26036287,Príslop,prislop,Snina,Prešovský,hamlet,22.316667,49.033333
26036288,Ožďany,ozdany,Rimavská Sobota,Banskobystrický,village,19.894098,48.377037
26036289,Krásnohorská Dlhá Lúka,krasnohorska dlha luka,Rožňava,Košický,village,20.583333,48.616667
26036290,Lehnice,lehnice,Dunajská Streda,Trnavský,village,17.457891,48.051598
26036291,Stráne pod Tatrami,strane pod tatrami,Kežmarok,Prešovský,village,20.367651,49.161008
26036292,Ruský Potok,rusky potok,Snina,Prešovský,hamlet,22.407135,49.027577
26036293,Ďapalovce,dapalovce,Vranov nad Topľou,Prešovský,village,21.75,49.066667
26036294,Slavkovce,slavkovce,Michalovce,Košický,village,21.916667,48.6
26036295,Potvorice,potvorice,Nové Mesto nad Váhom,Trenčiansky,village,17.84857,48.688795
26036296,Vyšný Slavkov,vysny slavkov,Levoča,Prešovský,village,20.866667,49.066667
26036297,Riečka,riecka,Rimavská Sobota,Banskobystrický,village,20.331152,48.339813
26036298,Horný Pial,horny pial,Levice,Nitriansky,village,18.451608,48.155884
26036299,Lukáčovce,lukacovce,Nitra,Nitriansky,village,17.933333,48.4
26036300,Partizánske,partizanske,Partizánske,Trenčiansky,town,18.365466,48.627231
26036301,Valaská Belá,valaska bela,Prievidza,Trenčiansky,village,18.4,48.883333
26036302,Ivachnová,ivachnova,Ružomberok,Žilinský,village,19.409962,49.093398
26036303,Piskorovce,piskorovce,Vranov nad Topľou,Prešovský,hamlet,21.732406,49.107026
26036304,Vítkovce,vitkovce,Spišská Nová Ves,Košický,village,20.733333,48.933333
26036305,Sása,sasa,Revúca,Banskobystrický,hamlet,20.116823,48.566301
26036306,Markušovce,markusovce,Spišská Nová Ves,Košický,village,20.627751,48.914194
26036307,Lekárovce,lekarovce,Sobrance,Košický,village,22.166667,48.616667
26036308,Vráble,vrable,Nitra,Nitriansky,town,18.306572,48.244871
26036309,Dvorany nad Nitrou,dvorany nad nitrou,Topoľčany,Nitriansky,village,18.11335,48.489267
26036310,Zacharovce,zacharovce,Rimavská Sobota,Banskobystrický,village,20.052468,48.406838
26036311,Dolná Poruba,dolna poruba,Trenčín,Trenčiansky,village,18.3,48.916667
26036312,Torysky,torysky,Levoča,Prešovský,village,20.683333,49.1
26036313,Moštenica,mostenica,Banská Bystrica,Banskobystrický,village,19.3,48.8
26036314,Vyšná Slaná,vysna slana,Rožňava,Košický,village,20.316667,48.783333
26036315,Jelka,jelka,Galanta,Trnavský,village,17.511306,48.14378
26036316,Rišňovce,risnovce,Nitra,Nitriansky,village,17.896178,48.369248
26036317,Duplín,duplin,Stropkov,Prešovský,village,21.626279,49.233896
26036318,Semerovo,semerovo,Nové Zámky,Nitriansky,village,18.35,48.016667
26036319,Vysoká nad Kysucou,vysoka nad kysucou,Čadca,Žilinský,village,18.55,49.383333
26036320,Malá Mača,mala maca,Galanta,Trnavský,village,17.63842,48.223258
26036321,Radzovce,radzovce,Lučenec,Banskobystrický,village,19.82779,48.220109
26036322,Richvald,richvald,Bardejov,Prešovský,village,21.2,49.283333
26036323,Okružná,okruzna,Prešov,Prešovský,village,21.386811,49.035005
26036324,Baškovce,baskovce,Humenné,Prešovský,village,21.833333,49.033333
26036325,Kapišová,kapisova,Svidník,Prešovský,village,21.6,49.333333
26036326,Svätý Anton,svaty anton,Banská Štiavnica,Banskobystrický,village,18.942126,48.420042
26036327,Skerešovo,skeresovo,Revúca,Banskobystrický,village,20.2,48.516667
26036328,Uhorské,uhorske,Poltár,Banskobystrický,village,19.750899,48.470596
26036329,Solčianky,solcianky,Topoľčany,Nitriansky,village,18.199072,48.620196
26036331,Bošany,bosany,Partizánske,Trenčiansky,village,18.255734,48.579391
26036332,Číčov,cicov,Komárno,Nitriansky,village,17.76724,47.76963
26036333,Kolinovce,kolinovce,Spišská Nová Ves,Košický,village,20.854515,48.926602
26036334,Lokca,lokca,Námestovo,Žilinský,village,19.416667,49.366667
26036335,Mojtín,mojtin,Púchov,Trenčiansky,village,18.416667,48.983333
26036336,Žihárec,ziharec,Šaľa,Nitriansky,village,17.888083,48.071386
26036337,Dubové,dubove,Zvolen,Banskobystrický,village,19.046475,48.505076
26036338,Prašice,prasice,Topoľčany,Nitriansky,village,18.1,48.633333
26036339,Večelkov,vecelkov,Rimavská Sobota,Banskobystrický,village,19.93486,48.164081
26036340,Kristy,kristy,Sobrance,Košický,village,22.183333,48.683333
26036341,Muráň,muran,Revúca,Banskobystrický,village,20.046961,48.740328
26036342,Stretavka,stretavka,Michalovce,Košický,hamlet,21.983333,48.616667
26036343,Janice,janice,Rimavská Sobota,Banskobystrický,hamlet,20.215179,48.281432
26036344,Hlohovec,hlohovec,Hlohovec,Trnavský,town,17.798585,48.427951
26036345,Levoča,levoca,Levoča,Prešovský,town,20.587999,49.025112
26036346,Regetovka,regetovka,Bardejov,Prešovský,hamlet,21.283333,49.416667
26036347,Oponice,oponice,Topoľčany,Nitriansky,village,18.15,48.466667
26036348,Hostišovce,hostisovce,Rimavská Sobota,Banskobystrický,hamlet,20.115683,48.498087
26036349,Podskalie,podskalie,Považská Bystrica,Trenčiansky,hamlet,18.45,49.05
26036350,Číž,ciz,Rimavská Sobota,Banskobystrický,village,20.28208,48.313356
26036351,Spišský Štvrtok,spissky stvrtok,Levoča,Prešovský,village,20.466667,49
26036353,Horné Turovce,horne turovce,Levice,Nitriansky,village,18.948101,48.126424
26036354,Medzibrodie nad Oravou,medzibrodie nad oravou,Dolný Kubín,Žilinský,village,19.35,49.233333
26036356,Komoča,komoca,Nové Zámky,Nitriansky,village,18.022658,47.949753
26036357,Bežovce,bezovce,Sobrance,Košický,village,22.15,48.633333
26036358,Veselé,vesele,Piešťany,Trnavský,village,17.733333,48.55
26036359,Myjava,myjava,Myjava,Trenčiansky,town,17.565022,48.754035
26036360,Turčianske Teplice,turcianske teplice,Turčianske Teplice,Žilinský,town,18.858728,48.862737
26036362,Čataj,cataj,Senec,Bratislavský,village,17.477168,48.270321
26036363,Šarišská Poruba,sarisska poruba,Prešov,Prešovský,village,21.383333,49.05
26036364,Kostolná pri Dunaji,kostolna pri dunaji,Senec,Bratislavský,village,17.435716,48.184968
26036365,Kurimka,kurimka,Svidník,Prešovský,village,21.45,49.316667
26036366,Turnianska Nová Ves,turnianska nova ves,Košice - okolie,Košický,village,20.9,48.583333
26036369,Fijaš,fijas,Svidník,Prešovský,hamlet,21.579139,49.124681
26036374,Jasenov,jasenov,Sobrance,Košický,village,22.166475,48.79846
26036376,Neporadza,neporadza,Trenčín,Trenčiansky,village,18.159628,48.811077
26036379,Janíky,janiky,Dunajská Streda,Trnavský,village,17.39481,48.1428
26036381,Lovce,lovce,Zlaté Moravce,Nitriansky,village,18.366667,48.45
26036384,Horná Mariková,horna marikova,Považská Bystrica,Trenčiansky,village,18.316667,49.25
26036386,Pavlice,pavlice,Trnava,Trnavský,village,17.579197,48.258067
26036387,Choňkovce,chonkovce,Sobrance,Košický,village,22.240919,48.779486
26036388,Smrečany,smrecany,Liptovský Mikuláš,Žilinský,village,19.65,49.116667
26036390,Čečehov,cecehov,Michalovce,Košický,village,21.983333,48.733333
26036391,Hrušovany,hrusovany,Topoľčany,Nitriansky,village,18.095942,48.438281
26036392,Švošov,svosov,Ružomberok,Žilinský,village,19.2,49.116667
26036393,Horné Chlebany,horne chlebany,Topoľčany,Nitriansky,village,18.222162,48.604571
26036394,Holumnica,holumnica,Kežmarok,Prešovský,village,20.533333,49.233333
26036395,Čechynce,cechynce,Nitra,Nitriansky,village,18.166667,48.25
26036396,Borčice,borcice,Ilava,Trenčiansky,village,18.133333,48.983333
26036397,Korytné,korytne,Levoča,Prešovský,hamlet,20.85,49.016667
26036398,Michalok,michalok,Vranov nad Topľou,Prešovský,village,21.633333,48.983333
26036399,Kvetoslavov,kvetoslavov,Dunajská Streda,Trnavský,village,17.352638,48.052745
26036400,Chrastince,chrastince,Veľký Krtíš,Banskobystrický,village,19.248881,48.090719
26036401,Jezersko,jezersko,Kežmarok,Prešovský,hamlet,20.333333,49.3
26036402,Bukovec,bukovec,Košice - okolie,Košický,village,21.149304,48.710641
26036403,Žíp,zip,Rimavská Sobota,Banskobystrický,village,20.20214,48.364341
26036404,Lužany pri Topli,luzany pri topli,Svidník,Prešovský,village,21.5,49.116667
26036405,Marianka,marianka,Malacky,Bratislavský,village,17.060008,48.249226
26036406,Fričovce,fricovce,Prešov,Prešovský,village,20.966667,49.016667
26036407,Tekovské Nemce,tekovske nemce,Zlaté Moravce,Nitriansky,village,18.527471,48.355806
26036408,Hrašovík,hrasovik,Košice - okolie,Košický,village,21.322027,48.747276
26036409,Krompachy,krompachy,Spišská Nová Ves,Košický,town,20.873055,48.917127
26036410,Chrabrany,chrabrany,Topoľčany,Nitriansky,village,18.141016,48.529375
26036411,Svätuše,svatuse,Trebišov,Košický,village,21.921678,48.431781
26036412,Kesovce,kesovce,Rimavská Sobota,Banskobystrický,hamlet,20.348567,48.382154
26036413,Rabčice,rabcice,Námestovo,Žilinský,village,19.533333,49.5
26036414,Závadka,zavadka,Prešov,Prešovský,village,21.25,49.15
26036415,Borinka,borinka,Malacky,Bratislavský,village,17.086504,48.262605
26036416,Breznička,breznicka,Stropkov,Prešovský,hamlet,21.7,49.216667
26036417,Michalovce,michalovce,Michalovce,Košický,town,21.933333,48.75
26036418,Helcmanovce,helcmanovce,Gelnica,Košický,village,20.866667,48.833333
26036419,Skalité,skalite,Čadca,Žilinský,town,18.9,49.5
26036420,Vojnatina,vojnatina,Sobrance,Košický,village,22.233333,48.733333
26036421,Šamorín,samorin,Dunajská Streda,Trnavský,town,17.311571,48.027583
26036422,Chvalová,chvalova,Revúca,Banskobystrický,hamlet,20.183489,48.516667
26036423,Uzovská Panica,uzovska panica,Rimavská Sobota,Banskobystrický,village,20.15,48.416667
26036424,Lukačovce,lukacovce,Humenné,Prešovský,village,21.783333,49.033333
26036425,Bačka,backa,Trebišov,Košický,village,22.05,48.433333
26036426,Špania Dolina,spania dolina,Banská Bystrica,Banskobystrický,hamlet,19.133333,48.816667
26036427,Podbiel,podbiel,Tvrdošín,Žilinský,village,19.486427,49.307464
26036428,Dohňany,dohnany,Púchov,Trenčiansky,village,18.286525,49.148024
26036429,Slovenské Krivé,slovenske krive,Humenné,Prešovský,hamlet,22.016667,49.066667
26036430,Roškovce,roskovce,Medzilaborce,Prešovský,village,21.847816,49.239399
26036431,Hokovce,hokovce,Levice,Nitriansky,village,18.870237,48.154631
26036432,Jablonec,jablonec,Pezinok,Bratislavský,village,17.45,48.333333
26036433,Varechovce,varechovce,Stropkov,Prešovský,hamlet,21.8,49.233333
26036434,Lúčka,lucka,Sabinov,Prešovský,village,20.983329,49.183337
26036435,Naháč,nahac,Trnava,Trnavský,village,17.533333,48.533333
26036436,Hradište,hradiste,Partizánske,Trenčiansky,village,18.378717,48.686115
26036437,Liptovská Porúbka,liptovska porubka,Liptovský Mikuláš,Žilinský,village,19.75,49.033333
26036438,Veľké Hoste,velke hoste,Bánovce nad Bebravou,Trenčiansky,village,18.155906,48.679527
26036439,Nižný Orlík,nizny orlik,Svidník,Prešovský,village,21.533333,49.333333
26036440,Zboj,zboj,Snina,Prešovský,village,22.482423,49.028223
26036441,Okoličná na Ostrove,okolicna na ostrove,Komárno,Nitriansky,village,17.91631,47.805604
26036442,Dolinka,dolinka,Veľký Krtíš,Banskobystrický,village,19.156705,48.09038
26036443,Kalinov,kalinov,Medzilaborce,Prešovský,village,21.933333,49.316667
26036444,Ivanice,ivanice,Rimavská Sobota,Banskobystrický,village,20.234957,48.329543
26036445,Macov,macov,Dunajská Streda,Trnavský,hamlet,17.431038,48.020589
26036446,Krušetnica,krusetnica,Námestovo,Žilinský,village,19.35,49.366667
26036447,Majerovce,majerovce,Vranov nad Topľou,Prešovský,village,21.716667,48.9
26036448,Spišská Teplica,spisska teplica,Poprad,Prešovský,village,20.25,49.05
26036449,Nesluša,neslusa,Kysucké Nové Mesto,Žilinský,village,18.75,49.316667
26036450,Chlmec,chlmec,Humenné,Prešovský,village,21.939373,48.886396
26036451,Trnávka,trnavka,Dunajská Streda,Trnavský,village,17.405635,48.013771
26036452,Voznica,voznica,Žarnovica,Banskobystrický,village,18.69885,48.46129
26036453,Oravská Lesná,oravska lesna,Námestovo,Žilinský,village,19.205632,49.372578
26036454,Ostrov,ostrov,Sobrance,Košický,village,22.166667,48.716667
26036455,Šašová,sasova,Bardejov,Prešovský,hamlet,21.45,49.25
26036456,Dedinka,dedinka,Nové Zámky,Nitriansky,village,18.420198,48.079258
26036457,Svit,svit,Poprad,Prešovský,town,20.196529,49.058236
26036458,Veľký Kýr,velky kyr,Nové Zámky,Nitriansky,village,18.155687,48.184342
26036459,Dolná Tižina,dolna tizina,Žilina,Žilinský,village,18.911006,49.22041
26036460,Žaškov,zaskov,Dolný Kubín,Žilinský,village,19.216667,49.166667
26036461,Výborná,vyborna,Kežmarok,Prešovský,village,20.4,49.233333
26036462,Rožňavské Bystré,roznavske bystre,Rožňava,Košický,village,20.442668,48.664275
26036463,Hatné,hatne,Považská Bystrica,Trenčiansky,village,18.383333,49.183333
26036464,Topoľčianky,topolcianky,Zlaté Moravce,Nitriansky,village,18.410113,48.420271
26036465,Košolná,kosolna,Trnava,Trnavský,village,17.464188,48.425335
26036466,Radôstka,radostka,Čadca,Žilinský,village,18.941344,49.331361
26036467,Konská,konska,Liptovský Mikuláš,Žilinský,village,19.716667,49.116667
26036468,Andovce,andovce,Nové Zámky,Nitriansky,village,18.105035,47.99444
26036469,Istebné,istebne,Dolný Kubín,Žilinský,village,19.221751,49.213826
26036471,Záborie,zaborie,Martin,Žilinský,hamlet,18.983333,49.033333
26036472,Ploské,ploske,Košice - okolie,Košický,village,21.325374,48.814443
26036473,Zvončín,zvoncin,Trnava,Trnavský,village,17.505598,48.39994
26036474,Plavecké Podhradie,plavecke podhradie,Malacky,Bratislavský,village,17.261951,48.481793
26036475,Čab,cab,Nitra,Nitriansky,village,18.002955,48.396155
26036476,Turová,turova,Zvolen,Banskobystrický,village,19.052123,48.599579
26036477,Lazany,lazany,Prievidza,Trenčiansky,village,18.622017,48.819215
26036478,Mokrá Lúka,mokra luka,Revúca,Banskobystrický,village,20.15,48.666667
26036479,Čierne Pole,cierne pole,Michalovce,Košický,village,22.083333,48.566667
26036480,Ľubica,lubica,Kežmarok,Prešovský,town,20.446757,49.11926
26036481,Černina,cernina,Humenné,Prešovský,hamlet,21.816667,49.05
26036482,Humenné,humenne,Humenné,Prešovský,town,21.90314,48.934603
26036483,Gočovo,gocovo,Rožňava,Košický,village,20.415629,48.766571
26036484,Horné Plachtince,horne plachtince,Veľký Krtíš,Banskobystrický,hamlet,19.28268,48.238591
26036485,Bodovce,bodovce,Sabinov,Prešovský,village,21.183333,49.116667
26036486,Vyšná Myšľa,vysna mysla,Košice - okolie,Košický,village,21.387443,48.634121
26036487,Tibava,tibava,Sobrance,Košický,village,22.210948,48.738223
26036488,Sokoľany,sokolany,Košice - okolie,Košický,village,21.230262,48.609354
26036489,Medzilaborce,medzilaborce,Medzilaborce,Prešovský,town,21.903965,49.271132
26036490,Veľké Vozokany,velke vozokany,Zlaté Moravce,Nitriansky,village,18.416667,48.316667
26036491,Kolačno,kolacno,Partizánske,Trenčiansky,village,18.43338,48.599908
26036492,Osádka,osadka,Dolný Kubín,Žilinský,hamlet,19.383333,49.183333
26036493,Orechová,orechova,Sobrance,Košický,village,22.233333,48.7
26036494,Dolný Kalník,dolny kalnik,Martin,Žilinský,hamlet,18.966065,49.046114
26036495,Diaková,diakova,Martin,Žilinský,village,18.966409,49.049887
26036496,Blatnica,blatnica,Martin,Žilinský,village,18.926049,48.938528
26036497,Čifáre,cifare,Nitra,Nitriansky,village,18.393937,48.232464
26036498,Kolibabovce,kolibabovce,Sobrance,Košický,hamlet,22.266667,48.716667
26036499,Bušince,busince,Veľký Krtíš,Banskobystrický,village,19.500255,48.173247
26036500,Malé Uherce,male uherce,Partizánske,Trenčiansky,village,18.400823,48.617831
26036501,Poproč,poproc,Košice - okolie,Košický,hamlet,20.976843,48.711448
26036502,Kuzmice,kuzmice,Trebišov,Košický,village,21.566946,48.582562
26036503,Bánovce nad Ondavou,banovce nad ondavou,Michalovce,Košický,village,21.816667,48.683333
26036504,Breza,breza,Námestovo,Žilinský,village,19.4,49.383333
26036505,Nižné Ružbachy,nizne ruzbachy,Stará Ľubovňa,Prešovský,village,20.583333,49.283333
26036506,Ptičie,pticie,Humenné,Prešovský,village,21.958319,48.904881
26036507,Rudno nad Hronom,rudno nad hronom,Žarnovica,Banskobystrický,village,18.684473,48.430543
26036508,Trebichava,trebichava,Bánovce nad Bebravou,Trenčiansky,hamlet,18.3,48.816667
26036509,Hajnáčka,hajnacka,Rimavská Sobota,Banskobystrický,village,19.952726,48.21633
26036510,Bracovce,bracovce,Michalovce,Košický,village,21.833333,48.633333
26036511,Úbrež,ubrez,Sobrance,Košický,village,22.133333,48.783333
26036512,Belá,bela,Žilina,Žilinský,village,18.943661,49.236895
26036513,Rumince,rumince,Rimavská Sobota,Banskobystrický,village,20.286923,48.370879
26036514,Jasenica,jasenica,Námestovo,Žilinský,village,19.433333,49.383333
26036515,Malá Čierna,mala cierna,Žilina,Žilinský,village,18.598608,49.103499
26036516,Vlčany,vlcany,Šaľa,Nitriansky,village,17.952651,48.037764
26036517,Lišov,lisov,Krupina,Banskobystrický,village,18.866667,48.233333
26036518,Sabinov,sabinov,Sabinov,Prešovský,town,21.100545,49.102044
26036519,Suchá Dolina,sucha dolina,Prešov,Prešovský,hamlet,21.143579,48.916879
26036520,Lesné,lesne,Michalovce,Košický,village,21.816667,48.8
26036522,Dubnica nad Váhom,dubnica nad vahom,Ilava,Trenčiansky,town,18.167022,48.957172
26036523,Vlková,vlkova,Kežmarok,Prešovský,village,20.433333,49.083333
26036524,Suchá nad Parnou,sucha nad parnou,Trnava,Trnavský,village,17.48995,48.412366
26036525,Vígľaš,viglas,Detva,Banskobystrický,village,19.292627,48.55541
26036526,Podhradie,podhradie,Martin,Žilinský,village,19.05,49.083333
26036527,Háj,haj,Košice - okolie,Košický,village,20.85672,48.62832
26036528,Stráža,straza,Žilina,Žilinský,village,18.916667,49.233333
26036529,Hrochoť,hrochot,Banská Bystrica,Banskobystrický,village,19.312134,48.655259
26036530,Mlynárovce,mlynarovce,Svidník,Prešovský,village,21.531902,49.25
26036531,Veľká Lodina,velka lodina,Košice - okolie,Košický,village,21.156293,48.859586
26036532,Snina,snina,Snina,Prešovský,town,22.155625,48.990062
26036533,Ducové,ducove,Piešťany,Trnavský,village,17.86779,48.628839
26036534,Brutovce,brutovce,Levoča,Prešovský,village,20.783333,49.083333
26036535,Vydrná,vydrna,Púchov,Trenčiansky,village,18.25,49.216667
26036536,Sikenička,sikenicka,Nové Zámky,Nitriansky,village,18.683333,47.933333
26036537,Nededza,nededza,Žilina,Žilinský,village,18.833333,49.216667
26036539,Veľké Orvište,velke orviste,Piešťany,Trnavský,village,17.8,48.616667
26036540,Nová Sedlica,nova sedlica,Snina,Prešovský,village,22.514419,49.046534
26036541,Žehra,zehra,Spišská Nová Ves,Košický,village,20.8,48.983333
26036542,Farná,farna,Levice,Nitriansky,village,18.513271,48.004013
26036543,Malé Hoste,male hoste,Bánovce nad Bebravou,Trenčiansky,village,18.135135,48.70287
26036544,Brieštie,briestie,Turčianske Teplice,Žilinský,hamlet,18.733333,48.916667
26036545,Koprivnica,koprivnica,Bardejov,Prešovský,village,21.4,49.166667
26036546,Poša,posa,Vranov nad Topľou,Prešovský,village,21.757026,48.838802
26036547,Žalobín,zalobin,Vranov nad Topľou,Prešovský,village,21.728044,48.969805
26036548,Petrova Ves,petrova ves,Skalica,Trnavský,village,17.166667,48.716667
26036549,Myslina,myslina,Humenné,Prešovský,village,21.85,48.95
26036550,Rapovce,rapovce,Lučenec,Banskobystrický,village,19.680832,48.273689
26036551,Kamenný Most,kamenny most,Nové Zámky,Nitriansky,village,18.666667,47.85
26036552,Kraľovany,kralovany,Dolný Kubín,Žilinský,village,19.133333,49.15
26036553,Beňadovo,benadovo,Námestovo,Žilinský,village,19.35,49.433333
26036554,Dolné Srnie,dolne srnie,Nové Mesto nad Váhom,Trenčiansky,village,17.819541,48.80029
26036555,Hôrka nad Váhom,horka nad vahom,Nové Mesto nad Váhom,Trenčiansky,village,17.883333,48.716667
26036556,Ruskovce,ruskovce,Sobrance,Košický,village,22.166667,48.783333
26036557,Dlhé nad Cirochou,dlhe nad cirochou,Snina,Prešovský,village,22.062911,48.96191
26036558,Trenčianske Jastrabie,trencianske jastrabie,Trenčín,Trenčiansky,village,18.115452,48.800097
26036559,Stupné,stupne,Považská Bystrica,Trenčiansky,village,18.433333,49.2
26036560,Prenčov,prencov,Banská Štiavnica,Banskobystrický,village,18.922947,48.362938
26036561,Dlhá nad Oravou,dlha nad oravou,Dolný Kubín,Žilinský,village,19.448228,49.266611
26036562,Hrušov,hrusov,Rožňava,Košický,village,20.633333,48.583333
26036563,Dolné Naštice,dolne nastice,Bánovce nad Bebravou,Trenčiansky,village,18.249854,48.692966
26036564,Palín,palin,Michalovce,Košický,village,21.983333,48.666667
26036565,Drienovská Nová Ves,drienovska nova ves,Prešov,Prešovský,village,21.25,48.9
26036566,Toporec,toporec,Kežmarok,Prešovský,village,20.5,49.266667
26036568,Lieskovany,lieskovany,Spišská Nová Ves,Košický,village,20.604061,48.927617
26036569,Horný Tisovník,horny tisovnik,Detva,Banskobystrický,village,19.362123,48.416609
26036570,Muránska Huta,muranska huta,Revúca,Banskobystrický,hamlet,20.110462,48.778807
26036571,Bžany,bzany,Stropkov,Prešovský,hamlet,21.65,49.1
26036572,Trstice,trstice,Galanta,Trnavský,village,17.804559,48.015847
26036573,Štefanová,stefanova,Pezinok,Bratislavský,village,17.398454,48.384317
26036574,Dunajov,dunajov,Čadca,Žilinský,village,18.816667,49.366667
26036575,Krížová Ves,krizova ves,Kežmarok,Prešovský,village,20.483333,49.183333
26036576,Žirany,zirany,Nitra,Nitriansky,village,18.183333,48.383333
26036578,Seňa,sena,Košice - okolie,Košický,village,21.257072,48.56129
26036579,Veľké Borové,velke borove,Liptovský Mikuláš,Žilinský,hamlet,19.52026,49.197265
26036580,Čalovec,calovec,Komárno,Nitriansky,village,17.989557,47.812935
26036581,Bílkove Humence,bilkove humence,Senica,Trnavský,village,17.236492,48.585429
26036582,Jovice,jovice,Rožňava,Košický,village,20.551755,48.633004
26036583,Kajal,kajal,Galanta,Trnavský,village,17.786339,48.185538
26036584,Ratkovská Suchá,ratkovska sucha,Rimavská Sobota,Banskobystrický,hamlet,20.066667,48.583333
26036585,Kožuchov,kozuchov,Trebišov,Košický,village,21.72459,48.566667
26036586,Malá Lehota,mala lehota,Žarnovica,Banskobystrický,village,18.569239,48.485915
26036587,Hankovce,hankovce,Bardejov,Prešovský,village,21.416667,49.2
26036589,Malý Slavkov,maly slavkov,Kežmarok,Prešovský,village,20.388096,49.137202
26036590,Trnava pri Laborci,trnava pri laborci,Michalovce,Košický,village,21.933333,48.816667
26036591,Výčapy - Opatovce,vycapy opatovce,Nitra,Nitriansky,village,18.083438,48.411548
26036593,Vyšný Hrabovec,vysny hrabovec,Stropkov,Prešovský,village,21.687208,49.085002
26036594,Runina,runina,Snina,Prešovský,hamlet,22.416667,49.066667
26036595,Bidovce,bidovce,Košice - okolie,Košický,village,21.438318,48.736152
26036596,Veľký Slivník,velky slivnik,Prešov,Prešovský,village,21.283333,49.116667
26036597,Sokolce,sokolce,Komárno,Nitriansky,village,17.829241,47.852668
26036598,Neporadza,neporadza,Rimavská Sobota,Banskobystrický,village,20.401101,48.366667
26036599,Lentvora,lentvora,Lučenec,Banskobystrický,hamlet,19.451299,48.372791
26036600,Lutiše,lutise,Žilina,Žilinský,village,18.9556,49.293755
26036601,Kľak,klak,Žarnovica,Banskobystrický,village,18.643817,48.58262
26036602,Rimavská Baňa,rimavska bana,Rimavská Sobota,Banskobystrický,village,19.941576,48.511071
26036603,Veľopolie,velopolie,Humenné,Prešovský,village,21.954743,48.992992
26036604,Staré,stare,Michalovce,Košický,village,21.87589,48.860317
26036605,Lipovec,lipovec,Martin,Žilinský,village,18.950775,49.074032
26036606,Slaská,slaska,Žiar nad Hronom,Banskobystrický,village,18.836398,48.659408
26036607,Kravany nad Dunajom,kravany nad dunajom,Komárno,Nitriansky,village,18.484527,47.76925
26036608,Paština Závada,pastina zavada,Žilina,Žilinský,village,18.633333,49.216667
26036609,Oľšavka,olsavka,Spišská Nová Ves,Košický,village,20.833333,48.966667
26036610,Gemerská Panica,gemerska panica,Rožňava,Košický,village,20.349571,48.471862
26036611,Hertník,hertnik,Bardejov,Prešovský,village,21.25,49.216667
26036612,Slavoška,slavoska,Rožňava,Košický,hamlet,20.35,48.733333
26036613,Kravany,kravany,Poprad,Prešovský,village,20.202961,48.99766
26036614,Zubák,zubak,Púchov,Trenčiansky,village,18.216667,49.15
26036615,Malužiná,maluzina,Liptovský Mikuláš,Žilinský,village,19.763678,48.982891
26036616,Domadice,domadice,Levice,Nitriansky,village,18.780334,48.178835
26036617,Rimavská Sobota,rimavska sobota,Rimavská Sobota,Banskobystrický,town,20.016302,48.383832
26036618,Mudroňovo,mudronovo,Komárno,Nitriansky,hamlet,18.318642,47.832935
26036619,Kečovo,kecovo,Rožňava,Košický,village,20.483333,48.5
26036620,Palárikovo,palarikovo,Nové Zámky,Nitriansky,village,18.069378,48.04401
26036621,Starý Tekov,stary tekov,Levice,Nitriansky,village,18.531848,48.245767
26036622,Ihráč,ihrac,Žiar nad Hronom,Banskobystrický,village,18.951717,48.655063
26036623,Branč,branc,Nitra,Nitriansky,village,18.15,48.216667
26036624,Moča,moca,Komárno,Nitriansky,village,18.405095,47.760018
26036625,Cífer,cifer,Trnava,Trnavský,village,17.490022,48.315284
26036626,Klížska Nemá,klizska nema,Komárno,Nitriansky,village,17.819087,47.751376
26036627,Vyšný Tvarožec,vysny tvarozec,Bardejov,Prešovský,hamlet,21.2,49.383333
26036628,Jazernica,jazernica,Turčianske Teplice,Žilinský,village,18.833333,48.933333
26036629,Gortva,gortva,Rimavská Sobota,Banskobystrický,village,20.024665,48.29482
26036630,Ďurďošík,durdosik,Košice - okolie,Košický,village,21.414939,48.740201
26036631,Pohorelá,pohorela,Brezno,Banskobystrický,village,20.01007,48.854596
26036632,Lackovce,lackovce,Humenné,Prešovský,village,21.957116,48.938237
26036633,Muránska Dlhá Lúka,muranska dlha luka,Revúca,Banskobystrický,village,20.081168,48.717685
26036634,Nižná Pisaná,nizna pisana,Svidník,Prešovský,hamlet,21.6,49.383333
26036635,Letničie,letnicie,Skalica,Trnavský,village,17.183333,48.716667
26036636,Rovensko,rovensko,Senica,Trnavský,village,17.378824,48.717308
26036637,Pôtor,potor,Veľký Krtíš,Banskobystrický,village,19.420084,48.233973
26036638,Valaská,valaska,Brezno,Banskobystrický,village,19.571956,48.810489
26036639,Svätý Peter,svaty peter,Komárno,Nitriansky,village,18.262893,47.846468
26036640,Stráňany,stranany,Stará Ľubovňa,Prešovský,hamlet,20.533333,49.366667
26036641,Predmier,predmier,Bytča,Žilinský,village,18.533333,49.2
26036642,Lažany,lazany,Prešov,Prešovský,hamlet,21.1,49.033333
26036643,Hrabovčík,hrabovcik,Svidník,Prešovský,village,21.557544,49.28065
26036644,Pavlová,pavlova,Nové Zámky,Nitriansky,village,18.666667,47.9
26036645,Ratkovské Bystré,ratkovske bystre,Revúca,Banskobystrický,village,20.05,48.65
26036646,Bodiná,bodina,Považská Bystrica,Trenčiansky,village,18.557058,49.106735
26036647,Ohradzany,ohradzany,Humenné,Prešovský,village,21.85,49
26036648,Nitra,nitra,Nitra,Nitriansky,city,18.09061,48.31257
26036649,Podtureň,podturen,Liptovský Mikuláš,Žilinský,village,19.692702,49.053592
26036650,Višňov,visnov,Trebišov,Košický,village,21.666667,48.75
26036651,Slopná,slopna,Považská Bystrica,Trenčiansky,village,18.4,49.05
26036652,Krpeľany,krpelany,Martin,Žilinský,village,19.080525,49.123576
26036653,Skrabské,skrabske,Vranov nad Topľou,Prešovský,village,21.583333,49.016667
26036654,Stretava,stretava,Michalovce,Košický,village,22,48.633333
26036655,Dolná Lehota,dolna lehota,Brezno,Banskobystrický,village,19.508521,48.837376
26036656,Lomná,lomna,Námestovo,Žilinský,village,19.316667,49.366667
26036657,Veľkrop,velkrop,Stropkov,Prešovský,village,21.75,49.233333
26036658,Mojš,mojs,Žilina,Žilinský,village,18.821196,49.200755
26036660,Hrubý Šúr,hruby sur,Senec,Bratislavský,village,17.421997,48.164852
26036661,Moravský Svätý Ján,moravsky svaty jan,Senica,Trnavský,village,17.003432,48.590909
26036662,Kamienka,kamienka,Stará Ľubovňa,Prešovský,village,20.616667,49.333333
26036663,Gbelce,gbelce,Nové Zámky,Nitriansky,village,18.510033,47.849932
26036664,Dukovce,dukovce,Svidník,Prešovský,village,21.416667,49.116667
26036665,Martinová,martinova,Rimavská Sobota,Banskobystrický,hamlet,20.171364,48.298212
26036666,Jasenov,jasenov,Humenné,Prešovský,village,21.902781,48.906879
26036667,Rakovo,rakovo,Martin,Žilinský,village,18.883333,48.983333
26036668,Selec,selec,Trenčín,Trenčiansky,village,17.983333,48.783333
26036669,Zádiel,zadiel,Košice - okolie,Košický,hamlet,20.833333,48.616667
26036670,Zeleneč,zelenec,Trnava,Trnavský,village,17.594315,48.332228
26036671,Kysucký Lieskovec,kysucky lieskovec,Kysucké Nové Mesto,Žilinský,village,18.816667,49.333333
26036672,Horňa,horna,Sobrance,Košický,village,22.2,48.766667
26036673,Krajná Poľana,krajna polana,Svidník,Prešovský,village,21.683333,49.366667
26036674,Nová Vieska,nova vieska,Nové Zámky,Nitriansky,village,18.461012,47.869087
26036675,Horná Mičiná,horna micina,Banská Bystrica,Banskobystrický,village,19.214015,48.698753
26036676,Kostolné Kračany,kostolne kracany,Dunajská Streda,Trnavský,village,17.573535,47.972822
26036677,Píla,pila,Spišská Nová Ves,Košický,hamlet,20.350003,48.949996
26036678,Spišská Stará Ves,spisska stara ves,Kežmarok,Prešovský,village,20.366667,49.383333
26036679,Kolíňany,kolinany,Nitra,Nitriansky,village,18.196776,48.361707
26036680,Makovce,makovce,Stropkov,Prešovský,hamlet,21.75,49.266667
26036681,Tachty,tachty,Rimavská Sobota,Banskobystrický,village,19.941531,48.154515
26036682,Horné Vestenice,horne vestenice,Prievidza,Trenčiansky,village,18.429737,48.711183
26036683,Vlčkovce,vlckovce,Trnava,Trnavský,village,17.649537,48.313145
26036684,Važec,vazec,Liptovský Mikuláš,Žilinský,village,19.979893,49.061567
26036685,Tureň,turen,Senec,Bratislavský,village,17.389838,48.190285
26036686,Ďačov,dacov,Sabinov,Prešovský,village,20.933333,49.15
26036687,Chmiňany,chminany,Prešov,Prešovský,village,21.070125,49.003203
26036689,Čaňa,cana,Košice - okolie,Košický,village,21.325644,48.60973
26036690,Rešica,resica,Košice - okolie,Košický,village,21.042402,48.542255
26036691,Kunova Teplica,kunova teplica,Rožňava,Košický,village,20.381268,48.611214
26036692,Vyšná Voľa,vysna vola,Bardejov,Prešovský,village,21.366667,49.25
26036693,Cerovo,cerovo,Krupina,Banskobystrický,village,19.158861,48.256001
26036694,Horné Dubové,horne dubove,Trnava,Trnavský,village,17.564488,48.516546
26036695,Breznica,breznica,Stropkov,Prešovský,village,21.663414,49.160927
26036696,Medzibrod,medzibrod,Banská Bystrica,Banskobystrický,village,19.357108,48.793399
26036697,Pavlovce,pavlovce,Rimavská Sobota,Banskobystrický,village,20.081476,48.326338
26036698,Dubová,dubova,Svidník,Prešovský,village,21.433333,49.366667
26036699,Čechy,cechy,Nové Zámky,Nitriansky,village,18.383333,48.033333
26036700,Banka,banka,Piešťany,Trnavský,village,17.850111,48.5833
26036701,Bojnice,bojnice,Prievidza,Trenčiansky,village,18.581862,48.78
26036702,Tajná,tajna,Nitra,Nitriansky,village,18.360231,48.26689
26036703,Falkušovce,falkusovce,Michalovce,Košický,village,21.85,48.616667
26036704,Ľuboriečka,luboriecka,Veľký Krtíš,Banskobystrický,hamlet,19.526678,48.261437
26036705,Sádočné,sadocne,Považská Bystrica,Trenčiansky,hamlet,18.55,49.016667
26036706,Čerenčany,cerencany,Rimavská Sobota,Banskobystrický,village,19.985992,48.410017
26036707,Lovinobaňa,lovinobana,Lučenec,Banskobystrický,village,19.588519,48.438677
26036708,Šimonovce,simonovce,Rimavská Sobota,Banskobystrický,village,20.112205,48.272799
26036709,Čičmany,cicmany,Žilina,Žilinský,village,18.516269,48.954654
26036710,Janík,janik,Košice - okolie,Košický,village,20.96839,48.555214
26036711,Lúky,luky,Žilina,Žilinský,village,18.683333,49.283333
26036712,Koromľa,koromla,Sobrance,Košický,village,22.3,48.716667
26036713,Petrovce,petrovce,Sobrance,Košický,village,22.318684,48.70609
26036715,Batizovce,batizovce,Poprad,Prešovský,village,20.184303,49.073467
26036716,Veľká Lehota,velka lehota,Žarnovica,Banskobystrický,village,18.561526,48.454651
26036717,Žiar,ziar,Liptovský Mikuláš,Žilinský,village,19.659002,49.128747
26036718,Nolčovo,nolcovo,Martin,Žilinský,village,19.078405,49.108334
26036719,Jalšové,jalsove,Hlohovec,Trnavský,village,17.828914,48.507362
26036720,Kunešov,kunesov,Žiar nad Hronom,Banskobystrický,village,18.866667,48.733333
26036721,Spišský Štiavnik,spissky stiavnik,Poprad,Prešovský,village,20.359943,48.995289
26036722,Uhorská Ves,uhorska ves,Liptovský Mikuláš,Žilinský,village,19.68276,49.059301
26036723,Vieska nad Žitavou,vieska nad zitavou,Zlaté Moravce,Nitriansky,village,18.366667,48.316667
26036724,Borová,borova,Trnava,Trnavský,village,17.44473,48.386687
26036725,Turčok,turcok,Revúca,Banskobystrický,village,20.15,48.633333
26036726,Hnojné,hnojne,Michalovce,Košický,village,22.066667,48.783333
26036727,Opatovce,opatovce,Trenčín,Trenčiansky,village,17.977876,48.865235
26036728,Kalná Roztoka,kalna roztoka,Snina,Prešovský,village,22.314772,48.971601
26036729,Smolenice,smolenice,Trnava,Trnavský,village,17.433153,48.50697
26036730,Vtáčkovce,vtackovce,Košice - okolie,Košický,village,21.382662,48.842274
26036731,Tekovské Lužany,tekovske luzany,Levice,Nitriansky,village,18.544241,48.097445
26036734,Fulianka,fulianka,Prešov,Prešovský,village,21.333333,49.066667
26036735,Kráľov Brod,kralov brod,Galanta,Trnavský,village,17.830464,48.058997
26036736,Rokytovce,rokytovce,Medzilaborce,Prešovský,hamlet,21.878238,49.264726
26036737,Hažlín,hazlin,Bardejov,Prešovský,village,21.433333,49.3
26036738,Mengusovce,mengusovce,Poprad,Prešovský,village,20.143096,49.073819
26036739,Stuľany,stulany,Bardejov,Prešovský,village,21.4,49.15
26036740,Kurima,kurima,Bardejov,Prešovský,village,21.45,49.233333
26036741,Látky,latky,Detva,Banskobystrický,village,19.632907,48.580514
26036742,Ondrejovce,ondrejovce,Levice,Nitriansky,village,18.518794,48.137625
26036743,Liptovská Osada,liptovska osada,Ružomberok,Žilinský,village,19.26156,48.951701
26036744,Námestovo,namestovo,Námestovo,Žilinský,town,19.480783,49.409512
26036745,Pusté Čemerné,puste cemerne,Michalovce,Košický,village,21.816667,48.85
26036746,Topoľnica,topolnica,Galanta,Trnavský,village,17.794823,48.171078
26036747,Otrhánky,otrhanky,Bánovce nad Bebravou,Trenčiansky,village,18.206999,48.693814
26036748,Lúčka,lucka,Sabinov,Prešovský,hamlet,20.983333,49.183333
26036750,Turík,turik,Ružomberok,Žilinský,village,19.383806,49.106414
26036751,Plavé Vozokany,plave vozokany,Levice,Nitriansky,village,18.467408,48.072466
26036752,Horné Hámre,horne hamre,Žarnovica,Banskobystrický,village,18.670479,48.496909
26036753,Varadka,varadka,Bardejov,Prešovský,hamlet,21.383333,49.416667
26036755,Veľké Dvorníky,velke dvorniky,Dunajská Streda,Trnavský,village,17.652757,48.000009
26036757,Šrobárová,srobarova,Komárno,Nitriansky,village,18.322755,47.804236
26036758,Hranovnica,hranovnica,Poprad,Prešovský,village,20.308073,48.987283
26036759,Kosihy nad Ipľom,kosihy nad iplom,Veľký Krtíš,Banskobystrický,village,19.173297,48.075482
26036760,Holiare,holiare,Komárno,Nitriansky,village,17.814523,47.827646
26036761,Sklabiná,sklabina,Veľký Krtíš,Banskobystrický,village,19.356789,48.159229
26036762,Nižný Mirošov,nizny mirosov,Svidník,Prešovský,village,21.433333,49.383333
26036763,Bacúch,bacuch,Brezno,Banskobystrický,village,19.814002,48.861528
26036764,Studienka,studienka,Malacky,Bratislavský,village,17.136328,48.528061
26036765,Zámutov,zamutov,Vranov nad Topľou,Prešovský,village,21.566667,48.9
26036766,Žbince,zbince,Michalovce,Košický,village,21.883333,48.666667
26036767,Kopčany,kopcany,Michalovce,Košický,village,21.916667,48.583333
26036768,Doľany,dolany,Pezinok,Bratislavský,village,17.378144,48.414316
26036769,Marcelová,marcelova,Komárno,Nitriansky,village,18.276732,47.791807
26036770,Chyžné,chyzne,Revúca,Banskobystrický,village,20.201683,48.664782
26036771,Ďubákovo,dubakovo,Poltár,Banskobystrický,village,19.736326,48.561516
26036772,Banské,banske,Vranov nad Topľou,Prešovský,village,21.583333,48.833333
26036773,Rabča,rabca,Námestovo,Žilinský,village,19.483333,49.483333
26036774,Santovka,santovka,Levice,Nitriansky,village,18.765721,48.156779
26036775,Brusník,brusnik,Revúca,Banskobystrický,hamlet,20.166667,48.533333
26036777,Buglovce,buglovce,Levoča,Prešovský,village,20.7,48.983333
26036778,Hažín,hazin,Michalovce,Košický,village,22.016662,48.750003
26036779,Vydrník,vydrnik,Poprad,Prešovský,village,20.400578,49.000762
26036780,Habovka,habovka,Tvrdošín,Žilinský,village,19.604837,49.277485
26036781,Jalovec,jalovec,Liptovský Mikuláš,Žilinský,village,19.632479,49.136237
26036782,Miklušovce,miklusovce,Prešov,Prešovský,village,21.080649,48.917549
26036783,Rumanová,rumanova,Nitra,Nitriansky,village,17.870811,48.329679
26036784,Seč,sec,Prievidza,Trenčiansky,village,18.502144,48.819881
26036785,Dolná Trnávka,dolna trnavka,Žiar nad Hronom,Banskobystrický,village,18.789596,48.561257
26036786,Brdárka,brdarka,Rožňava,Košický,hamlet,20.333333,48.766667
26036787,Trnovec,trnovec,Skalica,Trnavský,village,17.183333,48.8
26036788,Ruskov,ruskov,Košice - okolie,Košický,village,21.432723,48.682449
26036789,Klokočov,klokocov,Michalovce,Košický,village,22.033325,48.816653
26036790,Dojč,dojc,Senica,Trnavský,village,17.261289,48.684044
26036791,Bystričany,bystricany,Prievidza,Trenčiansky,village,18.513587,48.660042
26036792,Krupina,krupina,Krupina,Banskobystrický,town,19.069182,48.352728
26036793,Pušovce,pusovce,Prešov,Prešovský,village,21.416667,49.083333
26036794,Ostrov,ostrov,Sobrance,Košický,village,22.166667,48.716667
26036795,Orovnica,orovnica,Žarnovica,Banskobystrický,village,18.6,48.383333
26036796,Lubeník,lubenik,Revúca,Banskobystrický,village,20.18478,48.656262
26036797,Blatné,blatne,Senec,Bratislavský,village,17.421892,48.264534
26036798,Chanava,chanava,Rimavská Sobota,Banskobystrický,village,20.3,48.333333
26036799,Slovany,slovany,Martin,Žilinský,village,18.822411,48.971378
26036800,Podbranč,podbranc,Senica,Trnavský,village,17.448629,48.732168
26036801,Mokrance,mokrance,Košice - okolie,Košický,village,21.019776,48.596524
26036802,Cigla,cigla,Svidník,Prešovský,hamlet,21.4,49.366667
26036803,Radošovce,radosovce,Skalica,Trnavský,village,17.283333,48.766667
26036805,Bátka,batka,Rimavská Sobota,Banskobystrický,village,20.168801,48.380812
26036806,Harmanec,harmanec,Banská Bystrica,Banskobystrický,village,19.080853,48.795803
26036807,Sečovce,secovce,Trebišov,Košický,town,21.665986,48.700688
26036808,Chotín,chotin,Komárno,Nitriansky,village,18.219982,47.812336
26036809,Alekšince,aleksince,Nitra,Nitriansky,village,17.95,48.366667
26036810,Zvolenská Slatina,zvolenska slatina,Zvolen,Banskobystrický,village,19.260067,48.560709
26036811,Vozokany,vozokany,Topoľčany,Nitriansky,village,18,48.566667
26036812,Bodíky,bodiky,Dunajská Streda,Trnavský,village,17.460292,47.920929
26036813,Nitra nad Ipľom,nitra nad iplom,Lučenec,Banskobystrický,village,19.773303,48.318409
26036814,Mad,mad,Dunajská Streda,Trnavský,village,17.660637,47.95202
26036815,Zádor,zador,Rimavská Sobota,Banskobystrický,hamlet,20.240919,48.321525
26036816,Konská,konska,Liptovský Mikuláš,Žilinský,village,19.716667,49.116667
26036817,Obeckov,obeckov,Veľký Krtíš,Banskobystrický,village,19.334199,48.171071
26036818,Lontov,lontov,Levice,Nitriansky,village,18.783333,48.05
26036819,Rovňany,rovnany,Poltár,Banskobystrický,village,19.740722,48.448469
26036820,Vyšná Olšava,vysna olsava,Stropkov,Prešovský,village,21.6,49.166667
26036821,Rudník,rudnik,Myjava,Trenčiansky,village,17.619074,48.770054
26036823,Poproč,poproc,Košice - okolie,Košický,village,20.976843,48.711448
26036824,Meliata,meliata,Rožňava,Košický,village,20.333333,48.516667
26036825,Brezany,brezany,Žilina,Žilinský,village,18.673255,49.188896
26036826,Malé Dvorníky,male dvorniky,Dunajská Streda,Trnavský,village,17.642192,48.009186
26036827,Hôrky,horky,Žilina,Žilinský,village,18.693568,49.204807
26036828,Opiná,opina,Košice - okolie,Košický,hamlet,21.426631,48.853757
26036829,Bardoňovo,bardonovo,Nové Zámky,Nitriansky,village,18.416667,48.116667
26036830,Vojňany,vojnany,Kežmarok,Prešovský,village,20.45,49.25
26036831,Malé Straciny,male straciny,Veľký Krtíš,Banskobystrický,hamlet,19.41466,48.209135
26036832,Kochanovce,kochanovce,Bardejov,Prešovský,village,21.383333,49.183333
26036833,Šurianky,surianky,Nitra,Nitriansky,village,18.02347,48.421107
26036834,Priechod,priechod,Banská Bystrica,Banskobystrický,village,19.233333,48.783333
26036835,Čierny Potok,cierny potok,Rimavská Sobota,Banskobystrický,hamlet,19.931073,48.297133
26036836,Jasenie,jasenie,Brezno,Banskobystrický,village,19.461292,48.835641
26036837,Malacky,malacky,Malacky,Bratislavský,town,17.020348,48.43475
26036838,Šarišské Čierne,sarisske cierne,Bardejov,Prešovský,village,21.4,49.35
26036839,Zombor,zombor,Veľký Krtíš,Banskobystrický,hamlet,19.448971,48.135796
26036840,Čerhov,cerhov,Trebišov,Košický,village,21.65,48.466667
26036841,Soboš,sobos,Svidník,Prešovský,hamlet,21.55,49.15
26036842,Belá,bela,Nové Zámky,Nitriansky,village,18.598117,47.831256
26036843,Horný Vadičov,horny vadicov,Kysucké Nové Mesto,Žilinský,village,18.883333,49.266667
26036844,Tarnov,tarnov,Bardejov,Prešovský,village,21.166667,49.316667
26036845,Ižipovce,izipovce,Liptovský Mikuláš,Žilinský,hamlet,19.5,49.15
26036846,Žabokreky nad Nitrou,zabokreky nad nitrou,Partizánske,Trenčiansky,village,18.30343,48.625191
26036847,Nesvady,nesvady,Komárno,Nitriansky,village,18.127526,47.929281
26036848,Uzovské Pekľany,uzovske peklany,Sabinov,Prešovský,village,21.024342,49.085712
26036849,Klokoč,klokoc,Detva,Banskobystrický,village,19.339285,48.502625
26036850,Huncovce,huncovce,Kežmarok,Prešovský,village,20.378184,49.117868
26036851,Kvačany,kvacany,Prešov,Prešovský,village,21.090996,48.946101
26036852,Nižné Repaše,nizne repase,Levoča,Prešovský,village,20.716667,49.083333
26036854,Podkonice,podkonice,Banská Bystrica,Banskobystrický,village,19.25,48.8
26036855,Potôčky,potocky,Stropkov,Prešovský,hamlet,21.716667,49.216667
26036856,Kozelník,kozelnik,Banská Štiavnica,Banskobystrický,hamlet,18.99644,48.512317
26036857,Dlhá nad Váhom,dlha nad vahom,Šaľa,Nitriansky,village,17.860896,48.171567
26036858,Dolné Strháre,dolne strhare,Veľký Krtíš,Banskobystrický,hamlet,19.390881,48.247052
26036859,Norovce,norovce,Topoľčany,Nitriansky,village,18.179388,48.631572
26036860,Trebostovo,trebostovo,Martin,Žilinský,village,18.866667,49.033333
26036861,Malé Ozorovce,male ozorovce,Trebišov,Košický,village,21.616667,48.683333
26036862,Litava,litava,Krupina,Banskobystrický,village,19.178936,48.298177
26036863,Jakubova Voľa,jakubova vola,Sabinov,Prešovský,village,21.016667,49.133333
26036864,Krušinec,krusinec,Stropkov,Prešovský,village,21.666667,49.233333
26036865,Nemčice,nemcice,Topoľčany,Nitriansky,village,18.124239,48.552617
26036866,Koválov,kovalov,Senica,Trnavský,village,17.283333,48.7
26036867,Okoč,okoc,Dunajská Streda,Trnavský,village,17.809046,47.886638
26036868,Fačkov,fackov,Žilina,Žilinský,village,18.598667,49.009876
26036869,Kožany,kozany,Bardejov,Prešovský,hamlet,21.5,49.216667
26036870,Liptovské Revúce,liptovske revuce,Ružomberok,Žilinský,village,19.203821,48.932238
26036871,Ižkovce,izkovce,Michalovce,Košický,hamlet,21.95,48.55
26036872,Siladice,siladice,Hlohovec,Trnavský,village,17.740198,48.358798
26036873,Dolný Kubín,dolny kubin,Dolný Kubín,Žilinský,town,19.29539,49.218073
26036874,Poruba,poruba,Prievidza,Trenčiansky,village,18.593204,48.83244
26036875,Veľké Ludince,velke ludince,Levice,Nitriansky,village,18.516667,47.966667
26036876,Dechtice,dechtice,Trnava,Trnavský,village,17.595636,48.548052
26036877,Kanianka,kanianka,Prievidza,Trenčiansky,village,18.583333,48.816667
26036878,Veľký Lapáš,velky lapas,Nitra,Nitriansky,village,18.184747,48.291651
26036879,Dúbravy,dubravy,Detva,Banskobystrický,village,19.368169,48.587415
26036880,Vinica,vinica,Veľký Krtíš,Banskobystrický,village,19.122776,48.115084
26036881,Horné Pršany,horne prsany,Banská Bystrica,Banskobystrický,village,19.083333,48.7
26036882,Beniakovce,beniakovce,Košice - okolie,Košický,village,21.317161,48.769824
26036883,Vyhne,vyhne,Žiar nad Hronom,Banskobystrický,village,18.798587,48.505945
26036884,Trenčianske Teplice,trencianske teplice,Trenčín,Trenčiansky,village,18.169101,48.90985
26036885,Stupava,stupava,Malacky,Bratislavský,town,17.032746,48.273132
26036886,Hrubov,hrubov,Humenné,Prešovský,village,21.866667,49.1
26036887,Kolbovce,kolbovce,Stropkov,Prešovský,hamlet,21.716667,49.166667
26036888,Dlhé Klčovo,dlhe klcovo,Vranov nad Topľou,Prešovský,village,21.74113,48.809557
26036889,Hrnčiarske Zalužany,hrnciarske zaluzany,Poltár,Banskobystrický,village,19.872982,48.407932
26036890,Lesíček,lesicek,Prešov,Prešovský,village,21.381488,48.915895
26036891,Žehňa,zehna,Prešov,Prešovský,village,21.330769,48.921214
26036892,Beňadiková,benadikova,Liptovský Mikuláš,Žilinský,village,19.682267,49.076417
26036893,Nová Polianka,nova polianka,Svidník,Prešovský,hamlet,21.61935,49.287448
26036894,Veľké Zálužie,velke zaluzie,Nitra,Nitriansky,village,17.940569,48.308171
26036895,Veľká Lesná,velka lesna,Stará Ľubovňa,Prešovský,village,20.45,49.333333
26036896,Rožňava,roznava,Rožňava,Košický,town,20.531184,48.654392
26036897,Trstín,trstin,Trnava,Trnavský,village,17.464605,48.52696
26036898,Rybník,rybnik,Revúca,Banskobystrický,village,20.133912,48.550407
26036899,Padáň,padan,Dunajská Streda,Trnavský,village,17.684077,47.92787
26036900,Seniakovce,seniakovce,Prešov,Prešovský,hamlet,21.299424,48.822083
26036901,Veľký Meder,velky meder,Dunajská Streda,Trnavský,town,17.769367,47.855781
26036902,Klasov,klasov,Nitra,Nitriansky,village,18.257486,48.276782
26036903,Liptovský Hrádok,liptovsky hradok,Liptovský Mikuláš,Žilinský,town,19.727636,49.040349
26036904,Korejovce,korejovce,Svidník,Prešovský,hamlet,21.65,49.366667
26036905,Jovsa,jovsa,Michalovce,Košický,village,22.095365,48.819985
26036906,Zbyňov,zbynov,Žilina,Žilinský,village,18.648493,49.119525
26036907,Váhovce,vahovce,Galanta,Trnavský,village,17.783333,48.25
26036908,Vislava,vislava,Stropkov,Prešovský,village,21.666667,49.283333
26036909,Priekopa,priekopa,Sobrance,Košický,village,22.283333,48.75
26036910,Hankovce,hankovce,Bardejov,Prešovský,village,21.416667,49.2
26036911,Bystré,bystre,Vranov nad Topľou,Prešovský,village,21.55,49.016667
26036912,Dulovce,dulovce,Komárno,Nitriansky,village,18.272609,47.868868
26036913,Mládzovo,mladzovo,Poltár,Banskobystrický,hamlet,19.70491,48.437672
26036914,Budča,budca,Zvolen,Banskobystrický,village,19.065196,48.5743
26036915,Malý Slivník,maly slivnik,Prešov,Prešovský,village,21.266667,49.116667
26036916,Malcov,malcov,Bardejov,Prešovský,village,21.066667,49.3
26036917,Igram,igram,Senec,Bratislavský,village,17.465878,48.282615
26036918,Tornaľa,tornala,Revúca,Banskobystrický,town,20.323813,48.416769
26036919,Bystrany,bystrany,Spišská Nová Ves,Košický,village,20.759414,48.949084
26036920,Veľký Slavkov,velky slavkov,Poprad,Prešovský,village,20.282281,49.093395
26036922,Muránska Lehota,muranska lehota,Revúca,Banskobystrický,village,20.047849,48.727463
26036923,Veľké Blahovo,velke blahovo,Dunajská Streda,Trnavský,village,17.578496,48.01158
26036924,Slavošovce,slavosovce,Rožňava,Košický,village,20.283333,48.716667
26036925,Dežerice,dezerice,Bánovce nad Bebravou,Trenčiansky,village,18.213331,48.761706
26036926,Starý Hrádok,stary hradok,Levice,Nitriansky,hamlet,18.633333,48.15
26036928,Praha,praha,Lučenec,Banskobystrický,hamlet,19.508374,48.3633
26036929,Poľanovce,polanovce,Levoča,Prešovský,hamlet,20.85,49.033333
26036930,Horné Saliby,horne saliby,Galanta,Trnavský,village,17.752084,48.122648
26036931,Pastovce,pastovce,Levice,Nitriansky,village,18.758847,47.966969
26036932,Ratkovce,ratkovce,Hlohovec,Trnavský,village,17.721162,48.4681
26036933,Vyšný Hrušov,vysny hrusov,Humenné,Prešovský,village,22.014676,48.98541
26036934,Slatina,slatina,Levice,Nitriansky,village,18.90111,48.145755
26036935,Turcovce,turcovce,Humenné,Prešovský,village,21.85,49.05
26036936,Domaníky,domaniky,Krupina,Banskobystrický,hamlet,18.990811,48.264002
26036937,Kremnica,kremnica,Žiar nad Hronom,Banskobystrický,town,18.916667,48.7
26036938,Bojná,bojna,Topoľčany,Nitriansky,village,18.066667,48.583333
26036939,Stará Voda,stara voda,Gelnica,Košický,village,20.683333,48.8
26036940,Hermanovce,hermanovce,Prešov,Prešovský,village,21.016667,49.05
26036941,Nitrianske Pravno,nitrianske pravno,Prievidza,Trenčiansky,village,18.633333,48.866667
26036942,Biel,biel,Trebišov,Košický,village,22.05,48.416667
26036943,Muľa,mula,Veľký Krtíš,Banskobystrický,village,19.52593,48.193171
26036945,Oľšavka,olsavka,Spišská Nová Ves,Košický,hamlet,20.833333,48.966667
26036946,Gemerské Michalovce,gemerske michalovce,Rimavská Sobota,Banskobystrický,hamlet,20.216667,48.433333
26036947,Vyšný Žipov,vysny zipov,Vranov nad Topľou,Prešovský,village,21.583333,48.983333
26036948,Rimavská Seč,rimavska sec,Rimavská Sobota,Banskobystrický,village,20.23735,48.304087
26036949,Chynorany,chynorany,Partizánske,Trenčiansky,village,18.27348,48.609821
26036950,Maškovce,maskovce,Humenné,Prešovský,hamlet,22,49.016667
26036951,Vlachovo,vlachovo,Rožňava,Košický,village,20.412758,48.772252
26036952,Tisovec,tisovec,Rimavská Sobota,Banskobystrický,village,19.942023,48.681
26036953,Kečkovce,keckovce,Svidník,Prešovský,village,21.516667,49.383333
26036954,Lietava,lietava,Žilina,Žilinský,village,18.676346,49.168923
26036955,Šarišské Bohdanovce,sarisske bohdanovce,Prešov,Prešovský,village,21.317169,48.846
26036956,Bogliarka,bogliarka,Bardejov,Prešovský,hamlet,21.15,49.266667
26036957,Zlatno,zlatno,Zlaté Moravce,Nitriansky,village,18.313972,48.465644
26036958,Štôla,stola,Poprad,Prešovský,village,20.14214,49.091252
26036959,Predajná,predajna,Brezno,Banskobystrický,village,19.462852,48.813419
26036960,Kráľovský Chlmec,kralovsky chlmec,Trebišov,Košický,town,21.983333,48.416667
26036961,Ďurďoš,durdos,Vranov nad Topľou,Prešovský,village,21.533333,49.049419
26036962,Rovinka,rovinka,Senec,Bratislavský,village,17.233333,48.1
26036963,Dolné Obdokovce,dolne obdokovce,Nitra,Nitriansky,village,18.216667,48.316667
26036964,Kaľamenová,kalamenova,Turčianske Teplice,Žilinský,hamlet,18.778189,48.88849
26036965,Lechnica,lechnica,Kežmarok,Prešovský,village,20.4,49.383333
26036966,Tichý Potok,tichy potok,Sabinov,Prešovský,village,20.783333,49.15
26036967,Hrabová Roztoka,hrabova roztoka,Snina,Prešovský,hamlet,22.3,48.883333
26036968,Záskalie,zaskalie,Dolný Kubín,Žilinský,hamlet,19.302736,49.231965
26036969,Lom nad Rimavicou,lom nad rimavicou,Brezno,Banskobystrický,village,19.646316,48.642485
26036970,Pakostov,pakostov,Humenné,Prešovský,village,21.833333,49.1
26036971,Udavské,udavske,Humenné,Prešovský,village,21.958072,48.974395
26036972,Stránske,stranske,Žilina,Žilinský,village,18.720367,49.13136
26036973,Jakubovany,jakubovany,Sabinov,Prešovský,village,21.142545,49.107127
26036974,Brestovany,brestovany,Trnava,Trnavský,village,17.690227,48.385557
26036975,Horné Zelenice,horne zelenice,Hlohovec,Trnavský,village,17.758541,48.387182
26036976,Drienovec,drienovec,Košice - okolie,Košický,village,20.95,48.616667
26036977,Malinovo,malinovo,Senec,Bratislavský,village,17.291732,48.154124
26036978,Gáň,gan,Galanta,Trnavský,village,17.716667,48.233333
26036979,Kolárovo,kolarovo,Komárno,Nitriansky,town,17.99042,47.91593
26036980,Selice,selice,Šaľa,Nitriansky,village,17.96585,48.093463
26036981,Odorín,odorin,Spišská Nová Ves,Košický,village,20.634617,48.934158
26036982,Ratvaj,ratvaj,Sabinov,Prešovský,hamlet,21.2,49.116667
26036983,Podvysoká,podvysoka,Čadca,Žilinský,village,18.666667,49.416667
26036984,Svätý Kríž,svaty kriz,Liptovský Mikuláš,Žilinský,village,19.533333,49.05
26036985,Branovo,branovo,Nové Zámky,Nitriansky,village,18.3,48.033333
26036986,Bystrá,bystra,Stropkov,Prešovský,hamlet,21.816667,49.233333
26036987,Rakovice,rakovice,Piešťany,Trnavský,village,17.733333,48.566667
26036988,Dolná Mariková,dolna marikova,Považská Bystrica,Trenčiansky,village,18.366667,49.25
26036989,Petrovany,petrovany,Prešov,Prešovský,village,21.261603,48.91662
26036990,Pavlova Ves,pavlova ves,Liptovský Mikuláš,Žilinský,village,19.583333,49.133333
26036991,Moškovec,moskovec,Turčianske Teplice,Žilinský,hamlet,18.828872,48.943933
26036992,Dúbravica,dubravica,Banská Bystrica,Banskobystrický,village,19.272081,48.678031
26036993,Čamovce,camovce,Lučenec,Banskobystrický,village,19.887084,48.249145
26036994,Smolinské,smolinske,Senica,Trnavský,village,17.133333,48.683333
26036995,Jedľové Kostoľany,jedlove kostolany,Zlaté Moravce,Nitriansky,village,18.5,48.466667
26036996,Dulova Ves,dulova ves,Prešov,Prešovský,village,21.304766,48.953165
26036997,Daletice,daletice,Sabinov,Prešovský,hamlet,21.066667,49.033333
26036998,Kunerad,kunerad,Žilina,Žilinský,village,18.708461,49.100852
26036999,Leváre,levare,Revúca,Banskobystrický,hamlet,20.25,48.516667
26037000,Krčava,krcava,Sobrance,Košický,village,22.245739,48.668646
26037001,Veľké Trakany,velke trakany,Trebišov,Košický,village,22.100007,48.383335
26037002,Hrubá Borša,hruba borsa,Senec,Bratislavský,village,17.482495,48.182751
26037003,Kamienka,kamienka,Humenné,Prešovský,village,21.999438,48.905796
26037004,Žiar,ziar,Revúca,Banskobystrický,hamlet,20.274516,48.441227
26037005,Hôrka,horka,Poprad,Prešovský,village,20.379659,49.01777
26037006,Nová Ves nad Žitavou,nova ves nad zitavou,Nitra,Nitriansky,village,18.326635,48.289128
26037007,Dubno,dubno,Rimavská Sobota,Banskobystrický,hamlet,20.001179,48.191548
26037008,Vlkanová,vlkanova,Banská Bystrica,Banskobystrický,village,19.147617,48.667473
26037009,Lozorno,lozorno,Malacky,Bratislavský,village,17.044865,48.334781
26037010,Nemešany,nemesany,Levoča,Prešovský,village,20.683353,49.003007
26037011,Pavľany,pavlany,Levoča,Prešovský,hamlet,20.716667,49.066667
26037012,Nižná Olšava,nizna olsava,Stropkov,Prešovský,village,21.633333,49.15
26037013,Vavrišovo,vavrisovo,Liptovský Mikuláš,Žilinský,village,19.758875,49.070318
26037014,Čebovce,cebovce,Veľký Krtíš,Banskobystrický,village,19.228819,48.180311
26037015,Čereňany,cerenany,Prievidza,Trenčiansky,village,18.485484,48.644066
26037016,Jankovce,jankovce,Humenné,Prešovský,village,21.79739,49.059417
26037017,Baloň,balon,Dunajská Streda,Trnavský,village,17.670076,47.83009
26037018,Pruské,pruske,Ilava,Trenčiansky,village,18.216667,49.033333
26037019,Repejov,repejov,Medzilaborce,Prešovský,hamlet,21.983333,49.2
26037020,Vyšné Ladičkovce,vysne ladickovce,Humenné,Prešovský,village,21.9,49.033333
26037021,Kalnište,kalniste,Svidník,Prešovský,village,21.483333,49.133333
26037022,Slančík,slancik,Košice - okolie,Košický,village,21.48676,48.664107
26037023,Brezina,brezina,Trebišov,Košický,village,21.566667,48.55
26037024,Čabradský Vrbovok,cabradsky vrbovok,Krupina,Banskobystrický,village,19.078549,48.256587
26037025,Sokolovce,sokolovce,Piešťany,Trnavský,village,17.843424,48.538983
26037026,Horňany,hornany,Trenčín,Trenčiansky,village,18.198358,48.779675
26037027,Uhliská,uhliska,Levice,Nitriansky,village,18.751327,48.401465
26037028,Píla,pila,Pezinok,Bratislavský,village,17.33061,48.388771
26037029,Šindliar,sindliar,Prešov,Prešovský,village,20.95,49.033333
26037030,Mojmírovce,mojmirovce,Nitra,Nitriansky,village,18.064323,48.213314
26037031,Vápeník,vapenik,Svidník,Prešovský,hamlet,21.533333,49.4
26037032,Lula,lula,Levice,Nitriansky,village,18.366667,48.183333
26037033,Chminianska Nová Ves,chminianska nova ves,Prešov,Prešovský,village,21.086182,49.002002
26037034,Tesáre,tesare,Topoľčany,Nitriansky,village,18.083333,48.6
26037035,Žilina,zilina,Žilina,Žilinský,city,18.739498,49.223464
26037036,Cakov,cakov,Rimavská Sobota,Banskobystrický,village,20.226883,48.340733
26037038,Rakovec nad Ondavou,rakovec nad ondavou,Michalovce,Košický,village,21.784599,48.767932
26037039,Hrachovo,hrachovo,Rimavská Sobota,Banskobystrický,village,19.950915,48.465241
26037040,Veľká Hradná,velka hradna,Trenčín,Trenčiansky,village,18.142173,48.768904
26037041,Lučatín,lucatin,Banská Bystrica,Banskobystrický,village,19.319357,48.783319
26037042,Rimavské Brezovo,rimavske brezovo,Rimavská Sobota,Banskobystrický,village,19.958248,48.538089
26037043,Kostolné,kostolne,Myjava,Trenčiansky,village,17.703515,48.736145
26037044,Turie,turie,Žilina,Žilinský,village,18.75,49.15
26037045,Kysucké Nové Mesto,kysucke nove mesto,Kysucké Nové Mesto,Žilinský,town,18.785426,49.301674
26037046,Licince,licince,Revúca,Banskobystrický,village,20.298451,48.538021
26037047,Hnilec,hnilec,Spišská Nová Ves,Košický,village,20.5,48.833333
26037048,Fekišovce,fekisovce,Sobrance,Košický,village,22.085743,48.771672
26037049,Ipeľský Sokolec,ipelsky sokolec,Levice,Nitriansky,village,18.802049,48.016212
26037050,Mokroluh,mokroluh,Bardejov,Prešovský,village,21.212429,49.30764
26037051,Jalovec,jalovec,Prievidza,Trenčiansky,village,18.744255,48.772195
26037052,Jasenovce,jasenovce,Vranov nad Topľou,Prešovský,village,21.75,49
26037054,Spišský Hrušov,spissky hrusov,Spišská Nová Ves,Košický,village,20.705685,48.946335
26037055,Medveďov,medvedov,Dunajská Streda,Trnavský,village,17.66076,47.80001
26037056,Doľany,dolany,Levoča,Prešovský,village,20.666809,49.016524
26037057,Jarabá,jaraba,Brezno,Banskobystrický,hamlet,19.695058,48.892997
26037058,Merník,mernik,Vranov nad Topľou,Prešovský,village,21.65,48.95
26037059,Oravské Veselé,oravske vesele,Námestovo,Žilinský,village,19.383333,49.466667
26037060,Dolné Lefantovce,dolne lefantovce,Nitra,Nitriansky,village,18.116667,48.416667
26037061,Chrasť nad Hornádom,chrast nad hornadom,Spišská Nová Ves,Košický,village,20.699993,48.933335
26037062,Salka,salka,Nové Zámky,Nitriansky,village,18.753721,47.887424
26037063,Litmanová,litmanova,Stará Ľubovňa,Prešovský,village,20.633333,49.366667
26037064,Uloža,uloza,Levoča,Prešovský,hamlet,20.65,49.05
26037065,Výrava,vyrava,Medzilaborce,Prešovský,hamlet,22.004666,49.192976
26037066,Holíč,holic,Skalica,Trnavský,town,17.166667,48.8
26037067,Prša,prsa,Lučenec,Banskobystrický,hamlet,19.791632,48.30058
26037068,Topoľníky,topolniky,Dunajská Streda,Trnavský,village,17.783323,47.966677
26037069,Studenec,studenec,Levoča,Prešovský,village,20.766667,49.016667
26037070,Brusnica,brusnica,Stropkov,Prešovský,village,21.7,49.15
26037072,Kšinná,ksinna,Bánovce nad Bebravou,Trenčiansky,village,18.35,48.816667
26037073,Zbehňov,zbehnov,Trebišov,Košický,village,21.633333,48.683333
26037074,Nižný Lánec,nizny lanec,Košice - okolie,Košický,village,21.11173,48.535025
26037075,Plešivec,plesivec,Rožňava,Košický,village,20.400661,48.547137
26037076,Spišský Hrhov,spissky hrhov,Levoča,Prešovský,village,20.640971,49.001317
26037077,Badín,badin,Banská Bystrica,Banskobystrický,village,19.126955,48.665021
26037078,Osikov,osikov,Bardejov,Prešovský,village,21.266667,49.166667
26037079,Jabloň,jablon,Humenné,Prešovský,village,21.983333,49.066667
26037080,Bystrička,bystricka,Martin,Žilinský,village,18.883333,49.05
26037081,Zavar,zavar,Trnava,Trnavský,village,17.676494,48.351459
26037082,Báb,bab,Nitra,Nitriansky,village,17.866146,48.309511
26037083,Koplotovce,koplotovce,Hlohovec,Trnavský,village,17.816667,48.466667
26037084,Lascov,lascov,Bardejov,Prešovský,village,21.483333,49.166667
26037085,Dúbravka,dubravka,Michalovce,Košický,village,21.883333,48.633333
26037086,Likavka,likavka,Ružomberok,Žilinský,village,19.316667,49.1
26037087,Habura,habura,Medzilaborce,Prešovský,village,21.866667,49.333333
26037088,Malé Ripňany,male ripnany,Topoľčany,Nitriansky,village,17.985804,48.477617
26037089,Čierna nad Tisou,cierna nad tisou,Trebišov,Košický,village,22.100003,48.433335
26037090,Sebechleby,sebechleby,Krupina,Banskobystrický,village,18.952016,48.275107
26037091,Streda nad Bodrogom,streda nad bodrogom,Trebišov,Košický,village,21.766667,48.366667
26037092,Voľa,vola,Michalovce,Košický,village,21.85,48.85
26037093,Nemšová,nemsova,Trenčín,Trenčiansky,town,18.113025,48.961676
26037094,Oslany,oslany,Prievidza,Trenčiansky,village,18.468601,48.631568
26037095,Koňuš,konus,Sobrance,Košický,village,22.271049,48.776371
26037097,Budkovce,budkovce,Michalovce,Košický,village,21.933333,48.633333
26037098,Jasov,jasov,Košice - okolie,Košický,village,20.974248,48.683278
26037099,Dolný Štál,dolny stal,Dunajská Streda,Trnavský,village,17.718435,47.936163
26037100,Livina,livina,Partizánske,Trenčiansky,hamlet,18.271007,48.651858
26037101,Miková,mikova,Stropkov,Prešovský,hamlet,21.824841,49.297089
26037102,Sušany,susany,Poltár,Banskobystrický,village,19.889828,48.410127
26037103,Šoporňa,soporna,Galanta,Trnavský,village,17.816667,48.25
26037104,Blhovce,blhovce,Rimavská Sobota,Banskobystrický,village,19.953666,48.275226
26037106,Choča,choca,Zlaté Moravce,Nitriansky,village,18.333333,48.366667
26037107,Rovné,rovne,Svidník,Prešovský,hamlet,21.519023,49.280292
26037108,Becherov,becherov,Bardejov,Prešovský,village,21.316667,49.416667
26037109,Hiadeľ,hiadel,Banská Bystrica,Banskobystrický,village,19.315694,48.80821
26037110,Frička,fricka,Bardejov,Prešovský,village,21.083333,49.4
26037111,Košťany nad Turcom,kostany nad turcom,Martin,Žilinský,village,18.900385,49.031217
26037112,Stredné Plachtince,stredne plachtince,Veľký Krtíš,Banskobystrický,village,19.293548,48.224318
26037113,Lazy pod Makytou,lazy pod makytou,Púchov,Trenčiansky,village,18.233333,49.233333
26037114,Veľký Grob,velky grob,Galanta,Trnavský,village,17.497245,48.254044
26037116,Tvarožná,tvarozna,Kežmarok,Prešovský,village,20.478899,49.084517
26037117,Šarišské Dravce,sarisske dravce,Sabinov,Prešovský,village,20.86721,49.174537
26037118,Šmigovec,smigovec,Snina,Prešovský,hamlet,22.316667,48.9
26037121,Trnovec nad Váhom,trnovec nad vahom,Šaľa,Nitriansky,village,17.926194,48.151216
26037123,Dolný Badín,dolny badin,Krupina,Banskobystrický,village,19.066667,48.266667
26037124,Klenová,klenova,Snina,Prešovský,village,22.333451,48.943891
26037125,Radošovce,radosovce,Trnava,Trnavský,village,17.632471,48.503325
26037126,Prosačov,prosacov,Vranov nad Topľou,Prešovský,village,21.533333,49.05
26037127,Madunice,madunice,Hlohovec,Trnavský,village,17.785392,48.482992
26037128,Bobot,bobot,Trenčín,Trenčiansky,village,18.189604,48.806392
26037129,Divinka,divinka,Žilina,Žilinský,village,18.699243,49.252726
26037130,Kysak,kysak,Košice - okolie,Košický,village,21.220021,48.854138
26037131,Obručné,obrucne,Stará Ľubovňa,Prešovský,hamlet,20.983333,49.3
26037132,Zákamenné,zakamenne,Námestovo,Žilinský,village,19.3,49.383333
26037133,Jahodná,jahodna,Dunajská Streda,Trnavský,village,17.7,48.05
26037136,Stará Kremnička,stara kremnicka,Žiar nad Hronom,Banskobystrický,village,18.890903,48.59834
26037137,Janov,janov,Prešov,Prešovský,village,21.188979,48.930159
26037138,Štvrtok,stvrtok,Trenčín,Trenčiansky,village,17.883333,48.816667
26037139,Vavrinec,vavrinec,Vranov nad Topľou,Prešovský,hamlet,21.6,49.05
26037140,Hrušovo,hrusovo,Rimavská Sobota,Banskobystrický,village,20.050029,48.512582
26037141,Štefurov,stefurov,Svidník,Prešovský,hamlet,21.5,49.183333
26037142,Trenčín,trencin,Trenčín,Trenčiansky,city,18.039372,48.892358
26037143,Svinica,svinica,Košice - okolie,Košický,village,21.463903,48.733663
26037144,Pongrácovce,pongracovce,Levoča,Prešovský,hamlet,20.816667,49.016667
26037145,Zubrohlava,zubrohlava,Námestovo,Žilinský,village,19.516667,49.45
26037146,Kolbasov,kolbasov,Snina,Prešovský,hamlet,22.368648,49.018781
26037148,Kučín,kucin,Bardejov,Prešovský,village,21.466667,49.216667
26037149,Gemer,gemer,Revúca,Banskobystrický,village,20.316667,48.45
26037150,Mlynčeky,mlynceky,Kežmarok,Prešovský,village,20.383333,49.166667
26037151,Brodzany,brodzany,Partizánske,Trenčiansky,village,18.340412,48.61183
26037152,Olešná,olesna,Čadca,Žilinský,village,18.666576,49.428876
26037153,Sobrance,sobrance,Sobrance,Košický,town,22.179139,48.742148
26037154,Koceľovce,kocelovce,Rožňava,Košický,village,20.35,48.716667
26037155,Dulov,dulov,Ilava,Trenčiansky,village,18.247911,49.032551
26037156,Kamenín,kamenin,Nové Zámky,Nitriansky,village,18.65,47.883333
26037157,Krajné Čierno,krajne cierno,Svidník,Prešovský,hamlet,21.666667,49.35
26037158,Hoste,hoste,Galanta,Trnavský,village,17.633333,48.266667
26037159,Belina,belina,Lučenec,Banskobystrický,village,19.850505,48.242451
26037160,Veľké Uherce,velke uherce,Partizánske,Trenčiansky,village,18.438069,48.613712
26037161,Matiašovce,matiasovce,Kežmarok,Prešovský,village,20.366667,49.35
26037162,Hunkovce,hunkovce,Svidník,Prešovský,village,21.65,49.35
26037163,Pribylina,pribylina,Liptovský Mikuláš,Žilinský,village,19.797031,49.099065
26037164,Krásno,krasno,Partizánske,Trenčiansky,village,18.307056,48.599008
26037165,Vlkyňa,vlkyna,Rimavská Sobota,Banskobystrický,village,20.300099,48.282884
26037166,Iža,iza,Komárno,Nitriansky,village,18.223586,47.750348
26037167,Liptovský Ján,liptovsky jan,Liptovský Mikuláš,Žilinský,village,19.680264,49.049582
26037168,Harichovce,harichovce,Spišská Nová Ves,Košický,village,20.583333,48.966667
26037169,Žarnov,zarnov,Košice - okolie,Košický,village,20.926343,48.583098
26037170,Sládkovičovo,sladkovicovo,Galanta,Trnavský,town,17.644866,48.208208
26037171,Cestice,cestice,Košice - okolie,Košický,village,21.102064,48.592256
26037172,Pleš,ples,Lučenec,Banskobystrický,village,19.749213,48.231973
26037173,Abranovce,abranovce,Prešov,Prešovský,village,21.35,48.933333
26037174,Malá Hradná,mala hradna,Bánovce nad Bebravou,Trenčiansky,village,18.164661,48.760078
26037175,Králiky,kraliky,Banská Bystrica,Banskobystrický,village,19.035849,48.7355
26037176,Lenartov,lenartov,Bardejov,Prešovský,village,21.033333,49.316667
26037177,Jasová,jasova,Nové Zámky,Nitriansky,village,18.398499,47.986648
26037178,Čierny Brod,cierny brod,Galanta,Trnavský,village,17.65603,48.151335
26037179,Vitanová,vitanova,Tvrdošín,Žilinský,village,19.733333,49.35
26037180,Ruská,ruska,Michalovce,Košický,village,22.15,48.533333
26037181,Horná Breznica,horna breznica,Púchov,Trenčiansky,village,18.25,49.116667
26037182,Dlhá Ves,dlha ves,Rožňava,Košický,village,20.433333,48.5
26037183,Letanovce,letanovce,Spišská Nová Ves,Košický,village,20.464656,48.976701
26037184,Pastuchov,pastuchov,Hlohovec,Trnavský,village,17.877457,48.42659
26037185,Kocurany,kocurany,Prievidza,Trenčiansky,village,18.545895,48.769121
26037186,Pusté Úľany,puste ulany,Galanta,Trnavský,village,17.567616,48.232206
26037187,Ždiar,zdiar,Poprad,Prešovský,village,20.271761,49.270862
26037188,Horné Lefantovce,horne lefantovce,Nitra,Nitriansky,village,18.15,48.416667
26037189,Nová Ľubovňa,nova lubovna,Stará Ľubovňa,Prešovský,village,20.683333,49.266667
26037190,Spišská Nová Ves,spisska nova ves,Spišská Nová Ves,Košický,town,20.562964,48.943534
26037191,Podkriváň,podkrivan,Detva,Banskobystrický,village,19.457072,48.514195
26037192,Vyšná Pisaná,vysna pisana,Svidník,Prešovský,hamlet,21.616667,49.4
26037193,Porúbka,porubka,Žilina,Žilinský,village,18.726871,49.154485
26037194,Hrnčiarovce nad Parnou,hrnciarovce nad parnou,Trnava,Trnavský,village,17.568222,48.341014
26037195,Trebišov,trebisov,Trebišov,Košický,town,21.720171,48.628622
26037196,Skačany,skacany,Partizánske,Trenčiansky,village,18.378466,48.661215
26037197,Ruský Hrabovec,rusky hrabovec,Sobrance,Košický,village,22.350975,48.855848
26037198,Veľké Dvorany,velke dvorany,Topoľčany,Nitriansky,village,18.073245,48.554552
26037199,Mýto pod Ďumbierom,myto pod dumbierom,Brezno,Banskobystrický,village,19.633257,48.853912
26037200,Východná,vychodna,Liptovský Mikuláš,Žilinský,village,19.894612,49.061229
26037201,Chľaba,chlaba,Nové Zámky,Nitriansky,village,18.825423,47.826784
26037202,Beňuš,benus,Brezno,Banskobystrický,village,19.762605,48.828777
26037203,Senohrad,senohrad,Krupina,Banskobystrický,village,19.198072,48.357631
26037204,Nováky,novaky,Prievidza,Trenčiansky,village,18.539765,48.714477
26037205,Benkovce,benkovce,Vranov nad Topľou,Prešovský,village,21.716667,48.95
26037206,Jakušovce,jakusovce,Stropkov,Prešovský,hamlet,21.766667,49.15
26037207,Lukavica,lukavica,Bardejov,Prešovský,village,21.333333,49.266667
26037208,Opátka,opatka,Košice - okolie,Košický,hamlet,21.066667,48.783333
26037209,Ďanová,danova,Martin,Žilinský,village,18.916667,48.983333
26037210,Malé Chyndice,male chyndice,Nitra,Nitriansky,village,18.283176,48.299634
26037211,Kotmanová,kotmanova,Lučenec,Banskobystrický,village,19.579483,48.484262
26037212,Sudince,sudince,Krupina,Banskobystrický,hamlet,18.883333,48.216667
26037213,Breziny,breziny,Zvolen,Banskobystrický,village,19.082141,48.513539
26037214,Dubodiel,dubodiel,Trenčín,Trenčiansky,village,18.1,48.766667
26037215,Nižné Nemecké,nizne nemecke,Sobrance,Košický,village,22.250001,48.650002
26037216,Bohdanovce,bohdanovce,Košice - okolie,Košický,village,21.401283,48.656614
26037217,Rakša,raksa,Turčianske Teplice,Žilinský,village,18.883333,48.883333
26037218,Muránska Zdychava,muranska zdychava,Revúca,Banskobystrický,village,20.15,48.733333
26037219,Rudnianska Lehota,rudnianska lehota,Prievidza,Trenčiansky,village,18.466651,48.804315
26037220,Liptovská Štiavnica,liptovska stiavnica,Ružomberok,Žilinský,village,19.366667,49.05
26037221,Bernolákovo,bernolakovo,Senec,Bratislavský,village,17.300361,48.199027
26037222,Haniska,haniska,Košice - okolie,Košický,village,21.251349,48.621363
26037223,Hvozdnica,hvozdnica,Bytča,Žilinský,village,18.483333,49.216667
26037224,Bystrá,bystra,Brezno,Banskobystrický,village,19.605675,48.844525
26037225,Malinová,malinova,Prievidza,Trenčiansky,village,18.614713,48.854386
26037226,Vyšný Klátov,vysny klatov,Košice - okolie,Košický,village,21.123996,48.745356
26037227,Dvorníky,dvorniky,Hlohovec,Trnavský,village,17.79397,48.354945
26037228,Sverepec,sverepec,Považská Bystrica,Trenčiansky,village,18.4,49.083333
26037229,Horné Semerovce,horne semerovce,Levice,Nitriansky,village,18.877946,48.12422
26037230,Štefanov,stefanov,Senica,Trnavský,village,17.2,48.683333
26037231,Lesenice,lesenice,Veľký Krtíš,Banskobystrický,village,19.250042,48.104988
26037232,Šenkvice,senkvice,Pezinok,Bratislavský,village,17.348321,48.299537
26037233,Černík,cernik,Nové Zámky,Nitriansky,village,18.225182,48.153496
26037234,Hrabovec nad Laborcom,hrabovec nad laborcom,Humenné,Prešovský,village,21.940568,49.09668
26037235,Drahovce,drahovce,Piešťany,Trnavský,village,17.798505,48.518346
26037236,Poniky,poniky,Banská Bystrica,Banskobystrický,village,19.289072,48.710327
26037237,Sobotište,sobotiste,Senica,Trnavský,village,17.404825,48.732397
26037238,Lastomír,lastomir,Michalovce,Košický,village,21.933333,48.7
26037239,Bátorove Kosihy,batorove kosihy,Komárno,Nitriansky,village,18.416667,47.833333
26037240,Vieska nad Blhom,vieska nad blhom,Rimavská Sobota,Banskobystrický,hamlet,20.199734,48.350324
26037241,Veľké Lovce,velke lovce,Nové Zámky,Nitriansky,village,18.333335,48.066661
26037242,Lieskovec,lieskovec,Humenné,Prešovský,village,21.816667,48.95
26037243,Klieština,kliestina,Považská Bystrica,Trenčiansky,village,18.35,49.183333
26037244,Pažiť,pazit,Partizánske,Trenčiansky,village,18.434397,48.632235
26037245,Štiavnička,stiavnicka,Ružomberok,Žilinský,village,19.342173,49.069345
26037246,Krásny Brod,krasny brod,Medzilaborce,Prešovský,village,21.898673,49.240925
26037247,Kalonda,kalonda,Lučenec,Banskobystrický,village,19.656198,48.257946
26037248,Rochovce,rochovce,Rožňava,Košický,village,20.3,48.7
26037250,Šambron,sambron,Stará Ľubovňa,Prešovský,village,20.749951,49.225983
26037251,Kríže,krize,Bardejov,Prešovský,hamlet,21.15,49.25
26037252,Vaďovce,vadovce,Nové Mesto nad Váhom,Trenčiansky,village,17.72291,48.737161
26037253,Devičie,devicie,Krupina,Banskobystrický,village,19.027168,48.308602
26037254,Vrbové,vrbove,Piešťany,Trnavský,town,17.723876,48.619531
26037255,Sihelné,sihelne,Námestovo,Žilinský,village,19.433333,49.5
26037256,Bíňovce,binovce,Trnava,Trnavský,village,17.481727,48.501287
26037257,Dolné Semerovce,dolne semerovce,Levice,Nitriansky,village,18.85,48.116667
26037258,Topoľa,topola,Snina,Prešovský,hamlet,22.366667,49.05
26037259,Kovarce,kovarce,Topoľčany,Nitriansky,village,18.158903,48.496327
26037260,Prakovce,prakovce,Gelnica,Košický,village,20.9,48.816667
26037261,Zemné,zemne,Nové Zámky,Nitriansky,village,17.994901,47.987724
26037262,Dunajský Klátov,dunajsky klatov,Dunajská Streda,Trnavský,village,17.692184,48.033436
26037263,Nedanovce,nedanovce,Partizánske,Trenčiansky,village,18.294531,48.592125
26037264,Tuchyňa,tuchyna,Ilava,Trenčiansky,village,18.217303,49.030328
26037265,Čachtice,cachtice,Nové Mesto nad Váhom,Trenčiansky,village,17.787139,48.713856
26037266,Ležiachov,leziachov,Martin,Žilinský,hamlet,18.866667,48.983333
26037267,Píla,pila,Žarnovica,Banskobystrický,hamlet,18.591957,48.519561
26037268,Lužany,luzany,Topoľčany,Nitriansky,village,18.016667,48.516667
26037269,Teriakovce,teriakovce,Prešov,Prešovský,village,21.310639,48.987898
26037270,Malé Raškovce,male raskovce,Michalovce,Košický,village,21.916667,48.566667
26037271,Horný Badín,horny badin,Krupina,Banskobystrický,hamlet,19.07633,48.278202
26037272,Motyčky,motycky,Banská Bystrica,Banskobystrický,hamlet,19.170527,48.860369
26037273,Matiaška,matiaska,Vranov nad Topľou,Prešovský,village,21.583333,49.066667
26037274,Kľače,klace,Žilina,Žilinský,village,18.647759,49.106091
26037275,Panické Dravce,panicke dravce,Lučenec,Banskobystrický,village,19.651999,48.283643
26037276,Bertotovce,bertotovce,Prešov,Prešovský,village,21.02529,49.020755
26037277,Kechnec,kechnec,Košice - okolie,Košický,village,21.259681,48.555456
26037278,Lipovník,lipovnik,Rožňava,Košický,village,20.620718,48.628984
26037279,Miloslavov,miloslavov,Senec,Bratislavský,village,17.299044,48.103575
26037280,Ľubá,luba,Nové Zámky,Nitriansky,village,18.596253,47.849877
26037281,Petrovice,petrovice,Bytča,Žilinský,village,18.533333,49.266667
26037282,Revúca,revuca,Revúca,Banskobystrický,town,20.116667,48.683333
26037283,Vysoká,vysoka,Sabinov,Prešovský,hamlet,20.883333,49.133333
26037284,Čaklov,caklov,Vranov nad Topľou,Prešovský,village,21.633333,48.9
26037285,Tlmače,tlmace,Levice,Nitriansky,village,18.543288,48.292155
26037286,Nové Sady,nove sady,Nitra,Nitriansky,village,17.981279,48.417118
26037287,Sliepkovce,sliepkovce,Michalovce,Košický,village,21.95,48.666667
26037288,Budiná,budina,Lučenec,Banskobystrický,village,19.476724,48.456112
26037289,Oľšavica,olsavica,Levoča,Prešovský,village,20.75,49.083333
26037290,Veľké Bierovce,velke bierovce,Trenčín,Trenčiansky,village,17.983333,48.85
26037291,Malá Ida,mala ida,Košice - okolie,Košický,village,21.168821,48.676388
26037292,Reca,reca,Senec,Bratislavský,village,17.449171,48.232927
26037294,Trhová Hradská,trhova hradska,Dunajská Streda,Trnavský,village,17.749532,47.988258
26037295,Haláčovce,halacovce,Bánovce nad Bebravou,Trenčiansky,village,18.194983,48.701971
26037296,Veľký Folkmar,velky folkmar,Gelnica,Košický,village,21.014675,48.857416
26037297,Nemcovce,nemcovce,Bardejov,Prešovský,village,21.45,49.216667
26037298,Rudlov,rudlov,Vranov nad Topľou,Prešovský,village,21.566667,48.916667
26037299,Obyce,obyce,Zlaté Moravce,Nitriansky,village,18.45,48.433333
26037300,Byšta,bysta,Trebišov,Košický,hamlet,21.55,48.533333
26037301,Jurkova Voľa,jurkova vola,Svidník,Prešovský,hamlet,21.516667,49.316667
26037302,Záhor,zahor,Sobrance,Košický,village,22.2,48.633333
26037303,Čelovce,celovce,Veľký Krtíš,Banskobystrický,village,19.144936,48.183814
26037304,Drienov,drienov,Prešov,Prešovský,village,21.270189,48.874168
26037307,Padarovce,padarovce,Rimavská Sobota,Banskobystrický,hamlet,20.069668,48.458199
26037308,Želiezovce,zeliezovce,Levice,Nitriansky,town,18.658355,48.049226
26037309,Krná,krna,Poltár,Banskobystrický,hamlet,19.741074,48.50922
26037310,Hincovce,hincovce,Spišská Nová Ves,Košický,village,20.733333,48.966667
26037311,Slepčany,slepcany,Zlaté Moravce,Nitriansky,village,18.333642,48.313165
26037312,Zlatník,zlatnik,Vranov nad Topľou,Prešovský,hamlet,21.55,48.966667
26037313,Tekovský Hrádok,tekovsky hradok,Levice,Nitriansky,village,18.55195,48.166865
26037314,Čučma,cucma,Rožňava,Košický,village,20.55,48.683333
26037315,Sokoľ,sokol,Košice - okolie,Košický,village,21.217505,48.812801
26037316,Dolný Bar,dolny bar,Dunajská Streda,Trnavský,village,17.685862,47.966516
26037318,Moravany nad Váhom,moravany nad vahom,Piešťany,Trnavský,village,17.862269,48.602463
26037319,Štítnik,stitnik,Rožňava,Košický,village,20.363755,48.659884
26037320,Veľký Cetín,velky cetin,Nitra,Nitriansky,village,18.2,48.216667
26037321,Horná Strehová,horna strehova,Veľký Krtíš,Banskobystrický,village,19.42861,48.279723
26037322,Kotešová,kotesova,Bytča,Žilinský,village,18.6,49.233333
26037323,Ochtiná,ochtina,Rožňava,Košický,village,20.333333,48.683333
26037324,Nižná Boca,nizna boca,Liptovský Mikuláš,Žilinský,hamlet,19.766667,48.95
26037325,Vyšné Nemecké,vysne nemecke,Sobrance,Košický,village,22.259515,48.66377
26037326,Slanec,slanec,Košice - okolie,Košický,village,21.478838,48.636466
26037327,Radvanovce,radvanovce,Vranov nad Topľou,Prešovský,village,21.466667,49.05
26037328,Ješkova Ves,jeskova ves,Partizánske,Trenčiansky,village,18.35,48.55
26037329,Medovarce,medovarce,Krupina,Banskobystrický,village,19,48.233333
26037330,Veľká Dolina,velka dolina,Nitra,Nitriansky,village,18.031976,48.184883
26037331,Nižná Myšľa,nizna mysla,Košice - okolie,Košický,village,21.363905,48.623714
26037334,Hronské Kosihy,hronske kosihy,Levice,Nitriansky,village,18.6,48.266667
26037335,Modrý Kameň,modry kamen,Veľký Krtíš,Banskobystrický,village,19.334171,48.240922
26037336,Bolešov,bolesov,Ilava,Trenčiansky,village,18.15,48.983333
26037337,Rosina,rosina,Žilina,Žilinský,village,18.766667,49.183333
26037338,Tulčík,tulcik,Prešov,Prešovský,village,21.305265,49.088211
26037339,Lukov,lukov,Bardejov,Prešovský,village,21.083333,49.3
26037340,Svinia,svinia,Prešov,Prešovský,village,21.123568,49.01213
26037341,Horná Poruba,horna poruba,Ilava,Trenčiansky,village,18.3,48.95
26037342,Raková,rakova,Čadca,Žilinský,village,18.733333,49.45
26037343,Trebušovce,trebusovce,Veľký Krtíš,Banskobystrický,hamlet,19.199525,48.116119
26037344,Bánovce nad Bebravou,banovce nad bebravou,Bánovce nad Bebravou,Trenčiansky,town,18.259826,48.721667
26037345,Nezbudská Lúčka,nezbudska lucka,Žilina,Žilinský,village,18.862396,49.182622
26037347,Zemplínsky Branč,zemplinsky branc,Trebišov,Košický,village,21.720952,48.543761
26037348,Špačince,spacince,Trnava,Trnavský,village,17.608359,48.439647
26037349,Ladce,ladce,Ilava,Trenčiansky,village,18.283333,49.033333
26037350,Dubník,dubnik,Nové Zámky,Nitriansky,village,18.413226,47.958585
26037351,Pašková,paskova,Rožňava,Košický,village,20.383681,48.591905
26037354,Bijacovce,bijacovce,Levoča,Prešovský,village,20.8,49.033333
26037355,Bodza,bodza,Komárno,Nitriansky,village,17.828806,47.833531
26037356,Čavoj,cavoj,Prievidza,Trenčiansky,village,18.483333,48.883333
26037357,Stará Ľubovňa,stara lubovna,Stará Ľubovňa,Prešovský,town,20.687317,49.297258
26037358,Hodejovec,hodejovec,Rimavská Sobota,Banskobystrický,hamlet,20.01635,48.28319
26037359,Svätuš,svatus,Sobrance,Košický,hamlet,22.133333,48.683333
26037360,Ľubotice,lubotice,Prešov,Prešovský,village,21.276481,49.011264
26037361,Dolná Strehová,dolna strehova,Veľký Krtíš,Banskobystrický,village,19.488798,48.249575
26037362,Ipeľské Úľany,ipelske ulany,Levice,Nitriansky,village,19.048162,48.126666
26037363,Slovenské Pravno,slovenske pravno,Turčianske Teplice,Žilinský,village,18.758637,48.908994
26037364,Veľká Tŕňa,velka trna,Trebišov,Košický,village,21.683333,48.466667
26037365,Gemerský Jablonec,gemersky jablonec,Rimavská Sobota,Banskobystrický,village,19.976023,48.193667
26037367,Dúbrava,dubrava,Ružomberok,Žilinský,village,19.157781,48.978616
26037368,Brehy,brehy,Žarnovica,Banskobystrický,village,18.649817,48.407208
26037370,Ratková,ratkova,Revúca,Banskobystrický,village,20.1,48.583333
26037372,Lupoč,lupoc,Lučenec,Banskobystrický,village,19.538414,48.360594
26037373,Pozba,pozba,Nové Zámky,Nitriansky,village,18.383333,48.116667
26037374,Mankovce,mankovce,Zlaté Moravce,Nitriansky,village,18.328712,48.429145
26037375,Rybky,rybky,Senica,Trnavský,village,17.338314,48.707842
26037376,Ťapešovo,tapesovo,Námestovo,Žilinský,village,19.45,49.366667
26037377,Vyšný Kubín,vysny kubin,Dolný Kubín,Žilinský,village,19.316667,49.183333
26037378,Čenkovce,cenkovce,Dunajská Streda,Trnavský,village,17.433109,48.106207
26037379,Bačkov,backov,Trebišov,Košický,village,21.624364,48.739297
26037380,Selce,selce,Krupina,Banskobystrický,hamlet,19.036207,48.251159
26037381,Zlaté Moravce,zlate moravce,Zlaté Moravce,Nitriansky,town,18.4,48.383333
26037382,Komárno,komarno,Komárno,Nitriansky,town,18.129917,47.757388
26037383,Opatovská Nová Ves,opatovska nova ves,Veľký Krtíš,Banskobystrický,village,19.276443,48.114507
26037384,Podbrezová,podbrezova,Brezno,Banskobystrický,village,19.550314,48.804692
26037385,Remeniny,remeniny,Vranov nad Topľou,Prešovský,village,21.55,49.033333
26037386,Sirk,sirk,Revúca,Banskobystrický,village,20.1,48.616667
26037387,Vavrečka,vavrecka,Námestovo,Žilinský,village,19.466667,49.383333
26037388,Lučenec,lucenec,Lučenec,Banskobystrický,town,19.664144,48.330282
26037389,Petrikovce,petrikovce,Michalovce,Košický,village,21.866667,48.55
26037391,Hrachovište,hrachoviste,Nové Mesto nad Váhom,Trenčiansky,village,17.729544,48.715993
26037392,Moldava nad Bodvou,moldava nad bodvou,Košice - okolie,Košický,town,20.997331,48.614142
26037393,Tvrdošovce,tvrdosovce,Nové Zámky,Nitriansky,town,18.061308,48.095688
26037394,Čaradice,caradice,Zlaté Moravce,Nitriansky,village,18.50344,48.356488
26037395,Bretka,bretka,Rožňava,Košický,village,20.350786,48.484474
26037397,Kútniky,kutniky,Dunajská Streda,Trnavský,village,17.659693,47.974963
26037398,Vieska,vieska,Veľký Krtíš,Banskobystrický,village,19.467895,48.261166
26037399,Šarišské Michaľany,sarisske michalany,Sabinov,Prešovský,village,21.135062,49.067346
26037400,Krušovce,krusovce,Topoľčany,Nitriansky,village,18.201915,48.587898
26037401,Nižný Kručov,nizny krucov,Vranov nad Topľou,Prešovský,village,21.666667,48.916667
26037402,Šalov,salov,Levice,Nitriansky,village,18.716667,48
26037403,Závadka,zavadka,Gelnica,Košický,village,20.633027,48.863335
26037404,Bacúrov,bacurov,Zvolen,Banskobystrický,hamlet,19.059294,48.520051
26037405,Uzovce,uzovce,Sabinov,Prešovský,village,21.182527,49.091246
26037406,Osadné,osadne,Snina,Prešovský,village,22.151093,49.140127
26037407,Vojtovce,vojtovce,Stropkov,Prešovský,hamlet,21.69003,49.200861
26037408,Majcichov,majcichov,Trnava,Trnavský,village,17.627952,48.284707
26037409,Bardejov,bardejov,Bardejov,Prešovský,town,21.27554,49.292999
26037410,Krokava,krokava,Revúca,Banskobystrický,hamlet,20.033333,48.633333
26037411,Chrastné,chrastne,Košice - okolie,Košický,village,21.353154,48.793304
26037412,Lúčka,lucka,Sabinov,Prešovský,village,20.983333,49.183333
26037413,Jacovce,jacovce,Topoľčany,Nitriansky,village,18.142193,48.577764
26037414,Milhosť,milhost,Košice - okolie,Košický,village,21.266633,48.53781
26037415,Vyškovce,vyskovce,Stropkov,Prešovský,hamlet,21.666667,49.25
26037416,Jarok,jarok,Nitra,Nitriansky,village,17.964227,48.27723
26037418,Radošina,radosina,Topoľčany,Nitriansky,village,17.933333,48.55
26037419,Slivník,slivnik,Trebišov,Košický,village,21.554455,48.60162
26037420,Ruskovce,ruskovce,Sobrance,Košický,village,22.166667,48.783333
26037421,Strečno,strecno,Žilina,Žilinský,village,18.865599,49.188434
26037422,Ardanovce,ardanovce,Topoľčany,Nitriansky,village,17.924208,48.527575
26037423,Kopernica,kopernica,Žiar nad Hronom,Banskobystrický,village,18.873997,48.685294
26037424,Záhorce,zahorce,Veľký Krtíš,Banskobystrický,village,19.338594,48.11139
26037425,Spišské Vlachy,spisske vlachy,Spišská Nová Ves,Košický,village,20.797352,48.947914
26037426,Hrkovce,hrkovce,Levice,Nitriansky,village,18.903373,48.088009
26037427,Dobšiná,dobsina,Rožňava,Košický,town,20.364743,48.821028
26037428,Nadlice,nadlice,Partizánske,Trenčiansky,village,18.251694,48.616776
26037429,Brezovka,brezovka,Bardejov,Prešovský,hamlet,21.416667,49.266667
26037430,Pusté Sady,puste sady,Galanta,Trnavský,village,17.827826,48.311844
26037431,Ubľa,ubla,Snina,Prešovský,village,22.389761,48.9009
26037433,Podkylava,podkylava,Myjava,Trenčiansky,village,17.668552,48.680192
26037434,Henckovce,henckovce,Rožňava,Košický,village,20.431576,48.713768
26037435,Holice,holice,Dunajská Streda,Trnavský,village,17.483128,47.992973
26037436,Hrčeľ,hrcel,Trebišov,Košický,village,21.689023,48.520886
26037437,Fričkovce,frickovce,Bardejov,Prešovský,village,21.25,49.183333
26037438,Lietavská Lúčka,lietavska lucka,Žilina,Žilinský,village,18.722036,49.175401
26037439,Jedlinka,jedlinka,Bardejov,Prešovský,hamlet,21.366667,49.4
26037440,Šurice,surice,Lučenec,Banskobystrický,village,19.913909,48.2306
26037441,Sebedražie,sebedrazie,Prievidza,Trenčiansky,village,18.624133,48.72972
26037442,Oravská Polhora,oravska polhora,Námestovo,Žilinský,village,19.45,49.516667
26037443,Nenince,nenince,Veľký Krtíš,Banskobystrický,village,19.25695,48.147589
26037444,Pstriná,pstrina,Svidník,Prešovský,hamlet,21.75,49.3
26037445,Príbovce,pribovce,Martin,Žilinský,village,18.883333,49
26037446,Komárovce,komarovce,Košice - okolie,Košický,village,21.122493,48.575209
26037447,Horná Potôň,horna poton,Dunajská Streda,Trnavský,village,17.500166,48.039875
26037448,Malé Ludince,male ludince,Levice,Nitriansky,hamlet,18.7,47.983333
26037449,Ľubiša,lubisa,Humenné,Prešovský,village,21.948946,49.005744
26037450,Chlebnice,chlebnice,Dolný Kubín,Žilinský,village,19.466667,49.233333
26037451,Sedlice,sedlice,Prešov,Prešovský,village,21.117679,48.919265
26037452,Čierne nad Topľou,cierne nad toplou,Vranov nad Topľou,Prešovský,village,21.566667,49
26037453,Dobrohošť,dobrohost,Dunajská Streda,Trnavský,village,17.366663,47.983335
26037454,Mestisko,mestisko,Svidník,Prešovský,village,21.584585,49.25805
26037455,Roštár,rostar,Rožňava,Košický,village,20.346693,48.692241
26037458,Hronské Kľačany,hronske klacany,Levice,Nitriansky,village,18.570702,48.241933
26037459,Lazisko,lazisko,Liptovský Mikuláš,Žilinský,village,19.55,49.033333
26037460,Hostie,hostie,Zlaté Moravce,Nitriansky,village,18.45,48.45
26037461,Bytča,bytca,Bytča,Žilinský,town,18.562215,49.219738
26037462,Oborín,oborin,Michalovce,Košický,village,21.883333,48.55
26037463,Rákoš,rakos,Košice - okolie,Košický,village,21.427642,48.644832
26037464,Zatín,zatin,Trebišov,Košický,village,21.9,48.483333
26037465,Závadka nad Hronom,zavadka nad hronom,Brezno,Banskobystrický,village,19.916667,48.85
26037466,Veľký Krtíš,velky krtis,Veľký Krtíš,Banskobystrický,town,19.349119,48.20896
26037467,Laškovce,laskovce,Michalovce,Košický,village,21.85,48.7
26037468,Klenov,klenov,Prešov,Prešovský,village,21.054961,48.929376
26037469,Matúškovo,matuskovo,Galanta,Trnavský,village,17.733333,48.166667
26037471,Kysta,kysta,Trebišov,Košický,village,21.716607,48.514812
26037472,Podzámčok,podzamcok,Zvolen,Banskobystrický,village,19.103364,48.498719
26037473,Livinské Opatovce,livinske opatovce,Partizánske,Trenčiansky,village,18.233333,48.65
26037474,Blesovce,blesovce,Topoľčany,Nitriansky,village,18.039446,48.5579
26037475,Podhradík,podhradik,Prešov,Prešovský,village,21.345595,49.005414
26037476,Čelovce,celovce,Prešov,Prešovský,village,21.398724,49.087547
26037477,Stará Lehota,stara lehota,Nové Mesto nad Váhom,Trenčiansky,village,17.951065,48.654882
26037478,Heľpa,helpa,Brezno,Banskobystrický,village,19.97119,48.862946
26037479,Oščadnica,oscadnica,Čadca,Žilinský,town,18.883333,49.433333
26037480,Kosorín,kosorin,Žiar nad Hronom,Banskobystrický,village,18.80837,48.651323
26037481,Harhaj,harhaj,Bardejov,Prešovský,village,21.416667,49.183333
26037482,Svinice,svinice,Trebišov,Košický,village,21.883333,48.466667
26037483,Beladice,beladice,Zlaté Moravce,Nitriansky,village,18.296077,48.346006
26037484,Sirník,sirnik,Michalovce,Košický,village,21.816667,48.516667
26037485,Roztoky,roztoky,Svidník,Prešovský,village,21.483333,49.383333
26037486,Prečín,precin,Považská Bystrica,Trenčiansky,village,18.521282,49.088713
26037487,Kolačkov,kolackov,Stará Ľubovňa,Prešovský,village,20.633333,49.266667
26037488,Chvojnica,chvojnica,Prievidza,Trenčiansky,village,18.566667,48.883333
26037489,Varhaňovce,varhanovce,Prešov,Prešovský,village,21.360576,48.855026
26037490,Janovce,janovce,Bardejov,Prešovský,village,21.3,49.183333
26037491,Kráľovce,kralovce,Košice - okolie,Košický,village,21.329076,48.802746
26037492,Šarišské Jastrabie,sarisske jastrabie,Stará Ľubovňa,Prešovský,village,20.909529,49.24518
26037493,Hajná Nová Ves,hajna nova ves,Topoľčany,Nitriansky,village,18.031973,48.535465
26037496,Trnovo,trnovo,Martin,Žilinský,village,18.866667,49.016667
26037497,Dlhá,dlha,Trnava,Trnavský,village,17.427031,48.412363
26037498,Ivanovce,ivanovce,Trenčín,Trenčiansky,village,17.9,48.833333
26037499,Abovce,abovce,Rimavská Sobota,Banskobystrický,village,20.337689,48.319223
26037500,Zuberec,zuberec,Tvrdošín,Žilinský,village,19.614252,49.26007
26037501,Vlkovce,vlkovce,Kežmarok,Prešovský,village,20.497865,49.049569
26037502,Horný Bar,horny bar,Dunajská Streda,Trnavský,village,17.463864,47.9496
26037503,Kokava nad Rimavicou,kokava nad rimavicou,Poltár,Banskobystrický,village,19.841061,48.571399
26037504,Kobyly,kobyly,Bardejov,Prešovský,village,21.3,49.216667
26037505,Záhradné,zahradne,Prešov,Prešovský,village,21.266667,49.083333
26037506,Liptovský Michal,liptovsky michal,Ružomberok,Žilinský,village,19.44151,49.092964
26037507,Piešťany,piestany,Piešťany,Trnavský,town,17.821604,48.589897
26037508,Kecerovský Lipovec,kecerovsky lipovec,Košice - okolie,Košický,hamlet,21.429614,48.84928
26037509,Vlachy,vlachy,Liptovský Mikuláš,Žilinský,village,19.483333,49.083333
26037510,Vyšná Polianka,vysna polianka,Bardejov,Prešovský,hamlet,21.366667,49.433333
26037512,Veľké Úľany,velke ulany,Galanta,Trnavský,village,17.57621,48.162887
26037513,Matovce,matovce,Svidník,Prešovský,hamlet,21.55,49.133333
26037514,Brunovce,brunovce,Nové Mesto nad Váhom,Trenčiansky,village,17.855017,48.672497
26037515,Gočaltovo,gocaltovo,Rožňava,Košický,village,20.35,48.633333
26037516,Suché Brezovo,suche brezovo,Veľký Krtíš,Banskobystrický,hamlet,19.359335,48.308386
26037517,Mlynica,mlynica,Poprad,Prešovský,village,20.31371,49.101398
26037518,Rudno,rudno,Turčianske Teplice,Žilinský,village,18.748751,48.884225
26037519,Dolný Hričov,dolny hricov,Žilina,Žilinský,village,18.633333,49.233333
26037520,Kamenné Kosihy,kamenne kosihy,Veľký Krtíš,Banskobystrický,village,19.193362,48.144236
26037521,Krásno nad Kysucou,krasno nad kysucou,Čadca,Žilinský,town,18.833333,49.383333
26037523,Štúrovo,sturovo,Nové Zámky,Nitriansky,town,18.71486,47.797831
26037524,Baďan,badan,Banská Štiavnica,Banskobystrický,village,18.840807,48.331377
26037525,Šíd,sid,Lučenec,Banskobystrický,village,19.880114,48.274052
26037526,Ondrašovce,ondrasovce,Prešov,Prešovský,hamlet,21.079264,48.98834
26037527,Horná Kráľová,horna kralova,Šaľa,Nitriansky,village,17.915044,48.241092
26037528,Trhovište,trhoviste,Michalovce,Košický,village,21.806133,48.698277
26037529,Zemiansky Vrbovok,zemiansky vrbovok,Krupina,Banskobystrický,hamlet,19.142722,48.333227
26037530,Husák,husak,Sobrance,Košický,hamlet,22.3,48.7
26037531,Dubnička,dubnicka,Bánovce nad Bebravou,Trenčiansky,hamlet,18.304084,48.768154
26037532,Jastrabá,jastraba,Žiar nad Hronom,Banskobystrický,village,18.933333,48.633333
26037533,Nová Lesná,nova lesna,Poprad,Prešovský,village,20.266006,49.122081
26037534,Ždaňa,zdana,Košice - okolie,Košický,village,21.347477,48.603605
26037535,Devičany,devicany,Levice,Nitriansky,village,18.716667,48.333333
26037537,Sačurov,sacurov,Vranov nad Topľou,Prešovský,village,21.695049,48.819611
26037538,Sihla,sihla,Brezno,Banskobystrický,village,19.64682,48.657583
26037539,Porúbka,porubka,Sobrance,Košický,village,22.258544,48.727792
26037540,Horné Mladonice,horne mladonice,Krupina,Banskobystrický,hamlet,19.151227,48.344901
26037541,Dudince,dudince,Krupina,Banskobystrický,village,18.882327,48.169433
26037542,Dačov Lom,dacov lom,Veľký Krtíš,Banskobystrický,village,19.251224,48.323159
26037543,Demjata,demjata,Prešov,Prešovský,village,21.31176,49.106508
26037544,Neded,neded,Šaľa,Nitriansky,village,17.974057,48.01844
26037545,Dedačov,dedacov,Humenné,Prešovský,hamlet,21.983333,49.033333
26037546,Oľdza,oldza,Dunajská Streda,Trnavský,village,17.420312,48.085687
26037548,Kotrčiná Lúčka,kotrcina lucka,Žilina,Žilinský,village,18.833333,49.25
26037549,Lenartovce,lenartovce,Rimavská Sobota,Banskobystrický,village,20.310626,48.299912
26037550,Nižné Ladičkovce,nizne ladickovce,Humenné,Prešovský,village,21.916667,49.016667
26037551,Jablonov,jablonov,Levoča,Prešovský,village,20.733333,49.016667
26037552,Benice,benice,Liptovský Mikuláš,Žilinský,village,19.566667,49.066667
26037553,Spišská Belá,spisska bela,Kežmarok,Prešovský,town,20.466667,49.183333
26037554,Drábsko,drabsko,Brezno,Banskobystrický,village,19.65313,48.650197
26037556,Hačava,hacava,Košice - okolie,Košický,village,20.833333,48.666667
26037557,Liptovská Sielnica,liptovska sielnica,Liptovský Mikuláš,Žilinský,village,19.513773,49.14007
26037558,Malé Borové,male borove,Liptovský Mikuláš,Žilinský,hamlet,19.533333,49.233333
26037560,Kráľová nad Váhom,kralova nad vahom,Šaľa,Nitriansky,village,17.843129,48.167655
26037561,Brezno,brezno,Brezno,Banskobystrický,town,19.640961,48.805335
26037562,Boľ,bol,Trebišov,Košický,village,21.95,48.466667
26037563,Vydrany,vydrany,Dunajská Streda,Trnavský,village,17.585635,48.017034
26037564,Veľké Dravce,velke dravce,Lučenec,Banskobystrický,village,19.837539,48.346477
26037565,Švábovce,svabovce,Poprad,Prešovský,village,20.358923,49.026358
26037566,Lopašov,lopasov,Skalica,Trnavský,village,17.333333,48.75
26037567,Pichne,pichne,Snina,Prešovský,village,22.117313,49.037252
26037568,Hanková,hankova,Rožňava,Košický,hamlet,20.316667,48.75
26037569,Prešov,presov,Prešov,Prešovský,city,21.252273,49.000411
26037570,Belejovce,belejovce,Svidník,Prešovský,hamlet,21.55,49.383333
26037571,Socovce,socovce,Martin,Žilinský,village,18.866667,48.95
26037572,Utekáč,utekac,Poltár,Banskobystrický,village,19.804899,48.604467
26037573,Svederník,svedernik,Žilina,Žilinský,village,18.65,49.266667
26037574,Malá Franková,mala frankova,Kežmarok,Prešovský,hamlet,20.3,49.316667
26037575,Malženice,malzenice,Trnava,Trnavský,village,17.683333,48.45
26037576,Bíňa,bina,Nové Zámky,Nitriansky,village,18.65,47.916667
26037577,Mikušovce,mikusovce,Ilava,Trenčiansky,village,18.203659,49.067118
26037578,Fiľakovo,filakovo,Lučenec,Banskobystrický,town,19.821673,48.270503
26037579,Pečeňady,pecenady,Piešťany,Trnavský,village,17.719077,48.482849
26037580,Senné,senne,Michalovce,Košický,village,22.033333,48.666667
26037581,Nedašovce,nedasovce,Bánovce nad Bebravou,Trenčiansky,village,18.314974,48.667925
26037582,Krížovany,krizovany,Prešov,Prešovský,village,21.05,48.983333
26037583,Poluvsie,poluvsie,Prievidza,Trenčiansky,village,18.638495,48.844423
26037584,Stropkov,stropkov,Stropkov,Prešovský,town,21.651153,49.202387
26037585,Jurské,jurske,Kežmarok,Prešovský,village,20.533333,49.2
26037586,Vyšný Kručov,vysny krucov,Sabinov,Prešovský,hamlet,21.1,49.166667
26037587,Rimavské Janovce,rimavske janovce,Rimavská Sobota,Banskobystrický,village,20.062215,48.342051
26037588,Vyšný Komárnik,vysny komarnik,Svidník,Prešovský,hamlet,21.716667,49.4
26037589,Pata,pata,Galanta,Trnavský,village,17.825432,48.275779
26037590,Čermany,cermany,Topoľčany,Nitriansky,village,18.025116,48.469301
26037591,Lieskovec,lieskovec,Humenné,Prešovský,village,21.816667,48.95
26037592,Dunajská Streda,dunajska streda,Dunajská Streda,Trnavský,town,17.620142,47.989309
26037593,Vernár,vernar,Poprad,Prešovský,village,20.270547,48.918101
26037594,Dolné Mladonice,dolne mladonice,Krupina,Banskobystrický,hamlet,19.127534,48.337621
26037595,Veľká Ves nad Ipľom,velka ves nad iplom,Veľký Krtíš,Banskobystrický,village,19.083762,48.078723
26037596,Kamanová,kamanova,Topoľčany,Nitriansky,village,18.100848,48.461276
26037597,Lastovce,lastovce,Trebišov,Košický,village,21.633333,48.55
26037598,Leopoldov,leopoldov,Hlohovec,Trnavský,village,17.765415,48.444113
26037599,Lesnica,lesnica,Stará Ľubovňa,Prešovský,village,20.466667,49.4
26037600,Hviezdoslavov,hviezdoslavov,Dunajská Streda,Trnavský,village,17.348981,48.066938
26037601,Malé Trakany,male trakany,Trebišov,Košický,village,22.11666,48.399997
26037602,Lužianky,luzianky,Nitra,Nitriansky,village,18.031764,48.330875
26037603,Ratkovská Lehota,ratkovska lehota,Rimavská Sobota,Banskobystrický,hamlet,20.1,48.566667
26037604,Topoľovka,topolovka,Humenné,Prešovský,village,21.810479,48.923749
26037605,Žemliare,zemliare,Levice,Nitriansky,hamlet,18.6,48.15
26037606,Kľačno,klacno,Prievidza,Trenčiansky,village,18.659298,48.912701
26037607,Švedlár,svedlar,Gelnica,Košický,village,20.716667,48.816667
26037608,Pokryváč,pokryvac,Dolný Kubín,Žilinský,hamlet,19.4,49.2
26037609,Veľké Leváre,velke levare,Malacky,Bratislavský,village,17.00306,48.501984
26037610,Kozárovce,kozarovce,Levice,Nitriansky,village,18.533333,48.316667
26037611,Hrabovka,hrabovka,Púchov,Trenčiansky,village,18.309871,49.117473
26037612,Veľká Lomnica,velka lomnica,Kežmarok,Prešovský,village,20.358947,49.116344
26037613,Hervartov,hervartov,Bardejov,Prešovský,village,21.2,49.25
26037614,Nové Mesto nad Váhom,nove mesto nad vahom,Nové Mesto nad Váhom,Trenčiansky,town,17.830386,48.763325
26037615,Nemcovce,nemcovce,Bardejov,Prešovský,village,21.45,49.216667
26037616,Čadca,cadca,Čadca,Žilinský,town,18.788221,49.440819
26037617,Klin,klin,Námestovo,Žilinský,village,19.5,49.433333
26037618,Terňa,terna,Prešov,Prešovský,village,21.233333,49.116667
26037619,Pezinok,pezinok,Pezinok,Bratislavský,town,17.27028,48.285586
26037620,Pača,paca,Rožňava,Košický,village,20.616667,48.683333
26037622,Drienica,drienica,Sabinov,Prešovský,village,21.109543,49.129694
26037623,Vrbovka,vrbovka,Veľký Krtíš,Banskobystrický,village,19.408517,48.089918
26037624,Beša,besa,Michalovce,Košický,village,21.95,48.533333
26037625,Tuhár,tuhar,Lučenec,Banskobystrický,village,19.506047,48.428668
26037627,Buzica,buzica,Košice - okolie,Košický,village,21.077111,48.531647
26037628,Podolínec,podolinec,Stará Ľubovňa,Prešovský,village,20.533333,49.266667
26037629,Zlaté,zlate,Bardejov,Prešovský,village,21.201194,49.338407
26037630,Štrba,strba,Poprad,Prešovský,village,20.084887,49.053775
26037631,Smilno,smilno,Bardejov,Prešovský,village,21.35,49.383333
26037632,Trnava,trnava,Trnava,Trnavský,city,17.586718,48.37729
26037633,Mučín,mucin,Lučenec,Banskobystrický,village,19.697929,48.246561
26037634,Štefanovce,stefanovce,Prešov,Prešovský,village,20.983333,49.05
26037635,Budiš,budis,Turčianske Teplice,Žilinský,village,18.756668,48.871863
26037636,Kamenná Poruba,kamenna poruba,Vranov nad Topľou,Prešovský,village,21.648767,48.84859
26037637,Volkovce,volkovce,Zlaté Moravce,Nitriansky,village,18.466667,48.333333
26037638,Lacková,lackova,Bardejov,Prešovský,hamlet,21.1,49.416667
26037640,Staškov,staskov,Čadca,Žilinský,village,18.691039,49.421675
26037641,Šterusy,sterusy,Piešťany,Trnavský,village,17.67874,48.601185
26037642,Gemerček,gemercek,Rimavská Sobota,Banskobystrický,hamlet,19.99381,48.316693
26037643,Sliač,sliac,Zvolen,Banskobystrický,village,19.142366,48.613181
26037644,Veľký Blh,velky blh,Rimavská Sobota,Banskobystrický,village,20.115426,48.445656
26037645,Krnča,krnca,Topoľčany,Nitriansky,village,18.253985,48.541965
26037646,Levice,levice,Levice,Nitriansky,town,18.6,48.216667
26037647,Dolný Vadičov,dolny vadicov,Kysucké Nové Mesto,Žilinský,village,18.85,49.266667
26037648,Parihuzovce,parihuzovce,Snina,Prešovský,hamlet,22.19003,49.106834
26037649,Tvrdošín,tvrdosin,Tvrdošín,Žilinský,town,19.554188,49.336574
26037650,Dubinné,dubinne,Bardejov,Prešovský,village,21.45,49.25
26037651,Obid,obid,Nové Zámky,Nitriansky,village,18.6409,47.778308
26037652,Nimnica,nimnica,Púchov,Trenčiansky,village,18.363258,49.133537
26037653,Horná Štubňa,horna stubna,Turčianske Teplice,Žilinský,village,18.883333,48.816667
26037654,Bodorová,bodorova,Turčianske Teplice,Žilinský,village,18.849473,48.904365
26037655,Hriňová,hrinova,Detva,Banskobystrický,town,19.525427,48.576422
26037656,Nižný Skálnik,nizny skalnik,Rimavská Sobota,Banskobystrický,hamlet,19.959557,48.450895
26037657,Michalková,michalkova,Zvolen,Banskobystrický,hamlet,19.149733,48.508
26037658,Čáry,cary,Senica,Trnavský,village,17.088969,48.656778
26037659,Budince,budince,Michalovce,Košický,village,22.15,48.533333
26037660,Moravské Lieskové,moravske lieskove,Nové Mesto nad Váhom,Trenčiansky,village,17.790298,48.819976
26037661,Čukalovce,cukalovce,Snina,Prešovský,hamlet,22.167217,49.103163
26037662,Paňa,pana,Nitra,Nitriansky,village,18.233333,48.233333
26037663,Hodejov,hodejov,Rimavská Sobota,Banskobystrický,village,19.987391,48.300024
26037664,Trenč,trenc,Lučenec,Banskobystrický,village,19.57873,48.224608
26037665,Kuraľany,kuralany,Levice,Nitriansky,village,18.55,47.983333
26037666,Čelkova Lehota,celkova lehota,Považská Bystrica,Trenčiansky,hamlet,18.533333,49.016667
26037667,Ludanice,ludanice,Topoľčany,Nitriansky,village,18.120379,48.501468
26037668,Zemplínske Hradište,zemplinske hradiste,Trebišov,Košický,village,21.733333,48.583333
26037669,Boleráz,boleraz,Trnava,Trnavský,village,17.492736,48.464531
26037670,Kováčová,kovacova,Rožňava,Košický,hamlet,20.7,48.633333
26037671,Moravany,moravany,Michalovce,Košický,village,21.783333,48.733333
26037672,Sečovská Polianka,secovska polianka,Vranov nad Topľou,Prešovský,village,21.680046,48.783727
26037673,Dobroč,dobroc,Brezno,Banskobystrický,village,19.69826,48.73229
26037674,Stará Lesná,stara lesna,Kežmarok,Prešovský,village,20.305464,49.135771
26037675,Košúty,kosuty,Galanta,Trnavský,village,17.656969,48.171511
26037676,Tovarníky,tovarniky,Topoľčany,Nitriansky,village,18.150093,48.568184
26037677,Dolná Súča,dolna suca,Trenčín,Trenčiansky,village,18.033094,48.95799
26037678,Kolta,kolta,Nové Zámky,Nitriansky,village,18.413843,48.017633
26037679,Blatná Polianka,blatna polianka,Sobrance,Košický,hamlet,22.1,48.683333
26037680,Hrhov,hrhov,Rožňava,Košický,village,20.75,48.6
26037681,Repište,repiste,Žiar nad Hronom,Banskobystrický,village,18.85,48.516667
26037682,Oľšavce,olsavce,Bardejov,Prešovský,hamlet,21.383333,49.2
26037683,Rajecké Teplice,rajecke teplice,Žilina,Žilinský,village,18.680939,49.129267
26037684,Telince,telince,Nitra,Nitriansky,village,18.368738,48.231931
26037685,Železná Breznica,zelezna breznica,Zvolen,Banskobystrický,village,19.012421,48.616246
26037686,Kuková,kukova,Svidník,Prešovský,village,21.456282,49.109889
26037687,Širkovce,sirkovce,Rimavská Sobota,Banskobystrický,village,20.085252,48.290914
26037688,Bánov,banov,Nové Zámky,Nitriansky,village,18.191323,48.048624
26037689,Bojničky,bojnicky,Hlohovec,Trnavský,village,17.799799,48.395727
26037690,Modrovka,modrovka,Nové Mesto nad Váhom,Trenčiansky,village,17.882281,48.649201
26037691,Petkovce,petkovce,Vranov nad Topľou,Prešovský,hamlet,21.6,49.016667
26037692,Žitavce,zitavce,Nitra,Nitriansky,village,18.3,48.2
26037693,Slovenský Grob,slovensky grob,Pezinok,Bratislavský,village,17.284339,48.255
26037694,Vasiľov,vasilov,Námestovo,Žilinský,village,19.390826,49.345998
26037695,Borovce,borovce,Piešťany,Trnavský,village,17.75,48.583333
26037696,Gbely,gbely,Skalica,Trnavský,town,17.133333,48.716667
26037697,Remetské Hámre,remetske hamre,Sobrance,Košický,village,22.183333,48.85
26037698,Veľká Čierna,velka cierna,Považská Bystrica,Trenčiansky,village,18.583333,49.083333
26037699,Podhorie,podhorie,Žilina,Žilinský,village,18.643704,49.172511
26037700,Ľubeľa,lubela,Liptovský Mikuláš,Žilinský,village,19.483333,49.05
26037701,Povrazník,povraznik,Banská Bystrica,Banskobystrický,hamlet,19.364504,48.716299
26037702,Horné Srnie,horne srnie,Trenčín,Trenčiansky,village,18.1,48.983333
26037703,Svätá Mária,svata maria,Trebišov,Košický,village,21.833333,48.45
26037704,Kaluža,kaluza,Michalovce,Košický,village,22,48.816667
26037705,Horné Zahorany,horne zahorany,Rimavská Sobota,Banskobystrický,hamlet,20.011291,48.46111
26037706,Vysoká,vysoka,Sabinov,Prešovský,hamlet,20.883333,49.133333
26037707,Opatovce nad Nitrou,opatovce nad nitrou,Prievidza,Trenčiansky,village,18.570538,48.765376
26037708,Višňové,visnove,Revúca,Banskobystrický,hamlet,20.183677,48.516751
26037709,Dolné Lovčice,dolne lovcice,Trnava,Trnavský,village,17.676151,48.366401
26037710,Margecany,margecany,Gelnica,Košický,village,21.012272,48.893544
26037711,Lackov,lackov,Krupina,Banskobystrický,hamlet,19.187731,48.32076
26037712,Makov,makov,Čadca,Žilinský,village,18.474741,49.369084
26037713,Bretejovce,bretejovce,Prešov,Prešovský,village,21.29711,48.826987
26037714,Nižná Jedľová,nizna jedlova,Svidník,Prešovský,hamlet,21.566667,49.333333
26037715,Točnica,tocnica,Lučenec,Banskobystrický,village,19.640594,48.412497
26037716,Bačkovík,backovik,Košice - okolie,Košický,village,21.432139,48.783379
26037717,Pohranice,pohranice,Nitra,Nitriansky,village,18.183333,48.333333
26037718,Malá Domaša,mala domasa,Vranov nad Topľou,Prešovský,village,21.710411,48.970607
26037719,Beharovce,beharovce,Levoča,Prešovský,hamlet,20.816667,49
26037720,Jurová,jurova,Dunajská Streda,Trnavský,village,17.516667,47.933333
26037721,Tajov,tajov,Banská Bystrica,Banskobystrický,village,19.067769,48.746938
26037723,Egreš,egres,Trebišov,Košický,village,21.608646,48.614298
26037724,Selce,selce,Banská Bystrica,Banskobystrický,village,19.200351,48.766999
26037725,Prosiek,prosiek,Liptovský Mikuláš,Žilinský,hamlet,19.5,49.15
26037726,Rešov,resov,Bardejov,Prešovský,village,21.333333,49.233333
26037727,Turany nad Ondavou,turany nad ondavou,Stropkov,Prešovský,village,21.666667,49.1
26037729,Vyšné Remety,vysne remety,Sobrance,Košický,village,22.166667,48.833333
26037730,Hrabovec,hrabovec,Bardejov,Prešovský,village,21.383333,49.266667
26037731,Rovné,rovne,Svidník,Prešovský,village,21.533333,49.283333
26037732,Radobica,radobica,Prievidza,Trenčiansky,village,18.5,48.583333
26037733,Kyjatice,kyjatice,Rimavská Sobota,Banskobystrický,hamlet,20.011682,48.530556
26037734,Slizké,slizke,Rimavská Sobota,Banskobystrický,hamlet,20.088057,48.517123
26037735,Bartošovce,bartosovce,Bardejov,Prešovský,village,21.283333,49.2
26037736,Dúbrava,dubrava,Levoča,Prešovský,village,20.849898,48.995497
26037737,Nižný Komárnik,nizny komarnik,Svidník,Prešovský,hamlet,21.7,49.383333
26037738,Holčíkovce,holcikovce,Vranov nad Topľou,Prešovský,village,21.726541,49.015827
26037739,Dubovica,dubovica,Sabinov,Prešovský,village,20.966667,49.133333
26037740,Radnovce,radnovce,Rimavská Sobota,Banskobystrický,village,20.205172,48.342803
26037741,Jaklovce,jaklovce,Gelnica,Košický,village,20.995106,48.873225
26037742,Chmeľovec,chmelovec,Prešov,Prešovský,village,21.366667,49.083333
26037743,Lomnička,lomnicka,Stará Ľubovňa,Prešovský,village,20.566667,49.25
26037744,Horná Krupá,horna krupa,Trnava,Trnavský,village,17.533333,48.516667
26037745,Ruská Nová Ves,ruska nova ves,Prešov,Prešovský,village,21.324523,48.977095
26037746,Hubina,hubina,Piešťany,Trnavský,village,17.886407,48.618016
26037747,Vojčice,vojcice,Trebišov,Košický,village,21.716288,48.677047
26037748,Hrišovce,hrisovce,Gelnica,Košický,village,20.916667,48.95
26037749,Klčov,klcov,Levoča,Prešovský,village,20.670621,49.002168
26037750,Brezovička,brezovicka,Sabinov,Prešovský,village,20.85,49.133333
26037751,Tomášovce,tomasovce,Rimavská Sobota,Banskobystrický,village,20.153039,48.392814
26037753,Spišské Tomášovce,spisske tomasovce,Spišská Nová Ves,Košický,village,20.472724,48.961038
26037754,Ostrá Lúka,ostra luka,Zvolen,Banskobystrický,village,19.053238,48.54617
26037755,Mičakovce,micakovce,Svidník,Prešovský,hamlet,21.516667,49.083333
26037756,Ortuťová,ortutova,Bardejov,Prešovský,hamlet,21.45,49.3
26037757,Kuchyňa,kuchyna,Malacky,Bratislavský,village,17.15852,48.405751
26037758,Vyšné nad Hronom,vysne nad hronom,Levice,Nitriansky,hamlet,18.583333,48.166667
26037760,Chotča,chotca,Stropkov,Prešovský,village,21.683333,49.233333
26037761,Modrany,modrany,Komárno,Nitriansky,village,18.351153,47.816831
26037762,Dolné Dubové,dolne dubove,Trnava,Trnavský,village,17.607649,48.490531
26037763,Ladomirov,ladomirov,Snina,Prešovský,village,22.306253,48.926068
26037764,Brehov,brehov,Trebišov,Košický,village,21.816667,48.483333
26037765,Nováčany,novacany,Košice - okolie,Košický,village,21.072076,48.689579
26037766,Zbudza,zbudza,Michalovce,Košický,village,21.9,48.816667
26037767,Liptovská Anna,liptovska anna,Liptovský Mikuláš,Žilinský,hamlet,19.466667,49.15
26037768,Závada,zavada,Humenné,Prešovský,hamlet,21.783221,49.18339
26037769,Plavnica,plavnica,Stará Ľubovňa,Prešovský,village,20.772951,49.270356
26037770,Havaj,havaj,Stropkov,Prešovský,village,21.784463,49.255347
26037771,Ružomberok,ruzomberok,Ružomberok,Žilinský,town,19.302965,49.08187
26037772,Nižný Klátov,nizny klatov,Košice - okolie,Košický,village,21.141377,48.729969
26037773,Zalaba,zalaba,Levice,Nitriansky,hamlet,18.7,47.966667
26037774,Dobrá Niva,dobra niva,Zvolen,Banskobystrický,village,19.101794,48.473486
26037775,Vaľkovňa,valkovna,Brezno,Banskobystrický,village,20.067237,48.834351
26037776,Ľubovec,lubovec,Prešov,Prešovský,village,21.173821,48.91351
26037777,Jánovce,janovce,Galanta,Trnavský,village,17.532413,48.177885
26037778,Ladzany,ladzany,Krupina,Banskobystrický,village,18.9041,48.267047
26037779,Pribiš,pribis,Dolný Kubín,Žilinský,village,19.4,49.216667
26037780,Svätoplukovo,svatoplukovo,Nitra,Nitriansky,village,18.05,48.233333
26037781,Lodno,lodno,Kysucké Nové Mesto,Žilinský,village,18.883333,49.333333
26037782,Sedmerovec,sedmerovec,Ilava,Trenčiansky,village,18.166667,49.016667
26037783,Pukanec,pukanec,Levice,Nitriansky,village,18.720879,48.350081
26037784,Slovenské Kľačany,slovenske klacany,Veľký Krtíš,Banskobystrický,hamlet,19.449315,48.264517
26037785,Bobrovček,bobrovcek,Liptovský Mikuláš,Žilinský,village,19.6,49.15
26037786,Chudá Lehota,chuda lehota,Bánovce nad Bebravou,Trenčiansky,village,18.198307,48.646756
26037787,Mašková,maskova,Lučenec,Banskobystrický,village,19.564169,48.33337
26037788,Závod,zavod,Malacky,Bratislavský,village,17.034025,48.543128
26037789,Geča,geca,Košice - okolie,Košický,village,21.308756,48.626984
26037790,Hendrichovce,hendrichovce,Prešov,Prešovský,village,20.997681,49.021631
26037791,Víťaz,vitaz,Prešov,Prešovský,village,20.952445,48.970199
26037792,Bajč,bajc,Komárno,Nitriansky,village,18.20814,47.923548
26037793,Drienovo,drienovo,Krupina,Banskobystrický,hamlet,19.06223,48.23159
26037795,Komárov,komarov,Bardejov,Prešovský,village,21.35,49.266667
26037796,Lipová,lipova,Bardejov,Prešovský,village,21.479465,49.248768
26037797,Oravský Podzámok,oravsky podzamok,Dolný Kubín,Žilinský,village,19.357114,49.261134
26037798,Janovík,janovik,Prešov,Prešovský,village,21.285065,48.836322
26037799,Hosťová,hostova,Nitra,Nitriansky,village,18.216667,48.333333
26037800,Šiba,siba,Bardejov,Prešovský,village,21.233333,49.233333
26037801,Budimír,budimir,Košice - okolie,Košický,village,21.303489,48.800277
26037802,Bzenica,bzenica,Žiar nad Hronom,Banskobystrický,village,18.741535,48.529403
26037803,Stará Bystrica,stara bystrica,Čadca,Žilinský,village,18.937619,49.346165
26037804,Vajkovce,vajkovce,Košice - okolie,Košický,village,21.322383,48.783028
26037805,Milpoš,milpos,Sabinov,Prešovský,village,21.016807,49.183438
26037806,Teplička,teplicka,Spišská Nová Ves,Košický,village,20.586092,48.909502
26037807,Veľké Straciny,velke straciny,Veľký Krtíš,Banskobystrický,hamlet,19.395438,48.196864
26037808,Podhoroď,podhorod,Sobrance,Košický,village,22.297545,48.816602
26037809,Kokošovce,kokosovce,Prešov,Prešovský,village,21.333333,48.95
26037810,Rozhanovce,rozhanovce,Košice - okolie,Košický,village,21.344284,48.750798
26037811,Hlboké,hlboke,Senica,Trnavský,village,17.406826,48.659468
26037812,Žakarovce,zakarovce,Gelnica,Košický,village,20.926613,48.877971
26037813,Rudinka,rudinka,Kysucké Nové Mesto,Žilinský,village,18.75,49.266667
26037814,Nižná Voľa,nizna vola,Bardejov,Prešovský,village,21.366667,49.216667
26037815,Andrejová,andrejova,Bardejov,Prešovský,village,21.35,49.333333
26037816,Pobedim,pobedim,Nové Mesto nad Váhom,Trenčiansky,village,17.8,48.65
26037817,Sklené Teplice,sklene teplice,Žiar nad Hronom,Banskobystrický,village,18.866667,48.533333
26037818,Malé Lednice,male lednice,Považská Bystrica,Trenčiansky,village,18.567831,49.065755
26037819,Pravotice,pravotice,Bánovce nad Bebravou,Trenčiansky,village,18.298095,48.678024
26037820,Omastiná,omastina,Bánovce nad Bebravou,Trenčiansky,hamlet,18.383333,48.783333
26037821,Kamenica nad Hronom,kamenica nad hronom,Nové Zámky,Nitriansky,village,18.725503,47.831308
26037822,Jasenovo,jasenovo,Turčianske Teplice,Žilinský,hamlet,18.725203,48.87941
26037823,Ruská Kajňa,ruska kajna,Humenné,Prešovský,hamlet,21.833333,49.116667
26037824,Lednické Rovne,lednicke rovne,Púchov,Trenčiansky,village,18.283333,49.066667
26037825,Krajné,krajne,Myjava,Trenčiansky,village,17.68716,48.700576
26037826,Štiavnik,stiavnik,Bytča,Žilinský,village,18.462837,49.248799
26037827,Dolné Zahorany,dolne zahorany,Rimavská Sobota,Banskobystrický,village,19.90097,48.350836
26037828,Hutka,hutka,Svidník,Prešovský,hamlet,21.433333,49.383333
26037829,Šuja,suja,Žilina,Žilinský,village,18.633333,49.066667
26037830,Kružná,kruzna,Rožňava,Košický,village,20.466667,48.633333
26037831,Široké,siroke,Prešov,Prešovský,village,20.939056,48.997462
26037832,Liptovské Beharovce,liptovske beharovce,Liptovský Mikuláš,Žilinský,hamlet,19.583333,49.133333
26037833,Párnica,parnica,Dolný Kubín,Žilinský,village,19.199573,49.194946
26037834,Veľaty,velaty,Trebišov,Košický,village,21.66425,48.523898
26037835,Detvianska Huta,detvianska huta,Detva,Banskobystrický,village,19.591613,48.570417
26037836,Sklené,sklene,Turčianske Teplice,Žilinský,village,18.833333,48.783333
26037837,Vyšná Hutka,vysna hutka,Košice - okolie,Košický,village,21.354298,48.676525
26037838,Kašov,kasov,Trebišov,Košický,village,21.75,48.483333
26037839,Most pri Bratislave,most pri bratislave,Senec,Bratislavský,village,17.268859,48.139812
26037840,Zlatníky,zlatniky,Bánovce nad Bebravou,Trenčiansky,village,18.122542,48.711147
26037841,Matysová,matysova,Stará Ľubovňa,Prešovský,hamlet,20.766503,49.315195
26037842,Dolný Ohaj,dolny ohaj,Nové Zámky,Nitriansky,village,18.252347,48.08008
26037843,Kociha,kociha,Rimavská Sobota,Banskobystrický,village,19.944559,48.47896
26037844,Prituľany,pritulany,Humenné,Prešovský,hamlet,21.783333,49.133333
26037845,Brezolupy,brezolupy,Bánovce nad Bebravou,Trenčiansky,village,18.301481,48.701117
26037846,Málinec,malinec,Poltár,Banskobystrický,village,19.680811,48.497309
26037847,Kľúčovec,klucovec,Dunajská Streda,Trnavský,village,17.717163,47.794208
26037848,Liptovský Mikuláš,liptovsky mikulas,Liptovský Mikuláš,Žilinský,town,19.616667,49.083333
26037849,Ivanka pri Nitre,ivanka pri nitre,Nitra,Nitriansky,village,18.116667,48.233333
26037850,Porúbka,porubka,Bardejov,Prešovský,village,21.43287,49.201205
26037851,Hanigovce,hanigovce,Sabinov,Prešovský,hamlet,21.016667,49.183233
26037852,Budmerice,budmerice,Pezinok,Bratislavský,village,17.405103,48.360397
26037853,Slanská Huta,slanska huta,Košice - okolie,Košický,village,21.46472,48.598815
26037854,Bellova Ves,bellova ves,Dunajská Streda,Trnavský,hamlet,17.508937,48.08632
26037855,Mlynky,mlynky,Spišská Nová Ves,Košický,village,20.428936,48.851835
26037856,Dobroslava,dobroslava,Svidník,Prešovský,hamlet,21.616667,49.366667
26037857,Zemianska Olča,zemianska olca,Komárno,Nitriansky,village,17.872647,47.805845
26037858,Mýtna,mytna,Lučenec,Banskobystrický,village,19.552571,48.467096
26037859,Kobylnice,kobylnice,Svidník,Prešovský,hamlet,21.55,49.1
26037860,Veľké Chyndice,velke chyndice,Nitra,Nitriansky,village,18.286413,48.290944
26037861,Pinciná,pincina,Lučenec,Banskobystrický,village,19.760008,48.359178
26037863,Krasňany,krasnany,Žilina,Žilinský,village,18.888404,49.213471
26037865,Nitrianske Hrnčiarovce,nitrianske hrnciarovce,Nitra,Nitriansky,village,18.133333,48.333333
26037866,Trsťany,trstany,Košice - okolie,Košický,village,21.40606,48.758781
26037867,Červenica,cervenica,Sabinov,Prešovský,village,21.033333,49.133333
26037868,Horné Mýto,horne myto,Dunajská Streda,Trnavský,village,17.75118,48.011029
26037869,Sútor,sutor,Rimavská Sobota,Banskobystrický,village,20.123002,48.350631
26037870,Boliarov,boliarov,Košice - okolie,Košický,village,21.430334,48.803105
26037871,Trpín,trpin,Krupina,Banskobystrický,hamlet,19.13756,48.2966
26037872,Gruzovce,gruzovce,Humenné,Prešovský,hamlet,21.866667,48.983333
26037873,Banská Bystrica,banska bystrica,Banská Bystrica,Banskobystrický,city,19.156869,48.738539
26037874,Španie Pole,spanie pole,Rimavská Sobota,Banskobystrický,hamlet,20.128524,48.521476
26037875,Bešeňová,besenova,Ružomberok,Žilinský,village,19.446007,49.09981
26037876,Sasinkovo,sasinkovo,Hlohovec,Trnavský,village,17.851212,48.370557
26037877,Strelníky,strelniky,Banská Bystrica,Banskobystrický,village,19.394396,48.721553
26037878,Nevidzany,nevidzany,Zlaté Moravce,Nitriansky,village,18.376338,48.289433
26037879,Čierna Lehota,cierna lehota,Rožňava,Košický,hamlet,20.25,48.733333
26037880,Debraď,debrad,Košice - okolie,Košický,village,20.983333,48.65
26037881,Brusno,brusno,Banská Bystrica,Banskobystrický,village,19.381089,48.795378
26037882,Vršatské Podhradie,vrsatske podhradie,Ilava,Trenčiansky,village,18.15,49.066667
26037883,Pozdišovce,pozdisovce,Michalovce,Košický,village,21.85,48.733333
26037884,Folkušová,folkusova,Martin,Žilinský,hamlet,18.95,48.966667
26037885,Hronská Dúbrava,hronska dubrava,Žiar nad Hronom,Banskobystrický,village,18.993953,48.580854
26037886,Čremošné,cremosne,Turčianske Teplice,Žilinský,hamlet,18.9,48.85
26037887,Koš,kos,Prievidza,Trenčiansky,village,18.586242,48.73968
26037888,Širákov,sirakov,Veľký Krtíš,Banskobystrický,village,19.185481,48.14878
26037889,Babiná,babina,Zvolen,Banskobystrický,village,19.091083,48.434884
26037891,Ondavské Matiašovce,ondavske matiasovce,Vranov nad Topľou,Prešovský,village,21.747249,48.932851
26037892,Kvašov,kvasov,Púchov,Trenčiansky,village,18.227177,49.067231
26037893,Veľké Kršteňany,velke krstenany,Partizánske,Trenčiansky,village,18.413704,48.644687
26037894,Kleňany,klenany,Veľký Krtíš,Banskobystrický,village,19.073115,48.117645
26037896,Nová Dubnica,nova dubnica,Ilava,Trenčiansky,town,18.145837,48.940148
26037897,Zbehy,zbehy,Piešťany,Trnavský,village,17.683333,48.666667
26037898,Polina,polina,Revúca,Banskobystrický,hamlet,20.216667,48.5
26037899,Petrovo,petrovo,Rožňava,Košický,hamlet,20.366667,48.716667
26037900,Novoť,novot,Námestovo,Žilinský,village,19.266667,49.433333
26037901,Vyšný Medzev,vysny medzev,Košice - okolie,Košický,village,20.9,48.716667
26037902,Giraltovce,giraltovce,Svidník,Prešovský,village,21.517528,49.116295
26037903,Tomášikovo,tomasikovo,Galanta,Trnavský,village,17.694329,48.079033
26037904,Ráztočno,raztocno,Prievidza,Trenčiansky,village,18.755309,48.768838
26037905,Horné Štitáre,horne stitare,Topoľčany,Nitriansky,village,18.054942,48.526005
26037906,Nandraž,nandraz,Revúca,Banskobystrický,village,20.183333,48.6
26037907,Svodín,svodin,Nové Zámky,Nitriansky,village,18.5,47.916667
26037908,Tušice,tusice,Michalovce,Košický,village,21.745643,48.728884
26037909,Cabaj - Čápor,cabaj capor,Nitra,Nitriansky,village,18.023092,48.245665
26037910,Lysá pod Makytou,lysa pod makytou,Púchov,Trenčiansky,village,18.2,49.2
26037911,Belín,belin,Rimavská Sobota,Banskobystrický,hamlet,20.108034,48.340212
26037912,Urmince,urmince,Topoľčany,Nitriansky,village,18.1,48.533333
26037913,Beša,besa,Michalovce,Košický,village,21.95,48.533333
26037914,Visolaje,visolaje,Púchov,Trenčiansky,village,18.366662,49.066662
26037915,Bátorová,batorova,Veľký Krtíš,Banskobystrický,village,19.273319,48.132155
26037916,Strážske,strazske,Michalovce,Košický,village,21.834151,48.875059
26037917,Pataš,patas,Dunajská Streda,Trnavský,village,17.651942,47.873654
26037918,Vyšné Repaše,vysne repase,Levoča,Prešovský,hamlet,20.683333,49.066667
26037919,Jalová,jalova,Snina,Prešovský,hamlet,22.237255,49.038894
26037921,Boheľov,bohelov,Dunajská Streda,Trnavský,village,17.6946,47.918984
26037922,Stročín,strocin,Svidník,Prešovský,village,21.598032,49.266488
26037923,Tupá,tupa,Levice,Nitriansky,village,18.891459,48.108908
26037924,Hlivištia,hlivistia,Sobrance,Košický,village,22.216667,48.8
26037925,Kalinovo,kalinovo,Poltár,Banskobystrický,village,19.708538,48.392041
26037926,České Brezovo,ceske brezovo,Poltár,Banskobystrický,village,19.803887,48.48088
26037927,Smižany,smizany,Spišská Nová Ves,Košický,village,20.522034,48.957184
26037928,Čierny Balog,cierny balog,Brezno,Banskobystrický,town,19.662377,48.745339
26037929,Polichno,polichno,Lučenec,Banskobystrický,hamlet,19.497159,48.40532
26037930,Malý Lapáš,maly lapas,Nitra,Nitriansky,village,18.185087,48.297867
26037931,Husiná,husina,Rimavská Sobota,Banskobystrický,village,19.87912,48.341593
26037932,Malý Horeš,maly hores,Trebišov,Košický,village,21.95,48.4
26037933,Lopušné Pažite,lopusne pazite,Kysucké Nové Mesto,Žilinský,village,18.85,49.283333
26037934,Hurbanovo,hurbanovo,Komárno,Nitriansky,town,18.189095,47.869084
26037935,Sedliská,sedliska,Vranov nad Topľou,Prešovský,village,21.733333,48.9
26037936,Golianovo,golianovo,Nitra,Nitriansky,village,18.2,48.266667
26037937,Krajná Porúbka,krajna porubka,Svidník,Prešovský,hamlet,21.65,49.4
26037938,Rankovce,rankovce,Košice - okolie,Košický,village,21.460009,48.809663
26037939,Hostice,hostice,Rimavská Sobota,Banskobystrický,village,20.066778,48.23728
26037940,Očkov,ockov,Nové Mesto nad Váhom,Trenčiansky,village,17.764672,48.652834
26037941,Veľká Ves,velka ves,Poltár,Banskobystrický,village,19.674855,48.38108
26037942,Hrabičov,hrabicov,Žarnovica,Banskobystrický,village,18.663389,48.533522
26037943,Biskupová,biskupova,Topoľčany,Nitriansky,village,17.983333,48.466667
26037944,Zlatá Idka,zlata idka,Košice - okolie,Košický,village,21.005827,48.752393
26037945,Čajkov,cajkov,Levice,Nitriansky,village,18.6,48.283333
26037946,Malatiná,malatina,Dolný Kubín,Žilinský,village,19.433333,49.183333
26037947,Ulič,ulic,Snina,Prešovský,village,22.424464,48.962026
26037948,Horný Hričov,horny hricov,Žilina,Žilinský,village,18.666667,49.25
26037949,Davidov,davidov,Vranov nad Topľou,Prešovský,village,21.63802,48.826113
26037950,Keť,ket,Levice,Nitriansky,village,18.566667,47.966667
26037951,Viničky,vinicky,Trebišov,Košický,village,21.75,48.4
26037952,Štefanovce,stefanovce,Prešov,Prešovský,hamlet,20.983333,49.05
26037953,Veľký Kamenec,velky kamenec,Trebišov,Košický,village,21.816667,48.366667
26037954,Kručov,krucov,Stropkov,Prešovský,village,21.616667,49.116667
26037955,Leles,leles,Trebišov,Košický,village,22.033333,48.466667
26037956,Voderady,voderady,Trnava,Trnavský,village,17.560463,48.278371
26037957,Slatinské Lazy,slatinske lazy,Detva,Banskobystrický,village,19.301968,48.500792
26037958,Kriváň,krivan,Detva,Banskobystrický,village,19.444957,48.530221
26037959,Dolné Plachtince,dolne plachtince,Veľký Krtíš,Banskobystrický,village,19.307778,48.201426
26037960,Ovčie,ovcie,Prešov,Prešovský,village,20.981612,48.966002
26037961,Drienčany,driencany,Rimavská Sobota,Banskobystrický,village,20.072055,48.481592
26037962,Liesek,liesek,Tvrdošín,Žilinský,village,19.667921,49.361021
26037964,Krásnohorské Podhradie,krasnohorske podhradie,Rožňava,Košický,village,20.6,48.65
26037965,Čakanovce,cakanovce,Košice - okolie,Košický,village,21.446741,48.76854
26037966,Vyšná Rybnica,vysna rybnica,Sobrance,Košický,village,22.183333,48.816667
26037967,Hubošovce,hubosovce,Sabinov,Prešovský,village,21.216667,49.1
26037968,Malá Poľana,mala polana,Stropkov,Prešovský,hamlet,21.821277,49.278481
26037969,Senec,senec,Senec,Bratislavský,town,17.396776,48.219641
26037970,Haluzice,haluzice,Nové Mesto nad Váhom,Trenčiansky,hamlet,17.866667,48.816667
26037971,Kamenica nad Cirochou,kamenica nad cirochou,Humenné,Prešovský,village,22,48.933333
26037972,Ovčiarsko,ovciarsko,Žilina,Žilinský,village,18.662118,49.224115
26037973,Mojzesovo,mojzesovo,Nové Zámky,Nitriansky,village,18.233333,48.133333
26037975,Veľký Biel,velky biel,Senec,Bratislavský,village,17.357907,48.215752
26037976,Koškovce,koskovce,Humenné,Prešovský,village,21.955917,49.046101
26037977,Hričovské Podhradie,hricovske podhradie,Žilina,Žilinský,village,18.616667,49.216667
26037978,Mošurov,mosurov,Prešov,Prešovský,hamlet,21.25,49.116667
26037979,Častá,casta,Pezinok,Bratislavský,village,17.358247,48.399042
26037980,Stankovce,stankovce,Michalovce,Košický,hamlet,21.85,48.833333
26037981,Veľká Čausa,velka causa,Prievidza,Trenčiansky,village,18.698372,48.776114
26037982,Šarbov,sarbov,Svidník,Prešovský,hamlet,21.633333,49.416667
26037983,Čižatice,cizatice,Košice - okolie,Košický,village,21.392715,48.795013
26037984,Temeš,temes,Prievidza,Trenčiansky,village,18.477305,48.868394
26037985,Borčany,borcany,Bánovce nad Bebravou,Trenčiansky,village,18.219376,48.656379
26037986,Horná Seč,horna sec,Levice,Nitriansky,village,18.544164,48.195023
26037987,Úľany nad Žitavou,ulany nad zitavou,Nové Zámky,Nitriansky,village,18.25,48.1
26037988,Mestečko,mestecko,Púchov,Trenčiansky,village,18.25,49.166667
26037989,Trenčianska Teplá,trencianska tepla,Trenčín,Trenčiansky,village,18.120323,48.93373
26037990,Čeľadince,celadince,Topoľčany,Nitriansky,village,18.171637,48.512554
26037991,Horná Súča,horna suca,Trenčín,Trenčiansky,village,17.983333,48.966667
26037993,Sološnica,solosnica,Malacky,Bratislavský,village,17.231969,48.465196
26037995,Prochot,prochot,Žiar nad Hronom,Banskobystrický,village,18.716667,48.6
26037997,Tovarné,tovarne,Vranov nad Topľou,Prešovský,village,21.762179,48.908077
26037998,Levkuška,levkuska,Revúca,Banskobystrický,village,20.269824,48.454941
26037999,Fintice,fintice,Prešov,Prešovský,village,21.3,49.05
26038000,Richnava,richnava,Gelnica,Košický,village,20.917469,48.927875
26038001,Vysočany,vysocany,Bánovce nad Bebravou,Trenčiansky,hamlet,18.318783,48.679561
26038002,Parchovany,parchovany,Trebišov,Košický,village,21.716667,48.75
26038003,Blatné Remety,blatne remety,Sobrance,Košický,village,22.116667,48.7
26038004,Držkovce,drzkovce,Revúca,Banskobystrický,village,20.233333,48.55
26038005,Oľka,olka,Medzilaborce,Prešovský,village,21.833333,49.15
26038006,Ďurkovce,durkovce,Veľký Krtíš,Banskobystrický,hamlet,19.179555,48.137537
26038007,Bušovce,busovce,Kežmarok,Prešovský,village,20.489855,49.218898
26038008,Ľudovítová,ludovitova,Nitra,Nitriansky,village,18.083333,48.4
26038009,Sekule,sekule,Senica,Trnavský,village,17,48.6
26038010,Plechotice,plechotice,Trebišov,Košický,village,21.636243,48.625774
26038012,Jelšava,jelsava,Revúca,Banskobystrický,village,20.24008,48.627976
26038013,Krivany,krivany,Sabinov,Prešovský,village,20.912596,49.171213
26038014,Čeľovce,celovce,Trebišov,Košický,village,21.62857,48.601263
26038015,Kostolec,kostolec,Považská Bystrica,Trenčiansky,village,18.531746,49.127909
26038016,Nižná,nizna,Tvrdošín,Žilinský,village,19.516667,49.316667
26038017,Vysoká nad Uhom,vysoka nad uhom,Michalovce,Košický,village,22.1,48.633333
26038019,Peder,peder,Košice - okolie,Košický,village,20.95,48.566667
26038020,Ábelová,abelova,Lučenec,Banskobystrický,village,19.431923,48.410484
26038021,Rajecká Lesná,rajecka lesna,Žilina,Žilinský,village,18.630505,49.045185
26038022,Jelšovce,jelsovce,Nitra,Nitriansky,village,18.056148,48.383709
26038023,Veterná Poruba,veterna poruba,Liptovský Mikuláš,Žilinský,village,19.683333,49.116667
26038024,Rohožník,rohoznik,Malacky,Bratislavský,village,17.164692,48.45952
26038025,Kubáňovo,kubanovo,Levice,Nitriansky,village,18.80818,48.058713
26038026,Opoj,opoj,Trnava,Trnavský,village,17.641948,48.302946
26038027,Komjatná,komjatna,Ružomberok,Žilinský,village,19.25,49.15
26038028,Bajany,bajany,Michalovce,Košický,village,22.116667,48.6
26038029,Dubovany,dubovany,Piešťany,Trnavský,village,17.734454,48.530683
26038030,Rohov,rohov,Senica,Trnavský,village,17.35,48.733333
26038031,Snežnica,sneznica,Kysucké Nové Mesto,Žilinský,village,18.783333,49.266667
26038032,Hradisko,hradisko,Svidník,Prešovský,hamlet,21.583333,49.2
26038033,Pohronská Polhora,pohronska polhora,Brezno,Banskobystrický,village,19.794895,48.756931
26038034,Nižná Kamenica,nizna kamenica,Košice - okolie,Košický,village,21.477905,48.760547
26038035,Belá nad Cirochou,bela nad cirochou,Snina,Prešovský,village,22.107321,48.977433
26038036,Ľutina,lutina,Sabinov,Prešovský,village,21.05,49.166667
26038037,Svidnička,svidnicka,Svidník,Prešovský,hamlet,21.566667,49.383333
26038039,Varín,varin,Žilina,Žilinský,village,18.872654,49.20459
26038040,Valaliky,valaliky,Košice - okolie,Košický,village,21.29313,48.641526
26038041,Malá Čalomija,mala calomija,Veľký Krtíš,Banskobystrický,village,19.230981,48.084508
26038042,Pravica,pravica,Veľký Krtíš,Banskobystrický,hamlet,19.457058,48.317316
26038043,Kurov,kurov,Bardejov,Prešovský,village,21.133333,49.333333
26038044,Chtelnica,chtelnica,Piešťany,Trnavský,village,17.623844,48.564583
26038045,Pečeňany,pecenany,Bánovce nad Bebravou,Trenčiansky,village,18.227577,48.674828
26038046,Borský Svätý Jur,borsky svaty jur,Senica,Trnavský,village,17.045797,48.61407
26038048,Vrbov,vrbov,Kežmarok,Prešovský,village,20.426727,49.087141
26038049,Povoda,povoda,Dunajská Streda,Trnavský,village,17.638638,47.973124
26038051,Modrová,modrova,Nové Mesto nad Váhom,Trenčiansky,village,17.895336,48.644488
26038052,Ďurkov,durkov,Stará Ľubovňa,Prešovský,village,20.867954,49.23881
26038053,Dolná Seč,dolna sec,Levice,Nitriansky,village,18.562895,48.17647
26038054,Iňa,ina,Levice,Nitriansky,village,18.416667,48.166667
26038055,Žibritov,zibritov,Krupina,Banskobystrický,hamlet,18.984416,48.391588
26038056,Veľké Ozorovce,velke ozorovce,Trebišov,Košický,village,21.616667,48.666667
26038057,Marhaň,marhan,Bardejov,Prešovský,village,21.466667,49.166667
26038058,Ľubietová,lubietova,Banská Bystrica,Banskobystrický,village,19.358256,48.748315
26038059,Janova Lehota,janova lehota,Žiar nad Hronom,Banskobystrický,village,18.783604,48.656754
26038060,Hodkovce,hodkovce,Spišská Nová Ves,Košický,village,20.783333,48.983333
26038062,Lomné,lomne,Stropkov,Prešovský,village,21.633333,49.1
26038063,Iliašovce,iliasovce,Spišská Nová Ves,Košický,village,20.52641,48.989537
26038064,Ardovo,ardovo,Rožňava,Košický,hamlet,20.416667,48.533333
26038066,Detva,detva,Detva,Banskobystrický,town,19.411609,48.544384
26038067,Slovenská Kajňa,slovenska kajna,Vranov nad Topľou,Prešovský,village,21.7,48.966667
26038069,Šalgovce,salgovce,Topoľčany,Nitriansky,village,17.897092,48.525391
26038070,Babín,babin,Námestovo,Žilinský,village,19.383333,49.333333
26038071,Bzince pod Javorinou,bzince pod javorinou,Nové Mesto nad Váhom,Trenčiansky,village,17.771587,48.786735
26038072,Chrámec,chramec,Rimavská Sobota,Banskobystrický,village,20.185226,48.278419
26038073,Zákopčie,zakopcie,Čadca,Žilinský,village,18.725856,49.406663
26038074,Kordíky,kordiky,Banská Bystrica,Banskobystrický,village,19.024051,48.772435
26038075,Uličské Krivé,ulicske krive,Snina,Prešovský,village,22.439725,48.994921
26038076,Teplý Vrch,teply vrch,Rimavská Sobota,Banskobystrický,village,20.097059,48.469752
26038078,Rejdová,rejdova,Rožňava,Košický,village,20.283333,48.783333
26038079,Oravský Biely Potok,oravsky biely potok,Tvrdošín,Žilinský,village,19.554815,49.286403
26038080,Častkov,castkov,Senica,Trnavský,village,17.35,48.75
26038081,Kyjov,kyjov,Stará Ľubovňa,Prešovský,village,20.95,49.216667
26038082,Bobrov,bobrov,Námestovo,Žilinský,village,19.55,49.433333
26038083,Porúbka,porubka,Humenné,Prešovský,village,21.954197,48.870685
26038085,Valča,valca,Martin,Žilinský,village,18.85,49
26038086,Budikovany,budikovany,Rimavská Sobota,Banskobystrický,hamlet,20.091122,48.48505
26038088,Lok,lok,Levice,Nitriansky,village,18.462266,48.182942
26038089,Drážovce,drazovce,Krupina,Banskobystrický,hamlet,18.90666,48.253859
26038090,Chmeľová,chmelova,Bardejov,Prešovský,village,21.3,49.4
26038091,Brezová pod Bradlom,brezova pod bradlom,Myjava,Trenčiansky,town,17.53703,48.661644
26038092,Dolné Kočkovce,dolne kockovce,Púchov,Trenčiansky,village,18.324426,49.093496
26038095,Zlatná na Ostrove,zlatna na ostrove,Komárno,Nitriansky,village,17.976459,47.767557
26038096,Rybany,rybany,Bánovce nad Bebravou,Trenčiansky,village,18.260228,48.666713
26038097,Trávnica,travnica,Nové Zámky,Nitriansky,village,18.33652,48.137736
26038098,Orlov,orlov,Stará Ľubovňa,Prešovský,village,20.866667,49.283333
26038099,Kladzany,kladzany,Vranov nad Topľou,Prešovský,village,21.75,48.883333
26038100,Pečovská Nová Ves,pecovska nova ves,Sabinov,Prešovský,village,21.05,49.133333
26038101,Podhradie,podhradie,Topoľčany,Nitriansky,village,18.060038,48.659885
26038102,Tušická Nová Ves,tusicka nova ves,Michalovce,Košický,village,21.758231,48.714813
26038103,Gyňov,gynov,Košice - okolie,Košický,village,21.304018,48.588925
26038105,Dolný Pial,dolny pial,Levice,Nitriansky,village,18.461116,48.132012
26038107,Stará Huta,stara huta,Bánovce nad Bebravou,Trenčiansky,village,18.033333,48.733333
26038108,Tvrdomestice,tvrdomestice,Topoľčany,Nitriansky,village,18.133333,48.633333
26038109,Kostoľany pod Tribečom,kostolany pod tribecom,Zlaté Moravce,Nitriansky,village,18.245199,48.414609
26038110,Ladomirová,ladomirova,Svidník,Prešovský,village,21.633333,49.333333
26038111,Valkovce,valkovce,Svidník,Prešovský,village,21.533333,49.166667
26038112,Ľubotín,lubotin,Stará Ľubovňa,Prešovský,village,20.876288,49.26129
26038113,Jánovce,janovce,Poprad,Prešovský,village,20.434492,49.015082
26038115,Hriadky,hriadky,Trebišov,Košický,village,21.708692,48.699919
26038116,Hladovka,hladovka,Tvrdošín,Žilinský,village,19.766667,49.366667
26038117,Osrblie,osrblie,Brezno,Banskobystrický,village,19.526823,48.760783
26038118,Juskova Voľa,juskova vola,Vranov nad Topľou,Prešovský,village,21.566667,48.883333
26038119,Závažná Poruba,zavazna poruba,Liptovský Mikuláš,Žilinský,village,19.649302,49.055604
26038120,Nižný Žipov,nizny zipov,Trebišov,Košický,village,21.638458,48.581296
26038122,Strekov,strekov,Nové Zámky,Nitriansky,village,18.416667,47.9
26038123,Spišské Podhradie,spisske podhradie,Levoča,Prešovský,village,20.752504,49.000817
26038125,Nižný Hrušov,nizny hrusov,Vranov nad Topľou,Prešovský,village,21.77462,48.807879
26038126,Pucov,pucov,Dolný Kubín,Žilinský,village,19.383333,49.216667
26038127,Komárany,komarany,Vranov nad Topľou,Prešovský,village,21.65,48.933333
26038128,Brekov,brekov,Humenné,Prešovský,village,21.838089,48.905682
26038129,Brezovec,brezovec,Snina,Prešovský,hamlet,22.416667,48.933333
26038131,Volica,volica,Medzilaborce,Prešovský,village,21.920897,49.149842
26038132,Zbudské Dlhé,zbudske dlhe,Humenné,Prešovský,village,21.959447,49.074375
26038133,Jarabina,jarabina,Stará Ľubovňa,Prešovský,village,20.666667,49.333333
26038134,Martovce,martovce,Komárno,Nitriansky,village,18.128893,47.85916
26038136,Nemečky,nemecky,Topoľčany,Nitriansky,village,18.115312,48.670804
26038137,Hencovce,hencovce,Vranov nad Topľou,Prešovský,village,21.729457,48.87182
26038138,Jenkovce,jenkovce,Sobrance,Košický,village,22.216667,48.65
26038139,Gelnica,gelnica,Gelnica,Košický,town,20.936916,48.853205
26038140,Veľké Teriakovce,velke teriakovce,Rimavská Sobota,Banskobystrický,village,19.966442,48.433612
26038141,Rovné,rovne,Svidník,Prešovský,village,21.533333,49.283333
26038142,Dobrá Voda,dobra voda,Trnava,Trnavský,village,17.541932,48.596678
26038143,Lipová,lipova,Bardejov,Prešovský,hamlet,21.483263,49.249925
26038144,Lednica,lednica,Púchov,Trenčiansky,village,18.216667,49.116667
26038145,Prievidza,prievidza,Prievidza,Trenčiansky,town,18.623306,48.77104
26038146,Silica,silica,Rožňava,Košický,village,20.533333,48.55
26038147,Lipník,lipnik,Prievidza,Trenčiansky,village,18.711558,48.780079
26038148,Šivetice,sivetice,Revúca,Banskobystrický,village,20.276188,48.581685
26038149,Báhoň,bahon,Pezinok,Bratislavský,village,17.445245,48.309067
26038150,Šútovo,sutovo,Martin,Žilinský,village,19.083333,49.15
26038151,Dražice,drazice,Rimavská Sobota,Banskobystrický,village,20.066667,48.433333
26038152,Karná,karna,Humenné,Prešovský,village,21.8,48.983333
26038153,Liptovská Teplá,liptovska tepla,Ružomberok,Žilinský,village,19.409815,49.102476
26038155,Bešeňov,besenov,Nové Zámky,Nitriansky,village,18.266667,48.05
26038157,Zemplín,zemplin,Trebišov,Košický,village,21.816667,48.433333
26038159,Kameničná,kamenicna,Komárno,Nitriansky,village,18.041362,47.814704
26038174,Borša,borsa,Trebišov,Košický,village,21.707915,48.391909
26038175,Halič,halic,Lučenec,Banskobystrický,village,19.573333,48.354442
26038177,Jablonové,jablonove,Bytča,Žilinský,village,18.566282,49.183451
26038180,Nižná Slaná,nizna slana,Rožňava,Košický,village,20.415991,48.725408
26038181,Adidovce,adidovce,Humenné,Prešovský,village,22.037749,49.016066
26038183,Obišovce,obisovce,Košice - okolie,Košický,village,21.235978,48.863008
26038186,Dolné Zelenice,dolne zelenice,Hlohovec,Trnavský,village,17.744402,48.377736
26038187,Kojšov,kojsov,Gelnica,Košický,village,20.988239,48.82194
26038189,Vechec,vechec,Vranov nad Topľou,Prešovský,village,21.633333,48.866667
26038191,Vyšná Jablonka,vysna jablonka,Humenné,Prešovský,hamlet,22.10126,49.153177
26038193,Ruská Bystrá,ruska bystra,Sobrance,Košický,hamlet,22.3,48.85
26038194,Miňovce,minovce,Stropkov,Prešovský,village,21.65,49.133333
26038196,Trnavá Hora,trnava hora,Žiar nad Hronom,Banskobystrický,village,18.953488,48.59038
26038197,Sopkovce,sopkovce,Humenné,Prešovský,hamlet,21.866667,49.016667
26038199,Medzany,medzany,Prešov,Prešovský,village,21.15,49.05
26038201,Kočovce,kocovce,Nové Mesto nad Váhom,Trenčiansky,village,17.885378,48.743764
26038202,Kameňany,kamenany,Revúca,Banskobystrický,village,20.2,48.583333
26038203,Divina,divina,Žilina,Žilinský,village,18.7,49.266667
26038205,Mostová,mostova,Galanta,Trnavský,village,17.678594,48.140162
26038206,Hatalov,hatalov,Michalovce,Košický,village,21.883333,48.666667
26038208,Skýcov,skycov,Zlaté Moravce,Nitriansky,village,18.423966,48.506279
26038209,Buková,bukova,Trnava,Trnavský,village,17.397351,48.545429
26038210,Malé Kršteňany,male krstenany,Partizánske,Trenčiansky,village,18.427669,48.638203
26038211,Pernek,pernek,Malacky,Bratislavský,village,17.143541,48.368333
26038213,Proč,proc,Prešov,Prešovský,village,21.4,49.1
26038214,Veľká Mača,velka maca,Galanta,Trnavský,village,17.686623,48.245092
26038215,Jaslovské Bohunice,jaslovske bohunice,Trnava,Trnavský,village,17.650378,48.469535
26038216,Vojany,vojany,Michalovce,Košický,village,21.983333,48.566667
26038217,Hronská Breznica,hronska breznica,Zvolen,Banskobystrický,village,18.997611,48.568789
26038218,Diviaky nad Nitricou,diviaky nad nitricou,Prievidza,Trenčiansky,village,18.5,48.766667
26038219,Trstené pri Hornáde,trstene pri hornade,Košice - okolie,Košický,village,21.335187,48.572229
26038220,Mníšek nad Hnilcom,mnisek nad hnilcom,Gelnica,Košický,village,20.8,48.8
26038221,Žemberovce,zemberovce,Levice,Nitriansky,village,18.741986,48.258494
26038222,Smolnícka Huta,smolnicka huta,Gelnica,Košický,village,20.783333,48.75
26038223,Čertižné,certizne,Medzilaborce,Prešovský,village,21.833333,49.35
26038224,Súdovce,sudovce,Krupina,Banskobystrický,village,18.833333,48.216667
26038225,Šišov,sisov,Bánovce nad Bebravou,Trenčiansky,village,18.179533,48.656974
26038226,Horné Naštice,horne nastice,Bánovce nad Bebravou,Trenčiansky,village,18.297743,48.735247
26038227,Veľké Chlievany,velke chlievany,Bánovce nad Bebravou,Trenčiansky,village,18.224509,48.703784
26038228,Radimov,radimov,Skalica,Trnavský,village,17.2,48.75
26038230,Nová Lehota,nova lehota,Nové Mesto nad Váhom,Trenčiansky,village,17.98065,48.658169
26038231,Ďurďové,durdove,Považská Bystrica,Trenčiansky,hamlet,18.5,49.033333
26038232,Dobrá,dobra,Trebišov,Košický,village,22.028634,48.413273
26038233,Sazdice,sazdice,Levice,Nitriansky,village,18.800378,48.083081
26038234,Čierna Lehota,cierna lehota,Rožňava,Košický,village,20.25,48.733333
26038235,Hosťovce,hostovce,Košice - okolie,Košický,hamlet,20.879706,48.586047
26038236,Belince,belince,Topoľčany,Nitriansky,village,18.102273,48.47269
26038237,Žakovce,zakovce,Kežmarok,Prešovský,village,20.39728,49.081721
26038238,Bajerovce,bajerovce,Sabinov,Prešovský,village,20.798371,49.214088
26038239,Liptovský Ondrej,liptovsky ondrej,Liptovský Mikuláš,Žilinský,village,19.716667,49.1
26038240,Rudinská,rudinska,Kysucké Nové Mesto,Žilinský,village,18.716667,49.316667
26038241,Krakovany,krakovany,Piešťany,Trnavský,village,17.749666,48.610508
26038243,Lúčka,lucka,Sabinov,Prešovský,village,20.983333,49.183333
26038244,Pribeta,pribeta,Komárno,Nitriansky,village,18.30927,47.906807
26038245,Štvrtok na Ostrove,stvrtok na ostrove,Dunajská Streda,Trnavský,village,17.354586,48.098497
26038246,Slanské Nové Mesto,slanske nove mesto,Košice - okolie,Košický,village,21.524037,48.630219
26038247,Bruty,bruty,Nové Zámky,Nitriansky,village,18.583333,47.916667
26038248,Vrútky,vrutky,Martin,Žilinský,town,18.92507,49.10886
26038250,Vyšný Kazimír,vysny kazimir,Vranov nad Topľou,Prešovský,village,21.683333,48.933333
26038251,Šumiac,sumiac,Brezno,Banskobystrický,village,20.1296,48.839769
26038252,Trstená,trstena,Tvrdošín,Žilinský,town,19.615641,49.363892
26038253,Fiľakovské Kováče,filakovske kovace,Lučenec,Banskobystrický,village,19.776246,48.291867
26038254,Olšovany,olsovany,Košice - okolie,Košický,village,21.41254,48.705085
26038255,Senica,senica,Senica,Trnavský,town,17.364383,48.679121
26038256,Banská Belá,banska bela,Banská Štiavnica,Banskobystrický,village,18.939332,48.473282
26038257,Horná Lehota,horna lehota,Dolný Kubín,Žilinský,village,19.400562,49.254777
26038258,Ondavka,ondavka,Bardejov,Prešovský,hamlet,21.35,49.433333
26038259,Haniska,haniska,Prešov,Prešovský,village,21.2387,48.958002
26038261,Kobeliarovo,kobeliarovo,Rožňava,Košický,village,20.366667,48.75
26038262,Trebejov,trebejov,Košice - okolie,Košický,hamlet,21.22058,48.835129
26038264,Olováry,olovary,Veľký Krtíš,Banskobystrický,village,19.409513,48.152991
26038265,Malé Zlievce,male zlievce,Veľký Krtíš,Banskobystrický,village,19.442008,48.182062
26038266,Kučín,kucin,Bardejov,Prešovský,village,21.466667,49.216667
26038267,Mýtne Ludany,mytne ludany,Levice,Nitriansky,village,18.666667,48.166667
26038268,Dražkovce,drazkovce,Martin,Žilinský,village,18.958333,49.051802
26038269,Povina,povina,Kysucké Nové Mesto,Žilinský,village,18.816666,49.316662
26038270,Necpaly,necpaly,Martin,Žilinský,village,18.983333,48.983333
26038272,Krásnovce,krasnovce,Michalovce,Košický,village,21.883333,48.716667
26038273,Červený Kameň,cerveny kamen,Ilava,Trenčiansky,village,18.183333,49.083333
26038274,Libichava,libichava,Bánovce nad Bebravou,Trenčiansky,hamlet,18.173354,48.67024
26038275,Betlanovce,betlanovce,Spišská Nová Ves,Košický,village,20.392215,48.979631
26038276,Sielnica,sielnica,Zvolen,Banskobystrický,village,19.111906,48.632957
26038277,Imeľ,imel,Komárno,Nitriansky,village,18.143292,47.902284
26038278,Veľké Kozmálovce,velke kozmalovce,Levice,Nitriansky,village,18.54034,48.271255
26038279,Lipany,lipany,Sabinov,Prešovský,town,20.966667,49.15
26038280,Koválovec,kovalovec,Skalica,Trnavský,hamlet,17.3,48.783333
26038281,Lošonec,losonec,Trnava,Trnavský,village,17.4,48.483333
26038282,Nové Zámky,nove zamky,Nové Zámky,Nitriansky,town,18.166661,47.98334
26038283,Vojka nad Dunajom,vojka nad dunajom,Dunajská Streda,Trnavský,village,17.384027,47.974855
26038284,Bašovce,basovce,Piešťany,Trnavský,village,17.797293,48.6331
26038285,Unín,unin,Skalica,Trnavský,village,17.215748,48.725737
26038286,Vikartovce,vikartovce,Poprad,Prešovský,village,20.154403,48.992835
26038287,Leštiny,lestiny,Dolný Kubín,Žilinský,village,19.35,49.183333
26038288,Lysica,lysica,Žilina,Žilinský,village,18.920774,49.244537
26038289,Borský Mikuláš,borsky mikulas,Senica,Trnavský,village,17.208309,48.631901
26038290,Dedinky,dedinky,Rožňava,Košický,village,20.383802,48.86513
26038291,Štiavnické Bane,stiavnicke bane,Banská Štiavnica,Banskobystrický,village,18.868516,48.438885
26038292,Šamudovce,samudovce,Michalovce,Košický,village,21.883333,48.7
26038293,Vištuk,vistuk,Pezinok,Bratislavský,village,17.397091,48.334375
26038294,Turany,turany,Martin,Žilinský,village,19.042116,49.117384
26038295,Vyšný Mirošov,vysny mirosov,Svidník,Prešovský,village,21.433333,49.383333
26038296,Rohožník,rohoznik,Humenné,Prešovský,hamlet,21.766667,49.116667
26038297,Glabušovce,glabusovce,Veľký Krtíš,Banskobystrický,hamlet,19.455877,48.152232
26038298,Hurbanova Ves,hurbanova ves,Senec,Bratislavský,village,17.436789,48.152442
26038299,Sejkov,sejkov,Sobrance,Košický,hamlet,22.233333,48.683333
26038300,Poľný Kesov,polny kesov,Nitra,Nitriansky,village,18.061397,48.162585
26038301,Horný Kalník,horny kalnik,Martin,Žilinský,hamlet,18.966667,49.033333
26038302,Jesenské,jesenske,Rimavská Sobota,Banskobystrický,village,20.073327,48.304118
26038303,Hosťovce,hostovce,Zlaté Moravce,Nitriansky,village,18.366667,48.416667
26038304,Biskupice,biskupice,Bánovce nad Bebravou,Trenčiansky,village,18.236279,48.710591
26038305,Krajná Bystrá,krajna bystra,Svidník,Prešovský,village,21.683333,49.383333
26038306,Svinná,svinna,Trenčín,Trenčiansky,village,18.161449,48.785155
26038307,Malý Kamenec,maly kamenec,Trebišov,Košický,village,21.8,48.35
26038308,Veľký Horeš,velky hores,Trebišov,Košický,village,21.916667,48.383333
26038309,Slatvina,slatvina,Spišská Nová Ves,Košický,village,20.85,48.966667
26038310,Slavnica,slavnica,Ilava,Trenčiansky,village,18.183333,49
26038311,Liptovská Teplička,liptovska teplicka,Poprad,Prešovský,village,20.089061,48.96656
26038312,Mrázovce,mrazovce,Stropkov,Prešovský,hamlet,21.683333,49.116667
26038313,Cinobaňa,cinobana,Poltár,Banskobystrický,village,19.650623,48.447124
26038314,Ráztoka,raztoka,Brezno,Banskobystrický,village,19.401296,48.820557
26038315,Krivoklát,krivoklat,Ilava,Trenčiansky,village,18.166667,49.05
26038316,Horovce,horovce,Michalovce,Košický,village,21.768522,48.704265
26038317,Horné Strháre,horne strhare,Veľký Krtíš,Banskobystrický,village,19.358832,48.273193
26038318,Ochodnica,ochodnica,Kysucké Nové Mesto,Žilinský,village,18.783333,49.35
26038319,Vrakúň,vrakun,Dunajská Streda,Trnavský,village,17.599473,47.939325
26038320,Stebník,stebnik,Bardejov,Prešovský,village,21.266667,49.383333
26038321,Bohdanovce nad Trnavou,bohdanovce nad trnavou,Trnava,Trnavský,village,17.548934,48.425115
26038322,Beloveža,beloveza,Bardejov,Prešovský,village,21.366667,49.283333
26038323,Papín,papin,Humenné,Prešovský,village,22.066667,49.1
26038324,Ivanka pri Dunaji,ivanka pri dunaji,Senec,Bratislavský,village,17.257574,48.188556
26038325,Kálnica,kalnica,Nové Mesto nad Váhom,Trenčiansky,village,17.927848,48.764557
26038326,Hubovo,hubovo,Rimavská Sobota,Banskobystrický,hamlet,20.366667,48.4
26038327,Rudná,rudna,Rožňava,Košický,village,20.488617,48.658985
26038328,Trnávka,trnavka,Trebišov,Košický,hamlet,21.617087,48.706251
26038329,Nálepkovo,nalepkovo,Gelnica,Košický,village,20.633333,48.85
26038330,Družstevná pri Hornáde,druzstevna pri hornade,Košice - okolie,Košický,village,21.25,48.8
26038331,Klenovec,klenovec,Rimavská Sobota,Banskobystrický,village,19.890364,48.59712
26038332,Kiarov,kiarov,Veľký Krtíš,Banskobystrický,village,19.410487,48.109678
26038333,Divín,divin,Lučenec,Banskobystrický,village,19.533215,48.449827
26038334,Papradno,papradno,Považská Bystrica,Trenčiansky,village,18.409116,49.231225
26038335,Trenčianska Turná,trencianska turna,Trenčín,Trenčiansky,village,18.016667,48.85
26038336,Mokrý Háj,mokry haj,Skalica,Trnavský,village,17.246132,48.810594
26038337,Málaš,malas,Levice,Nitriansky,village,18.527366,48.051029
26038338,Vyšné Ružbachy,vysne ruzbachy,Stará Ľubovňa,Prešovský,village,20.564859,49.304264
26038339,Želovce,zelovce,Veľký Krtíš,Banskobystrický,village,19.352078,48.124714
26038340,Poloma,poloma,Sabinov,Prešovský,village,20.833333,49.166667
26038341,Veľká Paka,velka paka,Dunajská Streda,Trnavský,village,17.407788,48.039289
26038342,Cabov,cabov,Vranov nad Topľou,Prešovský,village,21.639574,48.803965
26038343,Girovce,girovce,Vranov nad Topľou,Prešovský,hamlet,21.766667,49.016667
26038344,Malá Lodina,mala lodina,Košice - okolie,Košický,hamlet,21.13166,48.879064
26038345,Počarová,pocarova,Považská Bystrica,Trenčiansky,hamlet,18.516667,49.066667
26038346,Mníšek nad Popradom,mnisek nad popradom,Stará Ľubovňa,Prešovský,village,20.716667,49.416667
26038347,Šandal,sandal,Stropkov,Prešovský,village,21.618484,49.185725
26038348,Čoltovo,coltovo,Rožňava,Košický,village,20.372585,48.49566
26038349,Ludrová,ludrova,Ružomberok,Žilinský,village,19.331842,49.046667
26038350,Tuhrina,tuhrina,Prešov,Prešovský,village,21.407442,48.898346
26038351,Ladice,ladice,Zlaté Moravce,Nitriansky,village,18.266667,48.4
26038352,Baška,baska,Košice - okolie,Košický,village,21.181155,48.706535
26038353,Lemešany,lemesany,Prešov,Prešovský,village,21.271969,48.851165
26038354,Stanča,stanca,Trebišov,Košický,village,21.665625,48.571281
26038355,Henclová,henclova,Gelnica,Košický,hamlet,20.6,48.8
26038356,Nevoľné,nevolne,Žiar nad Hronom,Banskobystrický,village,18.943159,48.671286
26038357,Rohovce,rohovce,Dunajská Streda,Trnavský,village,17.409561,47.996929
26038358,Bory,bory,Levice,Nitriansky,village,18.744549,48.18025
26038359,Horná Streda,horna streda,Nové Mesto nad Váhom,Trenčiansky,village,17.846407,48.656987
26038360,Vyšný Skálnik,vysny skalnik,Rimavská Sobota,Banskobystrický,hamlet,19.963917,48.464843
26038361,Merašice,merasice,Hlohovec,Trnavský,village,17.944352,48.463115
26038362,Svidník,svidnik,Svidník,Prešovský,town,21.573643,49.308408
26038363,Vyšná Šebastová,vysna sebastova,Prešov,Prešovský,village,21.326378,49.015754
26038364,Veľká Čalomija,velka calomija,Veľký Krtíš,Banskobystrický,village,19.201505,48.070713
26038365,Tehla,tehla,Levice,Nitriansky,village,18.383333,48.183333
26038366,Opava,opava,Veľký Krtíš,Banskobystrický,hamlet,19.176512,48.197073
26038367,Selce,selce,Poltár,Banskobystrický,hamlet,19.875904,48.457416
26038368,Kusín,kusin,Michalovce,Košický,village,22.066667,48.816667
26038369,Čeľadice,celadice,Nitra,Nitriansky,village,18.25,48.333333
26038370,Revúcka Lehota,revucka lehota,Revúca,Banskobystrický,village,20.18101,48.672088
26038371,Nižná Jablonka,nizna jablonka,Humenné,Prešovský,hamlet,22.087395,49.124807
26038372,Forbasy,forbasy,Stará Ľubovňa,Prešovský,village,20.616667,49.3
26038373,Radoma,radoma,Svidník,Prešovský,village,21.566667,49.2
26038374,Lukovištia,lukovistia,Rimavská Sobota,Banskobystrický,hamlet,20.025522,48.492003
26038375,Ďurčiná,durcina,Žilina,Žilinský,village,18.666667,49.066667
26038376,Bziny,bziny,Dolný Kubín,Žilinský,village,19.320251,49.231541
26038378,Cejkov,cejkov,Trebišov,Košický,village,21.766667,48.466667
26038379,Bajerov,bajerov,Prešov,Prešovský,village,21.116716,48.953339
26038380,Horná Ves,horna ves,Žiar nad Hronom,Banskobystrický,village,18.91674,48.682461
26038381,Šoltýska,soltyska,Poltár,Banskobystrický,village,19.744231,48.580292
26038382,Veľký Čepčín,velky cepcin,Turčianske Teplice,Žilinský,village,18.808867,48.895011
26038383,Tovarnianska Polianka,tovarnianska polianka,Vranov nad Topľou,Prešovský,hamlet,21.783333,48.9
26038384,Rajec,rajec,Žilina,Žilinský,town,18.636664,49.087947
26038385,Štrkovec,strkovec,Rimavská Sobota,Banskobystrický,village,20.324131,48.359802
26038386,Krivé,krive,Bardejov,Prešovský,village,21.15,49.283333
26038387,Holiša,holisa,Lučenec,Banskobystrický,village,19.751639,48.308081
26038388,Jelšovec,jelsovec,Lučenec,Banskobystrický,village,19.600582,48.282374
26038389,Valentovce,valentovce,Medzilaborce,Prešovský,hamlet,21.966667,49.183333
26038390,Blatné Revištia,blatne revistia,Sobrance,Košický,village,22.083333,48.733333
26038391,Kúty,kuty,Senica,Trnavský,village,17.016667,48.666667
26038392,Zlatá Baňa,zlata bana,Prešov,Prešovský,village,21.433333,48.95
26038393,Pravenec,pravenec,Prievidza,Trenčiansky,village,18.649962,48.854234
26038394,Lubina,lubina,Nové Mesto nad Váhom,Trenčiansky,village,17.733333,48.783333
26038395,Chrťany,chrtany,Veľký Krtíš,Banskobystrický,hamlet,19.460451,48.292172
26038396,Dvorianky,dvorianky,Trebišov,Košický,village,21.703179,48.731665
26038397,Dolné Saliby,dolne saliby,Galanta,Trnavský,village,17.781458,48.105844
26038398,Malá Čausa,mala causa,Prievidza,Trenčiansky,village,18.700866,48.794864
26038399,Veľké Kapušany,velke kapusany,Michalovce,Košický,town,22.083335,48.550001
26038400,Hlinné,hlinne,Vranov nad Topľou,Prešovský,village,21.582892,48.949599
26038401,Sereď,sered,Galanta,Trnavský,town,17.730881,48.288903
26038402,Hubice,hubice,Dunajská Streda,Trnavský,village,17.396557,48.096101
26038403,Nižná,nizna,Tvrdošín,Žilinský,village,19.516667,49.316667
26038404,Pohronský Ruskov,pohronsky ruskov,Levice,Nitriansky,village,18.666667,47.983333
26038405,Reľov,relov,Kežmarok,Prešovský,village,20.383333,49.3
26038406,Bunkovce,bunkovce,Sobrance,Košický,village,22.116667,48.716667
26038407,Častkovce,castkovce,Nové Mesto nad Váhom,Trenčiansky,village,17.786171,48.691545
26038408,Vidiná,vidina,Lučenec,Banskobystrický,village,19.651889,48.360572
26038409,Vysoké Tatry,vysoke tatry,Poprad,Prešovský,village,20.222448,49.137283
26038410,Teplička nad Váhom,teplicka nad vahom,Žilina,Žilinský,village,18.8,49.233333
26038411,Olejníkov,olejnikov,Sabinov,Prešovský,village,21.066667,49.183333
26038412,Hrabušice,hrabusice,Spišská Nová Ves,Košický,village,20.410809,48.977432
26038413,Boľkovce,bolkovce,Lučenec,Banskobystrický,village,19.768606,48.337269
26038414,Košická Belá,kosicka bela,Košice - okolie,Košický,village,21.105827,48.804192
26038415,Michajlov,michajlov,Snina,Prešovský,hamlet,22.35,48.916667
26038416,Markovce,markovce,Michalovce,Košický,village,21.848168,48.58284
26038417,Petrovce nad Laborcom,petrovce nad laborcom,Michalovce,Košický,village,21.872618,48.79347
26038419,Šarišské Sokolovce,sarisske sokolovce,Sabinov,Prešovský,village,21.16662,49.106523
26038420,Tomášov,tomasov,Senec,Bratislavský,village,17.33456,48.141826
26038421,Vranov nad Topľou,vranov nad toplou,Vranov nad Topľou,Prešovský,town,21.680564,48.890524
26038422,Čaka,caka,Levice,Nitriansky,village,18.46758,48.038024
26038423,Rašice,rasice,Revúca,Banskobystrický,hamlet,20.25,48.466667
26038424,Hrádok,hradok,Nové Mesto nad Váhom,Trenčiansky,village,17.883333,48.7
26038425,Pečenice,pecenice,Levice,Nitriansky,hamlet,18.783333,48.3
26038426,Soblahov,soblahov,Trenčín,Trenčiansky,village,18.072372,48.864744
26038427,Dolná Streda,dolna streda,Galanta,Trnavský,village,17.75,48.266667
26038428,Komjatice,komjatice,Nové Zámky,Nitriansky,village,18.183333,48.15
26038429,Miezgovce,miezgovce,Bánovce nad Bebravou,Trenčiansky,village,18.311193,48.720031
26038430,Žiar nad Hronom,ziar nad hronom,Žiar nad Hronom,Banskobystrický,town,18.853646,48.590505
26106463,Nové Mesto,nove mesto,Bratislava III,Bratislavský,suburb,17.138349,48.167188
26498484,Komárno - Hádovce,komarno hadovce,Komárno,Nitriansky,suburb,18.09009,47.778576
26498854,Šaľa,sala,Šaľa,Nitriansky,town,17.876502,48.150995
26500273,Zlaté Klasy,zlate klasy,Dunajská Streda,Trnavský,village,17.421944,48.121323
26546204,Zochová chata,zochova chata,Pezinok,Bratislavský,hamlet,17.277844,48.38146
26601610,Trakovice,trakovice,Hlohovec,Trnavský,village,17.711703,48.436643
26608893,M.R. Štefánika,m r stefanika,Bratislava II,Bratislavský,airport,17.206345,48.170143
26901996,Vinosady,vinosady,Pezinok,Bratislavský,village,17.29264,48.310552
26901997,Modra,modra,Pezinok,Bratislavský,town,17.308037,48.336443
26902006,Dubová,dubova,Pezinok,Bratislavský,village,17.337509,48.363737
26921438,Papiernička,papiernicka,Pezinok,Bratislavský,hamlet,17.299619,48.393425
26979874,Kráľová pri Senci,kralova pri senci,Senec,Bratislavský,village,17.450829,48.195128
27008102,Limbach,limbach,Pezinok,Bratislavský,village,17.2184,48.290714
27083091,Medziháj,medzihaj,Trnava,Trnavský,hamlet,17.513196,48.374584
27247124,Dunajská Lužná,dunajska luzna,Senec,Bratislavský,village,17.263614,48.082194
27273825,Ružinov,ruzinov,Bratislava II,Bratislavský,suburb,17.164279,48.149645
27349625,Podunajské Biskupice,podunajske biskupice,Bratislava II,Bratislavský,suburb,17.207422,48.130042
27359442,Košice,kosice,Košice I,Košický,city,21.249677,48.717227
27540948,Boldog,boldog,Senec,Bratislavský,village,17.429344,48.238671
29049437,Bratislava - Rusovce,bratislava rusovce,Bratislava V,Bratislavský,village,17.146918,48.052647
29049496,Bratislava - Čunovo,bratislava cunovo,Bratislava V,Bratislavský,suburb,17.199133,48.029661
29049843,Bratislava - Jarovce,bratislava jarovce,Bratislava V,Bratislavský,suburb,17.113835,48.064726
29076313,Dedina Mládeže,dedina mladeze,Komárno,Nitriansky,village,18.004215,47.949304
29080032,Pavlov Dvor,pavlov dvor,Komárno,Nitriansky,village,18.212656,47.906979
29121304,Petržalka,petrzalka,Bratislava V,Bratislavský,suburb,17.110791,48.111346
29442360,Vysoké Tatry - Tatranská Lomnica,vysoke tatry tatranska lomnica,Poprad,Prešovský,hamlet,20.279193,49.165527
29505960,Bratislava - Devínska Nová Ves,bratislava devinska nova ves,Bratislava IV,Bratislavský,suburb,16.979173,48.20745
29505992,Dúbravka,dubravka,Bratislava IV,Bratislavský,suburb,17.032499,48.189978
29506021,Karlova Ves,karlova ves,Bratislava IV,Bratislavský,suburb,17.047532,48.160464
29539329,Lamač,lamac,Bratislava IV,Bratislavský,suburb,17.048575,48.194538
29539576,Staré Mesto,stare mesto,Bratislava I,Bratislavský,suburb,17.112478,48.140553
29540065,Bratislava - Záhorská Bystrica,bratislava zahorska bystrica,Bratislava IV,Bratislavský,suburb,17.038336,48.239288
29679019,Horný Bar - Šulany,horny bar sulany,Dunajská Streda,Trnavský,suburb,17.44396,47.951192
29679423,Okánikovo,okanikovo,Komárno,Nitriansky,hamlet,17.885199,47.787548
29680141,Sap,sap,Dunajská Streda,Trnavský,village,17.615772,47.822156
29703281,Ladomerská Vieska,ladomerska vieska,Žiar nad Hronom,Banskobystrický,village,18.858237,48.570087
29706999,Vrakuňa,vrakuna,Bratislava II,Bratislavský,suburb,17.205724,48.143251
30349768,Zelený Háj,zeleny haj,Komárno,Nitriansky,village,18.173345,47.850351
30349769,Holanovo,holanovo,Komárno,Nitriansky,hamlet,18.165749,47.840201
30350223,Lándor,landor,Komárno,Nitriansky,hamlet,18.128401,47.79501
30352797,Kava,kava,Komárno,Nitriansky,hamlet,18.094145,47.813995
30352854,Komárno - Nová Stráž,komarno nova straz,Komárno,Nitriansky,village,18.048218,47.762802
30932206,Vysoké Tatry - Starý Smokovec,vysoke tatry stary smokovec,Poprad,Prešovský,hamlet,20.221685,49.140621
30932209,Vysoké Tatry - Nový Smokovec,vysoke tatry novy smokovec,Poprad,Prešovský,hamlet,20.212233,49.135647
30933835,Tatranská Štrba,tatranska strba,Poprad,Prešovský,suburb,20.069192,49.085388
31346531,Plavecký Štvrtok,plavecky stvrtok,Malacky,Bratislavský,village,17.005391,48.374094
31348269,Láb,lab,Malacky,Bratislavský,village,16.973293,48.363703
31348561,Zohor,zohor,Malacky,Bratislavský,village,16.982457,48.317496
31468661,Čiližská Radvaň,cilizska radvan,Dunajská Streda,Trnavský,village,17.69243,47.835007
31471025,Miloslavov - Alžbetin dvor,miloslavov alzbetin dvor,Senec,Bratislavský,suburb,17.312987,48.087135
34489328,Džungľa,dzungla,Košice I,Košický,suburb,21.269526,48.735065
34489329,Košice - Kavečany,kosice kavecany,Košice I,Košický,suburb,21.207914,48.777305
34489330,Sever,sever,Košice I,Košický,suburb,21.247977,48.739413
34489331,Sídlisko Ťahanovce,sidlisko tahanovce,Košice I,Košický,suburb,21.26885,48.756322
34489333,Staré Mesto,stare mesto,Košice I,Košický,suburb,21.252037,48.718927
34489334,Ťahanovce,tahanovce,Košice I,Košický,suburb,21.258908,48.754394
34489335,Lorinčík,lorincik,Košice II,Košický,suburb,21.192117,48.688607
34489336,Luník IX,lunik ix,Košice II,Košický,suburb,21.221312,48.697444
34489337,Myslava,myslava,Košice II,Košický,suburb,21.20405,48.708741
34489338,Pereš,peres,Košice II,Košický,suburb,21.210085,48.689451
34489339,Poľov,polov,Košice II,Košický,suburb,21.191979,48.664391
34489340,Sídlisko KVP,sidlisko kvp,Košice II,Košický,suburb,21.21135,48.713867
34489341,Šaca,saca,Košice II,Košický,suburb,21.171446,48.631448
34489342,Západ,zapad,Košice II,Košický,suburb,21.227312,48.714333
34489343,Dargovských hrdinov,dargovskych hrdinov,Košice III,Košický,suburb,21.28079,48.738208
34489344,Košická Nová Ves,kosicka nova ves,Košice III,Košický,suburb,21.299787,48.731466
34489348,Juh,juh,Košice IV,Košický,suburb,21.259905,48.706875
34489349,Barca,barca,Košice IV,Košický,suburb,21.266527,48.677609
34489350,Nad jazerom,nad jazerom,Košice IV,Košický,suburb,21.287603,48.687456
34489351,Krásna nad Hornádom,krasna nad hornadom,Košice IV,Košický,suburb,21.300644,48.675591
34489352,Vyšné Opátske,vysne opatske,Košice IV,Košický,suburb,21.279614,48.71288
34489357,Šebastovce,sebastovce,Košice IV,Košický,suburb,21.268487,48.655361
38444032,Šulekovo,sulekovo,Hlohovec,Trnavský,village,17.768673,48.427498
40709110,Banská Štiavnica - Banky,banska stiavnica banky,Banská Štiavnica,Banskobystrický,hamlet,18.861839,48.486131
57678592,Tomášov - miestna časť  Malý Madarás,tomasov miestna cast maly madaras,Senec,Bratislavský,hamlet,17.370625,48.142219
57678594,Horné Janíky,horne janiky,Dunajská Streda,Trnavský,hamlet,17.393207,48.140765
57678618,Dolné Janíky,dolne janiky,Dunajská Streda,Trnavský,hamlet,17.406468,48.136039
57701081,Mierovo,mierovo,Dunajská Streda,Trnavský,village,17.385837,48.069437
57711777,Veľká Paka - Malá Paka,velka paka mala paka,Dunajská Streda,Trnavský,hamlet,17.390073,48.046734
57711781,Veľká Paka - Čukárska Paka,velka paka cukarska paka,Dunajská Streda,Trnavský,hamlet,17.387877,48.033206
57723548,Čenkovce - Maslovce,cenkovce maslovce,Dunajská Streda,Trnavský,hamlet,17.445712,48.093397
57735687,Čenkovce,cenkovce,Dunajská Streda,Trnavský,hamlet,17.464466,48.097887
57735696,Nový Život - Vojtechovce,novy zivot vojtechovce,Dunajská Streda,Trnavský,hamlet,17.475014,48.101542
57745576,Nový Život,novy zivot,Dunajská Streda,Trnavský,village,17.465105,48.122347
57763257,Blahová,blahova,Dunajská Streda,Trnavský,village,17.538421,48.086055
57778373,Potônske Lúky,potonske luky,Dunajská Streda,Trnavský,village,17.589632,48.092997
57787363,Michal na Ostrove,michal na ostrove,Dunajská Streda,Trnavský,village,17.511429,48.024196
59403897,Čečínska Potôň,cecinska poton,Dunajská Streda,Trnavský,hamlet,17.509414,48.035162
60729429,Stará Halič,stara halic,Lučenec,Banskobystrický,village,19.57384,48.366572
60730363,Tomášovce,tomasovce,Lučenec,Banskobystrický,village,19.620086,48.370619
60730812,Breznička,breznicka,Poltár,Banskobystrický,village,19.73823,48.420963
60731194,Hradište,hradiste,Poltár,Banskobystrický,village,19.722622,48.492725
60732191,Zlatno,zlatno,Poltár,Banskobystrický,village,19.819066,48.516781
60732306,Kokava nad Rimavicou - Vlkovo,kokava nad rimavicou vlkovo,Poltár,Banskobystrický,hamlet,19.833299,48.546403
60732591,Utekáč - Drahová,utekac drahova,Poltár,Banskobystrický,hamlet,19.766237,48.611552
60801508,Poltár - Zelené,poltar zelene,Poltár,Banskobystrický,hamlet,19.777364,48.431276
60924198,Lehôtka,lehotka,Lučenec,Banskobystrický,village,19.545466,48.340889
60925090,Halič - Telka,halic telka,Lučenec,Banskobystrický,hamlet,19.60486,48.3393
60925510,Lučenec - Opatová,lucenec opatova,Lučenec,Banskobystrický,village,19.678793,48.339429
60925511,Lučenec - Malá Ves,lucenec mala ves,Lučenec,Banskobystrický,village,19.685803,48.333493
60926238,Lučenec - Dolná Slatinka,lucenec dolna slatinka,Lučenec,Banskobystrický,hamlet,19.688423,48.346913
60926239,Lučenec - Horná Slatinka,lucenec horna slatinka,Lučenec,Banskobystrický,hamlet,19.705188,48.347567
60926660,Mikušovce,mikusovce,Lučenec,Banskobystrický,village,19.685408,48.300429
60926864,Kalinovo - Hrabovo,kalinovo hrabovo,Poltár,Banskobystrický,hamlet,19.716188,48.389901
60927626,Hrnčiarska Ves,hrnciarska ves,Poltár,Banskobystrický,village,19.859176,48.432523
60928288,Tisovec - Rimavská Píla,tisovec rimavska pila,Rimavská Sobota,Banskobystrický,village,19.9448,48.648536
60929755,Poltár - Slaná Lehota,poltar slana lehota,Poltár,Banskobystrický,village,19.801824,48.45604
60930219,Lehota nad Rimavicou,lehota nad rimavicou,Rimavská Sobota,Banskobystrický,village,19.904509,48.515256
60931599,Petrová,petrova,Bardejov,Prešovský,village,21.129664,49.386055
60932023,Utekáč - Salajka,utekac salajka,Poltár,Banskobystrický,hamlet,19.792231,48.612371
60932025,Kokava nad Rimavicou - Línia,kokava nad rimavicou linia,Poltár,Banskobystrický,hamlet,19.724479,48.590191
60932026,Kokava nad Rimavicou - Háj,kokava nad rimavicou haj,Poltár,Banskobystrický,hamlet,19.725427,48.600996
62398977,Jesenské,jesenske,Levice,Nitriansky,hamlet,18.419381,48.186656
62652992,Hrnčiarska Ves - Maštinec,hrnciarska ves mastinec,Poltár,Banskobystrický,hamlet,19.8268,48.415819
64707905,Letisko Lučenec,letisko lucenec,Lučenec,Banskobystrický,airport,19.733317,48.338639
64713088,Boľkovce - Boľkovská osada,bolkovce bolkovska osada,Lučenec,Banskobystrický,hamlet,19.722527,48.335221
64761187,Buzitka,buzitka,Lučenec,Banskobystrický,village,19.80009,48.30772
64763151,Nové Hony,nove hony,Lučenec,Banskobystrický,village,19.829085,48.362842
64769613,Buzitka - Krásna,buzitka krasna,Lučenec,Banskobystrický,hamlet,19.812756,48.320045
64769615,Buzitka - Nový Sad,buzitka novy sad,Lučenec,Banskobystrický,hamlet,19.816551,48.327093
64769618,Buzitka - Ipeľka,buzitka ipelka,Lučenec,Banskobystrický,hamlet,19.815224,48.33413
64769621,Buzitka - Dora,buzitka dora,Lučenec,Banskobystrický,hamlet,19.802453,48.345721
64772081,Fiľakovské Kováče - Kurtáň,filakovske kovace kurtan,Lučenec,Banskobystrický,hamlet,19.794971,48.288096
64772085,Fiľakovské Kováče - Fiľakovské Kľačany,filakovske kovace filakovske klacany,Lučenec,Banskobystrický,hamlet,19.753233,48.290254
64781701,Kráľ,kral,Rimavská Sobota,Banskobystrický,village,20.341457,48.328217
64879515,Riečka,riecka,Banská Bystrica,Banskobystrický,village,19.074786,48.761664
67815407,Látky - Polianky,latky polianky,Detva,Banskobystrický,hamlet,19.683588,48.609798
67822121,Látky - Mláky,latky mlaky,Detva,Banskobystrický,hamlet,19.672027,48.59725
81164442,Rimavská Sobota - Dúžava,rimavska sobota duzava,Rimavská Sobota,Banskobystrický,village,19.991816,48.351387
81283663,Hnúšťa - Hačava,hnusta hacava,Rimavská Sobota,Banskobystrický,village,19.952497,48.625629
81583099,Rimavská Sobota - Bakta,rimavska sobota bakta,Rimavská Sobota,Banskobystrický,village,20.094756,48.390608
81594790,Tornaľa - Behynce,tornala behynce,Revúca,Banskobystrický,village,20.293671,48.422834
81604301,Gemerská Ves,gemerska ves,Revúca,Banskobystrický,village,20.272614,48.479739
81608001,Tornaľa - Starňa,tornala starna,Revúca,Banskobystrický,hamlet,20.334822,48.437812
82460355,Hajnáčka - Gortva,hajnacka gortva,Rimavská Sobota,Banskobystrický,hamlet,19.959155,48.249891
82460356,Šiatorská Bukovinka,siatorska bukovinka,Lučenec,Banskobystrický,village,19.828686,48.183391
82461113,Biskupice,biskupice,Lučenec,Banskobystrický,village,19.835009,48.250343
82463776,Veľká nad Ipľom,velka nad iplom,Lučenec,Banskobystrický,village,19.619042,48.263708
82465557,Lipovany,lipovany,Lučenec,Banskobystrický,village,19.707683,48.220006
82466760,Ratka,ratka,Lučenec,Banskobystrický,village,19.785405,48.245566
82469052,Čakanovce,cakanovce,Lučenec,Banskobystrický,village,19.812997,48.214204
82470516,Trebeľovce - Muľka,trebelovce mulka,Lučenec,Banskobystrický,hamlet,19.70045,48.279789
82472958,Pôtor - Žihľava,potor zihlava,Veľký Krtíš,Banskobystrický,hamlet,19.428758,48.224353
84487138,Vígľaš - Pstruša,viglas pstrusa,Detva,Banskobystrický,hamlet,19.318035,48.546317
98034637,Hontianske Nemce - Rakovec,hontianske nemce rakovec,Krupina,Banskobystrický,hamlet,19.005934,48.289668
98074002,Príbelce,pribelce,Veľký Krtíš,Banskobystrický,village,19.257227,48.195658
98078054,Závada,zavada,Veľký Krtíš,Banskobystrický,village,19.48332,48.292301
99045518,Píla,pila,Lučenec,Banskobystrický,village,19.506694,48.48263
100258511,Sebedín - Bečov časť Sebedín,sebedin becov cast sebedin,Banská Bystrica,Banskobystrický,village,19.240031,48.63628
100258514,Sebedín - Bečov časť Bečov,sebedin becov cast becov,Banská Bystrica,Banskobystrický,village,19.243127,48.649884
101178047,Beňuš - Gašparovo,benus gasparovo,Brezno,Banskobystrický,village,19.740779,48.826382
101194542,Polomka - Hámor,polomka hamor,Brezno,Banskobystrický,hamlet,19.895569,48.850953
101212775,Pohorelá - Pohorelská Maša,pohorela pohorelska masa,Brezno,Banskobystrický,hamlet,20.034152,48.84507
101235664,Šumiac - Červená Skala,sumiac cervena skala,Brezno,Banskobystrický,hamlet,20.136797,48.8196
102575314,Jelšovec - Solisko,jelsovec solisko,Lučenec,Banskobystrický,hamlet,19.585229,48.300018
102585118,Cinobaňa - Katarínska Huta,cinobana katarinska huta,Poltár,Banskobystrický,hamlet,19.635473,48.463044
102585123,Cinobaňa - Turíčky,cinobana turicky,Poltár,Banskobystrický,hamlet,19.670043,48.451517
102585170,Cinobaňa - Hrnčiarky,cinobana hrnciarky,Poltár,Banskobystrický,hamlet,19.607877,48.508336
102594126,Banská Bystrica - Šalková,banska bystrica salkova,Banská Bystrica,Banskobystrický,village,19.217147,48.743077
102601908,Zvolen - Zolná,zvolen zolna,Zvolen,Banskobystrický,village,19.222262,48.597483
102604488,Zvolen - Lukové,zvolen lukove,Zvolen,Banskobystrický,village,19.193455,48.604148
102606660,Hnúšťa - Likier,hnusta likier,Rimavská Sobota,Banskobystrický,hamlet,19.957997,48.55955
105017468,Lieskovec,lieskovec,Zvolen,Banskobystrický,village,19.191687,48.575002
105032974,Panické Dravce - Margočova osada,panicke dravce margocova osada,Lučenec,Banskobystrický,hamlet,19.639177,48.281843
105095987,Mučín - Telka,mucin telka,Lučenec,Banskobystrický,hamlet,19.710486,48.232216
105178600,Trebeľovce - Lazy,trebelovce lazy,Lučenec,Banskobystrický,hamlet,19.72178,48.293903
105188902,Trebeľovce - Horná Baba,trebelovce horna baba,Lučenec,Banskobystrický,hamlet,19.766105,48.266995
105188914,Trebeľovce - Dolná Baba,trebelovce dolna baba,Lučenec,Banskobystrický,hamlet,19.741781,48.268128
107702767,Stratená,stratena,Rožňava,Košický,hamlet,20.342106,48.871073
109566263,Sládkovičovo - Nový dvor,sladkovicovo novy dvor,Galanta,Trnavský,suburb,17.596743,48.215947
114660327,Látky - Čechánky,latky cechanky,Detva,Banskobystrický,hamlet,19.590241,48.548886
114660955,Dolná Bzová,dolna bzova,Detva,Banskobystrický,hamlet,19.500433,48.520068
114660956,Detvianska huta - Vrchdobroč,detvianska huta vrchdobroc,Detva,Banskobystrický,hamlet,19.567905,48.539419
122214934,Horná Zlatná,horna zlatna,Komárno,Nitriansky,hamlet,17.950522,47.784133
130174152,Ozdín - Bystrička,ozdin bystricka,Poltár,Banskobystrický,hamlet,19.699084,48.466289
130177342,České Brezovo - Vaľkovo,ceske brezovo valkovo,Poltár,Banskobystrický,hamlet,19.823893,48.468246
147632271,Pravica - Imrov Kopec,pravica imrov kopec,Veľký Krtíš,Banskobystrický,hamlet,19.43411,48.328848
147662831,Chrťany - Jazero,chrtany jazero,Veľký Krtíš,Banskobystrický,hamlet,19.46212,48.278498
147662836,Senné - Príboj,senne priboj,Veľký Krtíš,Banskobystrický,hamlet,19.41361,48.331454
148113833,Dolná Strehová - Prieloh,dolna strehova prieloh,Veľký Krtíš,Banskobystrický,hamlet,19.533784,48.227684
148116335,Dolná Strehová - Dúbrava,dolna strehova dubrava,Veľký Krtíš,Banskobystrický,hamlet,19.498333,48.276637
148853977,Pôtor - Slatinka,potor slatinka,Veľký Krtíš,Banskobystrický,hamlet,19.407176,48.235489
149062138,Brusník,brusnik,Veľký Krtíš,Banskobystrický,hamlet,19.401325,48.299763
149079920,Senné,senne,Veľký Krtíš,Banskobystrický,village,19.39567,48.30887
149079927,Šuľa,sula,Veľký Krtíš,Banskobystrický,hamlet,19.406858,48.354881
149100963,Nedelište,nedeliste,Lučenec,Banskobystrický,hamlet,19.418442,48.383668
149100968,Červeňany,cervenany,Veľký Krtíš,Banskobystrický,hamlet,19.386254,48.381231
149100973,Horný Tisovník - Dolný Tisovník,horny tisovnik dolny tisovnik,Detva,Banskobystrický,hamlet,19.378543,48.390011
154141005,Kováčovce - Peťov,kovacovce petov,Veľký Krtíš,Banskobystrický,hamlet,19.480628,48.107423
154141010,Čeláre - Kirť,celare kirt,Veľký Krtíš,Banskobystrický,hamlet,19.48352,48.119472
154815409,Čeláre,celare,Veľký Krtíš,Banskobystrický,village,19.491346,48.141466
154825639,Kiarov - Malý Kiarov,kiarov maly kiarov,Veľký Krtíš,Banskobystrický,hamlet,19.430241,48.11071
154835189,Olováry - Potôčik,olovary potocik,Veľký Krtíš,Banskobystrický,hamlet,19.438454,48.16535
154840212,Nová Ves,nova ves,Veľký Krtíš,Banskobystrický,village,19.364858,48.168505
154848719,Slovenské Ďarmoty - Iliašov,slovenske darmoty iliasov,Veľký Krtíš,Banskobystrický,hamlet,19.26609,48.097428
154866909,Slovenské Ďarmoty,slovenske darmoty,Veľký Krtíš,Banskobystrický,village,19.295209,48.090591
154877864,Koláre,kolare,Veľký Krtíš,Banskobystrický,village,19.244477,48.070024
154892078,Seľany,selany,Veľký Krtíš,Banskobystrický,village,19.190917,48.157032
154896892,Balog nad Ipľom,balog nad iplom,Veľký Krtíš,Banskobystrický,village,19.133824,48.076522
154905240,Hrušov,hrusov,Veľký Krtíš,Banskobystrický,village,19.091374,48.154451
158527517,Záhorce - Selešťany,zahorce selestany,Veľký Krtíš,Banskobystrický,hamlet,19.336717,48.090507
158563767,Príbelce - Škriavník,pribelce skriavnik,Veľký Krtíš,Banskobystrický,hamlet,19.289914,48.180833
168718252,Aňala,anala,Komárno,Nitriansky,hamlet,18.138703,47.95743
172612545,Čierny Potok - Durenda,cierny potok durenda,Rimavská Sobota,Banskobystrický,hamlet,19.953609,48.292549
172612551,Hodejov - Úsvit,hodejov usvit,Rimavská Sobota,Banskobystrický,hamlet,19.951988,48.307827
174448922,Nová Bašta - Bakov,nova basta bakov,Rimavská Sobota,Banskobystrický,hamlet,19.980211,48.169216
174449023,Nová Bašta,nova basta,Rimavská Sobota,Banskobystrický,village,19.946604,48.17237
176324754,Petrovce,petrovce,Rimavská Sobota,Banskobystrický,village,20.020085,48.18691
176353858,Gemerské Dechtáre,gemerske dechtare,Rimavská Sobota,Banskobystrický,village,20.036345,48.248729
178165830,Orávka,oravka,Rimavská Sobota,Banskobystrický,hamlet,20.194696,48.309247
178820650,Kružno,kruzno,Rimavská Sobota,Banskobystrický,village,19.933298,48.410458
190532056,Komárno - Malá Iža,komarno mala iza,Komárno,Nitriansky,hamlet,18.152468,47.761409
190560157,Bystrička,bystricka,Komárno,Nitriansky,hamlet,18.358028,47.763451
190788008,Zemplínske Hámre,zemplinske hamre,Snina,Prešovský,village,22.156555,48.949527
192551076,Komárno - Čerhát,komarno cerhat,Komárno,Nitriansky,hamlet,18.01116,47.787711
192683268,Violín,violin,Komárno,Nitriansky,hamlet,17.965487,47.838723
192683275,Štúrová,sturova,Komárno,Nitriansky,hamlet,17.945599,47.834672
198166223,Jatov,jatov,Nové Zámky,Nitriansky,village,18.028264,48.128462
198449717,Smolník,smolnik,Gelnica,Košický,village,20.742695,48.728327
198449718,Štós,stos,Košice - okolie,Košický,village,20.786871,48.709272
199249752,Studené,studene,Senec,Bratislavský,hamlet,17.296046,48.128473
201787802,Jablonové,jablonove,Malacky,Bratislavský,village,17.095583,48.349328
203077481,Poprad,poprad,Poprad,Prešovský,town,20.29764,49.054152
204830943,Vinohrady nad Váhom,vinohrady nad vahom,Galanta,Trnavský,village,17.766113,48.300461
204830950,Dvorníky - Dolné Borody,dvorniky dolne borody,Hlohovec,Trnavský,village,17.760598,48.343588
204874381,Nitra - Dražovce,nitra drazovce,Nitra,Nitriansky,village,18.058305,48.351537
205261237,Práznovce,praznovce,Topoľčany,Nitriansky,village,18.210483,48.5661
205261240,Baštín,bastin,Partizánske,Trenčiansky,village,18.236212,48.560859
205287887,Partizánske - Návojovce,partizanske navojovce,Partizánske,Trenčiansky,suburb,18.365049,48.649461
205287889,Partizánske - Veľké Bielice,partizanske velke bielice,Partizánske,Trenčiansky,suburb,18.354339,48.636409
205287892,Partizánske - Malé Bielice,partizanske male bielice,Partizánske,Trenčiansky,suburb,18.334514,48.629638
205328720,Stropkov - Sitníky,stropkov sitniky,Stropkov,Prešovský,village,21.660932,49.179696
206236804,Štefanská huta,stefanska huta,Gelnica,Košický,village,20.956296,48.91517
206245047,Závadka,zavadka,Humenné,Prešovský,village,21.839919,48.926877
206656343,Letisko Očová,letisko ocova,Zvolen,Banskobystrický,airport,19.268717,48.594677
208706644,Dargov,dargov,Trebišov,Košický,village,21.586305,48.73178
216002356,Čerín - Čačín,cerin cacin,Banská Bystrica,Banskobystrický,hamlet,19.255343,48.665017
216002365,Poniky - Ponická Huta,poniky ponicka huta,Banská Bystrica,Banskobystrický,hamlet,19.299161,48.691089
216002369,Poniky - Ponická Lehôtka,poniky ponicka lehotka,Banská Bystrica,Banskobystrický,hamlet,19.298448,48.720948
219780338,Môlča,molca,Banská Bystrica,Banskobystrický,village,19.229954,48.710556
220065497,Sliač - Sampor,sliac sampor,Zvolen,Banskobystrický,hamlet,19.200699,48.629635
220065507,Lukavica,lukavica,Zvolen,Banskobystrický,hamlet,19.207251,48.64143
221181972,Nový Svet,novy svet,Senec,Bratislavský,hamlet,17.480469,48.214248
227141889,Zemplínska Teplica,zemplinska teplica,Trebišov,Košický,village,21.573989,48.646045
227575401,Sady nad Torysou,sady nad torysou,Košice - okolie,Košický,village,21.346814,48.707521
229512936,Lovinobaňa - Uderiná,lovinobana uderina,Lučenec,Banskobystrický,hamlet,19.609082,48.420802
232330914,Kokšov-Bakša,koksov baksa,Košice - okolie,Košický,village,21.322655,48.647508
242040255,Lešť (vojenský obvod),lest vojensky obvod,Zvolen,Banskobystrický,hamlet,19.253789,48.398298
242049009,Korytárky,korytarky,Detva,Banskobystrický,village,19.469591,48.547885
242057839,Vígľašská Huta - Kalinka,viglasska huta kalinka,Detva,Banskobystrický,village,19.277894,48.493963
243237578,Košické Oľšany,kosicke olsany,Košice - okolie,Košický,village,21.344164,48.731627
243422924,Detva - Skliarovo,detva skliarovo,Detva,Banskobystrický,hamlet,19.450088,48.5838
243712789,Zdoba,zdoba,Košice - okolie,Košický,village,21.331779,48.705831
243712969,Ďurkov,durkov,Košice - okolie,Košický,village,21.439298,48.708496
243752539,Barca,barca,Rimavská Sobota,Banskobystrický,village,20.230043,48.373199
243757610,Včelince,vcelince,Rimavská Sobota,Banskobystrický,village,20.304335,48.38591
243851695,Slovensko,slovensko,Rimavská Sobota,Banskobystrický,country,20.149364,48.483652
244322203,Súľov,sulov,Bytča,Žilinský,village,18.58774,49.164975
244500377,Vysoké Tatry - Tatranská Kotlina,vysoke tatry tatranska kotlina,Poprad,Prešovský,hamlet,20.317637,49.2295
244501863,Dolný Harmanec,dolny harmanec,Banská Bystrica,Banskobystrický,village,19.050931,48.815627
244501864,Horný Harmanec,horny harmanec,Banská Bystrica,Banskobystrický,hamlet,19.034399,48.822965
244878052,Oravský Podzámok - Široká,oravsky podzamok siroka,Dolný Kubín,Žilinský,hamlet,19.337874,49.246211
244988991,Stakčínska Roztoka,stakcinska roztoka,Snina,Prešovský,village,22.282062,49.001389
245421103,Chatová oblasť Suchý Vrch,chatova oblast suchy vrch,Pezinok,Bratislavský,locality,17.206904,48.291852
245535959,Stankovce,stankovce,Trebišov,Košický,village,21.657952,48.764845
245535961,Kravany,kravany,Trebišov,Košický,village,21.640695,48.759757
247208426,Hodkovce,hodkovce,Košice - okolie,Košický,village,21.101256,48.677206
247892542,Majdán,majdan,Trnava,Trnavský,hamlet,17.390219,48.47167
248952422,Kalná nad Hronom,kalna nad hronom,Levice,Nitriansky,village,18.520036,48.202211
248952601,Veľký Ďur,velky dur,Levice,Nitriansky,village,18.448702,48.213938
249555712,Vrbovce,vrbovce,Myjava,Trenčiansky,village,17.468989,48.799817
249557522,Stará Myjava,stara myjava,Myjava,Trenčiansky,village,17.584926,48.788198
249557523,Poriadie,poriadie,Myjava,Trenčiansky,village,17.608252,48.775141
249558232,Košariská,kosariska,Myjava,Trenčiansky,village,17.589761,48.673472
249558389,Priepasné,priepasne,Myjava,Trenčiansky,village,17.566298,48.696154
249558390,Polianka,polianka,Myjava,Trenčiansky,village,17.578802,48.72266
249558391,Jablonka,jablonka,Myjava,Trenčiansky,village,17.609711,48.726133
249558554,Hrašné,hrasne,Myjava,Trenčiansky,village,17.67258,48.751596
250456642,Podhájska,podhajska,Nové Zámky,Nitriansky,village,18.339624,48.10382
251088825,Rimavská Sobota - Nižná Pokoradz,rimavska sobota nizna pokoradz,Rimavská Sobota,Banskobystrický,hamlet,20.026753,48.407643
251088826,Rimavská Sobota - Vyšná Pokoradz,rimavska sobota vysna pokoradz,Rimavská Sobota,Banskobystrický,hamlet,20.019596,48.417843
251088913,Hrušovo - Ostrany,hrusovo ostrany,Rimavská Sobota,Banskobystrický,hamlet,20.046934,48.495172
251088936,Hrušovo - Striežovce,hrusovo striezovce,Rimavská Sobota,Banskobystrický,hamlet,20.036773,48.533232
251089003,Babinec,babinec,Rimavská Sobota,Banskobystrický,hamlet,20.003779,48.512219
251089208,Kyjatice - Kadlub,kyjatice kadlub,Rimavská Sobota,Banskobystrický,hamlet,19.998142,48.549149
251389874,Bodzianske Lúky,bodzianske luky,Komárno,Nitriansky,village,17.896539,47.888504
251750231,Lipové,lipove,Komárno,Nitriansky,hamlet,17.855509,47.840185
251751953,Patince,patince,Komárno,Nitriansky,village,18.308843,47.746607
251751954,Virt,virt,Komárno,Nitriansky,village,18.321583,47.753718
251752115,Vrbová nad Váhom,vrbova nad vahom,Komárno,Nitriansky,village,18.049758,47.849508
251752874,Lúč na Ostrove,luc na ostrove,Dunajská Streda,Trnavský,village,17.521693,47.9775
251753808,Plavecký Peter,plavecky peter,Senica,Trnavský,village,17.324235,48.538107
251754899,Cerová,cerova,Senica,Trnavský,village,17.382769,48.586342
252860414,Hruboňovo,hrubonovo,Nitra,Nitriansky,village,18.022979,48.443283
253040013,Čierny Balog - Vydrovo,cierny balog vydrovo,Brezno,Banskobystrický,hamlet,19.654373,48.746013
253040790,Hriňová - Vrchslatina,hrinova vrchslatina,Detva,Banskobystrický,hamlet,19.617717,48.644629
253042558,Brezno - Predné Halny,brezno predne halny,Brezno,Banskobystrický,hamlet,19.654974,48.8135
253042559,Brezno - Zadné Halny,brezno zadne halny,Brezno,Banskobystrický,hamlet,19.666995,48.818841
253213592,Kalša,kalsa,Košice - okolie,Košický,village,21.524982,48.613519
253294203,Pliešovce,pliesovce,Zvolen,Banskobystrický,village,19.152915,48.425462
253302162,Blýskavica,blyskavica,Detva,Banskobystrický,hamlet,19.292098,48.466072
253404308,Kyslinky,kyslinky,Banská Bystrica,Banskobystrický,hamlet,19.431611,48.654426
253655807,Obrázok,obrazok,Turčianske Teplice,Žilinský,locality,18.982369,48.768643
253715515,Dolná Zálomská,dolna zalomska,Zvolen,Banskobystrický,locality,19.45068,48.64468
254259480,Dolný Jalšovík,dolny jalsovik,Krupina,Banskobystrický,hamlet,19.102308,48.309723
254259481,Horný Jalšovík,horny jalsovik,Krupina,Banskobystrický,hamlet,19.105427,48.321283
254466943,Dobroč,dobroc,Lučenec,Banskobystrický,village,19.566196,48.475142
254534082,Podtureň - Roveň,podturen roven,Liptovský Mikuláš,Žilinský,hamlet,19.710453,49.039406
254862704,Liptovský Hrádok - Dovalovo,liptovsky hradok dovalovo,Liptovský Mikuláš,Žilinský,village,19.756588,49.050773
254864092,Liptovský Peter,liptovsky peter,Liptovský Mikuláš,Žilinský,village,19.735175,49.053383
255125011,Plavecký Mikuláš,plavecky mikulas,Malacky,Bratislavský,village,17.296326,48.518693
255126555,Mikulášov,mikulasov,Senica,Trnavský,hamlet,17.214667,48.570408
256573145,Sása,sasa,Zvolen,Banskobystrický,village,19.135631,48.435144
257077547,Zaježová,zajezova,Zvolen,Banskobystrický,hamlet,19.212443,48.454413
257726654,Letisko Sliač,letisko sliac,Zvolen,Banskobystrický,airport,19.135837,48.638081
258031754,Kecerovce,kecerovce,Košice - okolie,Košický,village,21.414026,48.825475
258174343,Vysoké Tatry - Nová Polianka,vysoke tatry nova polianka,Poprad,Prešovský,hamlet,20.152335,49.119374
258174354,Vysoké Tatry - Vyšné Hágy,vysoke tatry vysne hagy,Poprad,Prešovský,hamlet,20.124938,49.117541
258174372,Vysoké Tatry - Tatranská Polianka,vysoke tatry tatranska polianka,Poprad,Prešovský,hamlet,20.186431,49.123318
258325761,Šuňava,sunava,Poprad,Prešovský,village,20.075106,49.033256
258604819,Duchenec,duchenec,Krupina,Banskobystrický,hamlet,19.194776,48.254133
258633800,Chrasť,chrast,Komárno,Nitriansky,hamlet,18.262361,47.917594
258854329,Huta,huta,Zvolen,Banskobystrický,hamlet,19.007333,48.602966
258854331,Tŕnie,trnie,Zvolen,Banskobystrický,village,19.033176,48.605023
259498163,Podhorie,podhorie,Banská Štiavnica,Banskobystrický,village,18.919769,48.498364
259590957,Neresnica,neresnica,Zvolen,Banskobystrický,hamlet,19.191198,48.433974
259590959,Zalúžok,zaluzok,Zvolen,Banskobystrický,hamlet,19.188347,48.426869
259641397,Vysoké Tatry - Horný Smokovec,vysoke tatry horny smokovec,Poprad,Prešovský,hamlet,20.236742,49.142523
259641398,Vysoké Tatry - Dolný Smokovec,vysoke tatry dolny smokovec,Poprad,Prešovský,hamlet,20.247379,49.127983
259641399,Vysoké Tatry - Tatranské Matliare,vysoke tatry tatranske matliare,Poprad,Prešovský,hamlet,20.29524,49.175297
259643643,Podspády,podspady,Poprad,Prešovský,hamlet,20.175425,49.281047
260102568,Kráľovce-Krnišov,kralovce krnisov,Krupina,Banskobystrický,hamlet,18.976207,48.351448
260225925,Pod Vŕškom,pod vrskom,Krupina,Banskobystrický,hamlet,18.960655,48.303252
260225927,Sitnianska Lehôtka,sitnianska lehotka,Krupina,Banskobystrický,hamlet,18.952802,48.322348
261637256,Vrátna,vratna,Žilina,Žilinský,hamlet,19.042354,49.208794
261637497,Štefanová,stefanova,Žilina,Žilinský,hamlet,19.062403,49.232609
261637498,Terchová,terchova,Žilina,Žilinský,village,19.030518,49.25922
262148600,Novy Mayer,novy mayer,Trebišov,Košický,suburb,21.78228,48.633509
262183717,Milhostov,milhostov,Trebišov,Košický,suburb,21.712725,48.66526
262263742,Kováčová,kovacova,Zvolen,Banskobystrický,village,19.10363,48.604203
262821550,Podnásad,podnasad,Zvolen,Banskobystrický,hamlet,19.208362,48.504164
262821551,Kráľová,kralova,Zvolen,Banskobystrický,hamlet,19.181091,48.506608
263363267,Kalište,kaliste,Banská Bystrica,Banskobystrický,locality,19.218124,48.836031
263386895,Preseľany nad Ipľom,preselany nad iplom,Levice,Nitriansky,hamlet,18.908573,48.070593
263639376,Korytnica,korytnica,Ružomberok,Žilinský,hamlet,19.281665,48.888734
264203763,Lehnice-Sása,lehnice sasa,Dunajská Streda,Trnavský,hamlet,17.442154,48.058008
264463861,Veľké Turovce,velke turovce,Levice,Nitriansky,village,18.942328,48.098982
264463862,Stredné Turovce,stredne turovce,Levice,Nitriansky,suburb,18.946548,48.106071
265039327,Turecká,turecka,Banská Bystrica,Banskobystrický,village,19.088026,48.847408
265097286,Hrušovo - Striežovce,hrusovo striezovce,Rimavská Sobota,Banskobystrický,hamlet,20.028258,48.528249
265099575,Potok,potok,Rimavská Sobota,Banskobystrický,hamlet,20.051828,48.560234
265099577,Rovné,rovne,Rimavská Sobota,Banskobystrický,hamlet,20.052303,48.581489
265645585,Perín-Chym,perin chym,Košice - okolie,Košický,village,21.185764,48.533491
266644250,Rykinčice,rykincice,Krupina,Banskobystrický,village,18.970812,48.202893
266850746,Mnešice,mnesice,Nové Mesto nad Váhom,Trenčiansky,suburb,17.835435,48.767896
267570944,Borský Ján - Tomky,borsky jan tomky,Senica,Trnavský,hamlet,17.090947,48.5733
267942378,Gajary,gajary,Malacky,Bratislavský,village,16.922298,48.468407
268010718,Male Levare,male levare,Malacky,Bratislavský,village,16.974051,48.500911
268162314,Kostolište,kostoliste,Malacky,Bratislavský,village,16.987039,48.445199
268169446,Jakubov,jakubov,Malacky,Bratislavský,village,16.9186,48.415736
268169448,Záhorská Ves,zahorska ves,Malacky,Bratislavský,village,16.853994,48.378873
268398011,Konske,konske,Martin,Žilinský,hamlet,19.069067,49.093346
270529803,Zvolen - Môťová,zvolen motova,Zvolen,Banskobystrický,village,19.151799,48.560924
270530323,Banská Bystrica - Radvaň,banska bystrica radvan,Banská Bystrica,Banskobystrický,village,19.126911,48.726392
271748111,Valentová,valentova,Martin,Žilinský,hamlet,18.881067,48.964776
271748112,Turčiansky Ďur,turciansky dur,Martin,Žilinský,hamlet,18.844258,48.95299
271953840,Háj,haj,Turčianske Teplice,Žilinský,village,18.879736,48.863446
272841448,Trenčín časť Zlatovce,trencin cast zlatovce,Trenčín,Trenčiansky,village,18.012449,48.903569
275773205,Zalužice,zaluzice,Michalovce,Košický,village,21.988493,48.762374
278285933,Malý Biel,maly biel,Senec,Bratislavský,locality,17.368958,48.222739
279637156,Borský Peter,borsky peter,Senica,Trnavský,village,17.217839,48.634915
282784321,Duchonka,duchonka,Topoľčany,Nitriansky,hamlet,18.090954,48.673978
288477525,Letisko Kráľová pri Senci,letisko kralova pri senci,Senec,Bratislavský,airport,17.466409,48.201222
288778546,Western City Šiklův Mlýn,western city sikluv mlyn,Liptovský Mikuláš,Žilinský,village,19.573987,49.107072
289648734,Chrenovec-Brusno,chrenovec brusno,Prievidza,Trenčiansky,village,18.725068,48.774546
289971667,Malá Lehôtka,mala lehotka,Prievidza,Trenčiansky,village,18.666937,48.765553
289971668,Hradec,hradec,Prievidza,Trenčiansky,village,18.683051,48.762501
290215660,Veľká Lehôtka,velka lehotka,Prievidza,Trenčiansky,village,18.671041,48.755815
290808290,Opatovský Sokolec,opatovsky sokolec,Dunajská Streda,Trnavský,hamlet,17.809714,47.898463
290808338,Dropie,dropie,Dunajská Streda,Trnavský,hamlet,17.793131,47.921881
291773675,Hodruša - Hámre,hodrusa hamre,Žarnovica,Banskobystrický,village,18.801551,48.452641
292712174,Rev. Podzámčie,rev podzamcie,Žarnovica,Banskobystrický,hamlet,18.726671,48.520886
293117460,Drienčie,driencie,Žarnovica,Banskobystrický,hamlet,18.658623,48.47779
293939391,Banská Bystrica - Podlavice,banska bystrica podlavice,Banská Bystrica,Banskobystrický,village,19.108609,48.742835
295383274,Doma,doma,Senec,Bratislavský,locality,17.344845,48.154777
298308938,Tanečník,tanecnik,Námestovo,Žilinský,locality,19.161085,49.385345
298462146,Uhliská,uhliska,Zvolen,Banskobystrický,locality,19.201911,48.43065
298606064,Istebník,istebnik,Trenčín,Trenčiansky,village,18.031284,48.901699
298606065,Trenčín časť Orechové,trencin cast orechove,Trenčín,Trenčiansky,village,18.037516,48.904261
298606434,Biskupice,biskupice,Trenčín,Trenčiansky,village,18.021383,48.88011
299730231,Kubrá,kubra,Trenčín,Trenčiansky,village,18.085409,48.893523
299758214,Opatová,opatova,Trenčín,Trenčiansky,village,18.093683,48.914093
300420596,Čierny Váh,cierny vah,Liptovský Mikuláš,Žilinský,hamlet,19.938317,49.015274
300477099,Sihoť,sihot,Trenčín,Trenčiansky,locality,18.051444,48.899766
301198034,Rúbanisko,rubanisko,Lučenec,Banskobystrický,locality,19.645578,48.335745
301223319,Dolné mesto,dolne mesto,Trenčín,Trenčiansky,locality,18.035396,48.8905
301223320,Dlhé Hony,dlhe hony,Trenčín,Trenčiansky,locality,18.03145,48.879272
301223321,Ostrov,ostrov,Trenčín,Trenčiansky,locality,18.050938,48.904723
301223323,Juh,juh,Trenčín,Trenčiansky,locality,18.045033,48.874791
302428722,Hrad Pajštún,hrad pajstun,Malacky,Bratislavský,locality,17.081658,48.275148
302428755,Pod Kozliskom,pod kozliskom,Malacky,Bratislavský,locality,17.100722,48.269737
302428960,Dračí hrádok,draci hradok,Malacky,Bratislavský,locality,17.111263,48.254925
302429618,Bystrické,bystricke,Bratislava IV,Bratislavský,locality,17.116794,48.244874
302611773,Nové Zlatovce,nove zlatovce,Trenčín,Trenčiansky,locality,18.015669,48.896221
302617076,Kvetná,kvetna,Trenčín,Trenčiansky,locality,18.026595,48.897872
305408810,Šarkan - Diva,sarkan diva,Nové Zámky,Nitriansky,hamlet,18.578823,47.868538
305472021,Malá Mužla,mala muzla,Nové Zámky,Nitriansky,hamlet,18.547106,47.822196
306594913,Štrba - Štrbské Pleso,strba strbske pleso,Poprad,Prešovský,village,20.063465,49.119853
306596159,Vysoké Tatry - Tatranské Zruby,vysoke tatry tatranske zruby,Poprad,Prešovský,hamlet,20.198643,49.129024
306597070,Vysoké Tatry - Tatranská Lesná,vysoke tatry tatranska lesna,Poprad,Prešovský,hamlet,20.256992,49.150476
307636030,Sekyl,sekyl,Bratislava IV,Bratislavský,locality,17.072547,48.232599
307636195,Za Kačínom,za kacinom,Bratislava III,Bratislavský,locality,17.070389,48.219257
308180782,Lehota pod Vtáčnikom,lehota pod vtacnikom,Prievidza,Trenčiansky,village,18.600392,48.695466
310016825,Kamenec pod Vtáčnikom,kamenec pod vtacnikom,Prievidza,Trenčiansky,village,18.546625,48.672148
310526284,Krškany,krskany,Levice,Nitriansky,village,18.670036,48.221253
312387232,Tesárske Mlyňany,tesarske mlynany,Zlaté Moravce,Nitriansky,village,18.350798,48.332164
313973476,Blažov,blazov,Dunajská Streda,Trnavský,hamlet,17.659135,47.986098
315292415,Baláže,balaze,Banská Bystrica,Banskobystrický,hamlet,19.195608,48.814
320167310,Turček,turcek,Turčianske Teplice,Žilinský,village,18.925525,48.758302
321863497,Andač,andac,Nitra,Nitriansky,village,17.974816,48.375662
322690431,Hliník,hlinik,Komárno,Nitriansky,hamlet,18.095849,47.83754
322691466,Zlatá Osada,zlata osada,Komárno,Nitriansky,hamlet,18.055397,47.87284
322692194,Stará Gúta,stara guta,Komárno,Nitriansky,hamlet,18.030945,47.915864
325619748,U Slivu,u slivu,Bratislava IV,Bratislavský,locality,17.103827,48.223125
325621381,Horaren Pekna cesta,horaren pekna cesta,Bratislava III,Bratislavský,locality,17.120936,48.208464
325622459,Sanatorium,sanatorium,Bratislava III,Bratislavský,locality,17.097771,48.203556
329043423,Oravská Poruba,oravska poruba,Dolný Kubín,Žilinský,village,19.253191,49.19767
335769333,Banská Bystrica - Sásová,banska bystrica sasova,Banská Bystrica,Banskobystrický,village,19.163797,48.756802
338349039,Velčice,velcice,Zlaté Moravce,Nitriansky,village,18.303973,48.413317
339464018,Mníchova Lehota,mnichova lehota,Trenčín,Trenčiansky,village,18.061488,48.836126
340358304,Nedožery - Brezany,nedozery brezany,Prievidza,Trenčiansky,village,18.644873,48.816522
344651008,Ivanka Pri Nitre,ivanka pri nitre,Nitra,Nitriansky,village,18.11827,48.236235
344651599,Skalka,skalka,Žiar nad Hronom,Banskobystrický,hamlet,18.988152,48.739034
344705705,Častobrezie,castobrezie,Zvolen,Banskobystrický,hamlet,19.21762,48.483478
344705710,Sekier,sekier,Zvolen,Banskobystrický,hamlet,19.203372,48.477655
345098664,Žliabok,zliabok,Zvolen,Banskobystrický,locality,19.197907,48.425596
345266063,Horná Roveň,horna roven,Banská Štiavnica,Banskobystrický,hamlet,18.877824,48.44655
346242734,Za vrch lúka,za vrch luka,Zvolen,Banskobystrický,locality,19.036326,48.663212
347571936,Hájske,hajske,Šaľa,Nitriansky,village,17.867951,48.25559
347681832,Lúčky,lucky,Ružomberok,Žilinský,village,19.403636,49.128053
347713894,Lúčky - kúpele,lucky kupele,Ružomberok,Žilinský,hamlet,19.398893,49.131478
348027272,Michal nad Žitavou,michal nad zitavou,Nové Zámky,Nitriansky,village,18.282344,48.184857
348027273,Maňa,mana,Nové Zámky,Nitriansky,village,18.285713,48.15367
348028081,Rastislavice,rastislavice,Nové Zámky,Nitriansky,village,18.074248,48.134917
348029382,Lúčnica nad Žitavou,lucnica nad zitavou,Nitra,Nitriansky,village,18.284201,48.203588
352801022,Mičinské lúky,micinske luky,Banská Bystrica,Banskobystrický,locality,19.192098,48.695043
353786208,Banská Bystrica - Kremnička,banska bystrica kremnicka,Banská Bystrica,Banskobystrický,suburb,19.129027,48.695667
353873957,Obrázok,obrazok,Žiar nad Hronom,Banskobystrický,locality,18.96215,48.718515
354870383,Janíkovce,janikovce,Nitra,Nitriansky,village,18.142027,48.28353
355152748,Dolné Krškany,dolne krskany,Nitra,Nitriansky,locality,18.097156,48.271054
355503743,Lietavská Svinná,lietavska svinna,Žilina,Žilinský,village,18.676323,49.152362
356202305,Šaľa - Veča,sala veca,Šaľa,Nitriansky,suburb,17.887422,48.166591
356622087,Zaľubica,zalubica,Kežmarok,Prešovský,village,20.492819,49.115279
356650766,Ľubické Kúpele,lubicke kupele,Kežmarok,Prešovský,hamlet,20.534791,49.139587
357567173,Trenčianske Stankovce,trencianske stankovce,Trenčín,Trenčiansky,village,17.987249,48.838974
357932142,Kunov,kunov,Senica,Trnavský,village,17.396607,48.694437
360600673,Babkov,babkov,Žilina,Žilinský,village,18.640222,49.157308
360612579,Kubínska hoľa,kubinska hola,Dolný Kubín,Žilinský,locality,19.255329,49.271648
360621445,Štefanka,stefanka,Banská Bystrica,Banskobystrický,locality,19.025312,48.794032
362193672,Šípkové,sipkove,Piešťany,Trnavský,village,17.71839,48.657029
364495111,Vysoké Tatry - Podbanské,vysoke tatry podbanske,Liptovský Mikuláš,Žilinský,hamlet,19.902051,49.141612
369895567,Čadečka,cadecka,Čadca,Žilinský,village,18.787625,49.454143
369960802,Žarec,zarec,Čadca,Žilinský,locality,18.791334,49.431757
369960878,Kyčerka,kycerka,Čadca,Žilinský,locality,18.773228,49.434781
369961069,Sídlisko 3,sidlisko 3,Čadca,Žilinský,locality,18.776857,49.437832
369961454,Centrum (Čadca),centrum cadca,Čadca,Žilinský,locality,18.787265,49.438363
369961477,ČADCA,cadca,Čadca,Žilinský,county,18.791494,49.44418
371292573,Gápel,gapel,Prievidza,Trenčiansky,suburb,18.491814,48.913284
371504862,Kalinčiakovo,kalinciakovo,Levice,Nitriansky,village,18.659105,48.200867
371538108,Čankov,cankov,Levice,Nitriansky,village,18.708012,48.195567
371539216,Brhlovce,brhlovce,Levice,Nitriansky,village,18.740285,48.214444
372854565,Hradná,hradna,Bytča,Žilinský,village,18.592065,49.13631
374354263,Alžbetin ostrov,alzbetin ostrov,Komárno,Nitriansky,locality,18.108863,47.756532
374354715,Komárno - Nová osada,komarno nova osada,Komárno,Nitriansky,hamlet,18.110109,47.786199
374356306,Horná Potoň - Benkova Potoň,horna poton benkova poton,Dunajská Streda,Trnavský,hamlet,17.501972,48.043465
376271545,Bardejovské kúpele,bardejovske kupele,Bardejov,Prešovský,hamlet,21.273901,49.327324
377013413,Hájik,hajik,Žilina,Žilinský,suburb,18.709476,49.213048
378199978,Handlová časť Morovno,handlova cast morovno,Prievidza,Trenčiansky,suburb,18.739303,48.75397
379627718,Dobroč osada Brestina,dobroc osada brestina,Lučenec,Banskobystrický,hamlet,19.549081,48.541181
380651440,Javorina,javorina,Poprad,Prešovský,village,20.14149,49.265129
380651856,Lysá Polana,lysa polana,Poprad,Prešovský,hamlet,20.116595,49.263188
384901875,Šváby,svaby,Prešov,Prešovský,suburb,21.263165,48.969289
384901880,Solivar,solivar,Prešov,Prešovský,suburb,21.272106,48.976626
384901883,Sekčov,sekcov,Prešov,Prešovský,suburb,21.27126,48.990606
385833027,Nemce,nemce,Banská Bystrica,Banskobystrický,village,19.185154,48.7637
385842397,Hontianske Moravce,hontianske moravce,Krupina,Banskobystrický,village,18.841756,48.188232
385869629,Lovčica - Trubín,lovcica trubin,Žiar nad Hronom,Banskobystrický,village,18.783059,48.614073
385899530,Turňa nad Bodvou,turna nad bodvou,Košice - okolie,Košický,village,20.881877,48.600452
385907537,Raslavice,raslavice,Bardejov,Prešovský,village,21.326694,49.143819
385911062,Križovany nad Dudváhom,krizovany nad dudvahom,Trnava,Trnavský,village,17.651682,48.322017
385911718,Šúrovce,surovce,Trnava,Trnavský,village,17.720518,48.332118
385912521,Mútne,mutne,Námestovo,Žilinský,village,19.323235,49.460761
385913820,Liptovské Sliače,liptovske sliace,Ružomberok,Žilinský,village,19.390697,49.061607
385914805,Oravská Jasenica,oravska jasenica,Námestovo,Žilinský,village,19.435844,49.390418
385972792,Kynceľová,kyncelova,Banská Bystrica,Banskobystrický,village,19.18494,48.750459
385977903,Gemerské Teplice,gemerske teplice,Revúca,Banskobystrický,village,20.27132,48.602155
385978352,Gemerský Sad,gemersky sad,Revúca,Banskobystrický,village,20.325737,48.578765
385990848,Udiča,udica,Považská Bystrica,Trenčiansky,village,18.40107,49.167563
385991073,Gemerská Poloma,gemerska poloma,Rožňava,Košický,village,20.479031,48.714411
385991989,Vinodol,vinodol,Nitra,Nitriansky,village,18.206406,48.189437
386002822,Žitavany,zitavany,Zlaté Moravce,Nitriansky,village,18.421841,48.397297
386226248,Magnezitovce,magnezitovce,Revúca,Banskobystrický,village,20.224256,48.664737
386580184,Horné Obdokovce,horne obdokovce,Topoľčany,Nitriansky,village,18.045731,48.493402
386580642,Plevník - Drienové,plevnik drienove,Považská Bystrica,Trenčiansky,village,18.498058,49.169583
386581785,Hybe,hybe,Liptovský Mikuláš,Žilinský,village,19.831009,49.043832
386581849,Hraň,hran,Trebišov,Košický,village,21.78709,48.544342
386582533,Hronovce,hronovce,Levice,Nitriansky,village,18.659592,48.007841
386582794,Nová Dedina,nova dedina,Levice,Nitriansky,village,18.638821,48.279023
386588475,Radoľa,radola,Kysucké Nové Mesto,Žilinský,village,18.794346,49.290202
386588899,Ihľany,ihlany,Kežmarok,Prešovský,village,20.537567,49.188884
387185443,Dubnica,dubnica,Prievidza,Trenčiansky,suburb,18.586856,48.792574
387185444,Necpaly,necpaly,Prievidza,Trenčiansky,suburb,18.634047,48.78359
387185445,Kopanice,kopanice,Prievidza,Trenčiansky,suburb,18.641544,48.776808
387185446,Píly,pily,Prievidza,Trenčiansky,suburb,18.603339,48.772041
387185447,Kúty,kuty,Prievidza,Trenčiansky,suburb,18.620336,48.794079
390001363,Priepasné časť Dlhý Vŕšok,priepasne cast dlhy vrsok,Myjava,Trenčiansky,village,17.59322,48.691918
390759340,Sídlisko 2,sidlisko 2,Prešov,Prešovský,suburb,21.223357,48.997798
390759794,Sídlisko 3,sidlisko 3,Prešov,Prešovský,suburb,21.224856,49.010893
391299770,Gemerská Hôrka,gemerska horka,Rožňava,Košický,village,20.37775,48.535249
391300400,Gbeľany,gbelany,Žilina,Žilinský,village,18.845587,49.212775
391302222,Kátlovce,katlovce,Trnava,Trnavský,village,17.609539,48.525359
391521050,Jarná,jarna,Trnava,Trnavský,village,17.460935,48.32223
395398939,Podlužany,podluzany,Bánovce nad Bebravou,Trenčiansky,village,18.239113,48.770966
395488999,Timoradza,timoradza,Bánovce nad Bebravou,Trenčiansky,village,18.235978,48.81129
395489128,Krasna Ves,krasna ves,Bánovce nad Bebravou,Trenčiansky,village,18.230924,48.835786
395489266,Slatinka n/B,slatinka n b,Bánovce nad Bebravou,Trenčiansky,village,18.241575,48.841992
395489318,Slatina n/B,slatina n b,Bánovce nad Bebravou,Trenčiansky,village,18.263764,48.836832
395489418,Šípkov,sipkov,Bánovce nad Bebravou,Trenčiansky,village,18.292966,48.851061
395489665,Čierna Lehota,cierna lehota,Bánovce nad Bebravou,Trenčiansky,village,18.336639,48.871236
395489821,Ľutov,lutov,Bánovce nad Bebravou,Trenčiansky,village,18.280738,48.776785
395489822,Prusy,prusy,Bánovce nad Bebravou,Trenčiansky,village,18.260143,48.758555
395699238,Brunovce (časť),brunovce cast,Nové Mesto nad Váhom,Trenčiansky,hamlet,17.84717,48.683438
398164026,Šidlovec,sidlovec,Prešov,Prešovský,suburb,21.242562,49.031493
398166052,Nižná Šebastová,nizna sebastova,Prešov,Prešovský,suburb,21.275951,49.025978
402685846,Pohronský Bukovec,pohronsky bukovec,Banská Bystrica,Banskobystrický,hamlet,19.377501,48.835624
402703007,Tále,tale,Brezno,Banskobystrický,locality,19.602912,48.876092
409893903,Nižné Kamence,nizne kamence,Žilina,Žilinský,hamlet,19.002385,49.249705
409894807,Vyšné Kamence,vysne kamence,Žilina,Žilinský,hamlet,19.012857,49.25273
410716588,Nižná,nizna,Piešťany,Trnavský,village,17.656596,48.533208
411812802,Bukovec časť Bašnári,bukovec cast basnari,Myjava,Trenčiansky,village,17.504489,48.720602
416499148,Turčianska Štiavnička,turcianska stiavnicka,Martin,Žilinský,village,19.024554,49.088177
416499188,Košúty,kosuty,Martin,Žilinský,suburb,18.936429,49.089732
417021331,Dvorníky,dvorniky,Krupina,Banskobystrický,hamlet,18.927093,48.198382
417021366,Viničky,vinicky,Krupina,Banskobystrický,hamlet,19.138679,48.305533
417277802,Abrahámovce,abrahamovce,Bardejov,Prešovský,village,21.343526,49.161451
417278692,Abrahámovce,abrahamovce,Kežmarok,Prešovský,village,20.4433,49.042808
417282091,Zbehy,zbehy,Nitra,Nitriansky,village,18.019281,48.362539
417284993,Kráľova Lehota,kralova lehota,Liptovský Mikuláš,Žilinský,village,19.791838,49.021401
417284994,Malatíny,malatiny,Liptovský Mikuláš,Žilinský,village,19.456153,49.058176
418145253,Belá - Dulice,bela dulice,Martin,Žilinský,village,18.978538,49.003083
418145868,Maršová-Rašov,marsova rasov,Bytča,Žilinský,village,18.513679,49.181703
418146505,Kočín - Lančár,kocin lancar,Piešťany,Trnavský,village,17.655201,48.598295
418146506,Melčice - Lieskové,melcice lieskove,Trenčín,Trenčiansky,village,17.909946,48.84043
418150875,Krivosúd - Bodovka,krivosud bodovka,Trenčín,Trenčiansky,village,17.944965,48.819863
418150876,Kostolná - Záriečie,kostolna zariecie,Trenčín,Trenčiansky,village,17.96711,48.878828
418151566,Žitná - Radiša,zitna radisa,Bánovce nad Bebravou,Trenčiansky,village,18.346481,48.766826
418151886,Granč - Petrovce,granc petrovce,Levoča,Prešovský,village,20.803299,48.99824
418169086,Dvorníky - Včeláre,dvorniky vcelare,Košice - okolie,Košický,village,20.838146,48.60136
418176969,Zemplínske Jastrabie,zemplinske jastrabie,Trebišov,Košický,village,21.776447,48.501251
418177534,Hontianske Trsťany,hontianske trstany,Levice,Nitriansky,village,18.804302,48.206486
418178024,Mikulášová,mikulasova,Bardejov,Prešovský,village,21.391582,49.383378
418178937,Nechválova Polianka,nechvalova polianka,Humenné,Prešovský,village,22.093162,49.067568
418179332,Rokytov pri Humennom,rokytov pri humennom,Humenné,Prešovský,village,21.993771,49.103432
418179615,Zbojné,zbojne,Medzilaborce,Prešovský,village,21.996689,49.138821
418181547,Sulín,sulin,Stará Ľubovňa,Prešovský,village,20.754547,49.362924
418183099,Hlboké nad Váhom,hlboke nad vahom,Bytča,Žilinský,village,18.589554,49.21356
418183101,Bartošova Lehôtka,bartosova lehotka,Žiar nad Hronom,Banskobystrický,village,18.911247,48.654799
418183906,Horná Ždaňa,horna zdana,Žiar nad Hronom,Banskobystrický,village,18.750229,48.568543
418184643,Slovinky,slovinky,Spišská Nová Ves,Košický,village,20.844154,48.880296
418185593,Bara,bara,Trebišov,Košický,village,21.717396,48.424986
418628348,Záhorie (vojenský obvod),zahorie vojensky obvod,Malacky,Bratislavský,village,17.244415,48.55491
418628349,Valaškovce (vojenský obvod),valaskovce vojensky obvod,Humenné,Prešovský,village,22.086639,48.918213
418721507,Nová Polhora,nova polhora,Košice - okolie,Košický,village,21.316,48.832
418721508,Kaloša,kalosa,Rimavská Sobota,Banskobystrický,village,20.233,48.416
418721509,Lehôtka pod Brehmi,lehotka pod brehmi,Žiar nad Hronom,Banskobystrický,village,18.807,48.543
418721510,Prihradzany,prihradzany,Revúca,Banskobystrický,hamlet,20.239,48.584
418721511,Kostoľany nad Hornádom,kostolany nad hornadom,Košice - okolie,Košický,village,21.24,48.797
418721512,Jastrabie pri Michalovciach,jastrabie pri michalovciach,Michalovce,Košický,village,22.03,48.714
418721513,Kapušianske Kľačany,kapusianske klacany,Michalovce,Košický,village,22.106,48.53
418721514,Rakytník,rakytnik,Rimavská Sobota,Banskobystrický,village,20.175,48.392
418722409,Poruba pod Vihorlatom,poruba pod vihorlatom,Michalovce,Košický,village,22.137,48.825
418722410,Krišovská Liesková,krisovska lieskova,Michalovce,Košický,village,22.031,48.594
418722411,Vrbnica,vrbnica,Michalovce,Košický,village,21.883,48.678
418722413,Zemplínska Široká,zemplinska siroka,Michalovce,Košický,village,21.977,48.693
418722415,Bôrka,borka,Rožňava,Košický,village,20.764,48.631
418722417,Maťovské Vojkovce,matovske vojkovce,Michalovce,Košický,village,22.128,48.574
418722418,Zemplínske Kopčany,zemplinske kopcany,Michalovce,Košický,village,21.922,48.589
418722419,Ptrukša,ptruksa,Michalovce,Košický,village,22.139,48.488
418722420,Bohúňovo,bohunovo,Rožňava,Košický,village,20.385,48.514
418724517,Turčiansky Peter,turciansky peter,Martin,Žilinský,village,18.89,49.029
418724518,Adamovské Kochanovce,adamovske kochanovce,Trenčín,Trenčiansky,village,17.925,48.853
418724519,Klin nad Bodrogom,klin nad bodrogom,Trebišov,Košický,hamlet,21.724,48.384
418724520,Červenica pri Sabinove,cervenica pri sabinove,Sabinov,Prešovský,village,21.026,49.135
418724521,Staškovce,staskovce,Stropkov,Prešovský,village,21.755,49.28
418724523,Bodružal,bodruzal,Svidník,Prešovský,hamlet,21.708,49.354
418724524,Šútovce,sutovce,Prievidza,Trenčiansky,village,18.537,48.801
418724525,Soľník,solnik,Stropkov,Prešovský,hamlet,21.745,49.215
418724526,Okrúhle,okruhle,Svidník,Prešovský,village,21.552,49.182
418724527,Blažovce,blazovce,Turčianske Teplice,Žilinský,hamlet,18.845,48.939
418724528,Jablonov nad Turňou,jablonov nad turnou,Rožňava,Košický,village,20.673,48.593
418724529,Tatranská Javorina,tatranska javorina,Poprad,Prešovský,village,20.142,49.266
418724530,Korňa,korna,Čadca,Žilinský,village,18.541,49.414
418724531,Nitrica,nitrica,Prievidza,Trenčiansky,village,18.448,48.705
418724532,Kazimír,kazimir,Trebišov,Košický,village,21.584,48.527
418724533,Červená Voda,cervena voda,Sabinov,Prešovský,village,21.088,49.146
418724534,Ostratice,ostratice,Partizánske,Trenčiansky,village,18.281,48.644
418724535,Čierne Kľačany,cierne klacany,Zlaté Moravce,Nitriansky,village,18.421,48.352
418724536,Ruská Volová,ruska volova,Snina,Prešovský,hamlet,22.366,48.945
418724537,Dolný Chotár,dolny chotar,Galanta,Trnavský,village,17.867,48
418724538,Rafajovce,rafajovce,Vranov nad Topľou,Prešovský,hamlet,21.736,49.045
418724539,Hermanovce nad Topľou,hermanovce nad toplou,Vranov nad Topľou,Prešovský,village,21.509,48.982
418724540,Krškany,krskany,Levice,Nitriansky,village,18.676,48.223
418724541,Domaňovce,domanovce,Levoča,Prešovský,village,20.659,48.963
418724542,Medvedie,medvedie,Svidník,Prešovský,hamlet,21.64,49.399
418724543,Livovská Huta,livovska huta,Bardejov,Prešovský,hamlet,21.033,49.244
418724544,Brežany,brezany,Žilina,Žilinský,hamlet,18.671,49.19
418724545,Nová Kelča,nova kelca,Vranov nad Topľou,Prešovský,village,21.695,49.06
418724546,Kráľova Lehota,kralova lehota,Liptovský Mikuláš,Žilinský,village,19.794,49.021
418724547,Skalka nad Váhom,skalka nad vahom,Trenčín,Trenčiansky,village,18.072,48.928
418724549,Prietržka,prietrzka,Skalica,Trnavský,village,17.196,48.805
418724550,Radatice,radatice,Prešov,Prešovský,village,21.189,48.932
418724551,Dubovce,dubovce,Skalica,Trnavský,village,17.249,48.773
418724552,Čimhová,cimhova,Tvrdošín,Žilinský,village,19.691,49.362
418724553,Záriečie,zariecie,Púchov,Trenčiansky,village,18.251,49.178
418724554,Štitáre,stitare,Nitra,Nitriansky,village,18.16,48.35
418724555,Kukučínov,kukucinov,Levice,Nitriansky,village,18.697,48.091
418724556,Malatíny,malatiny,Liptovský Mikuláš,Žilinský,hamlet,19.454,49.059
418724557,Motešice,motesice,Trenčín,Trenčiansky,village,18.183,48.842
418724558,Víťazovce,vitazovce,Humenné,Prešovský,village,21.801,49.01
418724559,Kapince,kapince,Nitra,Nitriansky,hamlet,17.975,48.449
418724560,Krišľovce,krislovce,Stropkov,Prešovský,hamlet,21.723,49.139
418724561,Hrabské,hrabske,Bardejov,Prešovský,village,21.073,49.339
418724562,Turá,tura,Levice,Nitriansky,village,18.582,48.156
418724563,Demänovská Dolina,demanovska dolina,Liptovský Mikuláš,Žilinský,village,19.581,48.972
418724564,Košecké Podhradie,kosecke podhradie,Ilava,Trenčiansky,village,18.309,48.975
418724565,Lipníky,lipniky,Prešov,Prešovský,village,21.407,49.047
418724566,Turčianske Jaseno,turcianske jaseno,Martin,Žilinský,village,19.051,49.011
418724567,Soľnička,solnicka,Trebišov,Košický,village,21.959,48.476
418724568,Zemplínska Nová Ves,zemplinska nova ves,Trebišov,Košický,village,21.661,48.562
418724569,Jastrabie nad Topľou,jastrabie nad toplou,Vranov nad Topľou,Prešovský,village,21.604,48.94
418724570,Martin nad Žitavou,martin nad zitavou,Zlaté Moravce,Nitriansky,village,18.355,48.397
418724571,Matejovce nad Hornádom,matejovce nad hornadom,Spišská Nová Ves,Košický,village,20.671,48.917
418724572,Trenčianske Mitice,trencianske mitice,Trenčín,Trenčiansky,village,18.113,48.823
418724573,Kameničany,kamenicany,Ilava,Trenčiansky,village,18.171,48.992
418724574,Dlhá nad Kysucou,dlha nad kysucou,Čadca,Žilinský,village,18.641,49.39
418724575,Rakovčík,rakovcik,Svidník,Prešovský,hamlet,21.58,49.242
418724576,Cigeľka,cigelka,Bardejov,Prešovský,village,21.148,49.406
418724577,Nový Ruskov,novy ruskov,Trebišov,Košický,village,21.67,48.644
418724578,Brestov nad Laborcom,brestov nad laborcom,Medzilaborce,Prešovský,hamlet,21.938,49.114
418724579,Sikenica,sikenica,Levice,Nitriansky,village,18.716,48.077
418724581,Ordzovany,ordzovany,Levoča,Prešovský,hamlet,20.786,49.035
418724582,Štefanov nad Oravou,stefanov nad oravou,Tvrdošín,Žilinský,village,19.509,49.357
418724583,Považany,povazany,Nové Mesto nad Váhom,Trenčiansky,village,17.843,48.714
418724584,Bukovce,bukovce,Stropkov,Prešovský,village,21.712,49.266
418724585,Veľký Klíž,velky kliz,Partizánske,Trenčiansky,village,18.367,48.551
418724586,Detrík,detrik,Vranov nad Topľou,Prešovský,hamlet,21.622,49.043
418724587,Veľké Revištia,velke revistia,Sobrance,Košický,village,22.091,48.742
418724588,Veľké Držkovce,velke drzkovce,Bánovce nad Bebravou,Trenčiansky,village,18.18,48.733
418724589,Popudinské Močidľany,popudinske mocidlany,Skalica,Trnavský,village,17.22,48.786
418724591,Čierna,cierna,Trebišov,Košický,village,22.11,48.43
418724592,Radvaň nad Laborcom,radvan nad laborcom,Medzilaborce,Prešovský,village,21.927,49.13
418724593,Jur nad Hronom,jur nad hronom,Levice,Nitriansky,village,18.627,48.125
418724594,Čabiny,cabiny,Medzilaborce,Prešovský,village,21.901,49.182
418724596,Vladiča,vladica,Stropkov,Prešovský,hamlet,21.778,49.321
418724597,Korunková,korunkova,Stropkov,Prešovský,hamlet,21.747,49.199
418724598,Štefanovičová,stefanovicova,Nitra,Nitriansky,village,18.085,48.186
418724599,Sľažany,slazany,Zlaté Moravce,Nitriansky,village,18.329,48.397
419039097,Sídlisko Rajková,sidlisko rajkova,Nové Mesto nad Váhom,Trenčiansky,suburb,17.831763,48.761315
419826339,Sídlisko Hájovky,sidlisko hajovky,Nové Mesto nad Váhom,Trenčiansky,suburb,17.822443,48.753727
420467348,Sídlisko Javorinská,sidlisko javorinska,Nové Mesto nad Váhom,Trenčiansky,suburb,17.821297,48.759077
420467349,Izbice,izbice,Nové Mesto nad Váhom,Trenčiansky,suburb,17.836611,48.762582
424199598,Hontianske Tesáre časť Šipice,hontianske tesare cast sipice,Krupina,Banskobystrický,suburb,18.924656,48.223651
424199599,Hontianske Tesáre časť Báčovce,hontianske tesare cast bacovce,Krupina,Banskobystrický,suburb,18.915913,48.236963
424199611,Dobrá voda,dobra voda,Banská Štiavnica,Banskobystrický,locality,18.862779,48.369648
424199637,Štefultov,stefultov,Banská Štiavnica,Banskobystrický,locality,18.894291,48.437644
424297262,Slovensko,slovensko,Rimavská Sobota,Banskobystrický,country,20.149364,48.483652
424310798,Slovensko,slovensko,Rimavská Sobota,Banskobystrický,country,20.149364,48.483652
424313572,Slovensko,slovensko,Rimavská Sobota,Banskobystrický,country,20.149364,48.483652
424315420,Slovensko,slovensko,Rimavská Sobota,Banskobystrický,country,20.149364,48.483652
427656277,Rybie,rybie,Banská Bystrica,Banskobystrický,hamlet,19.125051,48.869156
427656278,Valentová,valentova,Banská Bystrica,Banskobystrický,hamlet,19.135595,48.866165
427656280,Prašnica,prasnica,Banská Bystrica,Banskobystrický,hamlet,19.132952,48.874298
427656282,Horný Jelenec,horny jelenec,Banská Bystrica,Banskobystrický,hamlet,19.151254,48.861211
431622187,Báč,bac,Dunajská Streda,Trnavský,village,17.378604,48.004614
431693858,Považská Teplá,povazska tepla,Považská Bystrica,Trenčiansky,village,18.472963,49.142026
431693882,Záskalie,zaskalie,Považská Bystrica,Trenčiansky,village,18.516901,49.137002
432425079,Slovensko,slovensko,Rimavská Sobota,Banskobystrický,country,20.149364,48.483652
433897469,Majerka,majerka,Kežmarok,Prešovský,village,20.54623,49.181348
436106148,Kocurice,kocurice,Piešťany,Trnavský,village,17.765036,48.582066
436956978,Ostrov,ostrov,Piešťany,Trnavský,village,17.769936,48.629737
437044365,Jasenica,jasenica,Považská Bystrica,Trenčiansky,village,18.452992,49.178463
