id,ico,nazov,ulica,psc,obec_id,obec_nazov,obec_kod,okres,kraj,lat,lon,presnost_polohy,typ_prevadzky,typ_nazov,sektor,zdroj_id
1,00153052,"SHP Harmanec, a.s.",,97603,1,Harmanec,SK0321508594,Banská Bystrica,Banskobystrický,48.795803,19.080853,obec,papierne,Papiereň a celulózka,"Drevo, lesníctvo a ostatné",1
2,00159468,Stredná odborná škola agropotravinárska a technická,,,2,Kežmarok,SK0413523585,Kežmarok,Prešovský,49.136318,20.430447,obec,skola_stredna,Stredná škola,Gastro a stravovacie zariadenia,1
3,00159476,"Stredná odborná škola podnikania a služieb, Komenského 16, Lipany",,,3,Lipany,SK0418524778,Sabinov,Prešovský,49.15,20.966667,obec,skola_stredna,Stredná škola,Gastro a stravovacie zariadenia,1
4,00159514,Stredná odborná škola služieb Majstra Pavla,,,4,Levoča,SK0414543292,Levoča,Prešovský,49.025112,20.587999,obec,skola_stredna,Stredná škola,Gastro a stravovacie zariadenia,1
5,00160270,Gymnázium M. R. Štefánika,,,5,Nové Mesto nad Váhom,SK0224506338,Nové Mesto nad Váhom,Trenčiansky,48.763325,17.830386,obec,skola_stredna,Stredná škola,Gastro a stravovacie zariadenia,1
6,00160482,Gymnázium Janka Kráľa,,,6,Zlaté Moravce,SK0237500968,Zlaté Moravce,Nitriansky,48.383333,18.4,obec,skola_stredna,Stredná škola,Gastro a stravovacie zariadenia,1
7,00160504,Gymnázium Jána Amosa Komenského,,,7,Želiezovce,SK0232502987,Levice,Nitriansky,48.049226,18.658355,obec,skola_stredna,Stredná škola,Gastro a stravovacie zariadenia,1
8,00160539,Gymnázium Andreja Kmeťa,,,8,Banská Štiavnica,SK0322516643,Banská Štiavnica,Banskobystrický,48.458093,18.89828,obec,skola_stredna,Stredná škola,Gastro a stravovacie zariadenia,1
9,00160717,Gymnázium Antona Bernoláka,,,9,Námestovo,SK0317509868,Námestovo,Žilinský,49.409512,19.480783,obec,skola_stredna,Stredná škola,Gastro a stravovacie zariadenia,1
10,00160792,Gymnázium Ružomberok,,,10,Ružomberok,SK0318510998,Ružomberok,Žilinský,49.08187,19.302965,obec,skola_stredna,Stredná škola,Gastro a stravovacie zariadenia,1
11,00160865,Gymnázium Ľudovíta Štúra,,,11,Zvolen,SK032B518158,Zvolen,Banskobystrický,48.576512,19.128476,obec,skola_stredna,Stredná škola,Gastro a stravovacie zariadenia,1
12,00161021,Gymnázium Krompachy,,,12,Krompachy,SK042A543268,Spišská Nová Ves,Košický,48.917127,20.873055,obec,skola_stredna,Stredná škola,Gastro a stravovacie zariadenia,1
13,00161098,Gymnázium Poprad,,,13,Poprad,SK0416523381,Poprad,Prešovský,49.054152,20.29764,obec,skola_stredna,Stredná škola,Gastro a stravovacie zariadenia,1
14,00161101,Gymnázium Jána Adama Raymana,,,14,Prešov,SK0417524140,Prešov,Prešovský,49.000411,21.252273,obec,skola_stredna,Stredná škola,Gastro a stravovacie zariadenia,1
15,00161110,Gymnázium Prešov,,,14,Prešov,SK0417524140,Prešov,Prešovský,49.000411,21.252273,obec,skola_stredna,Stredná škola,Gastro a stravovacie zariadenia,1
16,00161144,Gymnázium Pavla Jozefa Šafárika,,,15,Rožňava,SK0428525529,Rožňava,Košický,48.654392,20.531184,obec,skola_stredna,Stredná škola,Gastro a stravovacie zariadenia,1
17,00161268,Gymnázium Cyrila Daxnera,,,16,Vranov nad Topľou,SK041D544051,Vranov nad Topľou,Prešovský,48.890524,21.680564,obec,skola_stredna,Stredná škola,Gastro a stravovacie zariadenia,1
18,00162787,"Stredná odborná škola pedagogická, Sokolská 6, Modra",,,17,Modra,SK0107508101,Pezinok,Bratislavský,48.336443,17.308037,obec,skola_stredna,Stredná škola,Gastro a stravovacie zariadenia,1
19,00162809,"Stredná odborná škola pedagogická, Komenského 12, Lučenec",,,18,Lučenec,SK0326511218,Lučenec,Banskobystrický,48.330282,19.664144,obec,skola_stredna,Stredná škola,Gastro a stravovacie zariadenia,1
20,00162817,"Stredná odborná škola pedagogická, SNP 509/116, Turčianske Teplice",,,19,Turčianske Teplice,SK0319512729,Turčianske Teplice,Žilinský,48.862737,18.858728,obec,skola_stredna,Stredná škola,Gastro a stravovacie zariadenia,1
21,00162825,"Stredná odborná škola pedagogická, Kmeťovo stromoradie 5, Prešov",,,14,Prešov,SK0417524140,Prešov,Prešovský,49.000411,21.252273,obec,skola_stredna,Stredná škola,Gastro a stravovacie zariadenia,1
22,00162833,"Stredná odborná škola pedagogická, Bottova 15A, Levoča",,,4,Levoča,SK0414543292,Levoča,Prešovský,49.025112,20.587999,obec,skola_stredna,Stredná škola,Gastro a stravovacie zariadenia,1
23,00168823,"COOP Jednota Bratislava - vidiek, spotrebné družstvo",,,20,Bratislava - mestská časť Nové Mesto,SK0103529346,Bratislava III,Bratislavský,48.167188,17.138349,mestska_cast,retail_druzstvo,Spotrebné družstvo (predajne),Retail a distribúcia potravín,1
24,00168831,"COOP Jednota Dunajská Streda, spotrebné družstvo",,,21,Dunajská Streda,SK0211501433,Dunajská Streda,Trnavský,47.989309,17.620142,obec,retail_druzstvo,Spotrebné družstvo (predajne),Retail a distribúcia potravín,1
25,00168840,"COOP Jednota Galanta, spotrebné družstvo",,,22,Galanta,SK0212503665,Galanta,Trnavský,48.191057,17.727778,obec,retail_druzstvo,Spotrebné družstvo (predajne),Retail a distribúcia potravín,1
26,00168874,"COOP Jednota Nitra, spotrebné družstvo",,,23,Nitra,SK0233500011,Nitra,Nitriansky,48.31257,18.09061,obec,retail_druzstvo,Spotrebné družstvo (predajne),Retail a distribúcia potravín,1
27,00168882,"COOP Jednota Nové Zámky, spotrebné družstvo",,,24,Nové Zámky,SK0234503011,Nové Zámky,Nitriansky,47.98334,18.166661,obec,retail_druzstvo,Spotrebné družstvo (predajne),Retail a distribúcia potravín,1
28,00168891,"COOP Jednota Senica, spotrebné družstvo",,,25,Senica,SK0215504203,Senica,Trnavský,48.679121,17.364383,obec,retail_druzstvo,Spotrebné družstvo (predajne),Retail a distribúcia potravín,1
29,00168904,"COOP Jednota Topoľčany, spotrebné družstvo",,,26,Topoľčany,SK0236504998,Topoľčany,Nitriansky,48.559116,18.176052,obec,retail_druzstvo,Spotrebné družstvo (predajne),Retail a distribúcia potravín,1
30,00168912,"COOP Jednota Trenčín, spotrebné družstvo",,,27,Trenčín,SK0229505820,Trenčín,Trenčiansky,48.892358,18.039372,obec,retail_druzstvo,Spotrebné družstvo (predajne),Retail a distribúcia potravín,1
31,00168921,"COOP Jednota Trnava, spotrebné družstvo",,,28,Trnava,SK0217506745,Trnava,Trnavský,48.37729,17.586718,obec,retail_druzstvo,Spotrebné družstvo (predajne),Retail a distribúcia potravín,1
32,00168947,"COOP Jednota Čadca, spotrebné družstvo",,,29,Čadca,SK0312509132,Čadca,Žilinský,49.440819,18.788221,obec,retail_druzstvo,Spotrebné družstvo (predajne),Retail a distribúcia potravín,1
33,00168963,"COOP Jednota Liptovský Mikuláš, spotrebné družstvo",,,30,Liptovský Mikuláš,SK0315510262,Liptovský Mikuláš,Žilinský,49.083333,19.616667,obec,retail_druzstvo,Spotrebné družstvo (predajne),Retail a distribúcia potravín,1
34,00168980,"COOP JEDNOTA MARTIN, spotrebné družstvo",,,19,Turčianske Teplice,SK0319512729,Turčianske Teplice,Žilinský,48.862737,18.858728,obec,retail_druzstvo,Spotrebné družstvo (predajne),Retail a distribúcia potravín,1
35,00169005,"COOP Jednota Prievidza, spotrebné družstvo",,,31,Prievidza,SK0227513881,Prievidza,Trenčiansky,48.77104,18.623306,obec,retail_druzstvo,Spotrebné družstvo (predajne),Retail a distribúcia potravín,1
36,00169021,"COOP Jednota Krupina, spotrebné družstvo",,,32,Krupina,SK0325518557,Krupina,Banskobystrický,48.352728,19.069182,obec,retail_druzstvo,Spotrebné družstvo (predajne),Retail a distribúcia potravín,1
37,00169030,"COOP JEDNOTA ŽARNOVICA, spotrebné družstvo",,,33,Žarnovica,SK032C517381,Žarnovica,Banskobystrický,48.483398,18.72155,obec,retail_druzstvo,Spotrebné družstvo (predajne),Retail a distribúcia potravín,1
38,00169048,"COOP Jednota Žilina, spotrebné družstvo",,,34,Žilina,SK031B517402,Žilina,Žilinský,49.223464,18.739498,obec,retail_druzstvo,Spotrebné družstvo (predajne),Retail a distribúcia potravín,1
39,00169081,"COOP Jednota Humenné, spotrebné družstvo",,,35,Humenné,SK0412520004,Humenné,Prešovský,48.934603,21.90314,obec,retail_druzstvo,Spotrebné družstvo (predajne),Retail a distribúcia potravín,1
40,00169099,"COOP JEDNOTA Michalovce, spotrebné družstvo",,,36,Michalovce,SK0427522279,Michalovce,Košický,48.75,21.933333,obec,retail_druzstvo,Spotrebné družstvo (predajne),Retail a distribúcia potravín,1
41,00169102,"COOP JEDNOTA POPRAD, spotrebné družstvo",,,13,Poprad,SK0416523381,Poprad,Prešovský,49.054152,20.29764,obec,retail_druzstvo,Spotrebné družstvo (predajne),Retail a distribúcia potravín,1
42,00169111,"COOP Jednota Prešov, spotrebné družstvo",,,14,Prešov,SK0417524140,Prešov,Prešovský,49.000411,21.252273,obec,retail_druzstvo,Spotrebné družstvo (predajne),Retail a distribúcia potravín,1
43,00169129,"COOP JEDNOTA REVÚCA, spotrebné družstvo",,,37,Revúca,SK0328526142,Revúca,Banskobystrický,48.683333,20.116667,obec,retail_druzstvo,Spotrebné družstvo (predajne),Retail a distribúcia potravín,1
44,00193241,Poľnohospodárske družstvo v Pribete,Rúbaňská 15,94655,38,Pribeta,SK0231501328,Komárno,Nitriansky,47.906807,18.30927,obec,polnohospodarske_druzstvo,Poľnohospodárske družstvo,Poľnohospodárstvo a chov,1
45,00194603,Poľnohospodárske družstvo Farná,Doležalova 3424/15C,82104,39,Bratislava - mestská časť Ružinov,SK0102529320,Bratislava II,Bratislavský,48.149645,17.164279,mestska_cast,polnohospodarske_druzstvo,Poľnohospodárske družstvo,Poľnohospodárstvo a chov,1
46,00198013,Poľnohospodárske družstvo Veľké Zálužie,Hlavná 1,95135,40,Veľké Zálužie,SK0233500887,Nitra,Nitriansky,48.308171,17.940569,obec,polnohospodarske_druzstvo,Poľnohospodárske družstvo,Poľnohospodárstvo a chov,1
47,00198536,Poľnohospodárske družstvo Mojmírovce,Dolinská ul. 914/2,95115,41,Mojmírovce,SK0233500577,Nitra,Nitriansky,48.213314,18.064323,obec,polnohospodarske_druzstvo,Poľnohospodárske družstvo,Poľnohospodárstvo a chov,1
48,00198552,Poľnohospodárske družstvo Neverice,Družstevná 250/2,95172,42,Neverice,SK0237500593,Zlaté Moravce,Nitriansky,48.366667,18.283333,obec,polnohospodarske_druzstvo,Poľnohospodárske družstvo,Poľnohospodárstvo a chov,1
49,00199524,Poľnohospodárske družstvo Tvrdošovce,Szechényiho 10,94110,43,Tvrdošovce,SK0234503614,Nové Zámky,Nitriansky,48.095688,18.061308,obec,polnohospodarske_druzstvo,Poľnohospodárske družstvo,Poľnohospodárstvo a chov,1
50,00199541,"Poľnohospodárske družstvo v Zemnom, družstvo",,94122,44,Zemné,SK0234503649,Nové Zámky,Nitriansky,47.987724,17.994901,obec,polnohospodarske_druzstvo,Poľnohospodárske družstvo,Poľnohospodárstvo a chov,1
51,00200018,Poľnohospodárske družstvo Bolešov,,01853,45,Bolešov,SK0222512885,Ilava,Trenčiansky,48.983333,18.15,obec,polnohospodarske_druzstvo,Poľnohospodárske družstvo,Poľnohospodárstvo a chov,1
52,00200069,Poľnohospodárske družstvo Dubnica nad Váhom,Kvášovec 1695,01841,46,Dubnica nad Váhom,SK0222513016,Ilava,Trenčiansky,48.957172,18.167022,obec,polnohospodarske_druzstvo,Poľnohospodárske družstvo,Poľnohospodárstvo a chov,1
53,00200166,"Poľnohospodárske družstvo ""Vršatec""",,01852,47,Pruské,SK0222513598,Ilava,Trenčiansky,49.033333,18.216667,obec,polnohospodarske_druzstvo,Poľnohospodárske družstvo,Poľnohospodárstvo a chov,1
54,00201189,AGROSPOL - podielnicke poľnohospodárske družstvo Diviaky nad Nitricou,,97225,48,Diviaky nad Nitricou,SK0227513962,Prievidza,Trenčiansky,48.766667,18.5,obec,polnohospodarske_druzstvo,Poľnohospodárske družstvo,Poľnohospodárstvo a chov,1
55,00203220,Poľnohospodárske družstvo Brezová pod Bradlom,Štúrova 452,90613,49,Brezová pod Bradlom,SK0223504262,Myjava,Trenčiansky,48.661644,17.53703,obec,polnohospodarske_druzstvo,Poľnohospodárske družstvo,Poľnohospodárstvo a chov,1
56,00203572,Poľnohospodárske družstvo Poriadie,,90622,50,Poriadie,SK0223504688,Myjava,Trenčiansky,48.775141,17.608252,obec,polnohospodarske_druzstvo,Poľnohospodárske družstvo,Poľnohospodárstvo a chov,1
57,00205214,Poľnohospodárske družstvo v Chynoranoch,Bernolákova ulica 202/18,95633,51,Chynorany,SK0225543004,Partizánske,Trenčiansky,48.609821,18.27348,obec,polnohospodarske_druzstvo,Poľnohospodárske družstvo,Poľnohospodárstvo a chov,1
58,00205362,Poľnohospodárske družstvo Ludanice,,95611,52,Ludanice,SK0236505048,Topoľčany,Nitriansky,48.501468,18.120379,obec,polnohospodarske_druzstvo,Poľnohospodárske družstvo,Poľnohospodárstvo a chov,1
59,00205567,Poľnohospodárske družstvo Podlužany,,95652,53,Podlužany,SK0232502669,Bánovce nad Bebravou,Trenčiansky,48.770966,18.239113,obec,polnohospodarske_druzstvo,Poľnohospodárske družstvo,Poľnohospodárstvo a chov,1
60,00205583,"PD „BREZINA"" PRAVOTICE, družstvo",,95635,54,Pravotice,SK0221505382,Bánovce nad Bebravou,Trenčiansky,48.678024,18.298095,obec,polnohospodarske_druzstvo,Poľnohospodárske družstvo,Poľnohospodárstvo a chov,1
61,00205656,PODIELNICKÉ POĽNOHOSPODÁRSKE DRUŽSTVO RYBANY,,95636,55,Rybany,SK0221505455,Bánovce nad Bebravou,Trenčiansky,48.666713,18.260228,obec,polnohospodarske_druzstvo,Poľnohospodárske družstvo,Poľnohospodárstvo a chov,1
62,00205672,Poľnohospodárske družstvo Slatina nad Bebravou,,95653,56,Slatina nad Bebravou,SK0221505471,Bánovce nad Bebravou,Trenčiansky,48.745418,18.235802,okres,polnohospodarske_druzstvo,Poľnohospodárske družstvo,Poľnohospodárstvo a chov,1
63,00205834,Poľnohospodárske družstvo BEBRAVA,,95655,57,Veľké Chlievany,SK0221505692,Bánovce nad Bebravou,Trenčiansky,48.703784,18.224509,obec,polnohospodarske_druzstvo,Poľnohospodárske družstvo,Poľnohospodárstvo a chov,1
64,00205869,Poľnohospodárske družstvo podielnikov Veľké Uherce,,95841,58,Veľké Uherce,SK0225505722,Partizánske,Trenčiansky,48.613712,18.438069,obec,polnohospodarske_druzstvo,Poľnohospodárske družstvo,Poľnohospodárstvo a chov,1
65,00206768,Poľnohospodárske družstvo Bošáca,,91307,59,Bošáca,SK0224505871,Nové Mesto nad Váhom,Trenčiansky,48.826459,17.842651,obec,polnohospodarske_druzstvo,Poľnohospodárske družstvo,Poľnohospodárstvo a chov,1
66,00206784,Poľnohospodárske družstvo Bzince pod Javorinou,,91611,60,Bzince pod Javorinou,SK0224505897,Nové Mesto nad Váhom,Trenčiansky,48.786735,17.771587,obec,polnohospodarske_druzstvo,Poľnohospodárske družstvo,Poľnohospodárstvo a chov,1
67,00206831,Poľnohospodárske družstvo podielníkov Drietoma,,,61,Drietoma,SK0229505960,Trenčín,Trenčiansky,48.9,17.95,obec,polnohospodarske_druzstvo,Poľnohospodárske družstvo,Poľnohospodárstvo a chov,1
68,00206865,Poľnohospodárske družstvo Hôrka nad Váhom,,91632,62,Hôrka nad Váhom,SK0224505994,Nové Mesto nad Váhom,Trenčiansky,48.716667,17.883333,obec,polnohospodarske_druzstvo,Poľnohospodárske družstvo,Poľnohospodárstvo a chov,1
69,00206873,Poľnohospodárske družstvo Bobot-Horňany,,91325,63,Bobot,SK0229505854,Trenčín,Trenčiansky,48.806392,18.189604,obec,polnohospodarske_druzstvo,Poľnohospodárske družstvo,Poľnohospodárstvo a chov,1
70,00206938,Roľnícke družstvo podielnikov Chocholná-Velčice,,91304,64,Chocholná-Velčice,SK0229506087,Trenčín,Trenčiansky,48.866811,17.948123,obec,polnohospodarske_druzstvo,Poľnohospodárske družstvo,Poľnohospodárstvo a chov,1
71,00207080,"Poľnohospodárske družstvo podielnikov Tematín v Modrovke, družstvo",,91635,65,Modrovka,SK0224506257,Nové Mesto nad Váhom,Trenčiansky,48.649201,17.882281,obec,polnohospodarske_druzstvo,Poľnohospodárske družstvo,Poľnohospodárstvo a chov,1
72,00207098,Poľnohospodárske družstvo Vlára Nemšová,Družstevná 18,91441,66,Nemšová,SK0229506281,Trenčín,Trenčiansky,48.961676,18.113025,obec,polnohospodarske_druzstvo,Poľnohospodárske družstvo,Poľnohospodárstvo a chov,1
73,00207128,Poľnohospodárske družstvo Trenčín - Opatová,Vážska 255/17,91401,67,Trenčianska Teplá,SK0229506559,Trenčín,Trenčiansky,48.93373,18.120323,obec,polnohospodarske_druzstvo,Poľnohospodárske družstvo,Poľnohospodárstvo a chov,1
74,00207136,Poľnohospodárske družstvo Pobedim,,91623,68,Pobedim,SK0224506401,Nové Mesto nad Váhom,Trenčiansky,48.65,17.8,obec,polnohospodarske_druzstvo,Poľnohospodárske družstvo,Poľnohospodárstvo a chov,1
75,00207161,Poľnohospodárske družstvo Podolie,,91622,69,Podolie,SK0224506427,Nové Mesto nad Váhom,Trenčiansky,48.674218,17.774922,obec,polnohospodarske_druzstvo,Poľnohospodárske družstvo,Poľnohospodárstvo a chov,1
76,00207241,Poľnohospodársky podnik Trenčín-Soblahov a. s.,,91338,70,Soblahov,SK0229506508,Trenčín,Trenčiansky,48.864744,18.072372,obec,polnohospodarske_druzstvo,Poľnohospodárske družstvo,Poľnohospodárstvo a chov,1
77,00207250,Poľnohospodárske družstvo Stará Turá,Družstevná 679,91601,71,Stará Turá,SK0224506524,Nové Mesto nad Váhom,Trenčiansky,48.776457,17.692694,obec,polnohospodarske_druzstvo,Poľnohospodárske družstvo,Poľnohospodárstvo a chov,1
78,00207284,Poľnohospodárske družstvo Trenčianska Turná,345,91321,72,Trenčianska Turná,SK0229506567,Trenčín,Trenčiansky,48.85,18.016667,obec,polnohospodarske_druzstvo,Poľnohospodárske družstvo,Poľnohospodárstvo a chov,1
79,00207306,"Poľnohospodárske družstvo, Trenčianske Mitice",,91322,73,Trenčianske Mitice,SK0229506605,Trenčín,Trenčiansky,48.823,18.113,obec,polnohospodarske_druzstvo,Poľnohospodárske družstvo,Poľnohospodárstvo a chov,1
80,00222453,Poľnohospodárske družstvo INOVEC Trenčianske Stankovce,Veľké Stankovce 891,91311,74,Trenčianske Stankovce,SK0229545741,Trenčín,Trenčiansky,48.838974,17.987249,obec,polnohospodarske_druzstvo,Poľnohospodárske družstvo,Poľnohospodárstvo a chov,1
81,00223603,Bezovec - Poľnohospodárske družstvo,Stará Lehota,91635,75,Modrová,SK0224506249,Nové Mesto nad Váhom,Trenčiansky,48.644488,17.895336,obec,polnohospodarske_druzstvo,Poľnohospodárske družstvo,Poľnohospodárstvo a chov,1
82,00227404,Centrum sociálnych služieb - LIPA,,,76,Kostolná-Záriečie,SK0229506133,Trenčín,Trenčiansky,48.878828,17.96711,obec,socialne_zariadenie,Zariadenie sociálnych služieb,Gastro a stravovacie zariadenia,1
83,00308307,Mesto Nitra,Štefánikova trieda 80/60,95006,23,Nitra,SK0233500011,Nitra,Nitriansky,48.31257,18.09061,obec,mesto,Mesto - správa zelene,Komunálny a gastro bioodpad,1
84,00313114,Mesto Trnava,Ulica Hlavná 1/1,91771,28,Trnava,SK0217506745,Trnava,Trnavský,48.37729,17.586718,obec,mesto,Mesto - správa zelene,Komunálny a gastro bioodpad,1
85,00321796,Mesto Žilina,Námestie obetí komunizmu 3350/1,01131,34,Žilina,SK031B517402,Žilina,Žilinský,49.223464,18.739498,obec,mesto,Mesto - správa zelene,Komunálny a gastro bioodpad,1
86,00327646,Mesto Prešov,Hlavná 2907/73,08001,14,Prešov,SK0417524140,Prešov,Prešovský,49.000411,21.252273,obec,mesto,Mesto - správa zelene,Komunálny a gastro bioodpad,1
87,00351725,Centrum sociálnych služieb - Zemianske Podhradie,,,77,Zemianske Podhradie,SK0224556441,Nové Mesto nad Váhom,Trenčiansky,48.85,17.833333,obec,socialne_zariadenie,Zariadenie sociálnych služieb,Gastro a stravovacie zariadenia,1
88,00351741,Centrum sociálnych služieb - DEMY,,,27,Trenčín,SK0229505820,Trenčín,Trenčiansky,48.892358,18.039372,obec,socialne_zariadenie,Zariadenie sociálnych služieb,Gastro a stravovacie zariadenia,1
89,00351750,"„BORINKA - ALZHEIMERCENTRUM"", Zariadenie sociálnych služieb Nitra",,,23,Nitra,SK0233500011,Nitra,Nitriansky,48.31257,18.09061,obec,socialne_zariadenie,Zariadenie sociálnych služieb,Gastro a stravovacie zariadenia,1
90,00351768,"„NITRAVA"", Zariadenie sociálnych služieb Nitra",,,23,Nitra,SK0233500011,Nitra,Nitriansky,48.31257,18.09061,obec,socialne_zariadenie,Zariadenie sociálnych služieb,Gastro a stravovacie zariadenia,1
91,00351784,"„SVETLO"", Zariadenie sociálnych služieb Olichov",,,78,Volkovce,SK0237500925,Zlaté Moravce,Nitriansky,48.333333,18.466667,obec,socialne_zariadenie,Zariadenie sociálnych služieb,Gastro a stravovacie zariadenia,1
92,00351997,Stredná odborná škola podnikania v remeslách a službách,,,25,Senica,SK0215504203,Senica,Trnavský,48.679121,17.364383,obec,skola_stredna,Stredná škola,Gastro a stravovacie zariadenia,1
93,00352314,"„MAGNÓLIA"", Zariadenie sociálnych služieb Hurbanovo",,,79,Hurbanovo,SK0231501140,Komárno,Nitriansky,47.869084,18.189095,obec,socialne_zariadenie,Zariadenie sociálnych služieb,Gastro a stravovacie zariadenia,1
94,00352489,Zariadenie pre seniorov Komárno,,,80,Komárno,SK0231501026,Komárno,Nitriansky,47.757388,18.129917,obec,socialne_zariadenie,Zariadenie sociálnych služieb,Gastro a stravovacie zariadenia,1
95,00356786,"„PENZIÓN"", Zariadenie sociálnych služieb Topoľčany",,,26,Topoľčany,SK0236504998,Topoľčany,Nitriansky,48.559116,18.176052,obec,socialne_zariadenie,Zariadenie sociálnych služieb,Gastro a stravovacie zariadenia,1
96,00356883,Centrum sociálnych služieb - Partizánske,,,81,Partizánske,SK0225505315,Partizánske,Trenčiansky,48.627231,18.365466,obec,socialne_zariadenie,Zariadenie sociálnych služieb,Gastro a stravovacie zariadenia,1
97,00356891,"„CLEMENTIA"", Zariadenie sociálnych služieb Kovarce",,,82,Kovarce,SK0236543071,Topoľčany,Nitriansky,48.496327,18.158903,obec,socialne_zariadenie,Zariadenie sociálnych služieb,Gastro a stravovacie zariadenia,1
98,00357995,"„V KAŠTIELI"", Zariadenie sociálnych služieb Horné Obdokovce",,,83,Horné Obdokovce,SK0236542938,Topoľčany,Nitriansky,48.493402,18.045731,obec,socialne_zariadenie,Zariadenie sociálnych služieb,Gastro a stravovacie zariadenia,1
99,00363146,Poľnohospodárske družstvo Veľké Kosihy,Hlavná,94621,84,Veľké Kosihy,SK0231501387,Komárno,Nitriansky,47.766667,17.883333,obec,polnohospodarske_druzstvo,Poľnohospodárske družstvo,Poľnohospodárstvo a chov,1
100,00363243,Poľnohospodárske družstvo Trávnik,,,85,Trávnik,SK0231501379,Komárno,Nitriansky,47.773817,17.788543,obec,polnohospodarske_druzstvo,Poľnohospodárske družstvo,Poľnohospodárstvo a chov,1
101,00364193,Domov sociálnych služieb a zariadenie pre seniorov Kaštieľ,,,86,Stupava,SK0106508233,Malacky,Bratislavský,48.273132,17.032746,obec,socialne_zariadenie,Zariadenie sociálnych služieb,Gastro a stravovacie zariadenia,1
102,00399388,"Stredná odborná škola techniky a služieb, Šahy",,,87,Šahy,SK0232502782,Levice,Nitriansky,48.172145,18.713842,okres,skola_stredna,Stredná škola,Gastro a stravovacie zariadenia,1
103,00399850,Gymnázium Juraja Fándlyho,,,88,Šaľa,SK0235504025,Šaľa,Nitriansky,48.150995,17.876502,obec,skola_stredna,Stredná škola,Gastro a stravovacie zariadenia,1
104,00494160,"„DUNAJ"", Zariadenie sociálnych služieb Kováčov",,,89,Kamenica nad Hronom,SK0234503231,Nové Zámky,Nitriansky,47.831308,18.725503,obec,socialne_zariadenie,Zariadenie sociálnych služieb,Gastro a stravovacie zariadenia,1
105,00587052,"„LIPKA"", Zariadenie sociálnych služieb Lipová",,,90,Lipová,SK0234503321,Bardejov,Prešovský,49.248768,21.479465,obec,socialne_zariadenie,Zariadenie sociálnych služieb,Gastro a stravovacie zariadenia,1
106,00587184,Poľnohospodárske družstvo Strekov,Hlavná ul. 55/60,94137,91,Strekov,SK0234503550,Nové Zámky,Nitriansky,47.9,18.416667,obec,polnohospodarske_druzstvo,Poľnohospodárske družstvo,Poľnohospodárstvo a chov,1
107,00587222,Poľnohospodárske družstvo Podhájska-Radava,Družstevná 3/496,94148,92,Podhájska,SK0234503479,Nové Zámky,Nitriansky,48.10382,18.339624,obec,polnohospodarske_druzstvo,Poľnohospodárske družstvo,Poľnohospodárstvo a chov,1
108,00589144,"Poľnohospodárske družstvo podielnikov ""SINCE""",,94359,93,Sikenička,SK0234503541,Nové Zámky,Nitriansky,47.933333,18.683333,obec,polnohospodarske_druzstvo,Poľnohospodárske družstvo,Poľnohospodárstvo a chov,1
109,00589403,Poľnohospodárske družstvo FLÓRA,Ľ. Podjavorinskej 445/7,91401,67,Trenčianska Teplá,SK0229506559,Trenčín,Trenčiansky,48.93373,18.120323,obec,polnohospodarske_druzstvo,Poľnohospodárske družstvo,Poľnohospodárstvo a chov,1
110,00589942,Poľnohospodárske družstvo Jarok,Hlavná ulica 622/232,95148,94,Jarok,SK0233500356,Nitra,Nitriansky,48.27723,17.964227,obec,polnohospodarske_druzstvo,Poľnohospodárske družstvo,Poľnohospodárstvo a chov,1
111,00590100,Poľnohospodárske družstvo Skalka nad Váhom,,91331,95,Skalka nad Váhom,SK0229546682,Trenčín,Trenčiansky,48.928,18.072,obec,polnohospodarske_druzstvo,Poľnohospodárske družstvo,Poľnohospodárstvo a chov,1
112,00596175,Domov sociálnych služieb-Adamovské Kochanovce,,,96,Adamovské Kochanovce,SK0229505838,Trenčín,Trenčiansky,48.853,17.925,obec,socialne_zariadenie,Zariadenie sociálnych služieb,Gastro a stravovacie zariadenia,1
113,00596221,"„KAMILKA"", Zariadenie sociálnych služieb Maňa",,,97,Maňa,SK0234503363,Nové Zámky,Nitriansky,48.15367,18.285713,obec,socialne_zariadenie,Zariadenie sociálnych služieb,Gastro a stravovacie zariadenia,1
114,00596248,Domov sociálnych služieb pre dospelých Bojková,,,98,Cerová,SK0215504297,Senica,Trnavský,48.586342,17.382769,obec,socialne_zariadenie,Zariadenie sociálnych služieb,Gastro a stravovacie zariadenia,1
115,00596264,Centrum sociálnych služieb - Jesienka,,,99,Myjava,SK0223504581,Myjava,Trenčiansky,48.754035,17.565022,obec,socialne_zariadenie,Zariadenie sociálnych služieb,Gastro a stravovacie zariadenia,1
116,00596469,Zariadenie pre seniorov Skalica,,,100,Skalica,SK0216504815,Skalica,Trnavský,48.770797,17.20201,okres,socialne_zariadenie,Zariadenie sociálnych služieb,Gastro a stravovacie zariadenia,1
117,00596485,Centrum sociálnych služieb Okoč - Opatovský Sokolec,,,101,Okoč,SK0211501824,Dunajská Streda,Trnavský,47.886638,17.809046,obec,socialne_zariadenie,Zariadenie sociálnych služieb,Gastro a stravovacie zariadenia,1
118,00596515,Zariadenie pre seniorov Dunajská Streda,,,21,Dunajská Streda,SK0211501433,Dunajská Streda,Trnavský,47.989309,17.620142,obec,socialne_zariadenie,Zariadenie sociálnych služieb,Gastro a stravovacie zariadenia,1
119,00596680,Gymnázium Myjava,,,99,Myjava,SK0223504581,Myjava,Trenčiansky,48.754035,17.565022,obec,skola_stredna,Stredná škola,Gastro a stravovacie zariadenia,1
120,00596710,DOBRÝ DOMOV Santovka,,,102,Santovka,SK0232502715,Levice,Nitriansky,48.156779,18.765721,obec,socialne_zariadenie,Zariadenie sociálnych služieb,Gastro a stravovacie zariadenia,1
121,00596825,"„FÉNIX"", Zariadenie sociálnych služieb Levice",,,103,Levice,SK0232502031,Levice,Nitriansky,48.216667,18.6,obec,socialne_zariadenie,Zariadenie sociálnych služieb,Gastro a stravovacie zariadenia,1
122,00596841,"„PLATAN"", Zariadenie sociálnych služieb Lontov",,,104,Lontov,SK0232502499,Levice,Nitriansky,48.05,18.783333,obec,socialne_zariadenie,Zariadenie sociálnych služieb,Gastro a stravovacie zariadenia,1
123,00596868,"Stredná odborná škola techniky a služieb, Cintorínska 4, Nitra",,,23,Nitra,SK0233500011,Nitra,Nitriansky,48.31257,18.09061,obec,skola_stredna,Stredná škola,Gastro a stravovacie zariadenia,1
124,00597171,Poľnohospodárske družstvo Komoča,,94121,105,Komoča,SK0234503291,Nové Zámky,Nitriansky,47.949753,18.022658,obec,polnohospodarske_druzstvo,Poľnohospodárske družstvo,Poľnohospodárstvo a chov,1
125,00598071,Gymnázium Košice,,,106,Košice,SK0425599824,Košice I,Košický,48.717227,21.249677,obec,skola_stredna,Stredná škola,Gastro a stravovacie zariadenia,1
126,00611948,Zariadenie pre seniorov Križovany nad Dudváhom,,,107,Križovany nad Dudváhom,SK0217556483,Trnava,Trnavský,48.322017,17.651682,obec,socialne_zariadenie,Zariadenie sociálnych služieb,Gastro a stravovacie zariadenia,1
127,00611956,"Harmonia - Zariadenie pre seniorov, Hlohovec",,,108,Hlohovec,SK0213507032,Hlohovec,Trnavský,48.427951,17.798585,obec,socialne_zariadenie,Zariadenie sociálnych služieb,Gastro a stravovacie zariadenia,1
128,00611972,Zariadenie pre seniorov v Trnave,,,28,Trnava,SK0217506745,Trnava,Trnavský,48.37729,17.586718,obec,socialne_zariadenie,Zariadenie sociálnych služieb,Gastro a stravovacie zariadenia,1
129,00614866,Stredná odborná škola pedagogická sv. Márie Goretti,,,29,Čadca,SK0312509132,Čadca,Žilinský,49.440819,18.788221,obec,skola_stredna,Stredná škola,Gastro a stravovacie zariadenia,1
130,00617652,"Stredná odborná škola obchodu a služieb, Rožňavská Baňa 211, Rožňava",,,15,Rožňava,SK0428525529,Rožňava,Košický,48.654392,20.531184,obec,skola_stredna,Stredná škola,Gastro a stravovacie zariadenia,1
131,00617750,"Stredná odborná škola obchodu a služieb, Mierová 1973/79, Humenné",,,35,Humenné,SK0412520004,Humenné,Prešovský,48.934603,21.90314,obec,skola_stredna,Stredná škola,Gastro a stravovacie zariadenia,1
132,00623521,Centrum sociálnych služieb Terchová,,,109,Terchová,SK031B518042,Žilina,Žilinský,49.25922,19.030518,obec,socialne_zariadenie,Zariadenie sociálnych služieb,Gastro a stravovacie zariadenia,1
133,00628115,Domov sociálnych služieb-Púchov-Nosice,,,110,Púchov,SK0228513610,Púchov,Trenčiansky,49.123992,18.324242,obec,socialne_zariadenie,Zariadenie sociálnych služieb,Gastro a stravovacie zariadenia,1
134,00630250,Centrum sociálnych služieb - Lednické Rovne,,,111,Lednické Rovne,SK0228513326,Púchov,Trenčiansky,49.066667,18.283333,obec,socialne_zariadenie,Zariadenie sociálnych služieb,Gastro a stravovacie zariadenia,1
135,00632333,"Zariadenie pre seniorov Dubina, m.r.o.",,,46,Dubnica nad Váhom,SK0222513016,Ilava,Trenčiansky,48.957172,18.167022,obec,socialne_zariadenie,Zariadenie sociálnych služieb,Gastro a stravovacie zariadenia,1
136,00632350,Centrum sociálnych služieb - BYSTRIČAN,,,112,Považská Bystrica,SK0226512842,Považská Bystrica,Trenčiansky,49.114507,18.447319,obec,socialne_zariadenie,Zariadenie sociálnych služieb,Gastro a stravovacie zariadenia,1
137,00632368,Centrum sociálnych služieb - KOLONKA,,,110,Púchov,SK0228513610,Púchov,Trenčiansky,49.123992,18.324242,obec,socialne_zariadenie,Zariadenie sociálnych služieb,Gastro a stravovacie zariadenia,1
138,00632384,Centrum sociálnych služieb - AVE,,,46,Dubnica nad Váhom,SK0222513016,Ilava,Trenčiansky,48.957172,18.167022,obec,socialne_zariadenie,Zariadenie sociálnych služieb,Gastro a stravovacie zariadenia,1
139,00632392,Centrum sociálnych služieb - LÚČ,,,112,Považská Bystrica,SK0226512842,Považská Bystrica,Trenčiansky,49.114507,18.447319,obec,socialne_zariadenie,Zariadenie sociálnych služieb,Gastro a stravovacie zariadenia,1
140,00632406,Centrum sociálnych služieb - SLOVEN,,,113,Slavnica,SK0222557421,Ilava,Trenčiansky,49.0,18.183333,obec,socialne_zariadenie,Zariadenie sociálnych služieb,Gastro a stravovacie zariadenia,1
141,00632414,Centrum sociálnych služieb - NÁDEJ,,,114,Dolný Lieskov,SK0226546640,Považská Bystrica,Trenčiansky,49.05,18.416667,obec,socialne_zariadenie,Zariadenie sociálnych služieb,Gastro a stravovacie zariadenia,1
142,00632520,Centrum sociálnych služieb PARK,,,29,Čadca,SK0312509132,Čadca,Žilinský,49.440819,18.788221,obec,socialne_zariadenie,Zariadenie sociálnych služieb,Gastro a stravovacie zariadenia,1
143,00632783,Centrum sociálnych služieb ORAVA,,,115,Tvrdošín,SK031A510114,Tvrdošín,Žilinský,49.336574,19.554188,obec,socialne_zariadenie,Zariadenie sociálnych služieb,Gastro a stravovacie zariadenia,1
144,00632848,Centrum sociálnych služieb Zákamenné,,,116,Zákamenné,SK0317510203,Námestovo,Žilinský,49.383333,19.3,obec,socialne_zariadenie,Zariadenie sociálnych služieb,Gastro a stravovacie zariadenia,1
145,00647675,Centrum sociálnych služieb STRANÍK,,,34,Žilina,SK031B517402,Žilina,Žilinský,49.223464,18.739498,obec,socialne_zariadenie,Zariadenie sociálnych služieb,Gastro a stravovacie zariadenia,1
146,00647691,Centrum sociálnych služieb SYNNÓMIA,,,34,Žilina,SK031B517402,Žilina,Žilinský,49.223464,18.739498,obec,socialne_zariadenie,Zariadenie sociálnych služieb,Gastro a stravovacie zariadenia,1
147,00647713,ÚSMEV - Zariadenie pre seniorov,,,34,Žilina,SK031B517402,Žilina,Žilinský,49.223464,18.739498,obec,socialne_zariadenie,Zariadenie sociálnych služieb,Gastro a stravovacie zariadenia,1
148,00647748,Centrum sociálnych služieb HARMÓNIA,,,34,Žilina,SK031B517402,Žilina,Žilinský,49.223464,18.739498,obec,socialne_zariadenie,Zariadenie sociálnych služieb,Gastro a stravovacie zariadenia,1
149,00647802,TROJLÍSTOK - centrum sociálnych služieb,,,10,Ružomberok,SK0318510998,Ružomberok,Žilinský,49.08187,19.302965,obec,socialne_zariadenie,Zariadenie sociálnych služieb,Gastro a stravovacie zariadenia,1
150,00648701,Centrum sociálnych služieb - DOMINO,,,31,Prievidza,SK0227513881,Prievidza,Trenčiansky,48.77104,18.623306,obec,socialne_zariadenie,Zariadenie sociálnych služieb,Gastro a stravovacie zariadenia,1
151,00648710,Centrum sociálnych služieb - Bôrik,,,117,Nitrianske Pravno,SK0227514225,Prievidza,Trenčiansky,48.866667,18.633333,obec,socialne_zariadenie,Zariadenie sociálnych služieb,Gastro a stravovacie zariadenia,1
152,00650935,Družstevná ovocná pálenica Streženice,Cintorínska 176,02001,118,Streženice,SK0228557471,Púchov,Trenčiansky,49.1,18.3,obec,ovocne_sady,Ovocné sady a spracovanie ovocia,Poľnohospodárstvo a chov,1
153,00651117,"Stredná odborná škola dopravná, Rosinská 3126/2, Žilina",,,34,Žilina,SK031B517402,Žilina,Žilinský,49.223464,18.739498,obec,skola_stredna,Stredná škola,Gastro a stravovacie zariadenia,1
154,00651273,"COOP Jednota Púchov, spotrebné družstvo",,,110,Púchov,SK0228513610,Púchov,Trenčiansky,49.123992,18.324242,obec,retail_druzstvo,Spotrebné družstvo (predajne),Retail a distribúcia potravín,1
155,00651435,Centrum sociálnych služieb Ľadoveň,,,119,Martin,SK0316512036,Martin,Žilinský,49.07226,18.929174,obec,socialne_zariadenie,Zariadenie sociálnych služieb,Gastro a stravovacie zariadenia,1
156,00651443,Centrum sociálnych služieb Horný Turiec,,,19,Turčianske Teplice,SK0319512729,Turčianske Teplice,Žilinský,48.862737,18.858728,obec,socialne_zariadenie,Zariadenie sociálnych služieb,Gastro a stravovacie zariadenia,1
157,00654795,Centrum sociálnych služieb MEREMA,,,17,Modra,SK0107508101,Pezinok,Bratislavský,48.336443,17.308037,obec,socialne_zariadenie,Zariadenie sociálnych služieb,Gastro a stravovacie zariadenia,1
158,00655295,"„BARACHA"", Zariadenie sociálnych služieb Bardoňovo",,,120,Bardoňovo,SK0234503053,Nové Zámky,Nitriansky,48.116667,18.416667,obec,socialne_zariadenie,Zariadenie sociálnych služieb,Gastro a stravovacie zariadenia,1
159,00655317,"„IPEĽ"", Zariadenie sociálnych služieb Leľa",,,121,Leľa,SK0234503312,Nové Zámky,Nitriansky,47.863625,18.767487,obec,socialne_zariadenie,Zariadenie sociálnych služieb,Gastro a stravovacie zariadenia,1
160,00655341,"„VEK NÁDEJE"", Zariadenie sociálnych služieb Nové Zámky",,,24,Nové Zámky,SK0234503011,Nové Zámky,Nitriansky,47.98334,18.166661,obec,socialne_zariadenie,Zariadenie sociálnych služieb,Gastro a stravovacie zariadenia,1
161,00655589,Zariadenie pre seniorov Mokrý Háj,,,122,Mokrý Háj,SK0216504564,Skalica,Trnavský,48.810594,17.246132,obec,socialne_zariadenie,Zariadenie sociálnych služieb,Gastro a stravovacie zariadenia,1
162,00655716,Zariadenie pre seniorov Gabčíkovo,,,123,Gabčíkovo,SK0211501573,Dunajská Streda,Trnavský,47.895106,17.578125,obec,socialne_zariadenie,Zariadenie sociálnych služieb,Gastro a stravovacie zariadenia,1
163,00656046,"„DOMUM"", Zariadenie sociálnych služieb Krškany",,,124,Krškany,SK0232502430,Levice,Nitriansky,48.221253,18.670036,obec,socialne_zariadenie,Zariadenie sociálnych služieb,Gastro a stravovacie zariadenia,1
164,00681300,Odvoz a likvidácia odpadu a.s. (OLO a.s.),Ivanská cesta 22,82104,125,Bratislava,,Bratislava I,Bratislavský,48.153538,17.109671,obec,odpadove_hospodarstvo,Odpadové hospodárstvo,Komunálny a gastro bioodpad,1
165,00686981,"Súkromná stredná odborná škola služieb, Hviezdoslavova 11, Bardejov",,,126,Bardejov,SK0411519006,Bardejov,Prešovský,49.292999,21.27554,obec,skola_stredna,Stredná škola,Gastro a stravovacie zariadenia,1
166,00691135,Mesto Košice,Trieda SNP 48A,04011,127,Košice - mestská časť Západ,SK0423598224,Košice II,Košický,48.714333,21.227312,mestska_cast,mesto,Mesto - správa zelene,Komunálny a gastro bioodpad,1
167,00691852,Zariadenie pre seniorov a Zariadenie opatrovateľskej služby Kežmarok,,,2,Kežmarok,SK0413523585,Kežmarok,Prešovský,49.136318,20.430447,obec,socialne_zariadenie,Zariadenie sociálnych služieb,Gastro a stravovacie zariadenia,1
168,00691976,"Zariadenie pre seniorov Harmónia, Prešov - Cemjata",,,14,Prešov,SK0417524140,Prešov,Prešovský,49.000411,21.252273,obec,socialne_zariadenie,Zariadenie sociálnych služieb,Gastro a stravovacie zariadenia,1
169,00692000,Zariadenie pre seniorov Náruč,,,14,Prešov,SK0417524140,Prešov,Prešovský,49.000411,21.252273,obec,socialne_zariadenie,Zariadenie sociálnych služieb,Gastro a stravovacie zariadenia,1
170,00693804,"COOP Jednota Námestovo, spotrebné družstvo",,,9,Námestovo,SK0317509868,Námestovo,Žilinský,49.409512,19.480783,obec,retail_druzstvo,Spotrebné družstvo (predajne),Retail a distribúcia potravín,1
171,00695327,SUBSIDIUM - Špecializované zariadenie a zariadenie pre seniorov,,,15,Rožňava,SK0428525529,Rožňava,Košický,48.654392,20.531184,obec,socialne_zariadenie,Zariadenie sociálnych služieb,Gastro a stravovacie zariadenia,1
172,00893315,"Stredná odborná škola techniky a služieb, Pod amfiteátrom 7, Levice",,,103,Levice,SK0232502031,Levice,Nitriansky,48.216667,18.6,obec,skola_stredna,Stredná škola,Gastro a stravovacie zariadenia,1
173,00893331,"Stredná odborná škola informačných technológií, Ostrovského 1, Košice",,,128,Košice - mestská časť Juh,SK0425599824,Košice IV,Košický,48.706875,21.259905,mestska_cast,skola_stredna,Stredná škola,Gastro a stravovacie zariadenia,1
174,00893692,Stredná odborná škola polytechnická a služieb arm. gen. L. Svobodu,,,129,Svidník,SK041C527106,Svidník,Prešovský,49.308408,21.573643,obec,skola_stredna,Stredná škola,Gastro a stravovacie zariadenia,1
175,11882115,Súkromná stredná odborná škola obchodu a služieb s VJM,,,130,Mostová,SK0212503924,Galanta,Trnavský,48.140162,17.678594,obec,skola_stredna,Stredná škola,Gastro a stravovacie zariadenia,1
176,14321114,Anton Kollár - MASIARSTVO TONY,,,131,Lažany,SK0417524735,Prievidza,Trenčiansky,48.819215,18.622017,obec,masovyroba,Mäsospracovanie,Potravinárstvo a nápoje,1
177,14390710,Vojtech Bárány Mäso - údeniny,,,132,Košice - mestská časť Šaca,SK0423599841,Košice II,Košický,48.631448,21.171446,mestska_cast,masovyroba,Mäsospracovanie,Potravinárstvo a nápoje,1
178,14414805,Jaroslav Darmo Mäso - údeniny,,,51,Chynorany,SK0225543004,Partizánske,Trenčiansky,48.609821,18.27348,obec,masovyroba,Mäsospracovanie,Potravinárstvo a nápoje,1
179,17050111,Gymnázium Juraja Szondyho s VJM,,,87,Šahy,SK0232502782,Levice,Nitriansky,48.172145,18.713842,okres,skola_stredna,Stredná škola,Gastro a stravovacie zariadenia,1
180,17050197,Gymnázium Karola Štúra,,,17,Modra,SK0107508101,Pezinok,Bratislavský,48.336443,17.308037,obec,skola_stredna,Stredná škola,Gastro a stravovacie zariadenia,1
181,17050227,Gymnázium Janka Jesenského,,,133,Bánovce nad Bebravou,SK0221542652,Bánovce nad Bebravou,Trenčiansky,48.721667,18.259826,obec,skola_stredna,Stredná škola,Gastro a stravovacie zariadenia,1
182,17053846,"Stredná odborná škola podnikania a služieb, Hattalova 968/33, Námestovo",,,9,Námestovo,SK0317509868,Námestovo,Žilinský,49.409512,19.480783,obec,skola_stredna,Stredná škola,Gastro a stravovacie zariadenia,1
183,17053871,Stredná odborná škola kaderníctva a vizážistiky,,,39,Bratislava - mestská časť Ružinov,SK0102529320,Bratislava II,Bratislavský,48.149645,17.164279,mestska_cast,skola_stredna,Stredná škola,Gastro a stravovacie zariadenia,1
184,17059186,Zariadenie pre seniorov Nová Dubnica,,,134,Nová Dubnica,SK0222513440,Ilava,Trenčiansky,48.940148,18.145837,obec,socialne_zariadenie,Zariadenie sociálnych služieb,Gastro a stravovacie zariadenia,1
185,17060664,Centrum sociálnych služieb Brezovec,,,135,Dolný Kubín,SK0313509540,Dolný Kubín,Žilinský,49.218073,19.29539,obec,socialne_zariadenie,Zariadenie sociálnych služieb,Gastro a stravovacie zariadenia,1
186,17066913,Centrum sociálnych služieb - Chmelinec,,,110,Púchov,SK0228513610,Púchov,Trenčiansky,49.123992,18.324242,obec,socialne_zariadenie,Zariadenie sociálnych služieb,Gastro a stravovacie zariadenia,1
187,17070503,"Základná škola s materskou školou pri zdravotníckom zariadení, Bardejovské kúpele 13",,,126,Bardejov,SK0411519006,Bardejov,Prešovský,49.292999,21.27554,obec,skola_zakladna,Základná škola,Gastro a stravovacie zariadenia,1
188,17078202,Správa mestskej zelene v Košiciach,Rastislavova 1617/79,04001,128,Košice - mestská časť Juh,SK0425599824,Košice IV,Košický,48.706875,21.259905,mestska_cast,mesto,Mesto - správa zelene,Komunálny a gastro bioodpad,1
189,17078482,"Stredná odborná škola gastronómie a služieb, Prešov",,,14,Prešov,SK0417524140,Prešov,Prešovský,49.000411,21.252273,obec,skola_stredna,Stredná škola,Gastro a stravovacie zariadenia,1
190,17132151,Milan Černaj Mäso-údeniny,,,136,Jelšava,SK0328525791,Revúca,Banskobystrický,48.627976,20.24008,obec,masovyroba,Mäsospracovanie,Potravinárstvo a nápoje,1
191,17149355,Centrum sociálnych služieb Bardejov,,,126,Bardejov,SK0411519006,Bardejov,Prešovský,49.292999,21.27554,obec,socialne_zariadenie,Zariadenie sociálnych služieb,Gastro a stravovacie zariadenia,1
192,17151341,Gymnázium Michalovce,,,36,Michalovce,SK0427522279,Michalovce,Košický,48.75,21.933333,obec,skola_stredna,Stredná škola,Gastro a stravovacie zariadenia,1
193,17219914,Nadežda Planková závodná jedáleň,,,35,Humenné,SK0412520004,Humenné,Prešovský,48.934603,21.90314,obec,jedalen_zavodna,Závodná a verejná jedáleň,Gastro a stravovacie zariadenia,1
194,17259533,Anton Eliáš Mäso-údeniny,,,137,Valaliky,SK0426522139,Košice - okolie,Košický,48.641526,21.29313,obec,masovyroba,Mäsospracovanie,Potravinárstvo a nápoje,1
195,17266807,Mária Pastorová - BUFET ZÁHRADA,,,138,Michaľany,SK042B528587,Trebišov,Košický,48.516667,21.633333,obec,restauracia,Reštaurácia,Gastro a stravovacie zariadenia,1
196,17639301,Poľnohospodárske družstvo Prusy,,95703,139,Prusy,SK0221505412,Bánovce nad Bebravou,Trenčiansky,48.758555,18.260143,obec,polnohospodarske_druzstvo,Poľnohospodárske družstvo,Poľnohospodárstvo a chov,1
197,17639913,Poľnohospodárske družstvo KLAS,,,140,Čata,SK0232555843,Levice,Nitriansky,47.95,18.666667,obec,polnohospodarske_druzstvo,Poľnohospodárske družstvo,Poľnohospodárstvo a chov,1
198,17642566,Poľnohospodárske družstvo Dolné Srnie,,91641,141,Dolné Srnie,SK0224505951,Nové Mesto nad Váhom,Trenčiansky,48.80029,17.819541,obec,polnohospodarske_druzstvo,Poľnohospodárske družstvo,Poľnohospodárstvo a chov,1
199,17642795,"COOP Jednota Radošovce, spotrebné družstvo",,,142,Radošovce,SK0216504742,Skalica,Trnavský,48.766667,17.283333,obec,retail_druzstvo,Spotrebné družstvo (predajne),Retail a distribúcia potravín,1
200,17689503,Margita Farkasová - Reštaurácia,,,143,Kráľov Brod,SK0212503878,Galanta,Trnavský,48.058997,17.830464,obec,restauracia,Reštaurácia,Gastro a stravovacie zariadenia,1
201,17795541,Milan Hric - MÄSO - ÚDENINY,,,144,Žiar nad Hronom,SK032D516589,Žiar nad Hronom,Banskobystrický,48.590505,18.853646,obec,masovyroba,Mäsospracovanie,Potravinárstvo a nápoje,1
202,17817994,Miloš Kubala MÄSO-ÚDENINY,,,145,Radoľa,SK0314580791,Kysucké Nové Mesto,Žilinský,49.290202,18.794346,obec,masovyroba,Mäsospracovanie,Potravinárstvo a nápoje,1
203,18047181,"Vinárske závody Topoľčianky, s.r.o.",Cintorínska 31,95193,146,Topoľčianky,SK0237500828,Zlaté Moravce,Nitriansky,48.420271,18.410113,obec,vinarstvo,Vinárstvo,Potravinárstvo a nápoje,1
204,30027551,Štefan Hôrka - Mäso - údeniny,,,67,Trenčianska Teplá,SK0229506559,Trenčín,Trenčiansky,48.93373,18.120323,obec,masovyroba,Mäsospracovanie,Potravinárstvo a nápoje,1
205,30111641,František Sekera Mliekáreň,NA 291,92532,147,Veľká Mača,SK0212504122,Galanta,Trnavský,48.245092,17.686623,obec,mliekaren,Mliekáreň,Potravinárstvo a nápoje,1
206,30222966,"Technické služby Turčianske Teplice, s. r. o.",Robotnícka 2,03901,19,Turčianske Teplice,SK0319512729,Turčianske Teplice,Žilinský,48.862737,18.858728,obec,technicke_sluzby,Technické služby mesta / obce,Komunálny a gastro bioodpad,1
207,30223423,"Spojená škola sv. Jozefa, Jašíkova 219, Turzovka",,,148,Turzovka,SK0312509507,Čadca,Žilinský,49.402543,18.628775,obec,skola_stredna,Stredná škola,Gastro a stravovacie zariadenia,1
208,30225159,"TURIANSKA PEKÁREŇ, spol. s r.o.",V. Žingora 22/5206,03601,119,Martin,SK0316512036,Martin,Žilinský,49.07226,18.929174,obec,pekaren,Pekáreň,Potravinárstvo a nápoje,1
209,30225591,Centrum sociálnych služieb Méta,,,119,Martin,SK0316512036,Martin,Žilinský,49.07226,18.929174,obec,socialne_zariadenie,Zariadenie sociálnych služieb,Gastro a stravovacie zariadenia,1
210,30228271,Zariadenie pre seniorov Považská Bystrica,,,112,Považská Bystrica,SK0226512842,Považská Bystrica,Trenčiansky,49.114507,18.447319,obec,socialne_zariadenie,Zariadenie sociálnych služieb,Gastro a stravovacie zariadenia,1
211,30285216,Štefan Kún - Mäso - údeniny,,,15,Rožňava,SK0428525529,Rožňava,Košický,48.654392,20.531184,obec,masovyroba,Mäsospracovanie,Potravinárstvo a nápoje,1
212,30526027,Jozef Furťo - MÄSNA,,,10,Ružomberok,SK0318510998,Ružomberok,Žilinský,49.08187,19.302965,obec,masovyroba,Mäsospracovanie,Potravinárstvo a nápoje,1
213,30568731,Ján Macuľa - MÄSO - ÚDENINY,,,149,Brezno,SK0323508497,Brezno,Banskobystrický,48.805335,19.640961,obec,masovyroba,Mäsospracovanie,Potravinárstvo a nápoje,1
214,30578990,Rudolf Škrobák - RaJ,,,150,Mužla,SK0234503401,Nové Zámky,Nitriansky,47.78991,18.600899,obec,restauracia,Reštaurácia,Gastro a stravovacie zariadenia,1
215,30797969,Súkromné gymnázium ESPRIT,,,125,Bratislava,SK0104529397,Bratislava I,Bratislavský,48.153538,17.109671,obec,skola_stredna,Stredná škola,Gastro a stravovacie zariadenia,1
216,30804191,Centrum sociálnych služieb Rača,,,151,Bratislava - mestská časť Rača,SK0103529354,Bratislava III,Bratislavský,48.211512,17.1534,mestska_cast,socialne_zariadenie,Zariadenie sociálnych služieb,Gastro a stravovacie zariadenia,1
217,30808901,Mestské lesy v Bratislave,Cesta mládeže 4,83101,20,Bratislava - mestská časť Nové Mesto,SK0103529346,Bratislava III,Bratislavský,48.167188,17.138349,mestska_cast,mestske_lesy,Mestské lesy,"Drevo, lesníctvo a ostatné",1
218,30847656,"Školská jedáleň pri 1. súkromnom gymnáziu, Bajkalská 20, Bratislava",,,39,Bratislava - mestská časť Ružinov,SK0102529320,Bratislava II,Bratislavský,48.149645,17.164279,mestska_cast,skolska_jedalen,Školská jedáleň,Gastro a stravovacie zariadenia,1
219,30853711,"Materská škola, Linzbothova 9847/18, Bratislava",,,152,Bratislava - mestská časť Podunajské Biskupice,SK0102529311,Bratislava II,Bratislavský,48.130042,17.207422,mestska_cast,skola_materska,Materská škola,Gastro a stravovacie zariadenia,1
220,30866065,"Základná škola s materskou školou, Pernek 285",,,153,Pernek,SK0106508161,Malacky,Bratislavský,48.368333,17.143541,obec,skola_zakladna,Základná škola,Gastro a stravovacie zariadenia,1
221,30868645,Súkromná stredná odborná škola pedagogická a sociálna,,,154,Bratislava - mestská časť Karlova Ves,SK0104529397,Bratislava IV,Bratislavský,48.160464,17.047532,mestska_cast,skola_stredna,Stredná škola,Gastro a stravovacie zariadenia,1
222,30996261,"MJM agro Cetín, s.r.o.",Jurská cesta 8,93401,103,Levice,SK0232502031,Levice,Nitriansky,48.216667,18.6,obec,agro,Poľnohospodársky podnik,Poľnohospodárstvo a chov,1
223,30998034,Poľnohospodárske družstvo Okánikovo,osada Okánikovo,94621,84,Veľké Kosihy,SK0231501387,Komárno,Nitriansky,47.766667,17.883333,obec,polnohospodarske_druzstvo,Poľnohospodárske družstvo,Poľnohospodárstvo a chov,1
224,30999847,Centrum sociálnych služieb - Bánovce nad Bebravou,,,133,Bánovce nad Bebravou,SK0221542652,Bánovce nad Bebravou,Trenčiansky,48.721667,18.259826,obec,socialne_zariadenie,Zariadenie sociálnych služieb,Gastro a stravovacie zariadenia,1
225,31102701,LYKO s.r.o.,Stupava 5602,90031,86,Stupava,SK0106508233,Malacky,Bratislavský,48.273132,17.032746,obec,pila,Píla a drevospracovanie,"Drevo, lesníctvo a ostatné",1
226,31105394,Zariadenie sociálnych služieb Zelený dom Skalica,,,100,Skalica,SK0216504815,Skalica,Trnavský,48.770797,17.20201,okres,socialne_zariadenie,Zariadenie sociálnych služieb,Gastro a stravovacie zariadenia,1
227,31106161,Poľnohospodárske družstvo Zlatná na Ostrove,,,155,Zlatná na Ostrove,SK0231501425,Komárno,Nitriansky,47.767557,17.976459,obec,polnohospodarske_druzstvo,Poľnohospodárske družstvo,Poľnohospodárstvo a chov,1
228,31118682,Centrum sociálnych služieb - DOMOV JAVORINA,,,60,Bzince pod Javorinou,SK0224505897,Nové Mesto nad Váhom,Trenčiansky,48.786735,17.771587,obec,socialne_zariadenie,Zariadenie sociálnych služieb,Gastro a stravovacie zariadenia,1
229,31193897,OAZIS - Zariadenie sociálnych služieb,,,80,Komárno,SK0231501026,Komárno,Nitriansky,47.757388,18.129917,obec,socialne_zariadenie,Zariadenie sociálnych služieb,Gastro a stravovacie zariadenia,1
230,31305288,Evanjelické gymnázium Jana Amosa Komenského,,,106,Košice,SK0422598186,Košice I,Košický,48.717227,21.249677,obec,skola_stredna,Stredná škola,Gastro a stravovacie zariadenia,1
231,31321828,"TESCO STORES SR, a.s.",,,39,Bratislava - mestská časť Ružinov,SK0102529320,Bratislava II,Bratislavský,48.149645,17.164279,mestska_cast,retail_retazec,Obchodný reťazec,Retail a distribúcia potravín,1
232,31347037,BILLA s.r.o.,,,39,Bratislava - mestská časť Ružinov,SK0102529320,Bratislava II,Bratislavský,48.149645,17.164279,mestska_cast,retail_retazec,Obchodný reťazec,Retail a distribúcia potravín,1
233,31386563,Univerzitná nemocnica AGEL Milosrdní bratia s. r. o.,,,125,Bratislava,,Bratislava I,Bratislavský,48.153538,17.109671,obec,nemocnica,Nemocnica,Gastro a stravovacie zariadenia,1
234,31408265,"PEKÁREŇ UNO, spol. s r.o.",,95117,156,Cabaj - Čápor,,Nitra,Nitriansky,48.245665,18.023092,obec,pekaren,Pekáreň,Potravinárstvo a nápoje,1
235,31410146,"Priemyselný park Štúrovo, a. s.",Továrenská 1,94303,157,Štúrovo,SK0234503584,Nové Zámky,Nitriansky,47.797831,18.71486,obec,papierne,Papiereň a celulózka,"Drevo, lesníctvo a ostatné",1
236,31412271,LEVICKÉ MLIEKÁRNE a.s.,Júrska cesta č. 2,93401,103,Levice,SK0232502031,Levice,Nitriansky,48.216667,18.6,obec,mliekaren,Mliekáreň,Potravinárstvo a nápoje,1
237,31412408,Topoľčianske pekárne a cukrárne a.s. skrátený názov TOPEC a.s.,Krušovská 1994,95501,26,Topoľčany,SK0236504998,Topoľčany,Nitriansky,48.559116,18.176052,obec,pekaren,Pekáreň,Potravinárstvo a nápoje,1
238,31412459,"Mlyn Pohronský Ruskov, a.s.",Hlavná 76,93562,158,Pohronský Ruskov,SK0232502677,Levice,Nitriansky,47.983333,18.666667,obec,mlyn,Mlyn,Potravinárstvo a nápoje,1
239,31414958,ABC HOTEL s.r.o.,,,23,Nitra,SK0233500011,Nitra,Nitriansky,48.31257,18.09061,obec,hotel,Hotel,Gastro a stravovacie zariadenia,1
240,31424384,AGROVAŽAN s.r.o.,Športova 29,94301,157,Štúrovo,SK0234503584,Nové Zámky,Nitriansky,47.797831,18.71486,obec,agro,Poľnohospodársky podnik,Poľnohospodárstvo a chov,1
241,31424945,MLYN - verejná obchodná spoločnosť,NA 624,94142,159,Veľké Lovce,SK0234503631,Nové Zámky,Nitriansky,48.066661,18.333335,obec,mlyn,Mlyn,Potravinárstvo a nápoje,1
242,31425399,Píla Podlužany spol. s r.o.,NA 358,95652,53,Podlužany,SK0221505358,Bánovce nad Bebravou,Trenčiansky,48.770966,18.239113,obec,pila,Píla a drevospracovanie,"Drevo, lesníctvo a ostatné",1
243,31429254,"Ed. Haas SK, s.r.o.",Staničná 20,90851,160,Holíč,SK0216504378,Skalica,Trnavský,48.8,17.166667,obec,cukrovinky,Výroba cukroviniek,Potravinárstvo a nápoje,1
244,31431631,Poľnohospodárske družstvo Kálnica,Kálnica 722,91637,161,Kálnica,SK0224506109,Nové Mesto nad Váhom,Trenčiansky,48.764557,17.927848,obec,polnohospodarske_druzstvo,Poľnohospodárske družstvo,Poľnohospodárstvo a chov,1
245,31434118,HYDINÁRI s.r.o.,Jarocká 397/15,95135,40,Veľké Zálužie,SK0233500887,Nitra,Nitriansky,48.308171,17.940569,obec,hydina,Hydinárska prevádzka,Poľnohospodárstvo a chov,1
246,31435432,Pekáreň VIESKATRANS spol. s r.o.,,94341,162,Nová Vieska,SK0234503436,Nové Zámky,Nitriansky,47.869087,18.461012,obec,pekaren,Pekáreň,Potravinárstvo a nápoje,1
247,31436641,"PD Veľká Hradná, a.s.",Veľká Hradná 145,91324,163,Veľká Hradná,SK0229506648,Trenčín,Trenčiansky,48.768904,18.142173,obec,polnohospodarske_druzstvo,Poľnohospodárske družstvo,Poľnohospodárstvo a chov,1
248,31438881,"HYDINA SÚLOVCE, s.r.o.",,,164,Súlovce,SK0236505510,Topoľčany,Nitriansky,48.466667,18.166667,obec,hydina,Hydinárska prevádzka,Poľnohospodárstvo a chov,1
249,31448291,"Pivovar Diakovce, spol. s r.o.",Železničiarska 593,09431,165,Hanušovce nad Topľou,SK041D544213,Vranov nad Topľou,Prešovský,49.033333,21.5,obec,pivovar,Pivovar / minipivovar,Potravinárstvo a nápoje,1
250,31559107,Liptovské pekárne a cukrárne VČELA - Lippek s.r.o.,1. mája 1919,03101,30,Liptovský Mikuláš,SK0315510262,Liptovský Mikuláš,Žilinský,49.083333,19.616667,obec,pekaren,Pekáreň,Potravinárstvo a nápoje,1
251,31561802,"DOBROTA, a.s.",Košovská cesta 12,97101,31,Prievidza,SK0227513881,Prievidza,Trenčiansky,48.77104,18.623306,obec,pekaren,Pekáreň,Potravinárstvo a nápoje,1
252,31562116,"DS Smith Turpak Obaly, a.s.",Robotnícka 1,03680,119,Martin,SK0316512036,Martin,Žilinský,49.07226,18.929174,obec,papierne,Papiereň a celulózka,"Drevo, lesníctvo a ostatné",1
253,31563490,"Ryba Žilina, spol. s r.o.",P.O.Hviezdoslava 8194/85,01001,34,Žilina,SK031B517402,Žilina,Žilinský,49.223464,18.739498,obec,rybarstvo,Rybárstvo a akvakultúra,"Drevo, lesníctvo a ostatné",1
254,31568386,"SLOVENSKÉ CUKROVARY, s.r.o.",Cukrovarská 726,92601,166,Sereď,SK0212504009,Galanta,Trnavský,48.288903,17.730881,obec,cukrovar,Cukrovar,Potravinárstvo a nápoje,1
255,31574912,"AGROFARMA, spol. s r.o. Červený Kameň",Červený Kameň 324,01856,167,Červený Kameň,SK0222512931,Ilava,Trenčiansky,49.083333,18.183333,obec,farma,Živočíšna farma,Poľnohospodárstvo a chov,1
256,31577156,"Slovryb, a.s.",Lepenkáreň 7415/2,03403,10,Ružomberok,SK0316512818,Ružomberok,Žilinský,49.08187,19.302965,obec,rybarstvo,Rybárstvo a akvakultúra,"Drevo, lesníctvo a ostatné",1
257,31579183,Technické služby mesta Prievidza s.r.o.,Mariánska ulica 17,97101,31,Prievidza,SK0227513881,Prievidza,Trenčiansky,48.77104,18.623306,obec,technicke_sluzby,Technické služby mesta / obce,Komunálny a gastro bioodpad,1
258,31588182,Mestské lesy Nová Baňa s. r. o.,Bernolákova 36/11,96801,168,Nová Baňa,SK032C517097,Žarnovica,Banskobystrický,48.41225,18.644609,obec,mestske_lesy,Mestské lesy,"Drevo, lesníctvo a ostatné",1
259,31592015,HOTEL ZOBOR s.r.o.,,,23,Nitra,SK0233500011,Nitra,Nitriansky,48.31257,18.09061,obec,hotel,Hotel,Gastro a stravovacie zariadenia,1
260,31595740,"AGROSTRÁŽOV, spol. s r.o.",NA 52,01832,169,Zliechov,SK0222513865,Ilava,Trenčiansky,48.95,18.433333,obec,agro,Poľnohospodársky podnik,Poľnohospodárstvo a chov,1
261,31598498,Mäsoprodukt spol. s r.o.,,91101,27,Trenčín,SK0229505820,Trenčín,Trenčiansky,48.892358,18.039372,obec,masovyroba,Mäsospracovanie,Potravinárstvo a nápoje,1
262,31598528,"MALENICA, s.r.o.",NA 59,01822,170,Pružina,SK0226513601,Považská Bystrica,Trenčiansky,49.016667,18.483333,obec,pila,Píla a drevospracovanie,"Drevo, lesníctvo a ostatné",1
263,31600182,"Mestské lesy Kremnica, s.r.o.",Zechenterova 347/2,96701,171,Kremnica,SK032D516970,Žiar nad Hronom,Banskobystrický,48.7,18.916667,obec,mestske_lesy,Mestské lesy,"Drevo, lesníctvo a ostatné",1
264,31603271,"Mestské lesy, spol. s r.o. Ružomberok",J. Jančeka 34,03401,10,Ružomberok,SK0318510998,Ružomberok,Žilinský,49.08187,19.302965,obec,mestske_lesy,Mestské lesy,"Drevo, lesníctvo a ostatné",1
265,31605397,"Obecná píla Ľubietová, spol. s r.o.",Zábava 442/44,97655,172,Ľubietová,SK0321508748,Banská Bystrica,Banskobystrický,48.748315,19.358256,obec,pila,Píla a drevospracovanie,"Drevo, lesníctvo a ostatné",1
266,31609911,"Technické služby, s.r.o. Dolný Kubín",Nábrežie Oravy 627/1,02601,135,Dolný Kubín,SK0313509540,Dolný Kubín,Žilinský,49.218073,19.29539,obec,technicke_sluzby,Technické služby mesta / obce,Komunálny a gastro bioodpad,1
267,31611907,"DOBROTA Orava, s.r.o.",Matúškova 1637/15,02601,135,Dolný Kubín,SK0313509540,Dolný Kubín,Žilinský,49.218073,19.29539,obec,pekaren,Pekáreň,Potravinárstvo a nápoje,1
268,31613314,"Mestské lesy Považská Bystrica, s.r.o.",Považské Podhradie 333,01704,112,Považská Bystrica,SK0226512842,Považská Bystrica,Trenčiansky,49.114507,18.447319,obec,mestske_lesy,Mestské lesy,"Drevo, lesníctvo a ostatné",1
269,31616798,"Mestské lesy, s.r.o. Krupina",Priemyselná 969/14,96301,32,Krupina,SK0325518557,Krupina,Banskobystrický,48.352728,19.069182,obec,mestske_lesy,Mestské lesy,"Drevo, lesníctvo a ostatné",1
270,31619002,"HYDINÁREŇ ZÁMOSTIE, s.r.o.",Zámostie,97663,173,Predajná,SK0323508934,Brezno,Banskobystrický,48.813419,19.462852,obec,hydina,Hydinárska prevádzka,Poľnohospodárstvo a chov,1
271,31628842,"FARMA Zliechov, spol. s r.o.",Zliechov 331,01832,169,Zliechov,SK0222513865,Ilava,Trenčiansky,48.95,18.433333,obec,farma,Živočíšna farma,Poľnohospodárstvo a chov,1
272,31629857,Zvolenská mliekareň s.r.o.,T. G. Masaryka 8580,96001,11,Zvolen,SK032B518158,Zvolen,Banskobystrický,48.576512,19.128476,obec,mliekaren,Mliekáreň,Potravinárstvo a nápoje,1
273,31634184,Hotel Podjavorník s.r.o.,,,174,Bratislava - mestská časť Staré Mesto,SK0101528595,Bratislava I,Bratislavský,48.140553,17.112478,mestska_cast,hotel,Hotel,Gastro a stravovacie zariadenia,1
274,31637051,"Mondi SCP, a.s.",Tatranská cesta 3,03417,10,Ružomberok,SK0318510998,Ružomberok,Žilinský,49.08187,19.302965,obec,papierne,Papiereň a celulózka,"Drevo, lesníctvo a ostatné",1
275,31638767,Mestské lesy Tisovec s.r.o.,Hviezdoslavova 1143,98061,175,Tisovec,SK0329515680,Rimavská Sobota,Banskobystrický,48.681,19.942023,obec,mestske_lesy,Mestské lesy,"Drevo, lesníctvo a ostatné",1
276,31638775,"Mestské lesy Banská Štiavnica, spol. s r.o.",Šobov 1401/1,96901,8,Banská Štiavnica,SK0322516643,Banská Štiavnica,Banskobystrický,48.458093,18.89828,obec,mestske_lesy,Mestské lesy,"Drevo, lesníctvo a ostatné",1
277,31639216,"Výskumný ústav ovocných a okrasných drevín a.s. (VÚOOD, a.s.)",Prievidzská 1457/73,97201,176,Bojnice,SK0227513903,Prievidza,Trenčiansky,48.78,18.581862,obec,ovocne_sady,Ovocné sady a spracovanie ovocia,Poľnohospodárstvo a chov,1
278,31640265,"Kysucké pekárne, a.s.",A. Hlinku 2541,02201,29,Čadca,SK0312509132,Čadca,Žilinský,49.440819,18.788221,obec,pekaren,Pekáreň,Potravinárstvo a nápoje,1
279,31642365,Mestské lesy Banská Bystrica s.r.o.,Dolný Harmanec 51,97603,177,Dolný Harmanec,SK0321508551,Banská Bystrica,Banskobystrický,48.815627,19.050931,obec,mestske_lesy,Mestské lesy,"Drevo, lesníctvo a ostatné",1
280,31644571,"FARMA JANEK, spol. s r.o.",,01861,178,Beluša,SK0228512851,Púchov,Trenčiansky,49.066667,18.333333,obec,farma,Živočíšna farma,Poľnohospodárstvo a chov,1
281,31648479,"Plzeňský Prazdroj Slovensko, a.s.",Pivovarská 9,08221,179,Veľký Šariš,SK0417525405,Prešov,Prešovský,49.05,21.2,obec,pivovar,Pivovar / minipivovar,Potravinárstvo a nápoje,1
282,31651321,SYRÁREŇ BEL SLOVENSKO a.s.,Lastomírska 1,07101,36,Michalovce,SK0427522279,Michalovce,Košický,48.75,21.933333,obec,syraren,Syráreň a bryndziareň,Potravinárstvo a nápoje,1
283,31654363,Tatranská mliekareň a.s.,Nad traťou 26,06001,2,Kežmarok,SK0413523585,Kežmarok,Prešovský,49.136318,20.430447,obec,mliekaren,Mliekáreň,Potravinárstvo a nápoje,1
284,31669794,"MÄSOPRODUKT, a.s., Prešov",Bardejovská 44,08006,14,Prešov,SK0417524140,Prešov,Prešovský,49.000411,21.252273,obec,masovyroba,Mäsospracovanie,Potravinárstvo a nápoje,1
285,31672981,Mestské lesy Košice a.s.,Južná trieda 11,04001,106,Košice,SK0428522622,Košice I,Košický,48.717227,21.249677,obec,mestske_lesy,Mestské lesy,"Drevo, lesníctvo a ostatné",1
286,31673449,"Mestské lesy, Revúca spol. s r.o.",Šafáriková 1,05001,37,Revúca,SK0328526142,Revúca,Banskobystrický,48.683333,20.116667,obec,mestske_lesy,Mestské lesy,"Drevo, lesníctvo a ostatné",1
287,31677258,"PEKÁREŇ GROS, spol. s r.o.",Kamenná baňa 1309,06001,2,Kežmarok,SK0413523585,Kežmarok,Prešovský,49.136318,20.430447,obec,pekaren,Pekáreň,Potravinárstvo a nápoje,1
288,31683410,"Mestské lesy Dobšiná, spol. s r.o.",Turecká 54/51,04925,180,Dobšiná,SK0428525634,Rožňava,Košický,48.821028,20.364743,obec,mestske_lesy,Mestské lesy,"Drevo, lesníctvo a ostatné",1
289,31683843,"PILA TERA, spol. s r.o.",Hámorská 399/11,06901,181,Snina,SK0419520802,Snina,Prešovský,48.990062,22.155625,obec,pila,Píla a drevospracovanie,"Drevo, lesníctvo a ostatné",1
290,31686541,"Mestské lesy Jelšava, s.r.o.",Námestie republiky 500,04916,136,Jelšava,SK0328525791,Revúca,Banskobystrický,48.627976,20.24008,obec,mestske_lesy,Mestské lesy,"Drevo, lesníctvo a ostatné",1
291,31704735,"TECHNICKÉ SLUŽBY, spol. s r.o. Lipany",Krivianska 3,08271,3,Lipany,SK0418524778,Sabinov,Prešovský,49.15,20.966667,obec,technicke_sluzby,Technické služby mesta / obce,Komunálny a gastro bioodpad,1
292,31713891,Agropotravinárske družstvo Malčice,,07206,182,Malčice,SK0427522759,Michalovce,Košický,48.577134,21.854297,obec,vinarstvo,Vinárstvo,Potravinárstvo a nápoje,1
293,31737200,"COOP Jednota Vranov nad Topľou, spotrebné družstvo",,,16,Vranov nad Topľou,SK041D544051,Vranov nad Topľou,Prešovský,48.890524,21.680564,obec,retail_druzstvo,Spotrebné družstvo (predajne),Retail a distribúcia potravín,1
294,31745041,"Základná škola, Podzáhradná 51, Bratislava",,,152,Bratislava - mestská časť Podunajské Biskupice,SK0102529311,Bratislava II,Bratislavský,48.130042,17.207422,mestska_cast,skola_zakladna,Základná škola,Gastro a stravovacie zariadenia,1
295,31748198,"Základná škola s materskou školou s VJM, Vetvárska 7, Bratislava",,,152,Bratislava - mestská časť Podunajské Biskupice,SK0102529311,Bratislava II,Bratislavský,48.130042,17.207422,mestska_cast,skola_zakladna,Základná škola,Gastro a stravovacie zariadenia,1
296,31748201,"Základná škola, Biskupická 21, Bratislava",,,152,Bratislava - mestská časť Podunajské Biskupice,SK0102529311,Bratislava II,Bratislavský,48.130042,17.207422,mestska_cast,skola_zakladna,Základná škola,Gastro a stravovacie zariadenia,1
297,31754929,"Základná škola, Černyševského 8, Bratislava",,,183,Bratislava - mestská časť Petržalka,SK0105529460,Bratislava V,Bratislavský,48.111346,17.110791,mestska_cast,skola_zakladna,Základná škola,Gastro a stravovacie zariadenia,1
298,31770398,Centrum sociálnych služieb Pod Karpatmi,,,184,Pezinok,SK0107508179,Pezinok,Bratislavský,48.285586,17.27028,obec,socialne_zariadenie,Zariadenie sociálnych služieb,Gastro a stravovacie zariadenia,1
299,31780741,"Základná škola, Bieloruská 1, Bratislava",,,152,Bratislava - mestská časť Podunajské Biskupice,SK0102529311,Bratislava II,Bratislavský,48.130042,17.207422,mestska_cast,skola_zakladna,Základná škola,Gastro a stravovacie zariadenia,1
300,31787045,"Materská škola, Estónska 5207/3, Bratislava",,,152,Bratislava - mestská časť Podunajské Biskupice,SK0102529311,Bratislava II,Bratislavský,48.130042,17.207422,mestska_cast,skola_materska,Materská škola,Gastro a stravovacie zariadenia,1
301,31810268,"Základná škola s materskou školou, Kuchyňa 551",,,185,Kuchyňa,SK0106508021,Malacky,Bratislavský,48.405751,17.15852,obec,skola_zakladna,Základná škola,Gastro a stravovacie zariadenia,1
302,31810276,"Základná škola, Plavecký Štvrtok 351",,,186,Plavecký Štvrtok,SK0106508195,Malacky,Bratislavský,48.374094,17.005391,obec,skola_zakladna,Základná škola,Gastro a stravovacie zariadenia,1
303,31810292,"Základná škola, Školská ulica 7/19, Sološnica",,,187,Sološnica,SK0106504858,Malacky,Bratislavský,48.465196,17.231969,obec,skola_zakladna,Základná škola,Gastro a stravovacie zariadenia,1
304,31810543,"Základná škola s materskou školou, Budmerice 430",,,188,Budmerice,SK0107507849,Pezinok,Bratislavský,48.360397,17.405103,obec,skola_zakladna,Základná škola,Gastro a stravovacie zariadenia,1
305,31811523,"Materská škola, Hlavná 88, Gajary",,,189,Gajary,SK0106507890,Malacky,Bratislavský,48.468407,16.922298,obec,skola_materska,Materská škola,Gastro a stravovacie zariadenia,1
306,31816924,"Základná škola s materskou školou, Studienka 222",,,190,Studienka,SK0106504874,Malacky,Bratislavský,48.528061,17.136328,obec,skola_zakladna,Základná škola,Gastro a stravovacie zariadenia,1
307,31817025,"Základná škola s materskou školou, Vištuk 44",,,191,Vištuk,SK0107508322,Pezinok,Bratislavský,48.334375,17.397091,obec,skola_zakladna,Základná škola,Gastro a stravovacie zariadenia,1
308,31817033,"Školská jedáleň, Školská 257, Dunajská Lužná",,,192,Dunajská Lužná,SK0108545333,Senec,Bratislavský,48.082194,17.263614,obec,skolska_jedalen,Školská jedáleň,Gastro a stravovacie zariadenia,1
309,31822665,Centrum sociálnych služieb - LIPOVEC,,,193,Horné Srnie,SK0229506036,Trenčín,Trenčiansky,48.983333,18.1,obec,socialne_zariadenie,Zariadenie sociálnych služieb,Gastro a stravovacie zariadenia,1
310,31824064,Zariadenie pre seniorov Šaštín-Stráže,,,194,Šaštín-Stráže,SK0215504891,Senica,Trnavský,48.640447,17.149745,obec,socialne_zariadenie,Zariadenie sociálnych služieb,Gastro a stravovacie zariadenia,1
311,31824633,Zariadenie pre seniorov a denný stacionár Kolárovo,,,195,Kolárovo,SK0231501204,Komárno,Nitriansky,47.91593,17.99042,obec,socialne_zariadenie,Zariadenie sociálnych služieb,Gastro a stravovacie zariadenia,1
312,31825796,"„HARLEKÝN"", Zariadenie sociálnych služieb Topoľčany",,,26,Topoľčany,SK0236504998,Topoľčany,Nitriansky,48.559116,18.176052,obec,socialne_zariadenie,Zariadenie sociálnych služieb,Gastro a stravovacie zariadenia,1
313,31897959,"Súkromná Spojená škola EDUCO, Námestovo",,,9,Námestovo,SK0317509868,Námestovo,Žilinský,49.409512,19.480783,obec,skola_stredna,Stredná škola,Gastro a stravovacie zariadenia,1
314,31908969,"Nemocnica s poliklinikou Brezno, n.o.",,,149,Brezno,SK0323508497,Brezno,Banskobystrický,48.805335,19.640961,obec,nemocnica,Nemocnica,Gastro a stravovacie zariadenia,1
315,32338261,Alžbeta Ladovičová Mäso-údeniny u Ladoviča,,,196,Váhovce,SK0212504114,Galanta,Trnavský,48.25,17.783333,obec,masovyroba,Mäsospracovanie,Potravinárstvo a nápoje,1
316,32410182,"Peter Bernáth - mäso, údeniny",,,162,Nová Vieska,SK0234503436,Nové Zámky,Nitriansky,47.869087,18.461012,obec,masovyroba,Mäsospracovanie,Potravinárstvo a nápoje,1
317,32716869,Milan Smaženka Mäso - údeniny,,,99,Myjava,SK0223504581,Myjava,Trenčiansky,48.754035,17.565022,obec,masovyroba,Mäsospracovanie,Potravinárstvo a nápoje,1
318,33357285,Milan Puchoň Reštaurácia VRTULA,,,197,Dolný Hričov,SK031B517526,Žilina,Žilinský,49.233333,18.633333,obec,restauracia,Reštaurácia,Gastro a stravovacie zariadenia,1
319,33456691,Dušan Novák Mäso - Údeniny,,,198,Šurany,SK0234503592,Nové Zámky,Nitriansky,48.086106,18.186834,obec,masovyroba,Mäsospracovanie,Potravinárstvo a nápoje,1
320,33488070,Karel Štoncner MASO - ÚDENINY,,,45,Bolešov,SK0222512885,Ilava,Trenčiansky,48.983333,18.15,obec,masovyroba,Mäsospracovanie,Potravinárstvo a nápoje,1
321,33504181,Dušan Baša Mäso - údeniny,,,199,Šenkvice,SK0107508250,Pezinok,Bratislavský,48.299537,17.348321,obec,masovyroba,Mäsospracovanie,Potravinárstvo a nápoje,1
322,33560498,Anna Kajanová - STRAVOVANIE,,,81,Partizánske,SK0225505315,Partizánske,Trenčiansky,48.627231,18.365466,obec,jedalen_zavodna,Závodná a verejná jedáleň,Gastro a stravovacie zariadenia,1
323,33657939,Tibor Vida Mäso - údeniny,,,91,Strekov,SK0234503550,Nové Zámky,Nitriansky,47.9,18.416667,obec,masovyroba,Mäsospracovanie,Potravinárstvo a nápoje,1
324,33891184,Aladár Jurás - Mäso-údeniny,,,88,Šaľa,SK0235504025,Šaľa,Nitriansky,48.150995,17.876502,obec,masovyroba,Mäsospracovanie,Potravinárstvo a nápoje,1
325,33956383,Monika Šubová ĽUDOVÁ JEDÁLEŇ,,,200,Čechynce,SK0233555886,Nitra,Nitriansky,48.25,18.166667,obec,jedalen_zavodna,Závodná a verejná jedáleň,Gastro a stravovacie zariadenia,1
326,34000992,Domov sociálnych služieb pre dospelých a zariadenie pre seniorov SENICA,,,25,Senica,SK0215504203,Senica,Trnavský,48.679121,17.364383,obec,socialne_zariadenie,Zariadenie sociálnych služieb,Gastro a stravovacie zariadenia,1
327,34011641,Centrum sociálnych služieb - Nová Bošáca,,,201,Nová Bošáca,SK0224506303,Nové Mesto nad Váhom,Trenčiansky,48.747801,17.813354,okres,socialne_zariadenie,Zariadenie sociálnych služieb,Gastro a stravovacie zariadenia,1
328,34056505,Centrum sociálnych služieb-Juh,,,27,Trenčín,SK0229505820,Trenčín,Trenčiansky,48.892358,18.039372,obec,socialne_zariadenie,Zariadenie sociálnych služieb,Gastro a stravovacie zariadenia,1
329,34097694,"AGROSTYRO, s.r.o.",Priemyselná č. 9,95301,6,Zlaté Moravce,SK0237500968,Zlaté Moravce,Nitriansky,48.383333,18.4,obec,agro,Poľnohospodársky podnik,Poľnohospodárstvo a chov,1
330,34098887,"AGROKLAS, s.r.o.",Hlavná II. 652,95175,202,Beladice,SK0237500062,Zlaté Moravce,Nitriansky,48.346006,18.296077,obec,agro,Poľnohospodársky podnik,Poľnohospodárstvo a chov,1
331,34100644,"KOMPLEX-odpadová spoločnosť, s.r.o.",NA 131,92554,203,Pusté Sady,SK0212503967,Galanta,Trnavský,48.311844,17.827826,obec,odpadove_hospodarstvo,Odpadové hospodárstvo,Komunálny a gastro bioodpad,1
332,34103198,AGROTRIA s.r.o.,NA 476,91324,204,Svinná,SK0229506532,Trenčín,Trenčiansky,48.785155,18.161449,obec,agro,Poľnohospodársky podnik,Poľnohospodárstvo a chov,1
333,34103651,"Výskumný ústav zeleninársky, s.r.o.",Sesíleš 2195,94701,79,Hurbanovo,SK0231501140,Komárno,Nitriansky,47.869084,18.189095,obec,zeleninarstvo,Zeleninárstvo,Poľnohospodárstvo a chov,1
334,34124411,"Vinohradnícko vinárske družstvo podielníkov KARPATY, družstvo",Limbašská 2,90203,184,Pezinok,SK0107508179,Pezinok,Bratislavský,48.285586,17.27028,obec,vinarstvo,Vinárstvo,Potravinárstvo a nápoje,1
335,34133861,"Kopaničiarska odpadová spoločnosť, s.r.o. (K.O.S., s.r.o.)",NA 390,91613,205,Kostolné,SK0223506141,Myjava,Trenčiansky,48.736145,17.703515,obec,odpadove_hospodarstvo,Odpadové hospodárstvo,Komunálny a gastro bioodpad,1
336,34135278,"Myjavská pekáreň, s.r.o.",Moravská 3,90701,99,Myjava,SK0223504581,Myjava,Trenčiansky,48.754035,17.565022,obec,pekaren,Pekáreň,Potravinárstvo a nápoje,1
337,34137653,"AGROFARMA Rozina, s.r.o.",Moyzesova 14/1528,93405,103,Levice,SK0232502031,Levice,Nitriansky,48.216667,18.6,obec,farma,Živočíšna farma,Poľnohospodárstvo a chov,1
338,34139141,"Masárstvo u Lašáku, s. r. o.",,,100,Skalica,SK0216504815,Skalica,Trnavský,48.770797,17.20201,okres,masovyroba,Mäsospracovanie,Potravinárstvo a nápoje,1
339,34141995,"Mestské lesy, s.r.o. Brezová pod Bradlom",Cesta SNP 245/2,90613,49,Brezová pod Bradlom,SK0223504262,Myjava,Trenčiansky,48.661644,17.53703,obec,mestske_lesy,Mestské lesy,"Drevo, lesníctvo a ostatné",1
340,34143076,Sladovne a.s.,Sladovnícka 15,91700,28,Trnava,SK0217506745,Trnava,Trnavský,48.37729,17.586718,obec,sladovna,Sladovňa,Potravinárstvo a nápoje,1
341,34144587,"Skládka tuhého komunálneho odpadu N-14, a.s.",NA 767,92585,206,Neded,SK0235503932,Šaľa,Nitriansky,48.01844,17.974057,obec,odpadove_hospodarstvo,Odpadové hospodárstvo,Komunálny a gastro bioodpad,1
342,34147781,"ZEA - AGRO, s.r.o.",Poštová 251/15,93701,7,Želiezovce,SK0232502987,Levice,Nitriansky,48.049226,18.658355,obec,agro,Poľnohospodársky podnik,Poľnohospodárstvo a chov,1
343,34150056,"COOP Jednota Levice, spotrebné družstvo",,,103,Levice,SK0232502031,Levice,Nitriansky,48.216667,18.6,obec,retail_druzstvo,Spotrebné družstvo (predajne),Retail a distribúcia potravín,1
344,34152521,"BALSYR, s.r.o.",NA 42,91909,207,Šelpice,SK0217556670,Trnava,Trnavský,48.43796,17.531812,obec,syraren,Syráreň a bryndziareň,Potravinárstvo a nápoje,1
345,34312056,Daniela Polomčáková - JEDÁLEŇ PALMA,,,208,Stará Ľubovňa,SK041A526665,Stará Ľubovňa,Prešovský,49.297258,20.687317,obec,jedalen_zavodna,Závodná a verejná jedáleň,Gastro a stravovacie zariadenia,1
346,34510885,Ľudmila Pribulová - Modrá jedáleň,,,14,Prešov,SK0417524140,Prešov,Prešovský,49.000411,21.252273,obec,jedalen_zavodna,Závodná a verejná jedáleň,Gastro a stravovacie zariadenia,1
347,34706674,Daniel Šagát - Jedáleň SOU-Elektrotechnické,,,209,Banská Bystrica,SK0321508438,Banská Bystrica,Banskobystrický,48.738539,19.156869,obec,jedalen_zavodna,Závodná a verejná jedáleň,Gastro a stravovacie zariadenia,1
348,34962018,Karol Schroner - Mäso - údeniny,,,198,Šurany,SK0234503592,Nové Zámky,Nitriansky,48.086106,18.186834,obec,masovyroba,Mäsospracovanie,Potravinárstvo a nápoje,1
349,35390492,Miroslava Jeneiová - Reštaurácia Mirka,,,119,Martin,SK0316512036,Martin,Žilinský,49.07226,18.929174,obec,restauracia,Reštaurácia,Gastro a stravovacie zariadenia,1
350,35540915,"Špeciálna základná škola, Hviezdoslavova 164, Hrabušice",,,210,Hrabušice,SK042A526592,Spišská Nová Ves,Košický,48.977432,20.410809,obec,skola_zakladna,Základná škola,Gastro a stravovacie zariadenia,1
351,35541148,"Základná škola Mihálya Helmeczyho s VJM, Hunyadiho 1256/16, Kráľovský Chlmec",,,211,Kráľovský Chlmec,SK042B528447,Trebišov,Košický,48.416667,21.983333,obec,skola_zakladna,Základná škola,Gastro a stravovacie zariadenia,1
352,35541253,"Základná škola, Školská 339/2, Michaľany",,,138,Michaľany,SK042B528587,Trebišov,Košický,48.516667,21.633333,obec,skola_zakladna,Základná škola,Gastro a stravovacie zariadenia,1
353,35542756,"Školská jedáleň, Kežmarská 28, Košice",,,127,Košice - mestská časť Západ,SK0423598224,Košice II,Košický,48.714333,21.227312,mestska_cast,skolska_jedalen,Školská jedáleň,Gastro a stravovacie zariadenia,1
354,35542764,"Školská jedáleň, Trebišovská 10, Košice",,,127,Košice - mestská časť Západ,SK0423598224,Košice II,Košický,48.714333,21.227312,mestska_cast,skolska_jedalen,Školská jedáleň,Gastro a stravovacie zariadenia,1
355,35542772,"Školská jedáleň, Bernolákova 16, Košice",,,127,Košice - mestská časť Západ,SK0423598224,Košice II,Košický,48.714333,21.227312,mestska_cast,skolska_jedalen,Školská jedáleň,Gastro a stravovacie zariadenia,1
356,35543647,"Základná škola, Pionierov 1, Rožňava",,,15,Rožňava,SK0428525529,Rožňava,Košický,48.654392,20.531184,obec,skola_zakladna,Základná škola,Gastro a stravovacie zariadenia,1
357,35543752,"Základná škola Eugena Ruffinyho, Zimná 190/144, Dobšiná",,,180,Dobšiná,SK0428525634,Rožňava,Košický,48.821028,20.364743,obec,skola_zakladna,Základná škola,Gastro a stravovacie zariadenia,1
358,35545666,"Školská jedáleň, Komenského 6, Sobrance",,,212,Sobrance,SK0429523089,Sobrance,Košický,48.742148,22.179139,obec,skolska_jedalen,Školská jedáleň,Gastro a stravovacie zariadenia,1
359,35545674,"Školská jedáleň, Komenského 12, Sobrance",,,212,Sobrance,SK0429523089,Sobrance,Košický,48.742148,22.179139,obec,skolska_jedalen,Školská jedáleň,Gastro a stravovacie zariadenia,1
360,35546069,"Základná škola, Z. Nejedlého 2, Spišská Nová Ves",,,213,Spišská Nová Ves,SK042A526355,Spišská Nová Ves,Košický,48.943534,20.562964,obec,skola_zakladna,Základná škola,Gastro a stravovacie zariadenia,1
361,35546484,"Základná škola, Mníšek nad Hnilcom 497",,,214,Mníšek nad Hnilcom,SK0421543365,Gelnica,Košický,48.8,20.8,obec,skola_zakladna,Základná škola,Gastro a stravovacie zariadenia,1
362,35559420,"Materská škola, Budapeštianska 1, Košice",,,215,Košice - mestská časť Sídlisko Ťahanovce,SK0422599875,Košice I,Košický,48.756322,21.26885,mestska_cast,skola_materska,Materská škola,Gastro a stravovacie zariadenia,1
363,35560321,Gymnázium sv. Edity Steinovej,,,106,Košice,SK0424598682,Košice I,Košický,48.717227,21.249677,obec,skola_stredna,Stredná škola,Gastro a stravovacie zariadenia,1
364,35564024,Stredná odborná škola pedagogická sv. Cyrila a Metoda,,,128,Košice - mestská časť Juh,SK0425599824,Košice IV,Košický,48.706875,21.259905,mestska_cast,skola_stredna,Stredná škola,Gastro a stravovacie zariadenia,1
365,35564113,"Základná škola, SNP 13, Spišské Vlachy",,,216,Spišské Vlachy,SK042A543594,Spišská Nová Ves,Košický,48.947914,20.797352,obec,skola_zakladna,Základná škola,Gastro a stravovacie zariadenia,1
366,35566451,"Materská škola, Hlavná ulica 3, Krompachy",,,12,Krompachy,SK042A543268,Spišská Nová Ves,Košický,48.917127,20.873055,obec,skola_materska,Materská škola,Gastro a stravovacie zariadenia,1
367,35581000,"Psychiatrická nemocnica Michalovce, n. o.",,,36,Michalovce,SK0427522279,Michalovce,Košický,48.75,21.933333,obec,nemocnica,Nemocnica,Gastro a stravovacie zariadenia,1
368,35582391,"Regionálna nemocnica Sobrance, n. o.",,,212,Sobrance,SK0429523089,Sobrance,Košický,48.742148,22.179139,obec,nemocnica,Nemocnica,Gastro a stravovacie zariadenia,1
369,35583720,"Zariadenie pre seniorov Juraja Schoppera, n.o.",,,15,Rožňava,SK0428525529,Rožňava,Košický,48.654392,20.531184,obec,socialne_zariadenie,Zariadenie sociálnych služieb,Gastro a stravovacie zariadenia,1
370,35630027,"Spojená škola, Školská 212, Sládkovičovo",,,217,Sládkovičovo,SK0212504017,Galanta,Trnavský,48.208208,17.644866,obec,skola_stredna,Stredná škola,Gastro a stravovacie zariadenia,1
371,35630043,"Spojená škola, Jatočná 4, Skalica",,,100,Skalica,SK0216504815,Skalica,Trnavský,48.770797,17.20201,okres,skola_stredna,Stredná škola,Gastro a stravovacie zariadenia,1
372,35697547,"COOP Jednota Slovensko, spotrebné družstvo",,,125,Bratislava,,Bratislava I,Bratislavský,48.153538,17.109671,obec,retail_druzstvo,Spotrebné družstvo (predajne),Retail a distribúcia potravín,1
373,35697679,PIVOVAR CODECON spol. s r.o.,Hlavná 325,90041,218,Rovinka,SK0108508209,Senec,Bratislavský,48.1,17.233333,obec,pivovar,Pivovar / minipivovar,Potravinárstvo a nápoje,1
374,35761555,"MLYN ŠTÚROVO, a.s.",Hlavná 76,93562,158,Pohronský Ruskov,SK0232502677,Levice,Nitriansky,47.983333,18.666667,obec,mlyn,Mlyn,Potravinárstvo a nápoje,1
375,35774151,Pekáreň Dunajská Lužná s.r.o.,Športová 737/6,90042,192,Dunajská Lužná,SK0108545333,Senec,Bratislavský,48.082194,17.263614,obec,pekaren,Pekáreň,Potravinárstvo a nápoje,1
376,35782803,Lycos Malt s.r.o.,Sladovnícka 15,91701,28,Trnava,SK0217506745,Trnava,Trnavský,48.37729,17.586718,obec,sladovna,Sladovňa,Potravinárstvo a nápoje,1
377,35790164,Kaufland Slovenská republika v.o.s.,,,20,Bratislava - mestská časť Nové Mesto,SK0103529346,Bratislava III,Bratislavský,48.167188,17.138349,mestska_cast,retail_retazec,Obchodný reťazec,Retail a distribúcia potravín,1
378,35793783,"Lidl Slovenská republika, s.r.o.",,,39,Bratislava - mestská časť Ružinov,SK0102529320,Bratislava II,Bratislavský,48.149645,17.164279,mestska_cast,retail_retazec,Obchodný reťazec,Retail a distribúcia potravín,1
379,35793848,"Skládka odpadov - Dubová, s.r.o.",Hlavná 39,90090,219,Dubová,SK0107507881,Svidník,Prešovský,49.366667,21.433333,obec,odpadove_hospodarstvo,Odpadové hospodárstvo,Komunálny a gastro bioodpad,1
380,35798815,GT-Hydina s.r.o.,Hadovská 870,94501,80,Komárno,SK0231501026,Komárno,Nitriansky,47.757388,18.129917,obec,hydina,Hydinárska prevádzka,Poľnohospodárstvo a chov,1
381,35820667,"Mliekoservis Slovakia, a.s.",Nám. SNP 217/2,96261,220,Dobrá Niva,SK032B518298,Zvolen,Banskobystrický,48.473486,19.101794,obec,mliekaren,Mliekáreň,Potravinárstvo a nápoje,1
382,35843462,"PÍLA MALACKY, s.r.o.",Pezinská 1,90101,221,Malacky,SK0106508063,Malacky,Bratislavský,48.43475,17.020348,obec,pila,Píla a drevospracovanie,"Drevo, lesníctvo a ostatné",1
383,35850370,"Bratislavská vodárenská spoločnosť, a.s.",Prešovská 48,82646,39,Bratislava - mestská časť Ružinov,SK0102529320,Bratislava II,Bratislavský,48.149645,17.164279,mestska_cast,vodarenska,Vodárenská spoločnosť (ČOV),Komunálny a gastro bioodpad,1
384,35854723,SLOVŠKROB a.s.,NA 58,94143,222,Dolný Ohaj,SK0234503151,Nové Zámky,Nitriansky,48.08008,18.252347,obec,skrobaren,Škrobáreň,Potravinárstvo a nápoje,1
385,35858451,"Mäso Förster, s.r.o.",Saratovská 26/B,84102,125,Bratislava,,Bratislava I,Bratislavský,48.153538,17.109671,obec,masovyroba,Mäsospracovanie,Potravinárstvo a nápoje,1
386,35864761,"Reštaurácia a kaviareň biffi, s.r.o.",,,151,Bratislava - mestská časť Rača,SK0103529354,Bratislava III,Bratislavský,48.211512,17.1534,mestska_cast,restauracia,Reštaurácia,Gastro a stravovacie zariadenia,1
387,35874287,"Slovenská liehovarnícka, a.s.",Na Štyridsiatku 7,81106,125,Bratislava,,Bratislava I,Bratislavský,48.153538,17.109671,obec,liehovar,Liehovar a pálenica,Potravinárstvo a nápoje,1
388,35880228,Hotel LIPA Slovakia s. r. o.,,,39,Bratislava - mestská časť Ružinov,SK0102529320,Bratislava II,Bratislavský,48.149645,17.164279,mestska_cast,hotel,Hotel,Gastro a stravovacie zariadenia,1
389,35880821,ST. NICOLAUS Group a.s.,Trnavská cesta 100,82101,39,Bratislava - mestská časť Ružinov,SK0102529320,Bratislava II,Bratislavský,48.149645,17.164279,mestska_cast,liehovar,Liehovar a pálenica,Potravinárstvo a nápoje,1
390,35889543,VÍNO Doľany spol. s r. o.,NA 445,90088,223,Doľany,SK0107507873,Pezinok,Bratislavský,48.414316,17.378144,obec,vinarstvo,Vinárstvo,Potravinárstvo a nápoje,1
391,35898224,"Vinárstvo Kamenica, s. r. o.",Hrnčiarska 2/D,90201,184,Pezinok,SK0107508179,Pezinok,Bratislavský,48.285586,17.27028,obec,vinarstvo,Vinárstvo,Potravinárstvo a nápoje,1
392,35910445,Zeleninárska s.r.o.,Malokrmešská 455/11,90050,224,Kráľová pri Senci,SK0108503894,Senec,Bratislavský,48.195128,17.450829,obec,zeleninarstvo,Zeleninárstvo,Poľnohospodárstvo a chov,1
393,35929006,"AB pivovar, a.s.",Lermontovova 3,81105,174,Bratislava - mestská časť Staré Mesto,SK0101528595,Bratislava I,Bratislavský,48.140553,17.112478,mestska_cast,pivovar,Pivovar / minipivovar,Potravinárstvo a nápoje,1
394,35929936,"ROĽNÍCKY MLYN, s.r.o.",,94142,159,Veľké Lovce,SK0234503631,Nové Zámky,Nitriansky,48.066661,18.333335,obec,mlyn,Mlyn,Potravinárstvo a nápoje,1
395,35949856,Vinárstvo Vištuk a. s.,Františkánska 423/1,81101,174,Bratislava - mestská časť Staré Mesto,SK0101528595,Bratislava I,Bratislavský,48.140553,17.112478,mestska_cast,vinarstvo,Vinárstvo,Potravinárstvo a nápoje,1
396,35964243,"FARMA MAGJEP, s. r. o.",Hlavná 124,95176,225,Tesárske Mlyňany,SK0237500810,Zlaté Moravce,Nitriansky,48.332164,18.350798,obec,farma,Živočíšna farma,Poľnohospodárstvo a chov,1
397,35979381,"HBT VITIS, s.r.o.",Ružová ulica 1017,94137,91,Strekov,SK0234503550,Nové Zámky,Nitriansky,47.9,18.416667,obec,vinarstvo,Vinárstvo,Potravinárstvo a nápoje,1
398,35984457,"Špeciálna základná škola, Za parkom 966, Veľký Krtíš",,,226,Veľký Krtíš,SK032A515850,Veľký Krtíš,Banskobystrický,48.20896,19.349119,obec,skola_zakladna,Základná škola,Gastro a stravovacie zariadenia,1
399,35991593,"Základná škola M. R. Štefánika, Haličská cesta 1191/8, Lučenec",,,18,Lučenec,SK0326511218,Lučenec,Banskobystrický,48.330282,19.664144,obec,skola_zakladna,Základná škola,Gastro a stravovacie zariadenia,1
400,35995904,"Základná škola Jana Amosa Komenského, Komenského 652/50, Púchov",,,110,Púchov,SK0228513610,Púchov,Trenčiansky,49.123992,18.324242,obec,skola_zakladna,Základná škola,Gastro a stravovacie zariadenia,1
401,36002470,"Píla Maša, s.r.o.",Vodná 27,94901,23,Nitra,SK0233500011,Nitra,Nitriansky,48.31257,18.09061,obec,pila,Píla a drevospracovanie,"Drevo, lesníctvo a ostatné",1
402,36005614,"PÍLA SEB, s.r.o.",,96266,227,Sebechleby,SK0325518735,Krupina,Banskobystrický,48.275107,18.952016,obec,pila,Píla a drevospracovanie,"Drevo, lesníctvo a ostatné",1
403,36009342,"COOP Jednota Brezno, spotrebné družstvo",,,149,Brezno,SK0323508497,Brezno,Banskobystrický,48.805335,19.640961,obec,retail_druzstvo,Spotrebné družstvo (predajne),Retail a distribúcia potravín,1
404,36012815,"COOP Jednota Trstená, spotrebné družstvo",,,228,Trstená,SK031A510106,Tvrdošín,Žilinský,49.363892,19.615641,obec,retail_druzstvo,Spotrebné družstvo (predajne),Retail a distribúcia potravín,1
405,36014508,"OVISFARMA SK, s. r. o.",Slovenských partizánov 1129/49,01701,112,Považská Bystrica,SK0226512842,Považská Bystrica,Trenčiansky,49.114507,18.447319,obec,farma,Živočíšna farma,Poľnohospodárstvo a chov,1
406,36036102,"SPOL AGRO POČÚVADLO, s.r.o.",Ludanská 7,93401,103,Levice,SK0232502031,Levice,Nitriansky,48.216667,18.6,obec,agro,Poľnohospodársky podnik,Poľnohospodárstvo a chov,1
407,36040690,"Bryndziareň a syráreň, s.r.o.",SNP 376/7,96201,229,Zvolenská Slatina,SK032B518972,Zvolen,Banskobystrický,48.560709,19.260067,obec,syraren,Syráreň a bryndziareň,Potravinárstvo a nápoje,1
408,36043702,HYDINÁREŇ TOMÁŠOVCE s.r.o.,Záporožská 9,85101,125,Bratislava,,Bratislava I,Bratislavský,48.153538,17.109671,obec,hydina,Hydinárska prevádzka,Poľnohospodárstvo a chov,1
409,36044041,"Pekáreň ALFEX, spol. s r. o.",Muránska cesta 11,98061,175,Tisovec,SK0329515680,Rimavská Sobota,Banskobystrický,48.681,19.942023,obec,pekaren,Pekáreň,Potravinárstvo a nápoje,1
410,36047716,"PEKÁREŇ, s.r.o.",Športová 2,98511,230,Halič,SK0326511421,Lučenec,Banskobystrický,48.354442,19.573333,obec,pekaren,Pekáreň,Potravinárstvo a nápoje,1
411,36051691,Pivovar STEIGER a.s.,Pivovar Steiger 24,96602,231,Vyhne,SK032D517364,Žiar nad Hronom,Banskobystrický,48.505945,18.798587,obec,pivovar,Pivovar / minipivovar,Potravinárstvo a nápoje,1
412,36056006,"Stredoslovenská vodárenská spoločnosť, a.s.",Partizánska cesta 5,97401,209,Banská Bystrica,SK0321508438,Banská Bystrica,Banskobystrický,48.738539,19.156869,obec,vodarenska,Vodárenská spoločnosť (ČOV),Komunálny a gastro bioodpad,1
413,36057029,Technické služby Detva s.r.o.,Bottova 1272,96212,232,Detva,SK0324518263,Detva,Banskobystrický,48.544384,19.411609,obec,technicke_sluzby,Technické služby mesta / obce,Komunálny a gastro bioodpad,1
414,36063959,"Základná škola Albína Brunovského, Obchodná ulica 7, Zohor",,,233,Zohor,SK0106508381,Malacky,Bratislavský,48.317496,16.982457,obec,skola_zakladna,Základná škola,Gastro a stravovacie zariadenia,1
415,36077739,"Špecializovaná nemocnica pre ortopedickú protetiku Bratislava, n.o.",,,39,Bratislava - mestská časť Ružinov,SK0102529320,Bratislava II,Bratislavský,48.149645,17.164279,mestska_cast,nemocnica,Nemocnica,Gastro a stravovacie zariadenia,1
416,36083895,Nemocnica Piešťany n.f.,,,234,Piešťany,SK0214507440,Piešťany,Trnavský,48.589897,17.821604,obec,nemocnica,Nemocnica,Gastro a stravovacie zariadenia,1
417,36084166,Domov Klas n.o.,,,235,Vrbové,SK0214507750,Piešťany,Trnavský,48.619531,17.723876,obec,socialne_zariadenie,Zariadenie sociálnych služieb,Gastro a stravovacie zariadenia,1
418,36090212,"Základná škola s materskou školou, Osloboditeľov 9, Červeník",,,236,Červeník,SK0213506885,Hlohovec,Trnavský,48.458044,17.75582,obec,skola_zakladna,Základná škola,Gastro a stravovacie zariadenia,1
419,36090361,"Základná škola s materskou školou s VJM, Tomášikovo 4",,,237,Tomášikovo,SK0212504076,Galanta,Trnavský,48.079033,17.694329,obec,skola_zakladna,Základná škola,Gastro a stravovacie zariadenia,1
420,36092479,Gymnázium Jána Baltazára Magina,,,235,Vrbové,SK0214507750,Piešťany,Trnavský,48.619531,17.723876,obec,skola_stredna,Stredná škola,Gastro a stravovacie zariadenia,1
421,36094218,"Základná škola s materskou školou Sándora Petőfiho s VJM, Richterova 1171, Sládkovičovo",,,217,Sládkovičovo,SK0212504017,Galanta,Trnavský,48.208208,17.644866,obec,skola_zakladna,Základná škola,Gastro a stravovacie zariadenia,1
422,36094234,"Spojená škola, Školská 1087, Sládkovičovo",,,217,Sládkovičovo,SK0212504017,Galanta,Trnavský,48.208208,17.644866,obec,skola_stredna,Stredná škola,Gastro a stravovacie zariadenia,1
423,36096971,"Domov sociálnych služieb ""Dúha"" Svätý Peter, n.o.",,,238,Svätý Peter,SK0231501115,Komárno,Nitriansky,47.846468,18.262893,obec,socialne_zariadenie,Zariadenie sociálnych služieb,Gastro a stravovacie zariadenia,1
424,36119385,"Nemocnica s poliklinikou Ilava, n. o.",,,239,Ilava,SK0222513156,Ilava,Trenčiansky,49.0,18.233333,obec,nemocnica,Nemocnica,Gastro a stravovacie zariadenia,1
425,36125784,"Základná škola s materskou školou, Slovanská 330/23, Púchov",,,110,Púchov,SK0228513610,Púchov,Trenčiansky,49.123992,18.324242,obec,skola_zakladna,Základná škola,Gastro a stravovacie zariadenia,1
426,36125938,"Základná škola s materskou školou Václava Mitúcha, Školská 368/2, Horné Srnie",,,193,Horné Srnie,SK0229506036,Trenčín,Trenčiansky,48.983333,18.1,obec,skola_zakladna,Základná škola,Gastro a stravovacie zariadenia,1
427,36129470,"Materská škola, Poľovnícka 12, Nové Mesto nad Váhom",,,5,Nové Mesto nad Váhom,SK0224506338,Nové Mesto nad Váhom,Trenčiansky,48.763325,17.830386,obec,skola_materska,Materská škola,Gastro a stravovacie zariadenia,1
428,36129682,"Materská škola, Chmelinec 1411/6, Púchov",,,110,Púchov,SK0228513610,Púchov,Trenčiansky,49.123992,18.324242,obec,skola_materska,Materská škola,Gastro a stravovacie zariadenia,1
429,36129691,"Materská škola, Mládežnícka 1438/13, Púchov",,,110,Púchov,SK0228513610,Púchov,Trenčiansky,49.123992,18.324242,obec,skola_materska,Materská škola,Gastro a stravovacie zariadenia,1
430,36129712,"Materská škola, Ľ. Štúra 5/5, Beluša",,,178,Beluša,SK0228512851,Púchov,Trenčiansky,49.066667,18.333333,obec,skola_materska,Materská škola,Gastro a stravovacie zariadenia,1
431,36130974,"Materská škola, Požiarna 1292/11, Púchov",,,110,Púchov,SK0228513610,Púchov,Trenčiansky,49.123992,18.324242,obec,skola_materska,Materská škola,Gastro a stravovacie zariadenia,1
432,36137430,Súkromná stredná odborná škola Pro scholaris,,,34,Žilina,SK031B517402,Žilina,Žilinský,49.223464,18.739498,obec,skola_stredna,Stredná škola,Gastro a stravovacie zariadenia,1
433,36158950,"Základná škola, Školská 7/6, Toporec",,,240,Toporec,SK0413523976,Kežmarok,Prešovský,49.266667,20.5,obec,skola_zakladna,Základná škola,Gastro a stravovacie zariadenia,1
434,36167878,"RADOSŤ, n. o. - CENTRUM SOCIÁLNYCH SLUŽIEB",,,241,Výrava,SK0415521001,Medzilaborce,Prešovský,49.192976,22.004666,obec,socialne_zariadenie,Zariadenie sociálnych služieb,Gastro a stravovacie zariadenia,1
435,36168165,Fakultná nemocnica AGEL Košice-Šaca a. s.,,,106,Košice,,Košice I,Košický,48.717227,21.249677,obec,nemocnica,Nemocnica,Gastro a stravovacie zariadenia,1
436,36173037,"Mestské lesy Rožňava, s.r.o.",Šafárikova 25,04801,15,Rožňava,SK0428525529,Rožňava,Košický,48.654392,20.531184,obec,mestske_lesy,Mestské lesy,"Drevo, lesníctvo a ostatné",1
437,36182672,Nemocnica AGEL Krompachy s.r.o.,,,12,Krompachy,SK042A543268,Spišská Nová Ves,Košický,48.917127,20.873055,obec,nemocnica,Nemocnica,Gastro a stravovacie zariadenia,1
438,36184187,"SLADOVŇA, a.s. Michalovce",Močarianska 14,07101,36,Michalovce,SK0427522279,Michalovce,Košický,48.75,21.933333,obec,sladovna,Sladovňa,Potravinárstvo a nápoje,1
439,36196479,REŠTAURÁCIA ŠPORT - KANI s.r.o,,,242,Košice - mestská časť Staré Mesto,SK0422598186,Bratislava I,Bratislavský,48.140553,17.112478,mestska_cast,restauracia,Reštaurácia,Gastro a stravovacie zariadenia,1
440,36200166,"SHP SLAVOŠOVCE, a.s.",,04936,243,Slavošovce,SK0428526282,Rožňava,Košický,48.716667,20.283333,obec,papierne,Papiereň a celulózka,"Drevo, lesníctvo a ostatné",1
441,36204374,ZELENINA s.r.o.,Zeleninárska 2,07101,36,Michalovce,SK0427522279,Michalovce,Košický,48.75,21.933333,obec,zeleninarstvo,Zeleninárstvo,Poľnohospodárstvo a chov,1
442,36213608,"ZEMPLÍNSKA ZELENINA, odbytové družstvo",Spodná 13,07631,244,Streda nad Bodrogom,SK042B543802,Trebišov,Košický,48.366667,21.766667,obec,zeleninarstvo,Zeleninárstvo,Poľnohospodárstvo a chov,1
443,36228443,"Technické služby Senica, a.s.",Železničná 465,90501,25,Senica,SK0215504203,Senica,Trnavský,48.679121,17.364383,obec,technicke_sluzby,Technické služby mesta / obce,Komunálny a gastro bioodpad,1
444,36232751,"Vodárenská spoločnosť Sládkovičovo, spol. s r.o.",Fučíkova 460/254,92521,217,Sládkovičovo,SK0212504017,Galanta,Trnavský,48.208208,17.644866,obec,vodarenska,Vodárenská spoločnosť (ČOV),Komunálny a gastro bioodpad,1
445,36232904,"LIEHOVAR KRYSTAL SEDÍN, s.r.o.",Sputnikova 19,82102,125,Bratislava,,Bratislava I,Bratislavský,48.153538,17.109671,obec,liehovar,Liehovar a pálenica,Potravinárstvo a nápoje,1
446,36241369,"Slovenské liehovary a likérky, a.s.",Trnavská cesta,92041,245,Leopoldov,SK0213507253,Hlohovec,Trnavský,48.444113,17.765415,obec,liehovar,Liehovar a pálenica,Potravinárstvo a nápoje,1
447,36249734,"PÍLA BREST, s.r.o.",Lovčická 8,91927,246,Brestovany,SK0217506842,Trnava,Trnavský,48.385557,17.690227,obec,pila,Píla a drevospracovanie,"Drevo, lesníctvo a ostatné",1
448,36252484,"Trnavská vodárenská spoločnosť, a.s.",Priemyselná 10,92179,234,Piešťany,SK0214507440,Piešťany,Trnavský,48.589897,17.821604,obec,vodarenska,Vodárenská spoločnosť (ČOV),Komunálny a gastro bioodpad,1
449,36253774,"Sladovňa SESSLER, a.s.",Pri kalvárii 17,91701,28,Trnava,SK0217506745,Trnava,Trnavský,48.37729,17.586718,obec,sladovna,Sladovňa,Potravinárstvo a nápoje,1
450,36255556,"Vodárenská spoločnosť Hlohovec, s.r.o.",Šafárikova 30,92001,108,Hlohovec,SK0213507032,Hlohovec,Trnavský,48.427951,17.798585,obec,vodarenska,Vodárenská spoločnosť (ČOV),Komunálny a gastro bioodpad,1
451,36262111,"VS Vinárstvo SOLDÁN, s.r.o.",NA 475,92527,247,Veľký Grob,SK0212504149,Galanta,Trnavský,48.254044,17.497245,obec,vinarstvo,Vinárstvo,Potravinárstvo a nápoje,1
452,36270628,"Píla Quercus, s.r.o.",NA 497,91953,248,Dechtice,SK0217506893,Trnava,Trnavský,48.548052,17.595636,obec,pila,Píla a drevospracovanie,"Drevo, lesníctvo a ostatné",1
453,36274305,VINÁRSTVO LAMPART s.r.o.,Domovina 1487/47A,90081,199,Šenkvice,SK0107508250,Pezinok,Bratislavský,48.299537,17.348321,obec,vinarstvo,Vinárstvo,Potravinárstvo a nápoje,1
454,36276260,"REŠTAURÁCIA STOP, s.r.o.",,,22,Galanta,SK0212503665,Galanta,Trnavský,48.191057,17.727778,obec,restauracia,Reštaurácia,Gastro a stravovacie zariadenia,1
455,36292141,"Hotel Guest Centre, spol. s r.o.",,,157,Štúrovo,SK0234503584,Nové Zámky,Nitriansky,47.797831,18.71486,obec,hotel,Hotel,Gastro a stravovacie zariadenia,1
456,36293717,"HOTEL MAGURA, spol. s r.o.",,,31,Prievidza,SK0227513881,Prievidza,Trenčiansky,48.77104,18.623306,obec,hotel,Hotel,Gastro a stravovacie zariadenia,1
457,36303232,"HOTEL VRŠATEC, spol. s r.o.",,,249,Vršatské Podhradie,SK0222557625,Ilava,Trenčiansky,49.066667,18.15,obec,hotel,Hotel,Gastro a stravovacie zariadenia,1
458,36304689,"LIEHOVARY A ŠKROBÁREŇ, a.s.",,95633,51,Chynorany,SK0225543004,Partizánske,Trenčiansky,48.609821,18.27348,obec,liehovar,Liehovar a pálenica,Potravinárstvo a nápoje,1
459,36305367,"SPORT HOTELING, spol. s r.o.",,,31,Prievidza,SK0227513881,Prievidza,Trenčiansky,48.77104,18.623306,obec,hotel,Hotel,Gastro a stravovacie zariadenia,1
460,36311693,"Technické služby mesta Partizánske, spol. s r.o.",Nemocničná 979/1,95830,81,Partizánske,SK0225505315,Partizánske,Trenčiansky,48.627231,18.365466,obec,technicke_sluzby,Technické služby mesta / obce,Komunálny a gastro bioodpad,1
461,36311740,Mlyn Trenčan spol. s r.o.,Družstevná 344,91321,72,Trenčianska Turná,SK0229506567,Trenčín,Trenčiansky,48.85,18.016667,obec,mlyn,Mlyn,Potravinárstvo a nápoje,1
462,36312487,Agrovýkrm Rybany s.r.o.,Tomášovská 22/393,90045,250,Malinovo,SK0108508071,Senec,Bratislavský,48.154124,17.291732,obec,rybarstvo,Rybárstvo a akvakultúra,"Drevo, lesníctvo a ostatné",1
463,36315133,RYBHOS s.r.o.,,95853,251,Skačany,SK0225505463,Partizánske,Trenčiansky,48.661215,18.378466,obec,rybarstvo,Rybárstvo a akvakultúra,"Drevo, lesníctvo a ostatné",1
464,36319406,Agrofarma Mikulov s.r.o.,Ulica M. Gorkého 40228/52,97101,31,Prievidza,SK0227513881,Prievidza,Trenčiansky,48.77104,18.623306,obec,agro,Poľnohospodársky podnik,Poľnohospodárstvo a chov,1
465,36320226,Poľnohospodárske družstvo Dolná Mariková,,01802,252,Dolná Mariková,SK0226512966,Považská Bystrica,Trenčiansky,49.25,18.366667,obec,polnohospodarske_druzstvo,Poľnohospodárske družstvo,Poľnohospodárstvo a chov,1
466,36323098,HOTEL.EU s.r.o.,,,253,Kanianka,SK0227514071,Prievidza,Trenčiansky,48.816667,18.583333,obec,hotel,Hotel,Gastro a stravovacie zariadenia,1
467,36328022,P.R.MLYN s.r.o.,Bzinská 3,91501,5,Nové Mesto nad Váhom,SK0224506338,Nové Mesto nad Váhom,Trenčiansky,48.763325,17.830386,obec,mlyn,Mlyn,Potravinárstvo a nápoje,1
468,36334227,Hotel Panoráma Trenčianske Teplice s. r. o.,,,254,Trenčianske Teplice,SK0229506613,Trenčín,Trenčiansky,48.90985,18.169101,obec,hotel,Hotel,Gastro a stravovacie zariadenia,1
469,36336190,"GRAND - HOTEL, s.r.o.",,,27,Trenčín,SK0229505820,Trenčín,Trenčiansky,48.892358,18.039372,obec,hotel,Hotel,Gastro a stravovacie zariadenia,1
470,36337714,Jumäs Trade s.r.o.,Škarniclovská 124/1,90901,100,Skalica,SK0216504815,Skalica,Trnavský,48.770797,17.20201,okres,masovyroba,Mäsospracovanie,Potravinárstvo a nápoje,1
471,36338222,ODM - odbytové družstvo mlieka,M. R. Štefánika 582/29B,90701,99,Myjava,SK0223504581,Myjava,Trenčiansky,48.754035,17.565022,obec,mliekaren,Mliekáreň,Potravinárstvo a nápoje,1
472,36339865,Nemocnica AGEL Handlová s.r.o.,,,255,Handlová,SK0227513997,Prievidza,Trenčiansky,48.731432,18.762694,obec,nemocnica,Nemocnica,Gastro a stravovacie zariadenia,1
473,36340456,Regionálna vodárenská spoločnosť AQUATUR a.s.,Jiráskova 168/16,91601,71,Stará Turá,SK0224506524,Nové Mesto nad Váhom,Trenčiansky,48.776457,17.692694,obec,vodarenska,Vodárenská spoločnosť (ČOV),Komunálny a gastro bioodpad,1
474,36348015,Nemocnica AGEL Bánovce s.r.o.,,,133,Bánovce nad Bebravou,SK0221542652,Bánovce nad Bebravou,Trenčiansky,48.721667,18.259826,obec,nemocnica,Nemocnica,Gastro a stravovacie zariadenia,1
475,36352802,"Banskobystrický pivovar, a.s.",Sládkovičova 37,97405,209,Banská Bystrica,SK0321508438,Banská Bystrica,Banskobystrický,48.738539,19.156869,obec,pivovar,Pivovar / minipivovar,Potravinárstvo a nápoje,1
476,36373974,"HYDINA HOLDING, s.r.o.",Priemyselná 4606,03101,30,Liptovský Mikuláš,SK0315510262,Liptovský Mikuláš,Žilinský,49.083333,19.616667,obec,hydina,Hydinárska prevádzka,Poľnohospodárstvo a chov,1
477,36379077,"PÍLA DLHÉ POLE, s.r.o.",Dlhé Pole 1157,01332,256,Dlhé Pole,SK031B517500,Žilina,Žilinský,49.302948,18.629806,obec,pila,Píla a drevospracovanie,"Drevo, lesníctvo a ostatné",1
478,36391301,"Technické služby Ružomberok, a.s.",Pivovarská 9,03401,10,Ružomberok,SK0318510998,Ružomberok,Žilinský,49.08187,19.302965,obec,technicke_sluzby,Technické služby mesta / obce,Komunálny a gastro bioodpad,1
479,36393762,"Čínska reštaurácia, s.r.o.",,,34,Žilina,SK031B517402,Žilina,Žilinský,49.223464,18.739498,obec,restauracia,Reštaurácia,Gastro a stravovacie zariadenia,1
480,36394556,Liptovské pekárne a cukrárne VČELA - Lippek k.s.,1. mája 1919,03101,30,Liptovský Mikuláš,SK0315510262,Liptovský Mikuláš,Žilinský,49.083333,19.616667,obec,pekaren,Pekáreň,Potravinárstvo a nápoje,1
481,36404152,"Píla Vasilov, s.r.o.",NA 379,02953,257,Breza,SK0317509591,Námestovo,Žilinský,49.383333,19.4,obec,pila,Píla a drevospracovanie,"Drevo, lesníctvo a ostatné",1
482,36404594,TURČIANSKA HYDINA s.r.o.,Červenej armády 1191,03901,19,Turčianske Teplice,SK0319512729,Turčianske Teplice,Žilinský,48.862737,18.858728,obec,hydina,Hydinárska prevádzka,Poľnohospodárstvo a chov,1
483,36410101,"RYBÁRSTVO KLÁŠTOR, s.r.o.",Rybníky 331,03843,258,Kláštor pod Znievom,SK0316512354,Martin,Žilinský,48.97394,18.805725,obec,rybarstvo,Rybárstvo a akvakultúra,"Drevo, lesníctvo a ostatné",1
484,36413241,"Rybárstvo Brčná, spol. s r.o.",Rybníky 331,03843,258,Kláštor pod Znievom,SK0316512354,Martin,Žilinský,48.97394,18.805725,obec,rybarstvo,Rybárstvo a akvakultúra,"Drevo, lesníctvo a ostatné",1
485,36414131,"PÍLA - DIAMÍR, s. r. o.",Revolučná 1189/11P,03105,30,Liptovský Mikuláš,SK0315510262,Liptovský Mikuláš,Žilinský,49.083333,19.616667,obec,pila,Píla a drevospracovanie,"Drevo, lesníctvo a ostatné",1
486,36426563,"Ta & Mi, BITÚNOK, s.r.o.",A. Hlinku 916,02201,29,Čadca,SK0312509132,Čadca,Žilinský,49.440819,18.788221,obec,bitunok,Bitúnok,Potravinárstvo a nápoje,1
487,36438103,"PEKÁREŇ ĎUROŠKA, s. r. o.",Rosina 680,01322,259,Rosina,SK031B517941,Žilina,Žilinský,49.183333,18.766667,obec,pekaren,Pekáreň,Potravinárstvo a nápoje,1
488,36448311,"Mestské lesy, s.r.o. Poprad",Kvetnica 2459/11,05801,13,Poprad,SK0416523381,Poprad,Prešovský,49.054152,20.29764,obec,mestske_lesy,Mestské lesy,"Drevo, lesníctvo a ostatné",1
489,36450308,"Minipivovar TATRAS, s. r. o.",Námestie sv. Egídia 60,05801,13,Poprad,SK0416523381,Poprad,Prešovský,49.054152,20.29764,obec,pivovar,Pivovar / minipivovar,Potravinárstvo a nápoje,1
490,36450332,"Tatranská odpadová spoločnosť s.r.o., Žakovce",NA 189,05973,260,Žakovce,SK0413524123,Kežmarok,Prešovský,49.081721,20.39728,obec,odpadove_hospodarstvo,Odpadové hospodárstvo,Komunálny a gastro bioodpad,1
491,36470775,"MK Slovensko, s.r.o.",,02301,261,Oščadnica,SK0312509345,Čadca,Žilinský,49.433333,18.883333,obec,pekaren,Pekáreň,Potravinárstvo a nápoje,1
492,36473022,Pivovar u Dobřenských s. r. o.,Irkutská 1399/5,04012,106,Košice,,Košice I,Košický,48.717227,21.249677,obec,pivovar,Pivovar / minipivovar,Potravinárstvo a nápoje,1
493,36485250,"Podtatranská vodárenská spoločnosť, a.s.",Hraničná 662/17,05889,13,Poprad,SK0416523381,Poprad,Prešovský,49.054152,20.29764,obec,vodarenska,Vodárenská spoločnosť (ČOV),Komunálny a gastro bioodpad,1
494,36490369,"Mestské lesy Sabinov, s.r.o.",Námestie slobody 57,08301,262,Sabinov,SK0418525146,Sabinov,Prešovský,49.102044,21.100545,obec,mestske_lesy,Mestské lesy,"Drevo, lesníctvo a ostatné",1
495,36497622,"Tatranská sladovňa, s.r.o.",Murgašova 1,05880,13,Poprad,SK0416523381,Poprad,Prešovský,49.054152,20.29764,obec,sladovna,Sladovňa,Potravinárstvo a nápoje,1
496,36504807,HYDINA KUBUS s.r.o.,NA 290,05991,263,Veľký Slavkov,SK0416524018,Poprad,Prešovský,49.093395,20.282281,obec,hydina,Hydinárska prevádzka,Poľnohospodárstvo a chov,1
497,36505323,"MÄSOVÝROBA ŠTEFAN KNIŽKA, s.r.o.",Mierové nám. 399,05916,264,Hranovnica,SK0416523518,Poprad,Prešovský,48.987283,20.308073,obec,masovyroba,Mäsospracovanie,Potravinárstvo a nápoje,1
498,36509108,"Nemocnica Snina, s.r.o.",,,181,Snina,SK0419520802,Snina,Prešovský,48.990062,22.155625,obec,nemocnica,Nemocnica,Gastro a stravovacie zariadenia,1
499,36513458,"Nemocnica Poprad, a.s.",,,13,Poprad,SK0416523381,Poprad,Prešovský,49.054152,20.29764,obec,nemocnica,Nemocnica,Gastro a stravovacie zariadenia,1
500,36517828,BIO - EKOFARMA s.r.o.,Továrenská 545,01864,265,Košeca,SK0222513253,Ilava,Trenčiansky,49.016667,18.266667,obec,farma,Živočíšna farma,Poľnohospodárstvo a chov,1
501,36520161,"COOP Jednota Komárno, spotrebné družstvo",,,80,Komárno,SK0231501026,Komárno,Nitriansky,47.757388,18.129917,obec,retail_druzstvo,Spotrebné družstvo (predajne),Retail a distribúcia potravín,1
502,36521973,"H.K. - AGRO, s.r.o.",Družstevná 2,94651,266,Nesvady,SK0231501280,Komárno,Nitriansky,47.929281,18.127526,obec,agro,Poľnohospodársky podnik,Poľnohospodárstvo a chov,1
503,36536776,"PEKÁREŇ JURAJ OREMUS, spol. s r.o.",Štúrova 17,94101,267,Bánov,SK0234503045,Nové Zámky,Nitriansky,48.048624,18.191323,obec,pekaren,Pekáreň,Potravinárstvo a nápoje,1
504,36540510,"Píla Zbrojníky, s.r.o.",NA 334,93555,268,Zbrojníky,SK0232502979,Levice,Nitriansky,48.117035,18.702789,obec,pila,Píla a drevospracovanie,"Drevo, lesníctvo a ostatné",1
505,36541991,"Heineken Slovensko Sladovne, a.s.",Novozámocká 2,94701,79,Hurbanovo,SK0231501140,Komárno,Nitriansky,47.869084,18.189095,obec,sladovna,Sladovňa,Potravinárstvo a nápoje,1
506,36544370,"DREVONA Píla Tekovský Hrádok, s.r.o.",Lipová 4,93701,7,Želiezovce,SK0232502987,Levice,Nitriansky,48.049226,18.658355,obec,pila,Píla a drevospracovanie,"Drevo, lesníctvo a ostatné",1
507,36550949,"Západoslovenská vodárenská spoločnosť, a.s.",Nábrežie za hydrocentrálou 4,94960,23,Nitra,SK0233500011,Nitra,Nitriansky,48.31257,18.09061,obec,vodarenska,Vodárenská spoločnosť (ČOV),Komunálny a gastro bioodpad,1
508,36552933,"Mliekofarma - SK, spol. s r.o.",NA 900,09402,269,Kvakovce,SK041D528820,Vranov nad Topľou,Prešovský,48.983333,21.683333,obec,mliekaren,Mliekáreň,Potravinárstvo a nápoje,1
509,36555096,"Ponitrianska mliekarenská spoločnosť, s.r.o.",Štúrova 253/28,94101,267,Bánov,SK0234503045,Nové Zámky,Nitriansky,48.048624,18.191323,obec,mliekaren,Mliekáreň,Potravinárstvo a nápoje,1
510,36558451,VVD - Vinohradnícko vinárske družstvo,Branovská cesta 1926,94131,270,Dvory nad Žitavou,SK0234503177,Nové Zámky,Nitriansky,47.994311,18.268975,obec,vinarstvo,Vinárstvo,Potravinárstvo a nápoje,1
511,36558486,ZPD - Zeleninársko potravinárske družstvo,Veľká Komárňanská 2330,94131,270,Dvory nad Žitavou,SK0234503177,Nové Zámky,Nitriansky,47.994311,18.268975,obec,vinarstvo,Vinárstvo,Potravinárstvo a nápoje,1
512,36559946,"AGROLIM, s.r.o.",Robotnícka 5,94703,79,Hurbanovo,SK0231501140,Komárno,Nitriansky,47.869084,18.189095,obec,agro,Poľnohospodársky podnik,Poľnohospodárstvo a chov,1
513,36563242,"Hotel Nitra, s.r.o.",,,23,Nitra,SK0233500011,Nitra,Nitriansky,48.31257,18.09061,obec,hotel,Hotel,Gastro a stravovacie zariadenia,1
514,36566811,HYDINA KRIŽAN s. r. o.,89,94144,271,Vlkas,SK0234556025,Nové Zámky,Nitriansky,48.116667,18.283333,obec,hydina,Hydinárska prevádzka,Poľnohospodárstvo a chov,1
515,36570109,MOJA Jedáleň s.r.o.,,,272,Parchovany,SK042B528676,Trebišov,Košický,48.75,21.716667,obec,jedalen_zavodna,Závodná a verejná jedáleň,Gastro a stravovacie zariadenia,1
516,36574627,"Mestské lesy a majetky, spol. s r.o.",SNP 34,05361,216,Spišské Vlachy,SK042A543594,Spišská Nová Ves,Košický,48.947914,20.797352,obec,mestske_lesy,Mestské lesy,"Drevo, lesníctvo a ostatné",1
517,36588016,VINÁRSTVO Viničky s.r.o.,NA 186,07634,273,Ladmovce,SK042B528498,Trebišov,Košický,48.416667,21.783333,obec,vinarstvo,Vinárstvo,Potravinárstvo a nápoje,1
518,36594849,Nemocnica AGEL Levoča a.s.,,,4,Levoča,SK0414543292,Levoča,Prešovský,49.025112,20.587999,obec,nemocnica,Nemocnica,Gastro a stravovacie zariadenia,1
519,36597341,"Nemocnica s poliklinikou sv. Barbory Rožňava, a.s.",,,15,Rožňava,SK0428525529,Rožňava,Košický,48.654392,20.531184,obec,nemocnica,Nemocnica,Gastro a stravovacie zariadenia,1
520,36597350,"Nemocnica s poliklinikou Spišská Nová Ves, a.s.",,,213,Spišská Nová Ves,SK042A526355,Spišská Nová Ves,Košický,48.943534,20.562964,obec,nemocnica,Nemocnica,Gastro a stravovacie zariadenia,1
521,36597376,"Nemocnica s poliklinikou Trebišov, a.s.",,,274,Trebišov,SK042B528099,Trebišov,Košický,48.628622,21.720171,obec,nemocnica,Nemocnica,Gastro a stravovacie zariadenia,1
522,36597741,ILKE - BIOPLYNOVÁ STANICA spol. s r.o.,Boľská cesta 1,07701,211,Kráľovský Chlmec,SK042B528447,Trebišov,Košický,48.416667,21.983333,obec,bioplynova_stanica,Bioplynová stanica,Komunálny a gastro bioodpad,1
523,36603244,Kluknavská mliekáreň - obchodno - odbytové družstvo,Jaklovce 640,05561,275,Jaklovce,SK0421543187,Gelnica,Košický,48.873225,20.995106,obec,mliekaren,Mliekáreň,Potravinárstvo a nápoje,1
524,36609111,"ŠPORTHOTEL TRNÁVKA, spol. s r.o.",,,125,Bratislava,,Bratislava I,Bratislavský,48.153538,17.109671,obec,hotel,Hotel,Gastro a stravovacie zariadenia,1
525,36613100,"PÍLA NA ŠMÝKANCI, s.r.o.",NA 398,03301,276,Liptovský Peter,SK0315580287,Liptovský Mikuláš,Žilinský,49.053383,19.735175,obec,pila,Píla a drevospracovanie,"Drevo, lesníctvo a ostatné",1
526,36613606,"Hotel N°16, s.r.o.",,,174,Bratislava - mestská časť Staré Mesto,SK0101528595,Bratislava I,Bratislavský,48.140553,17.112478,mestska_cast,hotel,Hotel,Gastro a stravovacie zariadenia,1
527,36623199,"Starohorská vinárska spoločnosť, družstvo",NA 418,96266,227,Sebechleby,SK0325518735,Krupina,Banskobystrický,48.275107,18.952016,obec,vinarstvo,Vinárstvo,Potravinárstvo a nápoje,1
528,36632945,"PEKÁREŇ LOPEJ, s.r.o.",Družby 323/61,97698,,Lopej,,,,,,nezistena,pekaren,Pekáreň,Potravinárstvo a nápoje,1
529,36635359,"Slatinská pekáreň, s.r.o.",Kriváň 452,96204,277,Kriváň,,Detva,Banskobystrický,48.530221,19.444957,obec,pekaren,Pekáreň,Potravinárstvo a nápoje,1
530,36643807,"Mestské lesy Lučenec, s.r.o.",Lučenské kúpele 3152,98401,18,Lučenec,SK0326511218,Lučenec,Banskobystrický,48.330282,19.664144,obec,mestske_lesy,Mestské lesy,"Drevo, lesníctvo a ostatné",1
531,36644811,"Mliekáreň Kopanice Selce, s.r.o.",Selčianska 2,97611,278,Selce,SK0321508985,Banská Bystrica,Banskobystrický,48.766999,19.200351,obec,mliekaren,Mliekáreň,Potravinárstvo a nápoje,1
532,36645559,"Píla Bátka, s.r.o.",Vinice 29,97901,279,Rimavská Sobota,SK0329514462,Rimavská Sobota,Banskobystrický,48.383832,20.016302,obec,pila,Píla a drevospracovanie,"Drevo, lesníctvo a ostatné",1
533,36645672,PEKÁREŇ U FLOSNÍKOV s.r.o.,Chalupkova 4,97701,149,Brezno,SK0323508497,Brezno,Banskobystrický,48.805335,19.640961,obec,pekaren,Pekáreň,Potravinárstvo a nápoje,1
534,36648701,1. Súkromné Banskobystrické gymnázium s.r.o.,,,209,Banská Bystrica,SK0321508438,Banská Bystrica,Banskobystrický,48.738539,19.156869,obec,skola_stredna,Stredná škola,Gastro a stravovacie zariadenia,1
535,36656372,"Vinárstvo BLAHO, s.r.o.",Hlavná 40,91921,280,Zeleneč,SK0217507776,Trnava,Trnavský,48.332228,17.594315,obec,vinarstvo,Vinárstvo,Potravinárstvo a nápoje,1
536,36657301,Dunaj škrob Romada s.r.o.,Štefánikova 24,94301,157,Štúrovo,,Nové Zámky,Nitriansky,47.797831,18.71486,obec,skrobaren,Škrobáreň,Potravinárstvo a nápoje,1
537,36672076,"Považská vodárenská spoločnosť, a.s.",Nová 133,01746,112,Považská Bystrica,SK0226512842,Považská Bystrica,Trenčiansky,49.114507,18.447319,obec,vodarenska,Vodárenská spoločnosť (ČOV),Komunálny a gastro bioodpad,1
538,36672084,"Turčianska vodárenská spoločnosť, a.s.",Kuzmányho 25,03680,119,Martin,SK0316512036,Martin,Žilinský,49.07226,18.929174,obec,vodarenska,Vodárenská spoločnosť (ČOV),Komunálny a gastro bioodpad,1
539,36672254,"Oravská vodárenská spoločnosť, a.s.",Bysterecká 2180,02680,135,Dolný Kubín,SK0313509540,Dolný Kubín,Žilinský,49.218073,19.29539,obec,vodarenska,Vodárenská spoločnosť (ČOV),Komunálny a gastro bioodpad,1
540,36672271,"Vodárenská spoločnosť Ružomberok, a. s.",Pri Váhu 6,03406,10,Ružomberok,SK0318510998,Ružomberok,Žilinský,49.08187,19.302965,obec,vodarenska,Vodárenská spoločnosť (ČOV),Komunálny a gastro bioodpad,1
541,36672441,"Liptovská vodárenská spoločnosť, a.s.",Revolučná 595,03105,30,Liptovský Mikuláš,SK0315510262,Liptovský Mikuláš,Žilinský,49.083333,19.616667,obec,vodarenska,Vodárenská spoločnosť (ČOV),Komunálny a gastro bioodpad,1
542,36682888,"Regionálna vodárenská spoločnosť Vlára - Váh, s.r.o.",J. Palu 2/3,91441,66,Nemšová,SK0229506281,Trenčín,Trenčiansky,48.961676,18.113025,obec,vodarenska,Vodárenská spoločnosť (ČOV),Komunálny a gastro bioodpad,1
543,36690473,"Spojená Nitrianska Pekáreň, a.s. (SNIPEK, a.s.)",Krušovská 1994,95501,26,Topoľčany,SK0236504998,Topoľčany,Nitriansky,48.559116,18.176052,obec,pekaren,Pekáreň,Potravinárstvo a nápoje,1
544,36708780,"FISH&AGRO farma, s.r.o.",Jilemnická 56/30,02061,111,Lednické Rovne,SK0228513326,Púchov,Trenčiansky,49.066667,18.283333,obec,farma,Živočíšna farma,Poľnohospodárstvo a chov,1
545,36713091,"Nemocnica s poliklinikou Hlohovec, s.r.o.",,,108,Hlohovec,SK0213507032,Hlohovec,Trnavský,48.427951,17.798585,obec,nemocnica,Nemocnica,Gastro a stravovacie zariadenia,1
546,36722804,Poľnohospodárske družstvo Krajné,,91616,281,Krajné,SK0223506150,Myjava,Trenčiansky,48.700576,17.68716,obec,polnohospodarske_druzstvo,Poľnohospodárske družstvo,Poľnohospodárstvo a chov,1
547,36723681,"Obchodná vodárenská spoločnosť Liptovské Matiašovce, s.r.o.",NA 79,03223,282,Liptovské Matiašovce,SK0315510700,Liptovský Mikuláš,Žilinský,49.166667,19.566667,obec,vodarenska,Vodárenská spoločnosť (ČOV),Komunálny a gastro bioodpad,1
548,36727156,"AGRO - PO, s.r.o.",Na stanicu 793/5,95112,283,Ivanka pri Nitre,SK0233558320,Nitra,Nitriansky,48.233333,18.116667,obec,agro,Poľnohospodársky podnik,Poľnohospodárstvo a chov,1
549,36727504,Reštaurácia Avalon s.r.o.,,,125,Bratislava,,Bratislava I,Bratislavský,48.153538,17.109671,obec,restauracia,Reštaurácia,Gastro a stravovacie zariadenia,1
550,36735302,"Pivovarský dom, s. r. o.",Jilemnického 307,05921,284,Svit,SK0416523925,Poprad,Prešovský,49.058236,20.196529,obec,pivovar,Pivovar / minipivovar,Potravinárstvo a nápoje,1
551,36739596,"Prvý piešťanský pivovar, s. r. o.",Rekreačná 3,92101,234,Piešťany,SK0214507440,Piešťany,Trnavský,48.589897,17.821604,obec,pivovar,Pivovar / minipivovar,Potravinárstvo a nápoje,1
552,36774669,"Pekáreň Delika, s.r.o.",Rišňovce 639,95121,285,Rišňovce,SK0233500704,Nitra,Nitriansky,48.369248,17.896178,obec,pekaren,Pekáreň,Potravinárstvo a nápoje,1
553,36776955,"Víno Hubinský, s. r. o.",Školská 54,90201,286,Vinosady,SK0107508314,Pezinok,Bratislavský,48.310552,17.29264,obec,vinarstvo,Vinárstvo,Potravinárstvo a nápoje,1
554,36802026,Pivovar GOLEM s.r.o.,Čordákova 1,04023,106,Košice,,Košice I,Košický,48.717227,21.249677,obec,pivovar,Pivovar / minipivovar,Potravinárstvo a nápoje,1
555,36803529,"MORUS KALMAY VINOHRADNÍCTVO VINÁRSTVO, s. r. o.",Malé Tatry 6060/20,03405,10,Ružomberok,SK0318510998,Ružomberok,Žilinský,49.08187,19.302965,obec,vinarstvo,Vinárstvo,Potravinárstvo a nápoje,1
556,36813443,PEKÁREŇ BECKOV s.r.o.,Svätovavrinecká 13920/10,83101,20,Bratislava - mestská časť Nové Mesto,SK0103529346,Bratislava III,Bratislavský,48.167188,17.138349,mestska_cast,pekaren,Pekáreň,Potravinárstvo a nápoje,1
557,36817571,HYDINA s. r. o.,Ondrejovce 246,93551,287,Ondrejovce,SK0232502618,Levice,Nitriansky,48.137625,18.518794,obec,hydina,Hydinárska prevádzka,Poľnohospodárstvo a chov,1
558,36843148,"Zelenina Nižná Myšľa, s. r. o.",,04415,288,Nižná Myšľa,SK0426521736,Košice - okolie,Košický,48.623714,21.363905,obec,zeleninarstvo,Zeleninárstvo,Poľnohospodárstvo a chov,1
559,36845981,"ALEXANDRA HOTEL, s. r. o.",,,110,Púchov,SK0228513610,Púchov,Trenčiansky,49.123992,18.324242,obec,hotel,Hotel,Gastro a stravovacie zariadenia,1
560,36920151,Viliam Ruman - Reštaurácia JAMAJKA,,,22,Galanta,SK0212503665,Galanta,Trnavský,48.191057,17.727778,obec,restauracia,Reštaurácia,Gastro a stravovacie zariadenia,1
561,37586475,Jana Ježíková - POHOSTINSTVO BOHUMÍN,,,148,Turzovka,SK0312509507,Čadca,Žilinský,49.402543,18.628775,obec,restauracia,Reštaurácia,Gastro a stravovacie zariadenia,1
562,37796046,"Cirkevná spojená škola, Švermova 10, Snina",,,181,Snina,SK0419520802,Snina,Prešovský,48.990062,22.155625,obec,skola_stredna,Stredná škola,Gastro a stravovacie zariadenia,1
563,37810421,"Základná škola Janka Kráľa, Žiarska 679/13, Liptovský Mikuláš",,,30,Liptovský Mikuláš,SK0315510262,Liptovský Mikuláš,Žilinský,49.083333,19.616667,obec,skola_zakladna,Základná škola,Gastro a stravovacie zariadenia,1
564,37810472,"Základná škola Miloša Janošku, Ul. čs. brigády 4, Liptovský Mikuláš",,,30,Liptovský Mikuláš,SK0315510262,Liptovský Mikuláš,Žilinský,49.083333,19.616667,obec,skola_zakladna,Základná škola,Gastro a stravovacie zariadenia,1
565,37810481,"Základná škola s materskou školou, Starojánska 11/11, Liptovský Ján",,,289,Liptovský Ján,SK0315510734,Liptovský Mikuláš,Žilinský,49.049582,19.680264,obec,skola_zakladna,Základná škola,Gastro a stravovacie zariadenia,1
566,37811711,"Základná škola Alexandra Dubčeka, Družstevná 11, Martin",,,119,Martin,SK0316512036,Martin,Žilinský,49.07226,18.929174,obec,skola_zakladna,Základná škola,Gastro a stravovacie zariadenia,1
567,37811860,"Základná škola, Nade Hejnej 4, Martin",,,119,Martin,SK0316512036,Martin,Žilinský,49.07226,18.929174,obec,skola_zakladna,Základná škola,Gastro a stravovacie zariadenia,1
568,37811894,"Základná škola s materskou školou, Podhájska 10A, Martin",,,119,Martin,SK0316512036,Martin,Žilinský,49.07226,18.929174,obec,skola_zakladna,Základná škola,Gastro a stravovacie zariadenia,1
569,37811924,"Základná škola, P. Mudroňa 3, Martin",,,119,Martin,SK0316512036,Martin,Žilinský,49.07226,18.929174,obec,skola_zakladna,Základná škola,Gastro a stravovacie zariadenia,1
570,37812009,"Základná škola s materskou školou, Priehradná 11, Martin",,,119,Martin,SK0316512036,Martin,Žilinský,49.07226,18.929174,obec,skola_zakladna,Základná škola,Gastro a stravovacie zariadenia,1
571,37812416,"Školská jedáleň, M. R. Štefánika 1, Vrútky",,,290,Vrútky,SK0316557358,Martin,Žilinský,49.10886,18.92507,obec,skolska_jedalen,Školská jedáleň,Gastro a stravovacie zariadenia,1
572,37812556,"Materská škola, Horný Vadičov 515",,,291,Horný Vadičov,SK0314509205,Kysucké Nové Mesto,Žilinský,49.266667,18.883333,obec,skola_materska,Materská škola,Gastro a stravovacie zariadenia,1
573,37812769,"Materská škola, Kysucký Lieskovec 309",,,292,Kysucký Lieskovec,SK0314509264,Kysucké Nové Mesto,Žilinský,49.333333,18.816667,obec,skola_materska,Materská škola,Gastro a stravovacie zariadenia,1
574,37814036,"Materská škola, Pod brehom 207, Hruštín",,,293,Hruštín,SK0317509680,Námestovo,Žilinský,49.316667,19.35,obec,skola_materska,Materská škola,Gastro a stravovacie zariadenia,1
575,37815687,"Materská škola, Východná 715",,,294,Východná,SK0315511170,Liptovský Mikuláš,Žilinský,49.061229,19.894612,obec,skola_materska,Materská škola,Gastro a stravovacie zariadenia,1
576,37818627,Centrum sociálnych služieb Nádej,,,33,Žarnovica,SK032C517381,Žarnovica,Banskobystrický,48.483398,18.72155,obec,socialne_zariadenie,Zariadenie sociálnych služieb,Gastro a stravovacie zariadenia,1
577,37828851,"Základná škola Lajosa Mocsáryho s VJM, Farská lúka 64/B, Fiľakovo",,,295,Fiľakovo,SK0326511391,Lučenec,Banskobystrický,48.270503,19.821673,obec,skola_zakladna,Základná škola,Gastro a stravovacie zariadenia,1
578,37831291,"Základná škola s materskou školou, Krivec 1355, Hriňová",,,296,Hriňová,SK0324518468,Detva,Banskobystrický,48.576422,19.525427,obec,skola_zakladna,Základná škola,Gastro a stravovacie zariadenia,1
579,37833472,"Základná škola s materskou školou Juraja Slávika Neresnického, Dobrá Niva",,,220,Dobrá Niva,SK032B518298,Zvolen,Banskobystrický,48.473486,19.101794,obec,skola_zakladna,Základná škola,Gastro a stravovacie zariadenia,1
580,37836374,"Základná škola s VJM - Alapiskola, Rohovce 106",,,297,Rohovce,SK0211501891,Dunajská Streda,Trnavský,47.996929,17.409561,obec,skola_zakladna,Základná škola,Gastro a stravovacie zariadenia,1
581,37836714,"Základná škola s materskou školou Istvána Széchenyiho s VJM, Hlavná 299, Horné Saliby",,,298,Horné Saliby,SK0212503771,Galanta,Trnavský,48.122648,17.752084,obec,skola_zakladna,Základná škola,Gastro a stravovacie zariadenia,1
582,37836781,"Základná škola s materskou školou, Na výhone 188/16, Moravany nad Váhom",,,299,Moravany nad Váhom,SK0214507342,Piešťany,Trnavský,48.602463,17.862269,obec,skola_zakladna,Základná škola,Gastro a stravovacie zariadenia,1
583,37838521,"Základná škola, Sasinkova 530/2, Kopčany",,,300,Kopčany,SK0216504459,Michalovce,Košický,48.583333,21.916667,obec,skola_zakladna,Základná škola,Gastro a stravovacie zariadenia,1
584,37840576,"Základná škola s materskou školou s VJM, Mostová 210",,,130,Mostová,SK0212503924,Galanta,Trnavský,48.140162,17.678594,obec,skola_zakladna,Základná škola,Gastro a stravovacie zariadenia,1
585,37840592,"Základná škola, Vinohrady nad Váhom 347",,,301,Vinohrady nad Váhom,SK0212504157,Galanta,Trnavský,48.300461,17.766113,obec,skola_zakladna,Základná škola,Gastro a stravovacie zariadenia,1
586,37840631,"Základná škola s materskou školou, Veľký Grob 382",,,247,Veľký Grob,SK0212504149,Galanta,Trnavský,48.254044,17.497245,obec,skola_zakladna,Základná škola,Gastro a stravovacie zariadenia,1
587,37840657,"Základná škola s materskou školou, Smolinské 407",,,302,Smolinské,SK0215504823,Senica,Trnavský,48.683333,17.133333,obec,skola_zakladna,Základná škola,Gastro a stravovacie zariadenia,1
588,37841491,"Materská škola, Nám. A. Hlinku 32, Cífer",,,303,Cífer,SK0217506877,Trnava,Trnavský,48.315284,17.490022,obec,skola_materska,Materská škola,Gastro a stravovacie zariadenia,1
589,37842129,"Materská škola, Dr. Clementisa 59, Skalica",,,100,Skalica,SK0216504815,Skalica,Trnavský,48.770797,17.20201,okres,skola_materska,Materská škola,Gastro a stravovacie zariadenia,1
590,37842323,"Materská škola, Štefana Majora 1393/175, Veľké Úľany",,,304,Veľké Úľany,SK0212504131,Galanta,Trnavský,48.162887,17.57621,obec,skola_materska,Materská škola,Gastro a stravovacie zariadenia,1
591,37842382,"Materská škola, Lazová 926/5, Pata",,,305,Pata,SK0212503959,Galanta,Trnavský,48.275779,17.825432,obec,skola_materska,Materská škola,Gastro a stravovacie zariadenia,1
592,37843061,"Materská škola, Radošovce 13",,,142,Radošovce,SK0216504742,Skalica,Trnavský,48.766667,17.283333,obec,skola_materska,Materská škola,Gastro a stravovacie zariadenia,1
593,37844016,"Materská škola, Sídlisko 9. mája 322, Vrbové",,,235,Vrbové,SK0214507750,Piešťany,Trnavský,48.619531,17.723876,obec,skola_materska,Materská škola,Gastro a stravovacie zariadenia,1
594,37847481,"Školská jedáleň, Štefana Majora 1444/83, Veľké Úľany",,,304,Veľké Úľany,SK0212504131,Galanta,Trnavský,48.162887,17.57621,obec,skolska_jedalen,Školská jedáleň,Gastro a stravovacie zariadenia,1
595,37851888,"Základná škola s materskou školou Józsefa Bódisa s VJM, Čenkovce 95",,,306,Čenkovce,SK0211580554,Dunajská Streda,Trnavský,48.106207,17.433109,obec,skola_zakladna,Základná škola,Gastro a stravovacie zariadenia,1
596,37855735,"Materská škola, Dvorany nad Nitrou 22",,,307,Dvorany nad Nitrou,SK0236556262,Topoľčany,Nitriansky,48.489267,18.11335,obec,skola_materska,Materská škola,Gastro a stravovacie zariadenia,1
597,37861077,"Školská jedáleň, Adyho 4, Štúrovo",,,157,Štúrovo,SK0234503584,Nové Zámky,Nitriansky,47.797831,18.71486,obec,skolska_jedalen,Školská jedáleň,Gastro a stravovacie zariadenia,1
598,37863606,"Materská škola, Družstevná 22, Šaľa",,,88,Šaľa,SK0235504025,Šaľa,Nitriansky,48.150995,17.876502,obec,skola_materska,Materská škola,Gastro a stravovacie zariadenia,1
599,37863894,"Základná škola s materskou školou Juraja Holčeka, Dolný Ohaj",,,222,Dolný Ohaj,SK0234503151,Nové Zámky,Nitriansky,48.08008,18.252347,obec,skola_zakladna,Základná škola,Gastro a stravovacie zariadenia,1
600,37864122,"Materská škola, MDŽ 26, Šurany",,,198,Šurany,SK0234503592,Nové Zámky,Nitriansky,48.086106,18.186834,obec,skola_materska,Materská škola,Gastro a stravovacie zariadenia,1
601,37866672,"Základná škola s materskou školou, Dolný Jatov 189",,,308,Jatov,SK0234503223,Nové Zámky,Nitriansky,48.128462,18.028264,obec,skola_zakladna,Základná škola,Gastro a stravovacie zariadenia,1
602,37874004,"Základná škola s materskou školou, Pod papierňou 16A, Bardejov",,,126,Bardejov,SK0411519006,Bardejov,Prešovský,49.292999,21.27554,obec,skola_zakladna,Základná škola,Gastro a stravovacie zariadenia,1
603,37874021,"Základná škola, Wolkerova 10, Bardejov",,,126,Bardejov,SK0411519006,Bardejov,Prešovský,49.292999,21.27554,obec,skola_zakladna,Základná škola,Gastro a stravovacie zariadenia,1
604,37874217,"Základná škola s materskou školou, Spišské Hanušovce 66",,,309,Spišské Hanušovce,SK0413523861,Kežmarok,Prešovský,49.331411,20.346897,obec,skola_zakladna,Základná škola,Gastro a stravovacie zariadenia,1
605,37874314,"Materská škola, Školská 231/2, Huncovce",,,310,Huncovce,SK0413523526,Kežmarok,Prešovský,49.117868,20.378184,obec,skola_materska,Materská škola,Gastro a stravovacie zariadenia,1
606,37876457,"Základná škola s materskou školou, Školská 42/22, Vikartovce",,,311,Vikartovce,SK0416524034,Poprad,Prešovský,48.992835,20.154403,obec,skola_zakladna,Základná škola,Gastro a stravovacie zariadenia,1
607,37876643,"Materská škola, Duk. hrdinov 2078/13, Snina",,,181,Snina,SK0419520802,Snina,Prešovský,48.990062,22.155625,obec,skola_materska,Materská škola,Gastro a stravovacie zariadenia,1
608,37876899,"Spojená škola, Letná ulica 3453/34, Poprad",,,13,Poprad,SK0416523381,Poprad,Prešovský,49.054152,20.29764,obec,skola_stredna,Stredná škola,Gastro a stravovacie zariadenia,1
609,37880080,"Stredná odborná škola služieb, Košická 20, Prešov",,,14,Prešov,SK0417524140,Prešov,Prešovský,49.000411,21.252273,obec,skola_stredna,Stredná škola,Gastro a stravovacie zariadenia,1
610,37883658,"Základná škola s materskou školou, Smilno 205",,,312,Smilno,SK0411519782,Bardejov,Prešovský,49.383333,21.35,obec,skola_zakladna,Základná škola,Gastro a stravovacie zariadenia,1
611,37886436,Nemocnica Dr. Vojtecha Alexandra v Kežmarku n.o.,,,2,Kežmarok,SK0413523585,Kežmarok,Prešovský,49.136318,20.430447,obec,nemocnica,Nemocnica,Gastro a stravovacie zariadenia,1
612,37886851,"Ľubovnianska nemocnica, n.o.",,,208,Stará Ľubovňa,SK041A526665,Stará Ľubovňa,Prešovský,49.297258,20.687317,obec,nemocnica,Nemocnica,Gastro a stravovacie zariadenia,1
613,37886908,"Súkromná školská jedáleň, n. o. Prešov",,,14,Prešov,SK0417524140,Prešov,Prešovský,49.000411,21.252273,obec,skolska_jedalen,Školská jedáleň,Gastro a stravovacie zariadenia,1
614,37887947,"Charitatívno-diakonický domov sociálnych služieb, n.o.",,,284,Svit,SK0416523925,Poprad,Prešovský,49.058236,20.196529,obec,socialne_zariadenie,Zariadenie sociálnych služieb,Gastro a stravovacie zariadenia,1
615,37903152,"Materská škola, Lietava 368",,,313,Lietava,SK031B517739,Žilina,Žilinský,49.168923,18.676346,obec,skola_materska,Materská škola,Gastro a stravovacie zariadenia,1
616,37904591,"Materská škola, Svrčinovec 856",,,314,Svrčinovec,SK0312509493,Čadca,Žilinský,49.387301,18.767884,okres,skola_materska,Materská škola,Gastro a stravovacie zariadenia,1
617,37904957,"Materská škola, Čajakova 4A, Žilina",,,34,Žilina,SK031B517402,Žilina,Žilinský,49.223464,18.739498,obec,skola_materska,Materská škola,Gastro a stravovacie zariadenia,1
618,37904990,"Materská škola, Smrečany 117",,,315,Smrečany,SK0315511013,Liptovský Mikuláš,Žilinský,49.116667,19.65,obec,skola_materska,Materská škola,Gastro a stravovacie zariadenia,1
619,37905074,"Materská škola, Stavbárska 4, Žilina",,,34,Žilina,SK031B517402,Žilina,Žilinský,49.223464,18.739498,obec,skola_materska,Materská škola,Gastro a stravovacie zariadenia,1
620,37906089,"Materská škola, Ochodnica 355",,,316,Ochodnica,SK0314509329,Kysucké Nové Mesto,Žilinský,49.35,18.783333,obec,skola_materska,Materská škola,Gastro a stravovacie zariadenia,1
621,37909533,"Spojená škola Kráľovnej pokoja, Na Závaží 2, Žilina",,,34,Žilina,SK031B517402,Žilina,Žilinský,49.223464,18.739498,obec,skola_stredna,Stredná škola,Gastro a stravovacie zariadenia,1
622,37909631,"Materská škola, Korňa 720",,,317,Korňa,SK0312509230,Čadca,Žilinský,49.414,18.541,obec,skola_materska,Materská škola,Gastro a stravovacie zariadenia,1
623,37923617,"SPOKOJNOSŤ - centrum sociálnych služieb, n.o.",,,31,Prievidza,SK0227513881,Prievidza,Trenčiansky,48.77104,18.623306,obec,socialne_zariadenie,Zariadenie sociálnych služieb,Gastro a stravovacie zariadenia,1
624,37939076,Súkromné gymnázium DSA,,,126,Bardejov,SK0411519006,Bardejov,Prešovský,49.292999,21.27554,obec,skola_stredna,Stredná škola,Gastro a stravovacie zariadenia,1
625,37942484,"Stredná odborná škola technická, Družstevná 1474/19, Humenné",,,35,Humenné,SK0412520004,Humenné,Prešovský,48.934603,21.90314,obec,skola_stredna,Stredná škola,Gastro a stravovacie zariadenia,1
626,37942743,"Spojená škola sv. Jána Pavla II., Dlhé hony 3522/2, Poprad",,,13,Poprad,SK0416523381,Poprad,Prešovský,49.054152,20.29764,obec,skola_stredna,Stredná škola,Gastro a stravovacie zariadenia,1
627,37947541,"Stredná odborná škola polytechnická Jána Antonína Baťu, Svit",,,284,Svit,SK0416523925,Poprad,Prešovský,49.058236,20.196529,obec,skola_stredna,Stredná škola,Gastro a stravovacie zariadenia,1
628,37947958,"Materská škola, Partizánska 22, Humenné",,,35,Humenné,SK0412520004,Humenné,Prešovský,48.934603,21.90314,obec,skola_materska,Materská škola,Gastro a stravovacie zariadenia,1
629,37950410,"Cirkevná školská jedáleň, Daxnerova ul. 42, Rimavská Sobota",,,279,Rimavská Sobota,SK0329514462,Rimavská Sobota,Banskobystrický,48.383832,20.016302,obec,skolska_jedalen,Školská jedáleň,Gastro a stravovacie zariadenia,1
630,37954431,"Jedáleň 21. storočia, n.o.",,,34,Žilina,SK031B517402,Žilina,Žilinský,49.223464,18.739498,obec,jedalen_zavodna,Závodná a verejná jedáleň,Gastro a stravovacie zariadenia,1
631,37954571,Všeobecná nemocnica s poliklinikou Lučenec n.o.,,,18,Lučenec,SK0326511218,Lučenec,Banskobystrický,48.330282,19.664144,obec,nemocnica,Nemocnica,Gastro a stravovacie zariadenia,1
632,37957660,"Materská škola, marš. Malinovského 1985/41, Zvolen",,,11,Zvolen,SK032B518158,Zvolen,Banskobystrický,48.576512,19.128476,obec,skola_materska,Materská škola,Gastro a stravovacie zariadenia,1
633,37958470,"Katolícka spojená škola sv. Františka Assiského, Banská Štiavnica",,,8,Banská Štiavnica,SK0322516643,Banská Štiavnica,Banskobystrický,48.458093,18.89828,obec,skola_stredna,Stredná škola,Gastro a stravovacie zariadenia,1
634,37959999,"Materská škola, Lhenická 34, Budča",,,318,Budča,SK032B518204,Zvolen,Banskobystrický,48.5743,19.065196,obec,skola_materska,Materská škola,Gastro a stravovacie zariadenia,1
635,37961161,"Materská škola, Farská ulica 1274/2, Cabaj-Čápor",,,319,Cabaj-Čápor,SK0233545589,Nitra,Nitriansky,48.245665,18.023092,obec,skola_materska,Materská škola,Gastro a stravovacie zariadenia,1
636,37961284,"Materská škola, Nám. Gy. Széchényiho 3, Nové Zámky",,,24,Nové Zámky,SK0234503011,Nové Zámky,Nitriansky,47.98334,18.166661,obec,skola_materska,Materská škola,Gastro a stravovacie zariadenia,1
637,37971832,"Špecializovaná nemocnica sv. Svorada Zobor, n.o.",,,23,Nitra,SK0233500011,Nitra,Nitriansky,48.31257,18.09061,obec,nemocnica,Nemocnica,Gastro a stravovacie zariadenia,1
638,37980513,Zariadenie pre seniorov a domov sociálnych služieb mesta Liptovský Mikuláš,,,30,Liptovský Mikuláš,SK0315510262,Liptovský Mikuláš,Žilinský,49.083333,19.616667,obec,socialne_zariadenie,Zariadenie sociálnych služieb,Gastro a stravovacie zariadenia,1
639,37986261,"Domov Barborka Unín, n.o.",,,320,Unín,SK0216504939,Skalica,Trnavský,48.725737,17.215748,obec,socialne_zariadenie,Zariadenie sociálnych služieb,Gastro a stravovacie zariadenia,1
640,37986775,"Štíbor - Mestské centrum sociálnych služieb n.o., Skalica",,,100,Skalica,SK0216504815,Skalica,Trnavský,48.770797,17.20201,okres,socialne_zariadenie,Zariadenie sociálnych služieb,Gastro a stravovacie zariadenia,1
641,37986830,"Dom seniorov Brodské, n.o.",,,321,Brodské,SK0216504271,Skalica,Trnavský,48.770797,17.20201,okres,socialne_zariadenie,Zariadenie sociálnych služieb,Gastro a stravovacie zariadenia,1
642,37990357,"Základná škola s materskou školou, Kornela Mahra 11, Trnava",,,28,Trnava,SK0217506745,Trnava,Trnavský,48.37729,17.586718,obec,skola_zakladna,Základná škola,Gastro a stravovacie zariadenia,1
643,37990411,"Materská škola, Lúčky 14, Holíč",,,160,Holíč,SK0216504378,Skalica,Trnavský,48.8,17.166667,obec,skola_materska,Materská škola,Gastro a stravovacie zariadenia,1
644,40340783,Miroslav Kubica MASO-UDENINY,,,257,Breza,SK0317509591,Námestovo,Žilinský,49.383333,19.4,obec,masovyroba,Mäsospracovanie,Potravinárstvo a nápoje,1
645,40423298,Radoslav Zaťko Mäso - údeniny,,,322,Malá Čausa,SK0227514179,Prievidza,Trenčiansky,48.794864,18.700866,obec,masovyroba,Mäsospracovanie,Potravinárstvo a nápoje,1
646,40573656,Mária Rebej MÄSO ÚDENINY,,,323,Kamenica nad Cirochou,SK0412520331,Humenné,Prešovský,48.933333,22.0,obec,masovyroba,Mäsospracovanie,Potravinárstvo a nápoje,1
647,40641333,Anna Maríková - Závodná jedáleň Olšovská,,,324,Plavecké Podhradie,SK0106504629,Malacky,Bratislavský,48.481793,17.261951,obec,jedalen_zavodna,Závodná a verejná jedáleň,Gastro a stravovacie zariadenia,1
648,40924092,Ladislav Balogh - Mäso-údeniny,,,325,Nový Tekov,SK0232502596,Levice,Nitriansky,48.244126,18.517993,obec,masovyroba,Mäsospracovanie,Potravinárstvo a nápoje,1
649,41492978,Viera Švorcová Jedáleň u Švorcových,,,326,Báhoň,SK0107507806,Pezinok,Bratislavský,48.309067,17.445245,obec,jedalen_zavodna,Závodná a verejná jedáleň,Gastro a stravovacie zariadenia,1
650,41674766,Marta Ďuricová JEDÁLEŇ R - M,,,209,Banská Bystrica,SK0321508438,Banská Bystrica,Banskobystrický,48.738539,19.156869,obec,jedalen_zavodna,Závodná a verejná jedáleň,Gastro a stravovacie zariadenia,1
651,41754549,Milan Kavecký - Reštaurácia KLEOPATRA,,,327,Kamenná Poruba,SK031B517658,Vranov nad Topľou,Prešovský,48.84859,21.648767,obec,restauracia,Reštaurácia,Gastro a stravovacie zariadenia,1
652,41934831,Milan Husivarga - REMIX - Mäso údeniny,,,165,Hanušovce nad Topľou,SK041D544213,Vranov nad Topľou,Prešovský,49.033333,21.5,obec,masovyroba,Mäsospracovanie,Potravinárstvo a nápoje,1
653,42011701,Súkromné gymnázium Banskobystrické,,,209,Banská Bystrica,SK0321508438,Banská Bystrica,Banskobystrický,48.738539,19.156869,obec,skola_stredna,Stredná škola,Gastro a stravovacie zariadenia,1
654,42017769,Centrum sociálnych služieb v Novom Meste nad Váhom,,,5,Nové Mesto nad Váhom,SK0224506338,Nové Mesto nad Váhom,Trenčiansky,48.763325,17.830386,obec,socialne_zariadenie,Zariadenie sociálnych služieb,Gastro a stravovacie zariadenia,1
655,42026393,"Stredná odborná škola technická, Bratislavská 439/18, Dubnica nad Váhom",,,46,Dubnica nad Váhom,SK0222513016,Ilava,Trenčiansky,48.957172,18.167022,obec,skola_stredna,Stredná škola,Gastro a stravovacie zariadenia,1
656,42029503,"Materská škola, Dubovica 48",,,328,Dubovica,SK0418524379,Sabinov,Prešovský,49.133333,20.966667,obec,skola_materska,Materská škola,Gastro a stravovacie zariadenia,1
657,42035261,"Spojená škola Juraja Henischa, Slovenská 5, Bardejov",,,126,Bardejov,SK0411519006,Bardejov,Prešovský,49.292999,21.27554,obec,skola_stredna,Stredná škola,Gastro a stravovacie zariadenia,1
658,42052050,"Dom seniorov Machulince, n.o.",,,329,Machulince,SK0237500500,Zlaté Moravce,Nitriansky,48.41125,18.433242,obec,socialne_zariadenie,Zariadenie sociálnych služieb,Gastro a stravovacie zariadenia,1
659,42085438,"Materská škola, Antona Prídavka 1, Prešov",,,14,Prešov,SK0417524140,Prešov,Prešovský,49.000411,21.252273,obec,skola_materska,Materská škola,Gastro a stravovacie zariadenia,1
660,42085853,Domov sv. Dominika,,,330,Petrovany,SK0417525014,Prešov,Prešovský,48.91662,21.261603,obec,socialne_zariadenie,Zariadenie sociálnych služieb,Gastro a stravovacie zariadenia,1
661,42089824,"Spojená škola internátna, Levočská 24, Stará Ľubovňa",,,208,Stará Ľubovňa,SK041A526665,Stará Ľubovňa,Prešovský,49.297258,20.687317,obec,skola_stredna,Stredná škola,Gastro a stravovacie zariadenia,1
662,42090598,"Spojená škola Jána Vojtaššáka internátna, Levoča",,,4,Levoča,SK0414543292,Levoča,Prešovský,49.025112,20.587999,obec,skola_stredna,Stredná škola,Gastro a stravovacie zariadenia,1
663,42092434,"AEVITAS, n. o. - ZARIADENIE PRE SENIOROV",,,181,Snina,SK0419520802,Snina,Prešovský,48.990062,22.155625,obec,socialne_zariadenie,Zariadenie sociálnych služieb,Gastro a stravovacie zariadenia,1
664,42102201,"Materská škola, Richnava 260",,,331,Richnava,SK0421543501,Gelnica,Košický,48.927875,20.917469,obec,skola_materska,Materská škola,Gastro a stravovacie zariadenia,1
665,42102553,"Súkromná spojená škola EDURAM, Krompachy",,,12,Krompachy,SK042A543268,Spišská Nová Ves,Košický,48.917127,20.873055,obec,skola_stredna,Stredná škola,Gastro a stravovacie zariadenia,1
666,42109191,"Cirkevná spojená škola, Komenského 6, Spišské Vlachy",,,216,Spišské Vlachy,SK042A543594,Spišská Nová Ves,Košický,48.947914,20.797352,obec,skola_stredna,Stredná škola,Gastro a stravovacie zariadenia,1
667,42114985,Súkromná stredná odborná škola polytechnická DSA,,,23,Nitra,SK0233500011,Nitra,Nitriansky,48.31257,18.09061,obec,skola_stredna,Stredná škola,Gastro a stravovacie zariadenia,1
668,42118727,"„MÔJ DOMOV"", Zariadenie sociálnych služieb Topoľčany",,,26,Topoľčany,SK0236504998,Topoľčany,Nitriansky,48.559116,18.176052,obec,socialne_zariadenie,Zariadenie sociálnych služieb,Gastro a stravovacie zariadenia,1
669,42119383,"„JESEŇ ŽIVOTA"", Zariadenie sociálnych služieb Levice",,,103,Levice,SK0232502031,Levice,Nitriansky,48.216667,18.6,obec,socialne_zariadenie,Zariadenie sociálnych služieb,Gastro a stravovacie zariadenia,1
670,42119391,"„HARMÓNIA"", Zariadenie sociálnych služieb Horné Štitáre",,,332,Horné Štitáre,SK0236542954,Topoľčany,Nitriansky,48.526005,18.054942,obec,socialne_zariadenie,Zariadenie sociálnych služieb,Gastro a stravovacie zariadenia,1
671,42143900,Zariadenie pre seniorov-Domov dôchodcov Bojnice,,,176,Bojnice,SK0227513903,Prievidza,Trenčiansky,48.78,18.581862,obec,socialne_zariadenie,Zariadenie sociálnych služieb,Gastro a stravovacie zariadenia,1
672,42152411,Súkromné gymnázium FUTURUM,,,27,Trenčín,SK0229505820,Trenčín,Trenčiansky,48.892358,18.039372,obec,skola_stredna,Stredná škola,Gastro a stravovacie zariadenia,1
673,42176182,"Spojená škola sv. Františka z Assisi, Karloveská 32, Bratislava",,,154,Bratislava - mestská časť Karlova Ves,SK0104529397,Bratislava IV,Bratislavský,48.160464,17.047532,mestska_cast,skola_stredna,Stredná škola,Gastro a stravovacie zariadenia,1
674,42187184,"Materská škola, 29. augusta 64, Hronec",,,333,Hronec,SK0323508667,Brezno,Banskobystrický,48.80232,19.575561,obec,skola_materska,Materská škola,Gastro a stravovacie zariadenia,1
675,42193222,Centrum sociálnych služieb KA,,,32,Krupina,SK0325518557,Krupina,Banskobystrický,48.352728,19.069182,obec,socialne_zariadenie,Zariadenie sociálnych služieb,Gastro a stravovacie zariadenia,1
676,42213738,"Materská škola, Klokočov 976",,,334,Klokočov,SK0312509213,Čadca,Žilinský,49.446206,18.567083,obec,skola_materska,Materská škola,Gastro a stravovacie zariadenia,1
677,42219973,"Jesienka, zariadenie pre seniorov a denný stacionár",,,335,Bytča,SK0311517461,Bytča,Žilinský,49.219738,18.562215,obec,socialne_zariadenie,Zariadenie sociálnych služieb,Gastro a stravovacie zariadenia,1
678,42224055,"Evanjelická spojená škola, M. R. Štefánika 19, Martin",,,119,Martin,SK0316512036,Martin,Žilinský,49.07226,18.929174,obec,skola_stredna,Stredná škola,Gastro a stravovacie zariadenia,1
679,42228409,"Materská škola, Čsl. letcov 2, Ľubotice",,,336,Ľubotice,SK0417518590,Prešov,Prešovský,49.011264,21.276481,obec,skola_materska,Materská škola,Gastro a stravovacie zariadenia,1
680,42228760,"Súkromná školská jedáleň, Volgogradská 3, Prešov",,,14,Prešov,SK0417524140,Prešov,Prešovský,49.000411,21.252273,obec,skolska_jedalen,Školská jedáleň,Gastro a stravovacie zariadenia,1
681,42243378,"Spojená škola, J. A. Komenského 5, Rožňava",,,15,Rožňava,SK0428525529,Rožňava,Košický,48.654392,20.531184,obec,skola_stredna,Stredná škola,Gastro a stravovacie zariadenia,1
682,42251001,"Súkromná školská jedáleň, Užhorodská 39, Košice",,,128,Košice - mestská časť Juh,SK0425599824,Košice IV,Košický,48.706875,21.259905,mestska_cast,skolska_jedalen,Školská jedáleň,Gastro a stravovacie zariadenia,1
683,42258120,"Spojená škola de La Salle, Čachtická 14, Bratislava",,,151,Bratislava - mestská časť Rača,SK0103529354,Bratislava III,Bratislavský,48.211512,17.1534,mestska_cast,skola_stredna,Stredná škola,Gastro a stravovacie zariadenia,1
684,42278236,Spojená škola Nitrianske Pravno,,,117,Nitrianske Pravno,SK0227514225,Prievidza,Trenčiansky,48.866667,18.633333,obec,skola_stredna,Stredná škola,Gastro a stravovacie zariadenia,1
685,42280885,"Súkromná spojená škola, M. Falešníka 6, Prievidza",,,31,Prievidza,SK0227513881,Prievidza,Trenčiansky,48.77104,18.623306,obec,skola_stredna,Stredná škola,Gastro a stravovacie zariadenia,1
686,42292468,JESÉNIA SKALICA zariadenie pre seniorov,,,100,Skalica,SK0216504815,Skalica,Trnavský,48.770797,17.20201,okres,socialne_zariadenie,Zariadenie sociálnych služieb,Gastro a stravovacie zariadenia,1
687,42293570,"Súkromná školská jedáleň, Mostová 53",,,130,Mostová,SK0212503924,Galanta,Trnavský,48.140162,17.678594,obec,skolska_jedalen,Školská jedáleň,Gastro a stravovacie zariadenia,1
688,42302188,"Školská jedáleň, SNP 1026, Kalinovo",,,337,Kalinovo,SK0327511471,Poltár,Banskobystrický,48.392041,19.708538,obec,skolska_jedalen,Školská jedáleň,Gastro a stravovacie zariadenia,1
689,42303117,"Materská škola, Nám. SNP 17, Detva",,,232,Detva,SK0324518263,Detva,Banskobystrický,48.544384,19.411609,obec,skola_materska,Materská škola,Gastro a stravovacie zariadenia,1
690,42308763,"Materská škola, Malinovského 874, Krupina",,,32,Krupina,SK0325518557,Krupina,Banskobystrický,48.352728,19.069182,obec,skola_materska,Materská škola,Gastro a stravovacie zariadenia,1
691,42319234,Premonštrátske gymnázium,,,106,Košice,SK0422598186,Košice I,Košický,48.717227,21.249677,obec,skola_stredna,Stredná škola,Gastro a stravovacie zariadenia,1
692,42324157,"Materská škola, Ruskov 280",,,338,Ruskov,SK0426521957,Košice - okolie,Košický,48.682449,21.432723,obec,skola_materska,Materská škola,Gastro a stravovacie zariadenia,1
693,42330238,"Školská jedáleň, Juhoslovanská 2, Košice",,,215,Košice - mestská časť Sídlisko Ťahanovce,SK0422599875,Košice I,Košický,48.756322,21.26885,mestska_cast,skolska_jedalen,Školská jedáleň,Gastro a stravovacie zariadenia,1
694,42337071,"Materská škola, Sľažany 321",,,339,Sľažany,SK0237500747,Zlaté Moravce,Nitriansky,48.397,18.329,obec,skola_materska,Materská škola,Gastro a stravovacie zariadenia,1
695,42347670,SENIOR - Zariadenie pre seniorov a Dom sociálnych služieb Vrútky,,,290,Vrútky,SK0316557358,Martin,Žilinský,49.10886,18.92507,obec,socialne_zariadenie,Zariadenie sociálnych služieb,Gastro a stravovacie zariadenia,1
696,42372984,Zariadenie pre seniorov Nové Mesto nad Váhom,,,5,Nové Mesto nad Váhom,SK0224506338,Nové Mesto nad Váhom,Trenčiansky,48.763325,17.830386,obec,socialne_zariadenie,Zariadenie sociálnych služieb,Gastro a stravovacie zariadenia,1
697,42391385,Viacúčelové zariadenie pre seniorov Čadca,,,29,Čadca,SK0312509132,Čadca,Žilinský,49.440819,18.788221,obec,socialne_zariadenie,Zariadenie sociálnych služieb,Gastro a stravovacie zariadenia,1
698,42404631,Zariadenie pre seniorov Bohunka,,,340,Jaslovské Bohunice,SK0217507156,Trnava,Trnavský,48.469535,17.650378,obec,socialne_zariadenie,Zariadenie sociálnych služieb,Gastro a stravovacie zariadenia,1
699,42422132,Súkromná stredná odborná škola pedagogická EBG,,,35,Humenné,SK0412520004,Humenné,Prešovský,48.934603,21.90314,obec,skola_stredna,Stredná škola,Gastro a stravovacie zariadenia,1
700,42433819,Zariadenie pre seniorov KARITA obce Partizánska Ľupča,,,341,Partizánska Ľupča,SK0315510904,Liptovský Mikuláš,Žilinský,49.066667,19.45,obec,socialne_zariadenie,Zariadenie sociálnych služieb,Gastro a stravovacie zariadenia,1
701,42447470,"Materská škola, Koniarkova 9, Bratislava",,,342,Bratislava - mestská časť Vajnory,SK0103529362,Bratislava III,Bratislavský,48.204418,17.206666,mestska_cast,skola_materska,Materská škola,Gastro a stravovacie zariadenia,1
702,43294341,Milan Duda - PIZZÉRIA A REŠTAURÁCIA PEPEK,,,34,Žilina,SK031B517402,Žilina,Žilinský,49.223464,18.739498,obec,restauracia,Reštaurácia,Gastro a stravovacie zariadenia,1
703,43775578,Mestské lesy Krompachy s.r.o.,Maurerova ulica 945/29,05342,12,Krompachy,SK042A543268,Spišská Nová Ves,Košický,48.917127,20.873055,obec,mestske_lesy,Mestské lesy,"Drevo, lesníctvo a ostatné",1
704,43790011,"Vínna reštaurácia, spol. s r. o.",,,17,Modra,SK0107508101,Pezinok,Bratislavský,48.336443,17.308037,obec,restauracia,Reštaurácia,Gastro a stravovacie zariadenia,1
705,43790909,"Skládka komunálneho odpadu Bojná, s.r.o.",Obecný úrad 201,95601,343,Bojná,SK0236542717,Topoľčany,Nitriansky,48.583333,18.066667,obec,odpadove_hospodarstvo,Odpadové hospodárstvo,Komunálny a gastro bioodpad,1
706,43847064,Výrobno odbytové družstvo olejnín Šariš,Masarykova 10,08001,14,Prešov,SK0417524140,Prešov,Prešovský,49.000411,21.252273,obec,olejnin,Spracovanie olejnín,Potravinárstvo a nápoje,1
707,43852149,"Cech výrobcov ovčieho syra v Turci, družstvo",Turčianske Kľačany 271,03861,290,Vrútky,SK0316557358,Martin,Žilinský,49.10886,18.92507,obec,syraren,Syráreň a bryndziareň,Potravinárstvo a nápoje,1
708,43863035,"SAJ pekáreň, s. r. o.",Priemyselná štvrť 3,08301,262,Sabinov,SK0418525146,Sabinov,Prešovský,49.102044,21.100545,obec,pekaren,Pekáreň,Potravinárstvo a nápoje,1
709,43871763,Tradičná Pekáreň s. r. o.,,91333,344,Horná Súča,SK0229506010,Trenčín,Trenčiansky,48.966667,17.983333,obec,pekaren,Pekáreň,Potravinárstvo a nápoje,1
710,43903959,Obecné služby Tvrdošovce s.r.o.,Novozámocká cesta 56,94110,43,Tvrdošovce,SK0234503614,Nové Zámky,Nitriansky,48.095688,18.061308,obec,odpadove_hospodarstvo,Odpadové hospodárstvo,Komunálny a gastro bioodpad,1
711,43910351,Bardejovská pekáreň s.r.o.,Kpt. Nálepku 64,08501,126,Bardejov,SK0411519006,Bardejov,Prešovský,49.292999,21.27554,obec,pekaren,Pekáreň,Potravinárstvo a nápoje,1
712,43956513,"Nemocnica Banská Štiavnica, a.s.",,,8,Banská Štiavnica,SK0322516643,Banská Štiavnica,Banskobystrický,48.458093,18.89828,obec,nemocnica,Nemocnica,Gastro a stravovacie zariadenia,1
713,43965024,"Syrmix Zázrivá, s.r.o.",Dolina 164,02705,345,Zázrivá,SK0313510211,Dolný Kubín,Žilinský,49.274927,19.154525,obec,syraren,Syráreň a bryndziareň,Potravinárstvo a nápoje,1
714,43999174,"Hotel Château Belá, s.r.o.",,,346,Belá,SK0234503061,Žilina,Žilinský,49.236895,18.943661,obec,hotel,Hotel,Gastro a stravovacie zariadenia,1
715,44035748,MÄSO-ÚDENINY FUJKA s.r.o.,,,209,Banská Bystrica,SK0321508438,Banská Bystrica,Banskobystrický,48.738539,19.156869,obec,masovyroba,Mäsospracovanie,Potravinárstvo a nápoje,1
716,44037040,Odbytové družstvo západ,NA 434,95844,347,Klátova Nová Ves,SK0225543047,Partizánske,Trenčiansky,48.566667,18.3,obec,mliekaren,Mliekáreň,Potravinárstvo a nápoje,1
717,44054998,"Odbytové družstvo mlieka Levice, družstvo",Dopravná 14,93401,103,Levice,SK0232502031,Levice,Nitriansky,48.216667,18.6,obec,mliekaren,Mliekáreň,Potravinárstvo a nápoje,1
718,44059159,Mlieko Považie OOV - družstvo,NA 1,02052,348,Mestečko,SK0228513377,Púchov,Trenčiansky,49.166667,18.25,obec,mliekaren,Mliekáreň,Potravinárstvo a nápoje,1
719,44083742,"MÄSO - LAHÔDKY ELENA, s. r. o.",Dolná štvrť 509/22,90701,99,Myjava,SK0223504581,Myjava,Trenčiansky,48.754035,17.565022,obec,masovyroba,Mäsospracovanie,Potravinárstvo a nápoje,1
720,44088752,"Pekáreň Bzovík, s.r.o.",Majerský rad 3084/80,96301,32,Krupina,SK0325518557,Krupina,Banskobystrický,48.352728,19.069182,obec,pekaren,Pekáreň,Potravinárstvo a nápoje,1
721,44119577,Pekáreň Pe&Pe s. r. o.,Centrum I 39/93,01841,46,Dubnica nad Váhom,SK0222513016,Ilava,Trenčiansky,48.957172,18.167022,obec,pekaren,Pekáreň,Potravinárstvo a nápoje,1
722,44155557,"Pekáreň KLÁSOK, s.r.o.",,98512,349,Budiná,SK0326511277,Lučenec,Banskobystrický,48.456112,19.476724,obec,pekaren,Pekáreň,Potravinárstvo a nápoje,1
723,44159897,"Mangalica farma, s.r.o.",Pavlov Dvor 9,94703,79,Hurbanovo,SK0231501140,Komárno,Nitriansky,47.869084,18.189095,obec,farma,Živočíšna farma,Poľnohospodárstvo a chov,1
724,44192185,Pekáreň Vidlička a syn s.r.o.,Krné 51,96212,232,Detva,SK0324518263,Detva,Banskobystrický,48.544384,19.411609,obec,pekaren,Pekáreň,Potravinárstvo a nápoje,1
725,44199279,Pekáreň - ORTEK s.r.o.,Lidická 1621/35,05951,350,Poprad - Matejovce,,Poprad,Prešovský,49.054152,20.29764,obec_zaklad,pekaren,Pekáreň,Potravinárstvo a nápoje,1
726,44304412,"Pekáreň Bokša, s. r. o.",Bokšanská 1336/1,09101,351,Stropkov - Bokša,,Stropkov,Prešovský,49.202387,21.651153,obec_zaklad,pekaren,Pekáreň,Potravinárstvo a nápoje,1
727,44330936,TODO - Trnavské odbytové družstvo olejnín s. r. o.,Bulharská 42/2476,91701,28,Trnava,SK0217506745,Trnava,Trnavský,48.37729,17.586718,obec,olejnin,Spracovanie olejnín,Potravinárstvo a nápoje,1
728,44365306,"EKO AGROFARMA, s.r.o.",NA 100,95601,352,Veľké Dvorany,SK0236505676,Topoľčany,Nitriansky,48.554552,18.073245,obec,agro,Poľnohospodársky podnik,Poľnohospodárstvo a chov,1
729,44377151,Pekáreň Bánov Oremus a syn s.r.o.,Štúrova 42,94101,267,Bánov,SK0234503045,Nové Zámky,Nitriansky,48.048624,18.191323,obec,pekaren,Pekáreň,Potravinárstvo a nápoje,1
730,44399294,"I.M. pekáreň, s. r. o.",Inovecká 1124/9,91101,27,Trenčín,SK0229505820,Trenčín,Trenčiansky,48.892358,18.039372,obec,pekaren,Pekáreň,Potravinárstvo a nápoje,1
731,44436475,Bratislavský Meštiansky Pivovar s. r. o.,Stará Vajnorská 37,83104,125,Bratislava,,Bratislava I,Bratislavský,48.153538,17.109671,obec,pivovar,Pivovar / minipivovar,Potravinárstvo a nápoje,1
732,44444761,Fakultná nemocnica AGEL Skalica a.s.,,,100,Skalica,SK0216504815,Skalica,Trnavský,48.770797,17.20201,okres,nemocnica,Nemocnica,Gastro a stravovacie zariadenia,1
733,44452519,"Nemocnica s poliklinikou Sv. Lukáša Galanta, a.s.",,,22,Galanta,SK0212503665,Galanta,Trnavský,48.191057,17.727778,obec,nemocnica,Nemocnica,Gastro a stravovacie zariadenia,1
734,44455356,"Nemocnica s poliklinikou Dunajská Streda, a.s.",,,21,Dunajská Streda,SK0211501433,Dunajská Streda,Trnavský,47.989309,17.620142,obec,nemocnica,Nemocnica,Gastro a stravovacie zariadenia,1
735,44503296,Vinárstvo Kutaj s. r. o.,Bratislavská 107/106,91106,27,Trenčín,SK0229505820,Trenčín,Trenčiansky,48.892358,18.039372,obec,vinarstvo,Vinárstvo,Potravinárstvo a nápoje,1
736,44559313,"Pekáreň Hôrka, s.r.o.",,05912,353,Hôrka,SK0416523488,Poprad,Prešovský,49.01777,20.379659,obec,pekaren,Pekáreň,Potravinárstvo a nápoje,1
737,44564350,"Komunálne služby a odpadové hospodárstvo Štúrovo, s.r.o.",Komenského 18,94301,157,Štúrovo,,Nové Zámky,Nitriansky,47.797831,18.71486,obec,odpadove_hospodarstvo,Odpadové hospodárstvo,Komunálny a gastro bioodpad,1
738,44565160,"Správa nehnuteľností a technické služby, s. r. o.",Dvory 1951,02001,110,Púchov,SK0228513610,Púchov,Trenčiansky,49.123992,18.324242,obec,technicke_sluzby,Technické služby mesta / obce,Komunálny a gastro bioodpad,1
739,44570783,"Univerzitná nemocnica - Nemocnica svätého Michala, a. s.",,,125,Bratislava,,Bratislava I,Bratislavský,48.153538,17.109671,obec,nemocnica,Nemocnica,Gastro a stravovacie zariadenia,1
740,44580193,Pavol Mašlonka Mäso - údeniny,,,354,Pozdišovce,SK0427522961,Michalovce,Košický,48.733333,21.85,obec,masovyroba,Mäsospracovanie,Potravinárstvo a nápoje,1
741,44581203,"REŠTAURÁCIA VF, spol. s r.o.",,,355,Lúč na Ostrove,SK0211501743,Dunajská Streda,Trnavský,47.9775,17.521693,obec,restauracia,Reštaurácia,Gastro a stravovacie zariadenia,1
742,44649045,"Lesnianska vodárenská spoločnosť, s.r.o.",Oravská Lesná 291,02957,356,Oravská Lesná,SK0317509906,Námestovo,Žilinský,49.372578,19.205632,obec,vodarenska,Vodárenská spoločnosť (ČOV),Komunálny a gastro bioodpad,1
743,44655525,Reštaurácia Rotoska s. r. o.,,,125,Bratislava,,Bratislava I,Bratislavský,48.153538,17.109671,obec,restauracia,Reštaurácia,Gastro a stravovacie zariadenia,1
744,44696868,Kochanovská agromliekareň s.r.o.,NA 218,06601,357,Kochanovce,SK0412520373,Bardejov,Prešovský,49.183333,21.383412,obec,mliekaren,Mliekáreň,Potravinárstvo a nápoje,1
745,44739753,"JEDÁLEŇ - M.O., s.r.o.",,,358,Spišské Bystré,SK0416523852,Poprad,Prešovský,48.991455,20.242744,obec,jedalen_zavodna,Závodná a verejná jedáleň,Gastro a stravovacie zariadenia,1
746,44744391,Pivovar HVEZDOŇ s.r.o.,Rovná ulica 10,93041,359,Hviezdoslavov,SK0211501638,Dunajská Streda,Trnavský,48.066938,17.348981,obec,pivovar,Pivovar / minipivovar,Potravinárstvo a nápoje,1
747,44785933,"Hotel Delfín, s. r. o.",,,360,Senec,SK0108508217,Senec,Bratislavský,48.219641,17.396776,obec,hotel,Hotel,Gastro a stravovacie zariadenia,1
748,44826681,"MENHERT Pekáreň, s. r. o.",,91304,64,Chocholná-Velčice,SK0229506087,Trenčín,Trenčiansky,48.866811,17.948123,obec,pekaren,Pekáreň,Potravinárstvo a nápoje,1
749,44877315,"Technické služby - Žiar nad Hronom, a.s.",SNP 131,96501,144,Žiar nad Hronom,SK032D516589,Žiar nad Hronom,Banskobystrický,48.590505,18.853646,obec,technicke_sluzby,Technické služby mesta / obce,Komunálny a gastro bioodpad,1
750,44927380,"Nemocnica s poliklinikou Štefana Kukuru Michalovce, a.s.",,,36,Michalovce,SK0427522279,Michalovce,Košický,48.75,21.933333,obec,nemocnica,Nemocnica,Gastro a stravovacie zariadenia,1
751,45024006,Súkromné gymnázium Kremnica,,,171,Kremnica,SK032D516970,Žiar nad Hronom,Banskobystrický,48.7,18.916667,obec,skola_stredna,Stredná škola,Gastro a stravovacie zariadenia,1
752,45300950,HYDINA SLOVENSKO s.r.o.,Lieskovská cesta 23/640,96221,361,Lieskovec,SK0412520446,Humenné,Prešovský,48.95,21.816667,obec,hydina,Hydinárska prevádzka,Poľnohospodárstvo a chov,1
753,45301191,KRTKO BIOPLYN k.s.,Rázusova 7,94901,23,Nitra,SK0233500011,Nitra,Nitriansky,48.31257,18.09061,obec,bioplynova_stanica,Bioplynová stanica,Komunálny a gastro bioodpad,1
754,45318611,František Tóth - LUNI JEDÁLEŇ,,,362,Lehnice,SK0211501735,Dunajská Streda,Trnavský,48.051598,17.457891,obec,jedalen_zavodna,Závodná a verejná jedáleň,Gastro a stravovacie zariadenia,1
755,45325464,VINÁRSTVO BK s. r. o.,Bratislavská 22,90045,250,Malinovo,SK0108508071,Senec,Bratislavský,48.154124,17.291732,obec,vinarstvo,Vinárstvo,Potravinárstvo a nápoje,1
756,45410992,Malé vinárstvo - Gočik s.r.o.,NA 264,07681,363,Čerhov,SK042B528251,Trebišov,Košický,48.466667,21.65,obec,vinarstvo,Vinárstvo,Potravinárstvo a nápoje,1
757,45422079,PK - AGRO DRUŽSTVO s.r.o.,Andreja Hlinku 1514/86,97271,364,Nováky,SK0227514268,Prievidza,Trenčiansky,48.714477,18.539765,obec,agro,Poľnohospodársky podnik,Poľnohospodárstvo a chov,1
758,45428565,BIOPLYN BIEROVCE s. r. o.,Palmová 248/20,85110,365,Bratislava - mestská časť Jarovce,SK0105529443,Bratislava I,Bratislavský,48.153538,17.109671,obec_zaklad,bioplynova_stanica,Bioplynová stanica,Komunálny a gastro bioodpad,1
759,45445176,Hotel Jantár Dudince s.r.o.,,,24,Nové Zámky,SK0234503011,Nové Zámky,Nitriansky,47.98334,18.166661,obec,hotel,Hotel,Gastro a stravovacie zariadenia,1
760,45496293,"Reštaurácia NA MLYNE, s.r.o.",,,280,Zeleneč,SK0217507776,Trnava,Trnavský,48.332228,17.594315,obec,restauracia,Reštaurácia,Gastro a stravovacie zariadenia,1
761,45504377,Farma Kameničany s. r. o.,,01854,366,Kameničany,SK0222557404,Ilava,Trenčiansky,48.992,18.171,obec,bioplynova_stanica,Bioplynová stanica,Komunálny a gastro bioodpad,1
762,45523797,Cintavý & Pisarčík Vinárstvo s.r.o.,Hlavná 168/275,90023,367,Viničné,SK0107508306,Pezinok,Bratislavský,48.269892,17.302281,obec,vinarstvo,Vinárstvo,Potravinárstvo a nápoje,1
763,45554846,"Patrónsky pivovar, s. r. o.",Betliarska 12,85107,125,Bratislava,,Bratislava I,Bratislavský,48.153538,17.109671,obec,pivovar,Pivovar / minipivovar,Potravinárstvo a nápoje,1
764,45579636,"Píla RÚFUS, s.r.o.",Banícka 900/11,04424,368,Poproč,SK0426521892,Košice - okolie,Košický,48.711448,20.976843,obec,pila,Píla a drevospracovanie,"Drevo, lesníctvo a ostatné",1
765,45594929,Nemocnica AGEL Zvolen a.s.,,,11,Zvolen,,Zvolen,Banskobystrický,48.576512,19.128476,obec,nemocnica,Nemocnica,Gastro a stravovacie zariadenia,1
766,45596824,Rybárova farma s.r.o.,Poznanova 35/935,94201,198,Šurany,,Nové Zámky,Nitriansky,48.086106,18.186834,obec,rybarstvo,Rybárstvo a akvakultúra,"Drevo, lesníctvo a ostatné",1
767,45623911,HOTEL SANUS s. r. o.,,,174,Bratislava - mestská časť Staré Mesto,SK0101528595,Bratislava I,Bratislavský,48.140553,17.112478,mestska_cast,hotel,Hotel,Gastro a stravovacie zariadenia,1
768,45652198,"Bioplyn Rozhanovce, s.r.o.",Slnečná 13,04442,369,Rozhanovce,SK0426521931,Košice - okolie,Košický,48.750798,21.344284,obec,bioplynova_stanica,Bioplynová stanica,Komunálny a gastro bioodpad,1
769,45689300,AB MÄSO s.r.o.,Platinová ulica 11526/29,94001,24,Nové Zámky,SK0234503011,Nové Zámky,Nitriansky,47.98334,18.166661,obec,masovyroba,Mäsospracovanie,Potravinárstvo a nápoje,1
770,45724776,"BITÚNOK VESTENICE, s.r.o.",Elektrárenská 1,83104,125,Bratislava,,Bratislava I,Bratislavský,48.153538,17.109671,obec,bitunok,Bitúnok,Potravinárstvo a nápoje,1
771,45736774,"Centrum sociálnych služieb – Riviéra, n. o.",,,370,Udiča,SK0226513741,Považská Bystrica,Trenčiansky,49.167563,18.40107,obec,socialne_zariadenie,Zariadenie sociálnych služieb,Gastro a stravovacie zariadenia,1
772,45737967,Nemocnica s poliklinikou n.o. Kráľovský Chlmec,,,211,Kráľovský Chlmec,SK042B528447,Trebišov,Košický,48.416667,21.983333,obec,nemocnica,Nemocnica,Gastro a stravovacie zariadenia,1
773,45738319,Zariadenie pre seniorov Komfort n.o.,,,26,Topoľčany,SK0236504998,Topoľčany,Nitriansky,48.559116,18.176052,obec,socialne_zariadenie,Zariadenie sociálnych služieb,Gastro a stravovacie zariadenia,1
774,45740020,"Nemocnica s poliklinikou Trebišov, n.o.",,,274,Trebišov,SK042B528099,Trebišov,Košický,48.628622,21.720171,obec,nemocnica,Nemocnica,Gastro a stravovacie zariadenia,1
775,45740071,Centrum sociálnych služieb - MARGARÉTA n.o.,,,371,Bajč,SK0231501034,Komárno,Nitriansky,47.923548,18.20814,obec,socialne_zariadenie,Zariadenie sociálnych služieb,Gastro a stravovacie zariadenia,1
776,45741638,"Špecializované centrum sociálnych služieb Stropkov, n.o.",,,372,Stropkov,SK041B527840,Stropkov,Prešovský,49.202387,21.651153,obec,socialne_zariadenie,Zariadenie sociálnych služieb,Gastro a stravovacie zariadenia,1
777,45743118,"Centrum sociálnych služieb Spišský Štvrtok, n.o.",,,373,Spišský Štvrtok,SK0414543624,Levoča,Prešovský,49.0,20.466667,obec,socialne_zariadenie,Zariadenie sociálnych služieb,Gastro a stravovacie zariadenia,1
778,45744114,"Lekno - Centrum sociálnych služieb, n.o.",,,374,Zlatá Baňa,SK0417525472,Prešov,Prešovský,48.95,21.433333,obec,socialne_zariadenie,Zariadenie sociálnych služieb,Gastro a stravovacie zariadenia,1
779,45744211,"Centrum SENIOR, n. o.",,,28,Trnava,SK0217506745,Trnava,Trnavský,48.37729,17.586718,obec,socialne_zariadenie,Zariadenie sociálnych služieb,Gastro a stravovacie zariadenia,1
780,45747458,"Rozmarín, n.o.",,,375,Moča,SK0231501255,Komárno,Nitriansky,47.760018,18.405095,obec,socialne_zariadenie,Zariadenie sociálnych služieb,Gastro a stravovacie zariadenia,1
781,45791775,Centrum sociálnych služieb Balog Mikuláš Č.N.T.,,,376,Čierna nad Tisou,SK042B528293,Trebišov,Košický,48.433335,22.100003,obec,socialne_zariadenie,Zariadenie sociálnych služieb,Gastro a stravovacie zariadenia,1
782,45848777,"ALEXANDRA ŠPORT HOTEL, s. r. o.",,,110,Púchov,SK0228513610,Púchov,Trenčiansky,49.123992,18.324242,obec,hotel,Hotel,Gastro a stravovacie zariadenia,1
783,45854891,"Slobodné vinárstvo, s.r.o.",Hlavná 56,92554,377,Zemianske Sady,SK0212504181,Galanta,Trnavský,48.164293,17.710276,okres,vinarstvo,Vinárstvo,Potravinárstvo a nápoje,1
784,45858161,Hotel Piešťany s.r.o.,,,378,Nemčice,SK0236581305,Topoľčany,Nitriansky,48.552617,18.124239,obec,hotel,Hotel,Gastro a stravovacie zariadenia,1
785,45881278,"AGRO - MEDVECKÉ, s.r.o.",Medvecké 61,93541,379,Plavé Vozokany,SK0232502651,Levice,Nitriansky,48.072466,18.467408,obec,agro,Poľnohospodársky podnik,Poľnohospodárstvo a chov,1
786,45896453,Kasnyik rodinné vinárstvo s.r.o.,Jarmočné námestie 1117,94137,91,Strekov,SK0234503550,Nové Zámky,Nitriansky,47.9,18.416667,obec,vinarstvo,Vinárstvo,Potravinárstvo a nápoje,1
787,45904243,Reštaurácia SLOVAKIA s.r.o.,,,35,Humenné,SK0412520004,Humenné,Prešovský,48.934603,21.90314,obec,restauracia,Reštaurácia,Gastro a stravovacie zariadenia,1
788,45906688,SESSEL FARMA s. r. o.,Hurbanova 1,91501,5,Nové Mesto nad Váhom,SK0224506338,Nové Mesto nad Váhom,Trenčiansky,48.763325,17.830386,obec,farma,Živočíšna farma,Poľnohospodárstvo a chov,1
789,45940151,"Reštaurácia DAMI, s. r. o.",,,234,Piešťany,SK0214507440,Piešťany,Trnavský,48.589897,17.821604,obec,restauracia,Reštaurácia,Gastro a stravovacie zariadenia,1
790,45941700,I. Bioplynová elektráreň s.r.o.,,93585,380,Demandice,SK0232502154,Levice,Nitriansky,48.12704,18.782,obec,bioplynova_stanica,Bioplynová stanica,Komunálny a gastro bioodpad,1
791,45955182,Jedáleň s.r.o.,,,381,Malý Krtíš,SK032A558192,Veľký Krtíš,Banskobystrický,48.189639,19.35296,obec,jedalen_zavodna,Závodná a verejná jedáleň,Gastro a stravovacie zariadenia,1
792,45981353,Ing. Július Beke - MÄSO-ÚDENINY,,,80,Komárno,SK0231501026,Komárno,Nitriansky,47.757388,18.129917,obec,masovyroba,Mäsospracovanie,Potravinárstvo a nápoje,1
793,45992240,"Stará Pekáreň, s.r.o.",Rázusova 2,94901,23,Nitra,SK0233500011,Nitra,Nitriansky,48.31257,18.09061,obec,pekaren,Pekáreň,Potravinárstvo a nápoje,1
794,45999848,"Svidnícka nemocnica s poliklinikou Dr. Jozefa Žáka, s.r.o.",,,129,Svidník,SK041C527106,Svidník,Prešovský,49.308408,21.573643,obec,nemocnica,Nemocnica,Gastro a stravovacie zariadenia,1
795,46035851,"A.I.FARMA, s.r.o.",Horný Jatov 1161,92571,382,Trnovec nad Váhom,SK0235504092,Šaľa,Nitriansky,48.151216,17.926194,obec,farma,Živočíšna farma,Poľnohospodárstvo a chov,1
796,46132651,"Bioplynová Elektráreň Bacúch, s. r. o.",Hlavná 279,97665,383,Bacúch,SK0323508446,Brezno,Banskobystrický,48.861528,19.814002,obec,bioplynova_stanica,Bioplynová stanica,Komunálny a gastro bioodpad,1
797,46163409,"AGROPARTNER, s.r.o.",Detva 3179,96212,232,Detva,SK0324518263,Detva,Banskobystrický,48.544384,19.411609,obec,bioplynova_stanica,Bioplynová stanica,Komunálny a gastro bioodpad,1
798,46169776,"Bioplyn Naháč, s.r.o.",,91904,384,Lošonec,SK0217556688,Trnava,Trnavský,48.483333,17.4,obec,bioplynova_stanica,Bioplynová stanica,Komunálny a gastro bioodpad,1
799,46177175,"Svijany Slovakia, s.r.o.",Nádražná 84B,92041,245,Leopoldov,SK0213507253,Hlohovec,Trnavský,48.444113,17.765415,obec,pivovar,Pivovar / minipivovar,Potravinárstvo a nápoje,1
800,46193154,EKOTES s.r.o.,Kvakovce 112,09402,269,Kvakovce,SK041D528820,Vranov nad Topľou,Prešovský,48.983333,21.683333,obec,odpadove_hospodarstvo,Odpadové hospodárstvo,Komunálny a gastro bioodpad,1
801,46205799,"Píla Terany, s.r.o.",NA 239,96268,385,Terany,SK0325518867,Krupina,Banskobystrický,48.183939,18.89834,obec,pila,Píla a drevospracovanie,"Drevo, lesníctvo a ostatné",1
802,46210164,"SJ - MÄSOPRODUKT, s. r. o.",Karola Krčméryho 499/29,03401,10,Ružomberok,SK0318510998,Ružomberok,Žilinský,49.08187,19.302965,obec,masovyroba,Mäsospracovanie,Potravinárstvo a nápoje,1
803,46251308,"Erika Kubicová reštaurácia Magura, s.r.o.",,,386,Oravská Jasenica,SK0317509892,Námestovo,Žilinský,49.390418,19.435844,obec,restauracia,Reštaurácia,Gastro a stravovacie zariadenia,1
804,46302905,"Mäsovýroba Madunice, s. r. o.",Kubranská 236A/1714,91101,27,Trenčín,SK0229505820,Trenčín,Trenčiansky,48.892358,18.039372,obec,masovyroba,Mäsospracovanie,Potravinárstvo a nápoje,1
805,46356487,Somorja Distillery Samaria Ovocný Liehovar s.r.o.,Bratislavská cesta 39,93101,387,Šamorín,SK0211501905,Dunajská Streda,Trnavský,48.027583,17.311571,obec,liehovar,Liehovar a pálenica,Potravinárstvo a nápoje,1
806,46363505,Bioplyn Nižný Hrabovec s. r. o.,Votrubova 28,82109,125,Bratislava,,Bratislava I,Bratislavský,48.153538,17.109671,obec,bioplynova_stanica,Bioplynová stanica,Komunálny a gastro bioodpad,1
807,46370161,"DANIELA SYRY, s.r.o.",Stankovany 495,03492,388,Stankovany,SK0318511030,Ružomberok,Žilinský,49.15,19.183333,obec,syraren,Syráreň a bryndziareň,Potravinárstvo a nápoje,1
808,46415955,Albiofarma s. r. o.,NA 188,97202,389,Opatovce nad Nitrou,SK0227514284,Prievidza,Trenčiansky,48.765376,18.570538,obec,farma,Živočíšna farma,Poľnohospodárstvo a chov,1
809,46416251,"REŠTAURÁCIA TURBÍNA, s. r. o.",,,390,Zemianske Kostoľany,SK0227514454,Prievidza,Trenčiansky,48.683233,18.526082,obec,restauracia,Reštaurácia,Gastro a stravovacie zariadenia,1
810,46438190,Výroba syrov s.r.o.,Kráľovská 5,90901,100,Skalica,SK0216504815,Skalica,Trnavský,48.770797,17.20201,okres,syraren,Syráreň a bryndziareň,Potravinárstvo a nápoje,1
811,46440691,"Pekáreň CEREA, s.r.o.",Rozkvet 2085/180,01701,112,Považská Bystrica,SK0226512842,Považská Bystrica,Trenčiansky,49.114507,18.447319,obec,pekaren,Pekáreň,Potravinárstvo a nápoje,1
812,46454489,"Diamantová Pekáreň, s. r. o.",Jesenského 37/13,94301,157,Štúrovo,SK0234503584,Nové Zámky,Nitriansky,47.797831,18.71486,obec,pekaren,Pekáreň,Potravinárstvo a nápoje,1
813,46463259,Marián Skukálek Reštaurácia GÓL,,,391,Predmier,SK0311517895,Bytča,Žilinský,49.2,18.533333,obec,restauracia,Reštaurácia,Gastro a stravovacie zariadenia,1
814,46475419,"Syráreň Havran, a.s.",Priemyselná 1339,90527,25,Senica,SK0215504203,Senica,Trnavský,48.679121,17.364383,obec,syraren,Syráreň a bryndziareň,Potravinárstvo a nápoje,1
815,46497013,"MG AGRO, s. r. o.",Banícka 13/27,97242,392,Lehota pod Vtáčnikom,SK0227514136,Prievidza,Trenčiansky,48.695466,18.600392,obec,agro,Poľnohospodársky podnik,Poľnohospodárstvo a chov,1
816,46530797,"FARMA Ekovoktrans, s.r.o.",NA 56,93533,325,Nový Tekov,SK0232502596,Levice,Nitriansky,48.244126,18.517993,obec,farma,Živočíšna farma,Poľnohospodárstvo a chov,1
817,46538968,Agro-hydina Godány s.r.o.,NA 45,92542,393,Trstice,SK0212504106,Galanta,Trnavský,48.015847,17.804559,obec,hydina,Hydinárska prevádzka,Poľnohospodárstvo a chov,1
818,46554670,AGRO BEDNÁR s.r.o.,NA 234,02061,394,Dolná Breznica,SK0228512958,Púchov,Trenčiansky,49.080275,18.261852,obec,agro,Poľnohospodársky podnik,Poľnohospodárstvo a chov,1
819,46557181,AGROTISA - BIOPLYNOVÁ STANICA s.r.o.,Boľská cesta 1/2226,07701,211,Kráľovský Chlmec,SK042B528447,Trebišov,Košický,48.416667,21.983333,obec,bioplynova_stanica,Bioplynová stanica,Komunálny a gastro bioodpad,1
820,46566325,PÍLA Tekovské Lužany s.r.o.,NA 1125-1127,93541,395,Tekovské Lužany,SK0232502821,Levice,Nitriansky,48.097445,18.544241,obec,pila,Píla a drevospracovanie,"Drevo, lesníctvo a ostatné",1
821,46597123,Slovenská zelenina s.r.o.,Vimperská 938/6,96212,232,Detva,SK0324518263,Detva,Banskobystrický,48.544384,19.411609,obec,zeleninarstvo,Zeleninárstvo,Poľnohospodárstvo a chov,1
822,46630392,I.M.D.K. pekáreň TN s. r. o.,Brnianska 2323,91105,27,Trenčín,SK0229505820,Trenčín,Trenčiansky,48.892358,18.039372,obec,pekaren,Pekáreň,Potravinárstvo a nápoje,1
823,46631160,Ryby Turiec s.r.o.,Ulica na Bystričku 14,03601,119,Martin,SK0316512036,Martin,Žilinský,49.07226,18.929174,obec,rybarstvo,Rybárstvo a akvakultúra,"Drevo, lesníctvo a ostatné",1
824,46635947,FARMA BORISKO s. r. o.,NA 721,95196,396,Jedľové Kostoľany,SK0237500364,Zlaté Moravce,Nitriansky,48.466667,18.5,obec,farma,Živočíšna farma,Poľnohospodárstvo a chov,1
825,46690531,AGRO FARMA PIKOVÁ s.r.o.,Farma Piková 2102,94111,397,Palárikovo,SK0234503452,Nové Zámky,Nitriansky,48.04401,18.069378,obec,agro,Poľnohospodársky podnik,Poľnohospodárstvo a chov,1
826,46691529,Pekárnička Family s. r. o.,Športová 1435/110,05971,398,Ľubica,SK0413523682,Kežmarok,Prešovský,49.11926,20.446757,obec,pekaren,Pekáreň,Potravinárstvo a nápoje,1
827,46705155,"Pekáreň Monika, s.r.o.",Rudina 13,02331,399,Rudina,SK0314509426,Kysucké Nové Mesto,Žilinský,49.283333,18.75,obec,pekaren,Pekáreň,Potravinárstvo a nápoje,1
828,46751963,PEKÁREŇ STRÁŽSKE s.r.o.,Herľanská 547,09303,16,Vranov nad Topľou,SK041D544051,Vranov nad Topľou,Prešovský,48.890524,21.680564,obec,pekaren,Pekáreň,Potravinárstvo a nápoje,1
829,46759107,"PÍLA VARGA, s.r.o.",Levická cesta 4,93521,400,Tlmače,SK0232502863,Levice,Nitriansky,48.292155,18.543288,obec,pila,Píla a drevospracovanie,"Drevo, lesníctvo a ostatné",1
830,46768351,"Technické služby Zohor, spol. s r.o.",Námestie 1. mája 1,90051,233,Zohor,SK0106508381,Malacky,Bratislavský,48.317496,16.982457,obec,technicke_sluzby,Technické služby mesta / obce,Komunálny a gastro bioodpad,1
831,46816461,"AGRO STEEL, s.r.o.",NA 583,94612,155,Zlatná na Ostrove,SK0231501425,Komárno,Nitriansky,47.767557,17.976459,obec,agro,Poľnohospodársky podnik,Poľnohospodárstvo a chov,1
832,46843591,"Nord farm agro, s.r.o.",Nám. Š. M. Daxnera 413/1A,97901,279,Rimavská Sobota,SK0329514462,Rimavská Sobota,Banskobystrický,48.383832,20.016302,obec,agro,Poľnohospodársky podnik,Poľnohospodárstvo a chov,1
833,46857508,"GRAND - HOTEL Trenčín, s.r.o.",,,27,Trenčín,SK0229505820,Trenčín,Trenčiansky,48.892358,18.039372,obec,hotel,Hotel,Gastro a stravovacie zariadenia,1
834,46858873,TOM FARMA s.r.o.,Nálepkova 2411/3,94701,79,Hurbanovo,SK0231501140,Komárno,Nitriansky,47.869084,18.189095,obec,farma,Živočíšna farma,Poľnohospodárstvo a chov,1
835,46866663,"PAVOS Vodárenská spoločnosť, s.r.o.",Veľkomoravská 2416/16,90101,221,Malacky,SK0106508063,Malacky,Bratislavský,48.43475,17.020348,obec,vodarenska,Vodárenská spoločnosť (ČOV),Komunálny a gastro bioodpad,1
836,46883631,"Mlyn Kolárovo, a. s.",Železničný rad 11,94603,195,Kolárovo,SK0231501204,Komárno,Nitriansky,47.91593,17.99042,obec,mlyn,Mlyn,Potravinárstvo a nápoje,1
837,46895043,"FARMA ISKROŠ, s. r. o.",NA 30,95655,401,Otrhánky,SK0221556289,Bánovce nad Bebravou,Trenčiansky,48.693814,18.206999,obec,farma,Živočíšna farma,Poľnohospodárstvo a chov,1
838,46897399,BIOPLYN BIEROVCE 2 s. r. o.,Palmová 248/20,85110,365,Bratislava - mestská časť Jarovce,SK0105529443,Bratislava I,Bratislavský,48.153538,17.109671,obec_zaklad,bioplynova_stanica,Bioplynová stanica,Komunálny a gastro bioodpad,1
839,46908200,Hotel Alexanders s.r.o.,,,23,Nitra,SK0233500011,Nitra,Nitriansky,48.31257,18.09061,obec,hotel,Hotel,Gastro a stravovacie zariadenia,1
840,46911588,SeAd mäso s.r.o.,Trenčianska cesta 1B/1924,95701,133,Bánovce nad Bebravou,SK0221542652,Bánovce nad Bebravou,Trenčiansky,48.721667,18.259826,obec,masovyroba,Mäsospracovanie,Potravinárstvo a nápoje,1
841,46937137,OVOCNÁ ZÁHRADA s.r.o.,NA 147,08301,402,Červená Voda,SK0418524280,Sabinov,Prešovský,49.146,21.088,obec,ovocne_sady,Ovocné sady a spracovanie ovocia,Poľnohospodárstvo a chov,1
842,46941037,"Trstenské technické služby - T T S, s.r.o.",J. Hertela 323,02801,228,Trstená,SK031A510106,Tvrdošín,Žilinský,49.363892,19.615641,obec,technicke_sluzby,Technické služby mesta / obce,Komunálny a gastro bioodpad,1
843,46956921,KAČABÁR reštaurácia s. r. o.,,,5,Nové Mesto nad Váhom,SK0224506338,Nové Mesto nad Váhom,Trenčiansky,48.763325,17.830386,obec,restauracia,Reštaurácia,Gastro a stravovacie zariadenia,1
844,46965696,PEKÁREŇ ILaS - 8 s.r.o.,Prof. Hlaváča 1885/9,07101,36,Michalovce,SK0427522279,Michalovce,Košický,48.75,21.933333,obec,pekaren,Pekáreň,Potravinárstvo a nápoje,1
845,46985701,VINÁRSTVO KOPEČEK s.r.o.,Predmestie 1511/56,90901,100,Skalica,SK0216504815,Skalica,Trnavský,48.770797,17.20201,okres,vinarstvo,Vinárstvo,Potravinárstvo a nápoje,1
846,47002859,Farma Titváň s. r. o.,Jarmočná 2265/3A,92701,88,Šaľa,SK0235504025,Šaľa,Nitriansky,48.150995,17.876502,obec,farma,Živočíšna farma,Poľnohospodárstvo a chov,1
847,47005050,Barczi - zelenina s.r.o.,Dunajská 763/55,93011,403,Topoľníky,SK0211501921,Dunajská Streda,Trnavský,47.966677,17.783323,obec,zeleninarstvo,Zeleninárstvo,Poľnohospodárstvo a chov,1
848,47035404,RyboCHov s. r. o.,Kľače 7,01319,404,Kľače,SK031B557994,Žilina,Žilinský,49.106091,18.647759,obec,rybarstvo,Rybárstvo a akvakultúra,"Drevo, lesníctvo a ostatné",1
849,47049774,AK-FARMA s.r.o.,Hlavná 202,95631,405,Krušovce,SK0236556149,Topoľčany,Nitriansky,48.587898,18.201915,obec,farma,Živočíšna farma,Poľnohospodárstvo a chov,1
850,47062321,"Ekopíla Bytča, s.r.o.",NA 178,01401,406,Hlboké nad Váhom,SK0311581984,Bytča,Žilinský,49.21356,18.589554,obec,pila,Píla a drevospracovanie,"Drevo, lesníctvo a ostatné",1
851,47154497,Eko – Bio Budča s.r.o.,Klinovisko 716,96233,318,Budča,SK032B518204,Zvolen,Banskobystrický,48.5743,19.065196,obec,bioplynova_stanica,Bioplynová stanica,Komunálny a gastro bioodpad,1
852,47156384,"JMV Mäso-Údeniny, s. r. o.",Rozkvet 2042/80,01701,112,Považská Bystrica,SK0226512842,Považská Bystrica,Trenčiansky,49.114507,18.447319,obec,masovyroba,Mäsospracovanie,Potravinárstvo a nápoje,1
853,47164468,PDT - poľná zelenina s.r.o.,Széchenyiho 10,94110,43,Tvrdošovce,SK0234503614,Nové Zámky,Nitriansky,48.095688,18.061308,obec,zeleninarstvo,Zeleninárstvo,Poľnohospodárstvo a chov,1
854,47191112,"Sladovňa Košice, s.r.o.",Štúrova 33,04001,106,Košice,,Košice I,Košický,48.717227,21.249677,obec,sladovna,Sladovňa,Potravinárstvo a nápoje,1
855,47211466,Hydinová farma Pačanský s.r.o.,Lazovná 1487/56,97401,209,Banská Bystrica,SK0321508438,Banská Bystrica,Banskobystrický,48.738539,19.156869,obec,hydina,Hydinárska prevádzka,Poľnohospodárstvo a chov,1
856,47236736,"Nemocnica Topoľčany, a. s.",,,26,Topoľčany,SK0236504998,Topoľčany,Nitriansky,48.559116,18.176052,obec,nemocnica,Nemocnica,Gastro a stravovacie zariadenia,1
857,47249021,"Vranovská nemocnica, a.s.",,,16,Vranov nad Topľou,SK041D544051,Vranov nad Topľou,Prešovský,48.890524,21.680564,obec,nemocnica,Nemocnica,Gastro a stravovacie zariadenia,1
858,47249048,"Nemocnica A. Leňa Humenné, a.s.",,,35,Humenné,SK0412520004,Humenné,Prešovský,48.934603,21.90314,obec,nemocnica,Nemocnica,Gastro a stravovacie zariadenia,1
859,47249099,"Nemocnica arm. generála L. Svobodu Svidník, a.s.",,,129,Svidník,SK041C527106,Svidník,Prešovský,49.308408,21.573643,obec,nemocnica,Nemocnica,Gastro a stravovacie zariadenia,1
860,47332638,"Mestské lesy Bardejov, s. r. o.",Orechová 2884/8,08501,126,Bardejov,SK0411519006,Bardejov,Prešovský,49.292999,21.27554,obec,mestske_lesy,Mestské lesy,"Drevo, lesníctvo a ostatné",1
861,47345411,Píla Praznov s.r.o.,Praznov 37,01701,112,Považská Bystrica,SK0226512842,Považská Bystrica,Trenčiansky,49.114507,18.447319,obec,pila,Píla a drevospracovanie,"Drevo, lesníctvo a ostatné",1
862,47352647,"Píla Petro, s.r.o.",Liptovský Peter 413,03301,276,Liptovský Peter,SK0315580287,Liptovský Mikuláš,Žilinský,49.053383,19.735175,obec,pila,Píla a drevospracovanie,"Drevo, lesníctvo a ostatné",1
863,47365773,Súkromná stredná odborná škola s.r.o.,,,407,Oravský Podzámok,SK0313509957,Dolný Kubín,Žilinský,49.261134,19.357114,obec,skola_stredna,Stredná škola,Gastro a stravovacie zariadenia,1
864,47367431,"Vinárstvo KORBAŠ, spol. s r.o.",Obilná 42,90027,408,Bernolákovo,SK0108507814,Senec,Bratislavský,48.199027,17.300361,obec,vinarstvo,Vinárstvo,Potravinárstvo a nápoje,1
865,47371340,Bitúnok Dechtice s.r.o.,Dechtice 625,91953,248,Dechtice,SK0217506893,Trnava,Trnavský,48.548052,17.595636,obec,bitunok,Bitúnok,Potravinárstvo a nápoje,1
866,47417153,PEKÁRSKA A CUKRÁRSKA VÝROBA s. r. o.,Břeclavská 2953,90101,221,Malacky,SK0106508063,Malacky,Bratislavský,48.43475,17.020348,obec,pekaren,Pekáreň,Potravinárstvo a nápoje,1
867,47434058,"Hrochotský mlyn, spol. s r.o.",Hrochoť 617,97637,409,Hrochoť,SK0321508659,Banská Bystrica,Banskobystrický,48.655259,19.312134,obec,mlyn,Mlyn,Potravinárstvo a nápoje,1
868,47449152,Reštaurácia 6/4 s. r. o.,,,8,Banská Štiavnica,SK0322516643,Banská Štiavnica,Banskobystrický,48.458093,18.89828,obec,restauracia,Reštaurácia,Gastro a stravovacie zariadenia,1
869,47455616,AgroSzász s.r.o.,NA 620,94634,410,Bátorove Kosihy,SK0231501395,Komárno,Nitriansky,47.833333,18.416667,obec,agro,Poľnohospodársky podnik,Poľnohospodárstvo a chov,1
870,47484004,I.M.D.K. pekáreň a predajne s. r. o.,Inovecská 9,91101,27,Trenčín,SK0229505820,Trenčín,Trenčiansky,48.892358,18.039372,obec,pekaren,Pekáreň,Potravinárstvo a nápoje,1
871,47502908,"Pekáreň PODHORIE, s. r. o.",Krásna Ves 96,95653,411,Krásna Ves,SK0221543080,Bánovce nad Bebravou,Trenčiansky,48.835786,18.230924,obec,pekaren,Pekáreň,Potravinárstvo a nápoje,1
872,47511940,"InterSporthotel, spol. s r.o.",,,86,Stupava,SK0106508233,Malacky,Bratislavský,48.273132,17.032746,obec,hotel,Hotel,Gastro a stravovacie zariadenia,1
873,47517492,Malina - Jedáleň s.r.o.,,,412,Rapovce,SK0326511803,Lučenec,Banskobystrický,48.273689,19.680832,obec,jedalen_zavodna,Závodná a verejná jedáleň,Gastro a stravovacie zariadenia,1
874,47531061,"Olej Hont, s.r.o.",Súdovce 44,96271,413,Súdovce,SK0325518841,Krupina,Banskobystrický,48.216667,18.833333,obec,olejnin,Spracovanie olejnín,Potravinárstvo a nápoje,1
875,47548584,"Necpalská mliekáreň, s. r. o.",NA 226,03812,414,Necpaly,SK0316512478,Martin,Žilinský,48.983333,18.983333,obec,mliekaren,Mliekáreň,Potravinárstvo a nápoje,1
876,47551275,"PREŠOVSKÝ PIVOVAR, s.r.o.",,08253,330,Petrovany,SK0417525014,Prešov,Prešovský,48.91662,21.261603,obec,pivovar,Pivovar / minipivovar,Potravinárstvo a nápoje,1
877,47560720,Reštaurácia Očová s.r.o.,,,415,Očová,SK032B518662,Zvolen,Banskobystrický,48.599127,19.286756,obec,restauracia,Reštaurácia,Gastro a stravovacie zariadenia,1
878,47570822,"Mäso Melek, s.r.o.",,95201,416,Melek,SK0233500569,Nitra,Nitriansky,48.2,18.333333,obec,masovyroba,Mäsospracovanie,Potravinárstvo a nápoje,1
879,47597291,"Pekáreň u St. Klaus, s.r.o.",Námestie 6. marca 272,97645,333,Hronec,SK0323508667,Brezno,Banskobystrický,48.80232,19.575561,obec,pekaren,Pekáreň,Potravinárstvo a nápoje,1
880,47600578,PÍLA Jaklovce s. r. o.,Poľná 318,05561,275,Jaklovce,SK0421543187,Gelnica,Košický,48.873225,20.995106,obec,pila,Píla a drevospracovanie,"Drevo, lesníctvo a ostatné",1
881,47613131,"Reštaurácia Svätý Hubert, s. r. o.",,,112,Považská Bystrica,SK0226512842,Považská Bystrica,Trenčiansky,49.114507,18.447319,obec,restauracia,Reštaurácia,Gastro a stravovacie zariadenia,1
882,47615591,Rybárová AGROFARMA s.r.o.,"Kostolný Sek, Poznanova 935/35",94201,198,Šurany,SK0234503592,Nové Zámky,Nitriansky,48.086106,18.186834,obec,farma,Živočíšna farma,Poľnohospodárstvo a chov,1
883,47655364,Pekáreň Dóža s.r.o.,,94122,44,Zemné,SK0234503649,Nové Zámky,Nitriansky,47.987724,17.994901,obec,pekaren,Pekáreň,Potravinárstvo a nápoje,1
884,47655950,Agrofarma CM s.r.o.,NA 266,02062,417,Horovce,SK0228513121,Michalovce,Košický,48.704265,21.768522,obec,farma,Živočíšna farma,Poľnohospodárstvo a chov,1
885,47668725,"Reštaurácia ELSA, s.r.o.",,,23,Nitra,SK0233500011,Nitra,Nitriansky,48.31257,18.09061,obec,restauracia,Reštaurácia,Gastro a stravovacie zariadenia,1
886,47683023,"Výskumná a šľachtiteľská stanica vinohradnícka a vinárska, s. r. o.",Dolná 120,90001,17,Modra,SK0107508101,Pezinok,Bratislavský,48.336443,17.308037,obec,vinarstvo,Vinárstvo,Potravinárstvo a nápoje,1
887,47687835,"Drevársky závod - píla Senec, s.r.o.",Boldocká cesta 2560,90301,360,Senec,SK0108508217,Senec,Bratislavský,48.219641,17.396776,obec,pila,Píla a drevospracovanie,"Drevo, lesníctvo a ostatné",1
888,47696362,Donovalský pivovar a. s.,,97639,418,Donovaly,SK0321508560,Banská Bystrica,Banskobystrický,48.879036,19.223947,obec,pivovar,Pivovar / minipivovar,Potravinárstvo a nápoje,1
889,47719648,Agrofarma Iliavka s.r.o.,Iliavka 3028,01901,239,Ilava,SK0222513156,Ilava,Trenčiansky,49.0,18.233333,obec,farma,Živočíšna farma,Poľnohospodárstvo a chov,1
890,47726709,Hydina Furajtár s.r.o.,Samota 517,05501,419,Margecany,SK0421543322,Gelnica,Košický,48.893544,21.012272,obec,hydina,Hydinárska prevádzka,Poľnohospodárstvo a chov,1
891,47735830,Mäso údeniny Lintner s.r.o.,,,192,Dunajská Lužná,SK0108545333,Senec,Bratislavský,48.082194,17.263614,obec,masovyroba,Mäsospracovanie,Potravinárstvo a nápoje,1
892,47743522,Pivovar IKKONA s.r.o.,Košická 1042/16,04801,15,Rožňava,SK0428525529,Rožňava,Košický,48.654392,20.531184,obec,pivovar,Pivovar / minipivovar,Potravinárstvo a nápoje,1
893,47879408,Farma Horný Lieskov s.r.o.,NA 18,01816,420,Domaniža,SK0226513008,Považská Bystrica,Trenčiansky,49.043114,18.551924,obec,farma,Živočíšna farma,Poľnohospodárstvo a chov,1
894,47916672,CUKROVINKY s.r.o.,Polom 1208,02901,9,Námestovo,SK0317509868,Námestovo,Žilinský,49.409512,19.480783,obec,cukrovinky,Výroba cukroviniek,Potravinárstvo a nápoje,1
895,47926392,PEKÁREŇ ILaS - 37 s.r.o.,Námestie osloboditeľov 951,07101,36,Michalovce,SK0427522279,Michalovce,Košický,48.75,21.933333,obec,pekaren,Pekáreň,Potravinárstvo a nápoje,1
896,47969300,"Matica ovocná, s.r.o.",Dolná Súča 250,91332,421,Dolná Súča,SK0229505943,Trenčín,Trenčiansky,48.95799,18.033094,obec,ovocne_sady,Ovocné sady a spracovanie ovocia,Poľnohospodárstvo a chov,1
897,47989289,"AGRODAN, s.r.o.",Okružná 117,97241,422,Koš,SK0227514110,Prievidza,Trenčiansky,48.73968,18.586242,obec,agro,Poľnohospodársky podnik,Poľnohospodárstvo a chov,1
898,48002445,"FARMA AGROBEL, spol. s r.o.",Novozámocká 295,95112,283,Ivanka pri Nitre,SK0233558320,Nitra,Nitriansky,48.233333,18.116667,obec,farma,Živočíšna farma,Poľnohospodárstvo a chov,1
899,48046621,"FARMA ĽUBÁ, s.r.o.",Ľubá 67,94353,423,Ľubá,SK0234503339,Nové Zámky,Nitriansky,47.849877,18.596253,obec,farma,Živočíšna farma,Poľnohospodárstvo a chov,1
900,48067687,Alžbeta Nalevanková MÄSO-ÚDENINY,,,419,Margecany,SK0421543322,Gelnica,Košický,48.893544,21.012272,obec,masovyroba,Mäsospracovanie,Potravinárstvo a nápoje,1
901,48080080,"Vinárstvo Izsák, s.r.o.",NA 741,94137,91,Strekov,SK0234503550,Nové Zámky,Nitriansky,47.9,18.416667,obec,vinarstvo,Vinárstvo,Potravinárstvo a nápoje,1
902,48103039,SLOVENSKÁ HYDINA s. r. o.,Lieskovská cesta 640/23,96221,361,Lieskovec,SK0412520446,Humenné,Prešovský,48.95,21.816667,obec,hydina,Hydinárska prevádzka,Poľnohospodárstvo a chov,1
903,48115134,"Technické služby Bzenov, s.r.o.",Bzenov 38,08242,424,Bzenov,SK0417524263,Prešov,Prešovský,48.95,21.166667,obec,technicke_sluzby,Technické služby mesta / obce,Komunálny a gastro bioodpad,1
904,48132489,"Farma Podskalie, s.r.o.",SNP 1454/69,01701,112,Považská Bystrica,SK0226512842,Považská Bystrica,Trenčiansky,49.114507,18.447319,obec,farma,Živočíšna farma,Poľnohospodárstvo a chov,1
905,48135429,Agrofarma - plus s.r.o.,Gyňovská 939/15,04414,425,Čaňa,SK0426521299,Košice - okolie,Košický,48.60973,21.325644,obec,farma,Živočíšna farma,Poľnohospodárstvo a chov,1
906,48152633,Vinárstvo UHNÁK s.r.o.,Hlavná 261/27A,93523,426,Rybník,SK0232502707,Revúca,Banskobystrický,48.550407,20.133912,obec,vinarstvo,Vinárstvo,Potravinárstvo a nápoje,1
907,48153745,VINÁRSTVO HABSBURG a.s.,Palárikova 1732/3,90851,160,Holíč,SK0216504378,Skalica,Trnavský,48.8,17.166667,obec,vinarstvo,Vinárstvo,Potravinárstvo a nápoje,1
908,48174548,HOTEL LIPA BOJNICE s.r.o.,,,176,Bojnice,SK0227513903,Prievidza,Trenčiansky,48.78,18.581862,obec,hotel,Hotel,Gastro a stravovacie zariadenia,1
909,48177369,"Pivovar Trogár, s.r.o.",Družstevná 82/15,95605,427,Radošina,SK0236505421,Topoľčany,Nitriansky,48.55,17.933333,obec,pivovar,Pivovar / minipivovar,Potravinárstvo a nápoje,1
910,48185272,Miroslav Bédi - REŠTAURÁCIA U NOTÁRA,,,166,Sereď,SK0212504009,Galanta,Trnavský,48.288903,17.730881,obec,restauracia,Reštaurácia,Gastro a stravovacie zariadenia,1
911,48198641,"Zeleninárska organizácia výrobcov, družstvo",Malokrmešská 455/11,90050,224,Kráľová pri Senci,SK0108503894,Senec,Bratislavský,48.195128,17.450829,obec,zeleninarstvo,Zeleninárstvo,Poľnohospodárstvo a chov,1
912,48199524,Hydina Kysuce s. r. o.,Čierne 458,02313,428,Čierne,SK0312509159,Čadca,Žilinský,49.387301,18.767884,okres,hydina,Hydinárska prevádzka,Poľnohospodárstvo a chov,1
913,48218588,Reštaurácia BESEDA s. r. o.,,,39,Bratislava - mestská časť Ružinov,SK0102529320,Bratislava II,Bratislavský,48.149645,17.164279,mestska_cast,restauracia,Reštaurácia,Gastro a stravovacie zariadenia,1
914,48220558,"Nemocnica novej generácie Michalovce, a.s.",,,242,Košice - mestská časť Staré Mesto,SK0422598186,Bratislava I,Bratislavský,48.140553,17.112478,mestska_cast,nemocnica,Nemocnica,Gastro a stravovacie zariadenia,1
915,48252735,"Nagy-Hydina, s.r.o.",Biskupa Királya 2814/21,94501,80,Komárno,SK0231501026,Komárno,Nitriansky,47.757388,18.129917,obec,hydina,Hydinárska prevádzka,Poľnohospodárstvo a chov,1
916,48280011,"ODPADY TATRY, s. r. o.",Vyšné Hágy 23039,05984,429,Vysoké Tatry,SK0416560103,Poprad,Prešovský,49.137283,20.222448,obec,odpadove_hospodarstvo,Odpadové hospodárstvo,Komunálny a gastro bioodpad,1
917,48282197,Agrofarma - Prejta s.r.o.,Prejtská 211/246,01841,46,Dubnica nad Váhom,SK0222513016,Ilava,Trenčiansky,48.957172,18.167022,obec,farma,Živočíšna farma,Poľnohospodárstvo a chov,1
918,48302741,"Považský olej, s.r.o.",J. Kráľa 1122/75,02001,110,Púchov,SK0228513610,Púchov,Trenčiansky,49.123992,18.324242,obec,olejnin,Spracovanie olejnín,Potravinárstvo a nápoje,1
919,48310841,"Zámocké vinárstvo, s. r. o.",Mladoboleslavská 5,90201,184,Pezinok,SK0107508179,Pezinok,Bratislavský,48.285586,17.27028,obec,vinarstvo,Vinárstvo,Potravinárstvo a nápoje,1
920,50005723,"Základná škola s materskou školou, Školská 301/16, Turňa nad Bodvou",,,430,Turňa nad Bodvou,SK0426559784,Košice - okolie,Košický,48.600452,20.881877,obec,skola_zakladna,Základná škola,Gastro a stravovacie zariadenia,1
921,50030329,Centrum sociálnych služieb Elemér Lázár Drahňov,,,431,Drahňov,SK0427528331,Michalovce,Košický,48.583333,21.966667,obec,socialne_zariadenie,Zariadenie sociálnych služieb,Gastro a stravovacie zariadenia,1
922,50164252,"Hydina PIERKO, s.r.o.",Gaštanový rad 4168/9,92901,21,Dunajská Streda,SK0211501433,Dunajská Streda,Trnavský,47.989309,17.620142,obec,hydina,Hydinárska prevádzka,Poľnohospodárstvo a chov,1
923,50196766,"Mäso - Údeniny K. Achberger, s.r.o.",,,408,Bernolákovo,SK0108507814,Senec,Bratislavský,48.199027,17.300361,obec,masovyroba,Mäsospracovanie,Potravinárstvo a nápoje,1
924,50219081,Malokarpatská píla s. r. o.,NA 185,91954,432,Dobrá Voda,SK0217506915,Trnava,Trnavský,48.596678,17.541932,obec,pila,Píla a drevospracovanie,"Drevo, lesníctvo a ostatné",1
925,50265288,PILA FOREST s.r.o.,NA 91,92221,433,Hubina,SK0214556581,Piešťany,Trnavský,48.618016,17.886407,obec,pila,Píla a drevospracovanie,"Drevo, lesníctvo a ostatné",1
926,50291491,Košická hydina s.r.o.,Textilná 1835/4,04001,434,Košice - mestská časť Nad jazerom,SK0425599816,Košice IV,Košický,48.687456,21.287603,mestska_cast,hydina,Hydinárska prevádzka,Poľnohospodárstvo a chov,1
927,50317016,"Bardejovský pivovar, s. r. o.",Doležalova 15C,82104,174,Bratislava - mestská časť Staré Mesto,SK0101528595,Bratislava I,Bratislavský,48.140553,17.112478,mestska_cast,pivovar,Pivovar / minipivovar,Potravinárstvo a nápoje,1
928,50341057,Píla Donoval & syn s.r.o.,Lipová 127,96611,435,Trnavá Hora,SK032D517313,Žiar nad Hronom,Banskobystrický,48.59038,18.953488,obec,pila,Píla a drevospracovanie,"Drevo, lesníctvo a ostatné",1
929,50426281,Technické služby Obce Bošany s.r.o.,SNP 112/43,95618,436,Bošany,SK0225542733,Partizánske,Trenčiansky,48.579391,18.255734,obec,technicke_sluzby,Technické služby mesta / obce,Komunálny a gastro bioodpad,1
930,50451596,"ZOS Krajné, n.o.",,,281,Krajné,SK0223506150,Myjava,Trenčiansky,48.700576,17.68716,obec,socialne_zariadenie,Zariadenie sociálnych služieb,Gastro a stravovacie zariadenia,1
931,50469053,"DSS a zariadenie pre seniorov LIBERUM MARTIN, n. o.",,,119,Martin,SK0316512036,Martin,Žilinský,49.07226,18.929174,obec,socialne_zariadenie,Zariadenie sociálnych služieb,Gastro a stravovacie zariadenia,1
932,50543911,Martin Holda - RETRO ÚDENINY,,,14,Prešov,SK0417524140,Prešov,Prešovský,49.000411,21.252273,obec,masovyroba,Mäsospracovanie,Potravinárstvo a nápoje,1
933,50575872,"Ovocná Farma, s.r.o.",Diaľničná cesta 5,90301,360,Senec,SK0108508217,Senec,Bratislavský,48.219641,17.396776,obec,ovocne_sady,Ovocné sady a spracovanie ovocia,Poľnohospodárstvo a chov,1
934,50611917,"Minipivovar Harvánek, s. r. o.",Spojná 228/5,01003,437,Žilina - Zádubnie,,Žilina,Žilinský,49.223464,18.739498,obec_zaklad,pivovar,Pivovar / minipivovar,Potravinárstvo a nápoje,1
935,50645935,"Školská jedáleň, Školská 491/18A, Teplička nad Váhom",,,438,Teplička nad Váhom,SK031B518034,Žilina,Žilinský,49.233333,18.8,obec,skolska_jedalen,Školská jedáleň,Gastro a stravovacie zariadenia,1
936,50681788,"Mliekovýroba Teplica, s.r.o.",Lesná 457,05934,439,Spišská Teplica,SK0416523844,Poprad,Prešovský,49.05,20.25,obec,mliekaren,Mliekáreň,Potravinárstvo a nápoje,1
937,50691759,"Píla Staškov, s.r.o.",Staškov 779,02353,440,Staškov,SK0312509485,Čadca,Žilinský,49.421675,18.691039,obec,pila,Píla a drevospracovanie,"Drevo, lesníctvo a ostatné",1
938,50732650,"Pivovary Lobkowicz SK, s.r.o.",Zelená 365/2,81101,174,Bratislava - mestská časť Staré Mesto,SK0101528595,Bratislava I,Bratislavský,48.140553,17.112478,mestska_cast,pivovar,Pivovar / minipivovar,Potravinárstvo a nápoje,1
939,50743058,"BARTÁNUS - MÄSO ÚDENINY, s.r.o.",,,10,Ružomberok,SK0318510998,Ružomberok,Žilinský,49.08187,19.302965,obec,masovyroba,Mäsospracovanie,Potravinárstvo a nápoje,1
940,50827383,Ovocný sad Košúty s.r.o.,NA 489,92509,441,Košúty,SK0212503860,Galanta,Trnavský,48.171511,17.656969,obec,ovocne_sady,Ovocné sady a spracovanie ovocia,Poľnohospodárstvo a chov,1
941,50852698,"Technické služby Sládkovičovo, spol. s r. o.",J. Dalloša 1189,92521,217,Sládkovičovo,SK0212504017,Galanta,Trnavský,48.208208,17.644866,obec,technicke_sluzby,Technické služby mesta / obce,Komunálny a gastro bioodpad,1
942,50999028,Mach Hydina Invest s. r. o.,NA 780,90086,188,Budmerice,SK0107507849,Pezinok,Bratislavský,48.360397,17.405103,obec,hydina,Hydinárska prevádzka,Poľnohospodárstvo a chov,1
943,51011859,"Centrum sociálnych služieb ""Johanka"", n.o.",,,442,Spišské Podhradie,SK0414543578,Levoča,Prešovský,49.000817,20.752504,obec,socialne_zariadenie,Zariadenie sociálnych služieb,Gastro a stravovacie zariadenia,1
944,51206790,Kežmarské Gymnázium P. O. Hviezdoslava,,,2,Kežmarok,SK0413523585,Kežmarok,Prešovský,49.136318,20.430447,obec,skola_stredna,Stredná škola,Gastro a stravovacie zariadenia,1
945,51266784,"Materská škola, Ul. 29. augusta 384/2A, Most pri Bratislave",,,443,Most pri Bratislave,SK0108508110,Senec,Bratislavský,48.139812,17.268859,obec,skola_materska,Materská škola,Gastro a stravovacie zariadenia,1
946,51278308,"Školská jedáleň, Námestie A. Hlinku 31, Cífer",,,303,Cífer,SK0217506877,Trnava,Trnavský,48.315284,17.490022,obec,skolska_jedalen,Školská jedáleň,Gastro a stravovacie zariadenia,1
947,51329760,Juraj Bielik - BIELIK UDENINY,,,80,Komárno,SK0231501026,Komárno,Nitriansky,47.757388,18.129917,obec,masovyroba,Mäsospracovanie,Potravinárstvo a nápoje,1
948,51412098,BioOdpad a.s.,Horná 13,97401,209,Banská Bystrica,SK0321508438,Banská Bystrica,Banskobystrický,48.738539,19.156869,obec,odpadove_hospodarstvo,Odpadové hospodárstvo,Komunálny a gastro bioodpad,1
949,51465752,Technické služby Senec s. r. o.,Slávičia 5174/8,90301,360,Senec,SK0108508217,Senec,Bratislavský,48.219641,17.396776,obec,technicke_sluzby,Technické služby mesta / obce,Komunálny a gastro bioodpad,1
950,51469529,"Píla Breza, s.r.o.",NA 132,02953,257,Breza,SK0317509591,Námestovo,Žilinský,49.383333,19.4,obec,pila,Píla a drevospracovanie,"Drevo, lesníctvo a ostatné",1
951,51686317,ZELENINKA s.r.o.,Hronské Kosihy 318,93527,444,Hronské Kosihy,SK0232502341,Levice,Nitriansky,48.266667,18.6,obec,zeleninarstvo,Zeleninárstvo,Poľnohospodárstvo a chov,1
952,51706083,Zelenina zo Slovenska s.r.o.,Králická 175/94,97634,445,Králiky,SK0321508721,Banská Bystrica,Banskobystrický,48.7355,19.035849,obec,zeleninarstvo,Zeleninárstvo,Poľnohospodárstvo a chov,1
953,51748100,Čedopol PÍLA s.r.o.,Olešná 701,02352,446,Olešná,SK0312509337,Čadca,Žilinský,49.428876,18.666576,obec,pila,Píla a drevospracovanie,"Drevo, lesníctvo a ostatné",1
954,51840286,Pražiareň kávy Ollivier coffee s. r. o.,Svätoplukova 20102/49,97101,31,Prievidza,SK0227513881,Prievidza,Trenčiansky,48.77104,18.623306,obec,praziaren_kavy,Pražiareň kávy,Potravinárstvo a nápoje,1
955,51897237,Zelenina Nitra s.r.o.,Malé Zálužie 5,95124,447,Malé Zálužie,SK0233500534,Nitra,Nitriansky,48.44016,17.985146,obec,zeleninarstvo,Zeleninárstvo,Poľnohospodárstvo a chov,1
956,51906228,"Spojená škola sv. Klementa Hofbauera internátna, Podolínec",,,448,Podolínec,SK041A526975,Stará Ľubovňa,Prešovský,49.266667,20.533333,obec,skola_stredna,Stredná škola,Gastro a stravovacie zariadenia,1
957,52020576,Ovocný strom s.r.o.,NA 214,91332,421,Dolná Súča,SK0229505943,Trenčín,Trenčiansky,48.95799,18.033094,obec,ovocne_sady,Ovocné sady a spracovanie ovocia,Poľnohospodárstvo a chov,1
958,52089282,"Materská škola, Ulica Ľ. G. Zaoseka 247/10, Opoj",,,449,Opoj,SK0217556491,Trnava,Trnavský,48.302946,17.641948,obec,skola_materska,Materská škola,Gastro a stravovacie zariadenia,1
959,52206416,"Stredná odborná škola Edith Steinovej, s.r.o.",,,5,Nové Mesto nad Váhom,SK0224506338,Nové Mesto nad Váhom,Trenčiansky,48.763325,17.830386,obec,skola_stredna,Stredná škola,Gastro a stravovacie zariadenia,1
960,52245284,"HYDINA VRANOV, s. r. o.",Mlynská 1485/97,09301,16,Vranov nad Topľou,SK041D544051,Vranov nad Topľou,Prešovský,48.890524,21.680564,obec,hydina,Hydinárska prevádzka,Poľnohospodárstvo a chov,1
961,52259897,SITTA PÍLA ŠOBOV s. r. o.,Šobov 1687/11,96901,8,Banská Štiavnica,SK0322516643,Banská Štiavnica,Banskobystrický,48.458093,18.89828,obec,pila,Píla a drevospracovanie,"Drevo, lesníctvo a ostatné",1
962,52361861,Zeleninárstvo Rimavské Janovce s. r. o.,Rimavské Janovce 113,98001,450,Rimavské Janovce,SK0329515469,Rimavská Sobota,Banskobystrický,48.342051,20.062215,obec,zeleninarstvo,Zeleninárstvo,Poľnohospodárstvo a chov,1
963,52438546,Píla SOEL s.r.o.,Ulica SNP 134,05918,358,Spišské Bystré,SK0416523852,Poprad,Prešovský,48.991455,20.242744,obec,pila,Píla a drevospracovanie,"Drevo, lesníctvo a ostatné",1
964,52547591,"Materská škola s VJM - Óvoda, Rimavská Seč 410",,,451,Rimavská Seč,SK0329515442,Rimavská Sobota,Banskobystrický,48.304087,20.23735,obec,skola_materska,Materská škola,Gastro a stravovacie zariadenia,1
965,52585204,"Materská škola - Óvoda, Komárovská 58, Bratislava",,,152,Bratislava - mestská časť Podunajské Biskupice,SK0102529311,Bratislava II,Bratislavský,48.130042,17.207422,mestska_cast,skola_materska,Materská škola,Gastro a stravovacie zariadenia,1
966,52641414,RH-PILA s. r. o.,Mliekarenská 3985,97703,149,Brezno,SK0323508497,Brezno,Banskobystrický,48.805335,19.640961,obec,pila,Píla a drevospracovanie,"Drevo, lesníctvo a ostatné",1
967,52740790,"Technické služby Zlaté Klasy, s.r.o.",Poštová ulica 550/1,93039,452,Zlaté Klasy,SK0211502022,Dunajská Streda,Trnavský,48.121323,17.421944,obec,technicke_sluzby,Technické služby mesta / obce,Komunálny a gastro bioodpad,1
968,52800318,"Spojená škola, Dukelská 26/30, Giraltovce",,,453,Giraltovce,SK041C519197,Svidník,Prešovský,49.116295,21.517528,obec,skola_stredna,Stredná škola,Gastro a stravovacie zariadenia,1
969,52830586,"Technické služby Poltár, s.r.o.",Železničná 489/1,98701,454,Poltár,SK0327511765,Poltár,Banskobystrický,48.432586,19.793827,obec,technicke_sluzby,Technické služby mesta / obce,Komunálny a gastro bioodpad,1
970,52891194,"MÄSO - UDENINY ČIČALA, s. r. o.",,,455,Kysucké Nové Mesto,SK0314509256,Kysucké Nové Mesto,Žilinský,49.301674,18.785426,obec,masovyroba,Mäsospracovanie,Potravinárstvo a nápoje,1
971,52904555,SLOVENSKÉ SYROVÉ VÝROBKY s. r. o.,Slovanská 299/7,95801,81,Partizánske,SK0225505315,Partizánske,Trenčiansky,48.627231,18.365466,obec,syraren,Syráreň a bryndziareň,Potravinárstvo a nápoje,1
972,52916626,Záhorácka Pražiareň s.r.o.,Štefánikova 1408/58,90501,25,Senica,SK0215504203,Senica,Trnavský,48.679121,17.364383,obec,praziaren_kavy,Pražiareň kávy,Potravinárstvo a nápoje,1
973,53039301,"Debra, n.o. - Zariadenie pre seniorov",,,456,Rovné,SK0412520721,Svidník,Prešovský,49.283333,21.533333,obec,socialne_zariadenie,Zariadenie sociálnych služieb,Gastro a stravovacie zariadenia,1
974,53044703,"Zariadenie pre seniorov Minor, n.o.",,,457,Zborov,SK0411519961,Bardejov,Prešovský,49.366667,21.3,obec,socialne_zariadenie,Zariadenie sociálnych služieb,Gastro a stravovacie zariadenia,1
975,53166078,Technické služby mesta Štúrovo,Komenského 210/18,94301,157,Štúrovo,SK0234503584,Nové Zámky,Nitriansky,47.797831,18.71486,obec,technicke_sluzby,Technické služby mesta / obce,Komunálny a gastro bioodpad,1
976,53199685,Zariadenie pre seniorov Sv. Kataríny Labouré,,,436,Bošany,SK0225542733,Partizánske,Trenčiansky,48.579391,18.255734,obec,socialne_zariadenie,Zariadenie sociálnych služieb,Gastro a stravovacie zariadenia,1
977,53200268,"Súkromná spojená škola francúzsko-slovenská, Bratislava",,,183,Bratislava - mestská časť Petržalka,SK0105529460,Bratislava V,Bratislavský,48.111346,17.110791,mestska_cast,skola_stredna,Stredná škola,Gastro a stravovacie zariadenia,1
978,53200284,"Spojená škola bl. biskupa Gojdiča, Bernolákova 21, Prešov",,,14,Prešov,SK0417524140,Prešov,Prešovský,49.000411,21.252273,obec,skola_stredna,Stredná škola,Gastro a stravovacie zariadenia,1
979,53200331,"Materská škola, Bodvianska 4, Bratislava",,,458,Bratislava - mestská časť Vrakuňa,SK0102529338,Bratislava II,Bratislavský,48.143251,17.205724,mestska_cast,skola_materska,Materská škola,Gastro a stravovacie zariadenia,1
980,53200349,"Súkromná spojená škola Quality Schools International, Šamorín",,,387,Šamorín,SK0211501905,Dunajská Streda,Trnavský,48.027583,17.311571,obec,skola_stredna,Stredná škola,Gastro a stravovacie zariadenia,1
981,53231058,Technické služby obce Novoť s. r. o.,Novoť 285,02955,459,Novoť,SK0317509884,Námestovo,Žilinský,49.433333,19.266667,obec,technicke_sluzby,Technické služby mesta / obce,Komunálny a gastro bioodpad,1
982,53242599,"Spojená škola, Jána Bottu 31, Trnava",,,28,Trnava,SK0217506745,Trnava,Trnavský,48.37729,17.586718,obec,skola_stredna,Stredná škola,Gastro a stravovacie zariadenia,1
983,53242726,"Spojená škola, Ostredková 10, Bratislava",,,39,Bratislava - mestská časť Ružinov,SK0102529320,Bratislava II,Bratislavský,48.149645,17.164279,mestska_cast,skola_stredna,Stredná škola,Gastro a stravovacie zariadenia,1
984,53242742,"Spojená škola, Pankúchova 6, Bratislava",,,183,Bratislava - mestská časť Petržalka,SK0105529460,Bratislava V,Bratislavský,48.111346,17.110791,mestska_cast,skola_stredna,Stredná škola,Gastro a stravovacie zariadenia,1
985,53255500,"Súkromná spojená škola, Klokočov 90",,,334,Klokočov,SK0427522597,Čadca,Žilinský,49.446206,18.567083,obec,skola_stredna,Stredná škola,Gastro a stravovacie zariadenia,1
986,53265301,"Spojená škola, Jarmočná 108, Stará Ľubovňa",,,208,Stará Ľubovňa,SK041A526665,Stará Ľubovňa,Prešovský,49.297258,20.687317,obec,skola_stredna,Stredná škola,Gastro a stravovacie zariadenia,1
987,53280491,"PÍLA ORAVA, s.r.o.",Pod brehom 208/1,02952,293,Hruštín,SK0317509680,Námestovo,Žilinský,49.316667,19.35,obec,pila,Píla a drevospracovanie,"Drevo, lesníctvo a ostatné",1
988,53324421,Píla LAKY s. r. o.,Zámočnícka 1311,90873,460,Veľké Leváre,SK0106504947,Malacky,Bratislavský,48.501984,17.00306,obec,pila,Píla a drevospracovanie,"Drevo, lesníctvo a ostatné",1
989,53390920,"Súkromná školská jedáleň, 17. novembra 3723/13, Prešov",,,14,Prešov,SK0417524140,Prešov,Prešovský,49.000411,21.252273,obec,skolska_jedalen,Školská jedáleň,Gastro a stravovacie zariadenia,1
990,53420471,"Základná škola, Hlavná ulica 81/42, Miloslavov",,,461,Miloslavov,SK0108508098,Senec,Bratislavský,48.103575,17.299044,obec,skola_zakladna,Základná škola,Gastro a stravovacie zariadenia,1
991,53459148,"Základná škola s materskou školou, Školská 252, Beladice",,,202,Beladice,SK0237500062,Zlaté Moravce,Nitriansky,48.346006,18.296077,obec,skola_zakladna,Základná škola,Gastro a stravovacie zariadenia,1
992,53480341,"Materská škola, Ulica Gašpara Haina 1237/36, Levoča",,,4,Levoča,SK0414543292,Levoča,Prešovský,49.025112,20.587999,obec,skola_materska,Materská škola,Gastro a stravovacie zariadenia,1
993,53480465,"Materská škola, Predmestie 832/26, Levoča",,,4,Levoča,SK0414543292,Levoča,Prešovský,49.025112,20.587999,obec,skola_materska,Materská škola,Gastro a stravovacie zariadenia,1
994,53480783,"Materská škola, Ulica Gustáva Hermanna 225/9, Levoča",,,4,Levoča,SK0414543292,Levoča,Prešovský,49.025112,20.587999,obec,skola_materska,Materská škola,Gastro a stravovacie zariadenia,1
995,53480899,"Materská škola, Ulica Jána Francisciho 1674/8, Levoča",,,4,Levoča,SK0414543292,Levoča,Prešovský,49.025112,20.587999,obec,skola_materska,Materská škola,Gastro a stravovacie zariadenia,1
996,53482077,René Šiko - Mäso - údeniny,,,133,Bánovce nad Bebravou,SK0221542652,Bánovce nad Bebravou,Trenčiansky,48.721667,18.259826,obec,masovyroba,Mäsospracovanie,Potravinárstvo a nápoje,1
997,53490827,"Hydina Gemer, s. r. o.",SNP 552/149,04925,180,Dobšiná,SK0428525634,Rožňava,Košický,48.821028,20.364743,obec,hydina,Hydinárska prevádzka,Poľnohospodárstvo a chov,1
998,53574222,"TT-kompost, s. r. o.",Záhradnícka 821/35,92521,217,Sládkovičovo,SK0212504017,Galanta,Trnavský,48.208208,17.644866,obec,kompostaren,Kompostáreň,Komunálny a gastro bioodpad,1
999,53698185,Technické služby mesta Revúca - sociálny podnik s.r.o.,Terézie Vansovej 1231/23,05001,37,Revúca,SK0328526142,Revúca,Banskobystrický,48.683333,20.116667,obec,technicke_sluzby,Technické služby mesta / obce,Komunálny a gastro bioodpad,1
1000,53708725,"Technické služby mesta Rajec, s. r. o.",Námestie SNP 2/2,01522,462,Rajec,SK031B517917,Žilina,Žilinský,49.087947,18.636664,obec,technicke_sluzby,Technické služby mesta / obce,Komunálny a gastro bioodpad,1
1001,53764021,MILKFARM s. r. o.,Duklianska 2848,08501,126,Bardejov,SK0411519006,Bardejov,Prešovský,49.292999,21.27554,obec,mliekaren,Mliekáreň,Potravinárstvo a nápoje,1
1002,53800818,Súkromná školská jedáleň VČ s. r. o.,,,365,Bratislava - mestská časť Jarovce,SK0105529443,Bratislava I,Bratislavský,48.153538,17.109671,obec_zaklad,skolska_jedalen,Školská jedáleň,Gastro a stravovacie zariadenia,1
1003,53946600,"Technické služby mesta Žilina, s.r.o.",Námestie obetí komunizmu 3350/1,01131,34,Žilina,SK031B517402,Žilina,Žilinský,49.223464,18.739498,obec,technicke_sluzby,Technické služby mesta / obce,Komunálny a gastro bioodpad,1
1004,53975707,Píla Sucháň s.r.o.,NA 49,95501,463,Závada,SK0236505773,Topoľčany,Nitriansky,48.64101,18.089173,obec,pila,Píla a drevospracovanie,"Drevo, lesníctvo a ostatné",1
1005,54006805,"Školská jedáleň, Sídlisko II 1336, Vranov nad Topľou",,,16,Vranov nad Topľou,SK041D544051,Vranov nad Topľou,Prešovský,48.890524,21.680564,obec,skolska_jedalen,Školská jedáleň,Gastro a stravovacie zariadenia,1
1006,54006937,"Školská jedáleň, Lúčna 827/26, Vranov nad Topľou",,,16,Vranov nad Topľou,SK041D544051,Vranov nad Topľou,Prešovský,48.890524,21.680564,obec,skolska_jedalen,Školská jedáleň,Gastro a stravovacie zariadenia,1
1007,54006996,"Školská jedáleň, Juh 1054, Vranov nad Topľou",,,16,Vranov nad Topľou,SK041D544051,Vranov nad Topľou,Prešovský,48.890524,21.680564,obec,skolska_jedalen,Školská jedáleň,Gastro a stravovacie zariadenia,1
1008,54007097,"Školská jedáleň, Bernolákova ulica 1061, Vranov nad Topľou",,,16,Vranov nad Topľou,SK041D544051,Vranov nad Topľou,Prešovský,48.890524,21.680564,obec,skolska_jedalen,Školská jedáleň,Gastro a stravovacie zariadenia,1
1009,54278236,"Kocúr - pražiareň kávy, s.r.o.",Bystrička 122,03804,464,Bystrička,SK0316512133,Martin,Žilinský,49.05,18.883333,obec,praziaren_kavy,Pražiareň kávy,Potravinárstvo a nápoje,1
1010,54348315,"Píla Lendak, s. r. o.",Hlavná 43/59,05907,465,Lendak,SK0413523623,Kežmarok,Prešovský,49.233333,20.35,obec,pila,Píla a drevospracovanie,"Drevo, lesníctvo a ostatné",1
1011,54645298,"Školská jedáleň, Kysucká 14, Senec",,,360,Senec,SK0108508217,Senec,Bratislavský,48.219641,17.396776,obec,skolska_jedalen,Školská jedáleň,Gastro a stravovacie zariadenia,1
1012,54709202,Píla - Dub s.r.o.,Horná Ves 317,97248,466,Horná Ves,SK0227514004,Prievidza,Trenčiansky,48.609859,18.488024,obec,pila,Píla a drevospracovanie,"Drevo, lesníctvo a ostatné",1
1013,54909082,"Súkromná výdajná školská jedáleň Libellus, Bratislava",,,467,Bratislava - mestská časť Lamač,SK0104529419,Bratislava IV,Bratislavský,48.194538,17.048575,mestska_cast,skolska_jedalen,Školská jedáleň,Gastro a stravovacie zariadenia,1
1014,54932378,"Bioplynová stanica, s. r. o.",,03471,468,Ludrová,SK0318510823,Ružomberok,Žilinský,49.046667,19.331842,obec,bioplynova_stanica,Bioplynová stanica,Komunálny a gastro bioodpad,1
1015,54993296,PÍLA KALINA s.r.o.,Ochtinská 511/76,04932,469,Štítnik,SK0428526312,Rožňava,Košický,48.659884,20.363755,obec,pila,Píla a drevospracovanie,"Drevo, lesníctvo a ostatné",1
1016,55350500,"Papierne Stakčín, s.r.o.",Werferová 3782/6,04011,128,Košice - mestská časť Juh,SK0425599824,Košice IV,Košický,48.706875,21.259905,mestska_cast,papierne,Papiereň a celulózka,"Drevo, lesníctvo a ostatné",1
1017,55423230,"Píla Praznov SK, s. r. o.",Praznov 37,01701,112,Považská Bystrica,SK0226512842,Považská Bystrica,Trenčiansky,49.114507,18.447319,obec,pila,Píla a drevospracovanie,"Drevo, lesníctvo a ostatné",1
1018,55424961,"Mliekareň Liptovské Sliače, družstvo",Seč 3047,03484,470,Liptovské Sliače,SK0318511005,Ružomberok,Žilinský,49.061607,19.390697,obec,mliekaren,Mliekáreň,Potravinárstvo a nápoje,1
1019,55452302,"Hydina Semerovo, s. r. o.",NA 1,94132,471,Semerovo,SK0234503533,Nové Zámky,Nitriansky,48.016667,18.35,obec,hydina,Hydinárska prevádzka,Poľnohospodárstvo a chov,1
1020,55519971,HYDINA KOŠICE s. r. o.,Textilná 1835/4,04001,434,Košice - mestská časť Nad jazerom,SK0425599816,Košice IV,Košický,48.687456,21.287603,mestska_cast,hydina,Hydinárska prevádzka,Poľnohospodárstvo a chov,1
1021,55598234,Kompost Senec s.r.o.,Záhradnícka 821/35,92521,217,Sládkovičovo,SK0212504017,Galanta,Trnavský,48.208208,17.644866,obec,kompostaren,Kompostáreň,Komunálny a gastro bioodpad,1
1022,55807348,Banícky remeselný liehovar SCHEMNITZ s. r. o.,Horná 37,97401,209,Banská Bystrica,SK0321508438,Banská Bystrica,Banskobystrický,48.738539,19.156869,obec,liehovar,Liehovar a pálenica,Potravinárstvo a nápoje,1
1023,56034831,"Školská jedáleň, Hlavná 789, Dolný Štál",,,472,Dolný Štál,SK0211501611,Dunajská Streda,Trnavský,47.936163,17.718435,obec,skolska_jedalen,Školská jedáleň,Gastro a stravovacie zariadenia,1
1024,56490437,"MLIEKAREŇ MORAVA VP, s. r. o.",Štefánikova 715,90501,25,Senica,SK0215504203,Senica,Trnavský,48.679121,17.364383,obec,mliekaren,Mliekáreň,Potravinárstvo a nápoje,1
1025,56660740,"Súkromná školská jedáleň KSPV, Jesenná 18, Prešov",,,14,Prešov,SK0417524140,Prešov,Prešovský,49.000411,21.252273,obec,skolska_jedalen,Školská jedáleň,Gastro a stravovacie zariadenia,1
1026,56762402,JEDÁLEŇ KATARÍNA s. r. o.,,,23,Nitra,SK0233500011,Nitra,Nitriansky,48.31257,18.09061,obec,jedalen_zavodna,Závodná a verejná jedáleň,Gastro a stravovacie zariadenia,1
1027,56946350,PRODUKT KOMPOST s. r. o.,NA 804,92563,473,Dolná Streda,SK0212555789,Galanta,Trnavský,48.266667,17.75,obec,kompostaren,Kompostáreň,Komunálny a gastro bioodpad,1
1028,57063800,Bc. Markéta Novysedláková - ŠARIŠSKÁ REMESELNÁ MLIEKAREŇ,NA 62,08273,474,Krásna Lúka,SK0418524671,Sabinov,Prešovský,49.193961,20.822502,obec,mliekaren,Mliekáreň,Potravinárstvo a nápoje,1
1029,57114838,Školská jedáleň – Mavi s. r. o.,,,367,Viničné,SK0107508306,Pezinok,Bratislavský,48.269892,17.302281,obec,skolska_jedalen,Školská jedáleň,Gastro a stravovacie zariadenia,1
1030,57237646,Holíčska Pražiareň s. r. o.,Sv. Anny 1714/19,90851,160,Holíč,SK0216504378,Skalica,Trnavský,48.8,17.166667,obec,praziaren_kavy,Pražiareň kávy,Potravinárstvo a nápoje,1
1031,57255342,MÄSO-ÚDENINY Podbrezová s. r. o.,,,173,Predajná,SK0323508934,Brezno,Banskobystrický,48.813419,19.462852,obec,masovyroba,Mäsospracovanie,Potravinárstvo a nápoje,1
1032,57371598,HUDÁK HYDINA s. r. o.,NA 151,09412,475,Juskova Voľa,SK041D528765,Vranov nad Topľou,Prešovský,48.883333,21.566667,obec,hydina,Hydinárska prevádzka,Poľnohospodárstvo a chov,1
1033,57418616,Anna Arvajová - JEDÁLEŇ JELEŇ,,,33,Žarnovica,SK032C517381,Žarnovica,Banskobystrický,48.483398,18.72155,obec,jedalen_zavodna,Závodná a verejná jedáleň,Gastro a stravovacie zariadenia,1
1034,57424136,"PÍLA PODTUREŇ, s. r. o.",Podtureň 234,03301,476,Podtureň,SK0315510947,Liptovský Mikuláš,Žilinský,49.053592,19.692702,obec,pila,Píla a drevospracovanie,"Drevo, lesníctvo a ostatné",1
1035,57433933,ATELIÉR pražiareň s. r. o.,Hlboká 5922/18,91701,28,Trnava,SK0217506745,Trnava,Trnavský,48.37729,17.586718,obec,praziaren_kavy,Pražiareň kávy,Potravinárstvo a nápoje,1
1036,57497931,"Hruštínska mliekareň, s. r. o.",Dedina 699/17,02952,293,Hruštín,SK0317509680,Námestovo,Žilinský,49.316667,19.35,obec,mliekaren,Mliekáreň,Potravinárstvo a nápoje,1
1037,57527458,JEDÁLEŇ ŠMAK s.r.o.,,,228,Trstená,SK031A510106,Tvrdošín,Žilinský,49.363892,19.615641,obec,jedalen_zavodna,Závodná a verejná jedáleň,Gastro a stravovacie zariadenia,1
1038,57571635,Mäso údeniny Dudek s. r. o.,,,477,Láb,SK0106508039,Malacky,Bratislavský,48.363703,16.973293,obec,masovyroba,Mäsospracovanie,Potravinárstvo a nápoje,1
1039,57675112,"Súkromná školská jedáleň, Bernolákova 21, Prešov",,,14,Prešov,SK0417524140,Prešov,Prešovský,49.000411,21.252273,obec,skolska_jedalen,Školská jedáleň,Gastro a stravovacie zariadenia,1
1040,57767394,"Súkromná školská jedáleň Zdravý projekt, Pekníkova 6, Bratislava",,,478,Bratislava - mestská časť Dúbravka,SK0104529389,Michalovce,Košický,48.633333,21.883333,mestska_cast,skolska_jedalen,Školská jedáleň,Gastro a stravovacie zariadenia,1
1041,57767581,"Súkromná školská jedáleň, Bilíková 24, Bratislava",,,478,Bratislava - mestská časť Dúbravka,SK0104529389,Michalovce,Košický,48.633333,21.883333,mestska_cast,skolska_jedalen,Školská jedáleň,Gastro a stravovacie zariadenia,1
1042,57769621,"Súkromná výdajná školská jedáleň, Rastislavova 332, Nováky",,,364,Nováky,SK0227514268,Prievidza,Trenčiansky,48.714477,18.539765,obec,skolska_jedalen,Školská jedáleň,Gastro a stravovacie zariadenia,1
1043,57802262,"Súkromná výdajná školská jedáleň, Dúbravská cesta 11, Bratislava",,,478,Bratislava - mestská časť Dúbravka,SK0104529389,Michalovce,Košický,48.633333,21.883333,mestska_cast,skolska_jedalen,Školská jedáleň,Gastro a stravovacie zariadenia,1
