id,producent_id,druh_odpadu_id,uroven_dokazu,poznamka
1,1,75,D,"Odvodené z typu prevádzky, nie z ohlásenia o vzniku odpadu. Overiť podľa evidencie prevádzkovateľa."
2,1,76,D,"Odvodené z typu prevádzky, nie z ohlásenia o vzniku odpadu. Overiť podľa evidencie prevádzkovateľa."
3,1,71,D,"Odvodené z typu prevádzky, nie z ohlásenia o vzniku odpadu. Overiť podľa evidencie prevádzkovateľa."
4,2,77,D,"Odvodené z typu prevádzky, nie z ohlásenia o vzniku odpadu. Overiť podľa evidencie prevádzkovateľa."
5,2,78,D,"Odvodené z typu prevádzky, nie z ohlásenia o vzniku odpadu. Overiť podľa evidencie prevádzkovateľa."
6,2,81,D,"Odvodené z typu prevádzky, nie z ohlásenia o vzniku odpadu. Overiť podľa evidencie prevádzkovateľa."
7,2,62,D,"Odvodené z typu prevádzky, nie z ohlásenia o vzniku odpadu. Overiť podľa evidencie prevádzkovateľa."
8,3,77,D,"Odvodené z typu prevádzky, nie z ohlásenia o vzniku odpadu. Overiť podľa evidencie prevádzkovateľa."
9,3,78,D,"Odvodené z typu prevádzky, nie z ohlásenia o vzniku odpadu. Overiť podľa evidencie prevádzkovateľa."
10,3,81,D,"Odvodené z typu prevádzky, nie z ohlásenia o vzniku odpadu. Overiť podľa evidencie prevádzkovateľa."
11,3,62,D,"Odvodené z typu prevádzky, nie z ohlásenia o vzniku odpadu. Overiť podľa evidencie prevádzkovateľa."
12,4,77,D,"Odvodené z typu prevádzky, nie z ohlásenia o vzniku odpadu. Overiť podľa evidencie prevádzkovateľa."
13,4,78,D,"Odvodené z typu prevádzky, nie z ohlásenia o vzniku odpadu. Overiť podľa evidencie prevádzkovateľa."
14,4,81,D,"Odvodené z typu prevádzky, nie z ohlásenia o vzniku odpadu. Overiť podľa evidencie prevádzkovateľa."
15,4,62,D,"Odvodené z typu prevádzky, nie z ohlásenia o vzniku odpadu. Overiť podľa evidencie prevádzkovateľa."
16,5,77,D,"Odvodené z typu prevádzky, nie z ohlásenia o vzniku odpadu. Overiť podľa evidencie prevádzkovateľa."
17,5,78,D,"Odvodené z typu prevádzky, nie z ohlásenia o vzniku odpadu. Overiť podľa evidencie prevádzkovateľa."
18,5,81,D,"Odvodené z typu prevádzky, nie z ohlásenia o vzniku odpadu. Overiť podľa evidencie prevádzkovateľa."
19,5,62,D,"Odvodené z typu prevádzky, nie z ohlásenia o vzniku odpadu. Overiť podľa evidencie prevádzkovateľa."
20,6,77,D,"Odvodené z typu prevádzky, nie z ohlásenia o vzniku odpadu. Overiť podľa evidencie prevádzkovateľa."
21,6,78,D,"Odvodené z typu prevádzky, nie z ohlásenia o vzniku odpadu. Overiť podľa evidencie prevádzkovateľa."
22,6,81,D,"Odvodené z typu prevádzky, nie z ohlásenia o vzniku odpadu. Overiť podľa evidencie prevádzkovateľa."
23,6,62,D,"Odvodené z typu prevádzky, nie z ohlásenia o vzniku odpadu. Overiť podľa evidencie prevádzkovateľa."
24,7,77,D,"Odvodené z typu prevádzky, nie z ohlásenia o vzniku odpadu. Overiť podľa evidencie prevádzkovateľa."
25,7,78,D,"Odvodené z typu prevádzky, nie z ohlásenia o vzniku odpadu. Overiť podľa evidencie prevádzkovateľa."
26,7,81,D,"Odvodené z typu prevádzky, nie z ohlásenia o vzniku odpadu. Overiť podľa evidencie prevádzkovateľa."
27,7,62,D,"Odvodené z typu prevádzky, nie z ohlásenia o vzniku odpadu. Overiť podľa evidencie prevádzkovateľa."
28,8,77,D,"Odvodené z typu prevádzky, nie z ohlásenia o vzniku odpadu. Overiť podľa evidencie prevádzkovateľa."
29,8,78,D,"Odvodené z typu prevádzky, nie z ohlásenia o vzniku odpadu. Overiť podľa evidencie prevádzkovateľa."
30,8,81,D,"Odvodené z typu prevádzky, nie z ohlásenia o vzniku odpadu. Overiť podľa evidencie prevádzkovateľa."
31,8,62,D,"Odvodené z typu prevádzky, nie z ohlásenia o vzniku odpadu. Overiť podľa evidencie prevádzkovateľa."
32,9,77,D,"Odvodené z typu prevádzky, nie z ohlásenia o vzniku odpadu. Overiť podľa evidencie prevádzkovateľa."
33,9,78,D,"Odvodené z typu prevádzky, nie z ohlásenia o vzniku odpadu. Overiť podľa evidencie prevádzkovateľa."
34,9,81,D,"Odvodené z typu prevádzky, nie z ohlásenia o vzniku odpadu. Overiť podľa evidencie prevádzkovateľa."
35,9,62,D,"Odvodené z typu prevádzky, nie z ohlásenia o vzniku odpadu. Overiť podľa evidencie prevádzkovateľa."
36,10,77,D,"Odvodené z typu prevádzky, nie z ohlásenia o vzniku odpadu. Overiť podľa evidencie prevádzkovateľa."
37,10,78,D,"Odvodené z typu prevádzky, nie z ohlásenia o vzniku odpadu. Overiť podľa evidencie prevádzkovateľa."
38,10,81,D,"Odvodené z typu prevádzky, nie z ohlásenia o vzniku odpadu. Overiť podľa evidencie prevádzkovateľa."
39,10,62,D,"Odvodené z typu prevádzky, nie z ohlásenia o vzniku odpadu. Overiť podľa evidencie prevádzkovateľa."
40,11,77,D,"Odvodené z typu prevádzky, nie z ohlásenia o vzniku odpadu. Overiť podľa evidencie prevádzkovateľa."
41,11,78,D,"Odvodené z typu prevádzky, nie z ohlásenia o vzniku odpadu. Overiť podľa evidencie prevádzkovateľa."
42,11,81,D,"Odvodené z typu prevádzky, nie z ohlásenia o vzniku odpadu. Overiť podľa evidencie prevádzkovateľa."
43,11,62,D,"Odvodené z typu prevádzky, nie z ohlásenia o vzniku odpadu. Overiť podľa evidencie prevádzkovateľa."
44,12,77,D,"Odvodené z typu prevádzky, nie z ohlásenia o vzniku odpadu. Overiť podľa evidencie prevádzkovateľa."
45,12,78,D,"Odvodené z typu prevádzky, nie z ohlásenia o vzniku odpadu. Overiť podľa evidencie prevádzkovateľa."
46,12,81,D,"Odvodené z typu prevádzky, nie z ohlásenia o vzniku odpadu. Overiť podľa evidencie prevádzkovateľa."
47,12,62,D,"Odvodené z typu prevádzky, nie z ohlásenia o vzniku odpadu. Overiť podľa evidencie prevádzkovateľa."
48,13,77,D,"Odvodené z typu prevádzky, nie z ohlásenia o vzniku odpadu. Overiť podľa evidencie prevádzkovateľa."
49,13,78,D,"Odvodené z typu prevádzky, nie z ohlásenia o vzniku odpadu. Overiť podľa evidencie prevádzkovateľa."
50,13,81,D,"Odvodené z typu prevádzky, nie z ohlásenia o vzniku odpadu. Overiť podľa evidencie prevádzkovateľa."
51,13,62,D,"Odvodené z typu prevádzky, nie z ohlásenia o vzniku odpadu. Overiť podľa evidencie prevádzkovateľa."
52,14,77,D,"Odvodené z typu prevádzky, nie z ohlásenia o vzniku odpadu. Overiť podľa evidencie prevádzkovateľa."
53,14,78,D,"Odvodené z typu prevádzky, nie z ohlásenia o vzniku odpadu. Overiť podľa evidencie prevádzkovateľa."
54,14,81,D,"Odvodené z typu prevádzky, nie z ohlásenia o vzniku odpadu. Overiť podľa evidencie prevádzkovateľa."
55,14,62,D,"Odvodené z typu prevádzky, nie z ohlásenia o vzniku odpadu. Overiť podľa evidencie prevádzkovateľa."
56,15,77,D,"Odvodené z typu prevádzky, nie z ohlásenia o vzniku odpadu. Overiť podľa evidencie prevádzkovateľa."
57,15,78,D,"Odvodené z typu prevádzky, nie z ohlásenia o vzniku odpadu. Overiť podľa evidencie prevádzkovateľa."
58,15,81,D,"Odvodené z typu prevádzky, nie z ohlásenia o vzniku odpadu. Overiť podľa evidencie prevádzkovateľa."
59,15,62,D,"Odvodené z typu prevádzky, nie z ohlásenia o vzniku odpadu. Overiť podľa evidencie prevádzkovateľa."
60,16,77,D,"Odvodené z typu prevádzky, nie z ohlásenia o vzniku odpadu. Overiť podľa evidencie prevádzkovateľa."
61,16,78,D,"Odvodené z typu prevádzky, nie z ohlásenia o vzniku odpadu. Overiť podľa evidencie prevádzkovateľa."
62,16,81,D,"Odvodené z typu prevádzky, nie z ohlásenia o vzniku odpadu. Overiť podľa evidencie prevádzkovateľa."
63,16,62,D,"Odvodené z typu prevádzky, nie z ohlásenia o vzniku odpadu. Overiť podľa evidencie prevádzkovateľa."
64,17,77,D,"Odvodené z typu prevádzky, nie z ohlásenia o vzniku odpadu. Overiť podľa evidencie prevádzkovateľa."
65,17,78,D,"Odvodené z typu prevádzky, nie z ohlásenia o vzniku odpadu. Overiť podľa evidencie prevádzkovateľa."
66,17,81,D,"Odvodené z typu prevádzky, nie z ohlásenia o vzniku odpadu. Overiť podľa evidencie prevádzkovateľa."
67,17,62,D,"Odvodené z typu prevádzky, nie z ohlásenia o vzniku odpadu. Overiť podľa evidencie prevádzkovateľa."
68,18,77,D,"Odvodené z typu prevádzky, nie z ohlásenia o vzniku odpadu. Overiť podľa evidencie prevádzkovateľa."
69,18,78,D,"Odvodené z typu prevádzky, nie z ohlásenia o vzniku odpadu. Overiť podľa evidencie prevádzkovateľa."
70,18,81,D,"Odvodené z typu prevádzky, nie z ohlásenia o vzniku odpadu. Overiť podľa evidencie prevádzkovateľa."
71,18,62,D,"Odvodené z typu prevádzky, nie z ohlásenia o vzniku odpadu. Overiť podľa evidencie prevádzkovateľa."
72,19,77,D,"Odvodené z typu prevádzky, nie z ohlásenia o vzniku odpadu. Overiť podľa evidencie prevádzkovateľa."
73,19,78,D,"Odvodené z typu prevádzky, nie z ohlásenia o vzniku odpadu. Overiť podľa evidencie prevádzkovateľa."
74,19,81,D,"Odvodené z typu prevádzky, nie z ohlásenia o vzniku odpadu. Overiť podľa evidencie prevádzkovateľa."
75,19,62,D,"Odvodené z typu prevádzky, nie z ohlásenia o vzniku odpadu. Overiť podľa evidencie prevádzkovateľa."
76,20,77,D,"Odvodené z typu prevádzky, nie z ohlásenia o vzniku odpadu. Overiť podľa evidencie prevádzkovateľa."
77,20,78,D,"Odvodené z typu prevádzky, nie z ohlásenia o vzniku odpadu. Overiť podľa evidencie prevádzkovateľa."
78,20,81,D,"Odvodené z typu prevádzky, nie z ohlásenia o vzniku odpadu. Overiť podľa evidencie prevádzkovateľa."
79,20,62,D,"Odvodené z typu prevádzky, nie z ohlásenia o vzniku odpadu. Overiť podľa evidencie prevádzkovateľa."
80,21,77,D,"Odvodené z typu prevádzky, nie z ohlásenia o vzniku odpadu. Overiť podľa evidencie prevádzkovateľa."
81,21,78,D,"Odvodené z typu prevádzky, nie z ohlásenia o vzniku odpadu. Overiť podľa evidencie prevádzkovateľa."
82,21,81,D,"Odvodené z typu prevádzky, nie z ohlásenia o vzniku odpadu. Overiť podľa evidencie prevádzkovateľa."
83,21,62,D,"Odvodené z typu prevádzky, nie z ohlásenia o vzniku odpadu. Overiť podľa evidencie prevádzkovateľa."
84,22,77,D,"Odvodené z typu prevádzky, nie z ohlásenia o vzniku odpadu. Overiť podľa evidencie prevádzkovateľa."
85,22,78,D,"Odvodené z typu prevádzky, nie z ohlásenia o vzniku odpadu. Overiť podľa evidencie prevádzkovateľa."
86,22,81,D,"Odvodené z typu prevádzky, nie z ohlásenia o vzniku odpadu. Overiť podľa evidencie prevádzkovateľa."
87,22,62,D,"Odvodené z typu prevádzky, nie z ohlásenia o vzniku odpadu. Overiť podľa evidencie prevádzkovateľa."
88,23,83,D,"Odvodené z typu prevádzky, nie z ohlásenia o vzniku odpadu. Overiť podľa evidencie prevádzkovateľa."
89,23,84,D,"Odvodené z typu prevádzky, nie z ohlásenia o vzniku odpadu. Overiť podľa evidencie prevádzkovateľa."
90,23,85,D,"Odvodené z typu prevádzky, nie z ohlásenia o vzniku odpadu. Overiť podľa evidencie prevádzkovateľa."
91,23,86,D,"Odvodené z typu prevádzky, nie z ohlásenia o vzniku odpadu. Overiť podľa evidencie prevádzkovateľa."
92,23,87,D,"Odvodené z typu prevádzky, nie z ohlásenia o vzniku odpadu. Overiť podľa evidencie prevádzkovateľa."
93,24,83,D,"Odvodené z typu prevádzky, nie z ohlásenia o vzniku odpadu. Overiť podľa evidencie prevádzkovateľa."
94,24,84,D,"Odvodené z typu prevádzky, nie z ohlásenia o vzniku odpadu. Overiť podľa evidencie prevádzkovateľa."
95,24,85,D,"Odvodené z typu prevádzky, nie z ohlásenia o vzniku odpadu. Overiť podľa evidencie prevádzkovateľa."
96,24,86,D,"Odvodené z typu prevádzky, nie z ohlásenia o vzniku odpadu. Overiť podľa evidencie prevádzkovateľa."
97,24,87,D,"Odvodené z typu prevádzky, nie z ohlásenia o vzniku odpadu. Overiť podľa evidencie prevádzkovateľa."
98,25,83,D,"Odvodené z typu prevádzky, nie z ohlásenia o vzniku odpadu. Overiť podľa evidencie prevádzkovateľa."
99,25,84,D,"Odvodené z typu prevádzky, nie z ohlásenia o vzniku odpadu. Overiť podľa evidencie prevádzkovateľa."
100,25,85,D,"Odvodené z typu prevádzky, nie z ohlásenia o vzniku odpadu. Overiť podľa evidencie prevádzkovateľa."
101,25,86,D,"Odvodené z typu prevádzky, nie z ohlásenia o vzniku odpadu. Overiť podľa evidencie prevádzkovateľa."
102,25,87,D,"Odvodené z typu prevádzky, nie z ohlásenia o vzniku odpadu. Overiť podľa evidencie prevádzkovateľa."
103,26,83,D,"Odvodené z typu prevádzky, nie z ohlásenia o vzniku odpadu. Overiť podľa evidencie prevádzkovateľa."
104,26,84,D,"Odvodené z typu prevádzky, nie z ohlásenia o vzniku odpadu. Overiť podľa evidencie prevádzkovateľa."
105,26,85,D,"Odvodené z typu prevádzky, nie z ohlásenia o vzniku odpadu. Overiť podľa evidencie prevádzkovateľa."
106,26,86,D,"Odvodené z typu prevádzky, nie z ohlásenia o vzniku odpadu. Overiť podľa evidencie prevádzkovateľa."
107,26,87,D,"Odvodené z typu prevádzky, nie z ohlásenia o vzniku odpadu. Overiť podľa evidencie prevádzkovateľa."
108,27,83,D,"Odvodené z typu prevádzky, nie z ohlásenia o vzniku odpadu. Overiť podľa evidencie prevádzkovateľa."
109,27,84,D,"Odvodené z typu prevádzky, nie z ohlásenia o vzniku odpadu. Overiť podľa evidencie prevádzkovateľa."
110,27,85,D,"Odvodené z typu prevádzky, nie z ohlásenia o vzniku odpadu. Overiť podľa evidencie prevádzkovateľa."
111,27,86,D,"Odvodené z typu prevádzky, nie z ohlásenia o vzniku odpadu. Overiť podľa evidencie prevádzkovateľa."
112,27,87,D,"Odvodené z typu prevádzky, nie z ohlásenia o vzniku odpadu. Overiť podľa evidencie prevádzkovateľa."
113,28,83,D,"Odvodené z typu prevádzky, nie z ohlásenia o vzniku odpadu. Overiť podľa evidencie prevádzkovateľa."
114,28,84,D,"Odvodené z typu prevádzky, nie z ohlásenia o vzniku odpadu. Overiť podľa evidencie prevádzkovateľa."
115,28,85,D,"Odvodené z typu prevádzky, nie z ohlásenia o vzniku odpadu. Overiť podľa evidencie prevádzkovateľa."
116,28,86,D,"Odvodené z typu prevádzky, nie z ohlásenia o vzniku odpadu. Overiť podľa evidencie prevádzkovateľa."
117,28,87,D,"Odvodené z typu prevádzky, nie z ohlásenia o vzniku odpadu. Overiť podľa evidencie prevádzkovateľa."
118,29,83,D,"Odvodené z typu prevádzky, nie z ohlásenia o vzniku odpadu. Overiť podľa evidencie prevádzkovateľa."
119,29,84,D,"Odvodené z typu prevádzky, nie z ohlásenia o vzniku odpadu. Overiť podľa evidencie prevádzkovateľa."
120,29,85,D,"Odvodené z typu prevádzky, nie z ohlásenia o vzniku odpadu. Overiť podľa evidencie prevádzkovateľa."
121,29,86,D,"Odvodené z typu prevádzky, nie z ohlásenia o vzniku odpadu. Overiť podľa evidencie prevádzkovateľa."
122,29,87,D,"Odvodené z typu prevádzky, nie z ohlásenia o vzniku odpadu. Overiť podľa evidencie prevádzkovateľa."
123,30,83,D,"Odvodené z typu prevádzky, nie z ohlásenia o vzniku odpadu. Overiť podľa evidencie prevádzkovateľa."
124,30,84,D,"Odvodené z typu prevádzky, nie z ohlásenia o vzniku odpadu. Overiť podľa evidencie prevádzkovateľa."
125,30,85,D,"Odvodené z typu prevádzky, nie z ohlásenia o vzniku odpadu. Overiť podľa evidencie prevádzkovateľa."
126,30,86,D,"Odvodené z typu prevádzky, nie z ohlásenia o vzniku odpadu. Overiť podľa evidencie prevádzkovateľa."
127,30,87,D,"Odvodené z typu prevádzky, nie z ohlásenia o vzniku odpadu. Overiť podľa evidencie prevádzkovateľa."
128,31,83,D,"Odvodené z typu prevádzky, nie z ohlásenia o vzniku odpadu. Overiť podľa evidencie prevádzkovateľa."
129,31,84,D,"Odvodené z typu prevádzky, nie z ohlásenia o vzniku odpadu. Overiť podľa evidencie prevádzkovateľa."
130,31,85,D,"Odvodené z typu prevádzky, nie z ohlásenia o vzniku odpadu. Overiť podľa evidencie prevádzkovateľa."
131,31,86,D,"Odvodené z typu prevádzky, nie z ohlásenia o vzniku odpadu. Overiť podľa evidencie prevádzkovateľa."
132,31,87,D,"Odvodené z typu prevádzky, nie z ohlásenia o vzniku odpadu. Overiť podľa evidencie prevádzkovateľa."
133,32,83,D,"Odvodené z typu prevádzky, nie z ohlásenia o vzniku odpadu. Overiť podľa evidencie prevádzkovateľa."
134,32,84,D,"Odvodené z typu prevádzky, nie z ohlásenia o vzniku odpadu. Overiť podľa evidencie prevádzkovateľa."
135,32,85,D,"Odvodené z typu prevádzky, nie z ohlásenia o vzniku odpadu. Overiť podľa evidencie prevádzkovateľa."
136,32,86,D,"Odvodené z typu prevádzky, nie z ohlásenia o vzniku odpadu. Overiť podľa evidencie prevádzkovateľa."
137,32,87,D,"Odvodené z typu prevádzky, nie z ohlásenia o vzniku odpadu. Overiť podľa evidencie prevádzkovateľa."
138,33,83,D,"Odvodené z typu prevádzky, nie z ohlásenia o vzniku odpadu. Overiť podľa evidencie prevádzkovateľa."
139,33,84,D,"Odvodené z typu prevádzky, nie z ohlásenia o vzniku odpadu. Overiť podľa evidencie prevádzkovateľa."
140,33,85,D,"Odvodené z typu prevádzky, nie z ohlásenia o vzniku odpadu. Overiť podľa evidencie prevádzkovateľa."
141,33,86,D,"Odvodené z typu prevádzky, nie z ohlásenia o vzniku odpadu. Overiť podľa evidencie prevádzkovateľa."
142,33,87,D,"Odvodené z typu prevádzky, nie z ohlásenia o vzniku odpadu. Overiť podľa evidencie prevádzkovateľa."
143,34,83,D,"Odvodené z typu prevádzky, nie z ohlásenia o vzniku odpadu. Overiť podľa evidencie prevádzkovateľa."
144,34,84,D,"Odvodené z typu prevádzky, nie z ohlásenia o vzniku odpadu. Overiť podľa evidencie prevádzkovateľa."
145,34,85,D,"Odvodené z typu prevádzky, nie z ohlásenia o vzniku odpadu. Overiť podľa evidencie prevádzkovateľa."
146,34,86,D,"Odvodené z typu prevádzky, nie z ohlásenia o vzniku odpadu. Overiť podľa evidencie prevádzkovateľa."
147,34,87,D,"Odvodené z typu prevádzky, nie z ohlásenia o vzniku odpadu. Overiť podľa evidencie prevádzkovateľa."
148,35,83,D,"Odvodené z typu prevádzky, nie z ohlásenia o vzniku odpadu. Overiť podľa evidencie prevádzkovateľa."
149,35,84,D,"Odvodené z typu prevádzky, nie z ohlásenia o vzniku odpadu. Overiť podľa evidencie prevádzkovateľa."
150,35,85,D,"Odvodené z typu prevádzky, nie z ohlásenia o vzniku odpadu. Overiť podľa evidencie prevádzkovateľa."
151,35,86,D,"Odvodené z typu prevádzky, nie z ohlásenia o vzniku odpadu. Overiť podľa evidencie prevádzkovateľa."
152,35,87,D,"Odvodené z typu prevádzky, nie z ohlásenia o vzniku odpadu. Overiť podľa evidencie prevádzkovateľa."
153,36,83,D,"Odvodené z typu prevádzky, nie z ohlásenia o vzniku odpadu. Overiť podľa evidencie prevádzkovateľa."
154,36,84,D,"Odvodené z typu prevádzky, nie z ohlásenia o vzniku odpadu. Overiť podľa evidencie prevádzkovateľa."
155,36,85,D,"Odvodené z typu prevádzky, nie z ohlásenia o vzniku odpadu. Overiť podľa evidencie prevádzkovateľa."
156,36,86,D,"Odvodené z typu prevádzky, nie z ohlásenia o vzniku odpadu. Overiť podľa evidencie prevádzkovateľa."
157,36,87,D,"Odvodené z typu prevádzky, nie z ohlásenia o vzniku odpadu. Overiť podľa evidencie prevádzkovateľa."
158,37,83,D,"Odvodené z typu prevádzky, nie z ohlásenia o vzniku odpadu. Overiť podľa evidencie prevádzkovateľa."
159,37,84,D,"Odvodené z typu prevádzky, nie z ohlásenia o vzniku odpadu. Overiť podľa evidencie prevádzkovateľa."
160,37,85,D,"Odvodené z typu prevádzky, nie z ohlásenia o vzniku odpadu. Overiť podľa evidencie prevádzkovateľa."
161,37,86,D,"Odvodené z typu prevádzky, nie z ohlásenia o vzniku odpadu. Overiť podľa evidencie prevádzkovateľa."
162,37,87,D,"Odvodené z typu prevádzky, nie z ohlásenia o vzniku odpadu. Overiť podľa evidencie prevádzkovateľa."
163,38,83,D,"Odvodené z typu prevádzky, nie z ohlásenia o vzniku odpadu. Overiť podľa evidencie prevádzkovateľa."
164,38,84,D,"Odvodené z typu prevádzky, nie z ohlásenia o vzniku odpadu. Overiť podľa evidencie prevádzkovateľa."
165,38,85,D,"Odvodené z typu prevádzky, nie z ohlásenia o vzniku odpadu. Overiť podľa evidencie prevádzkovateľa."
166,38,86,D,"Odvodené z typu prevádzky, nie z ohlásenia o vzniku odpadu. Overiť podľa evidencie prevádzkovateľa."
167,38,87,D,"Odvodené z typu prevádzky, nie z ohlásenia o vzniku odpadu. Overiť podľa evidencie prevádzkovateľa."
168,39,83,D,"Odvodené z typu prevádzky, nie z ohlásenia o vzniku odpadu. Overiť podľa evidencie prevádzkovateľa."
169,39,84,D,"Odvodené z typu prevádzky, nie z ohlásenia o vzniku odpadu. Overiť podľa evidencie prevádzkovateľa."
170,39,85,D,"Odvodené z typu prevádzky, nie z ohlásenia o vzniku odpadu. Overiť podľa evidencie prevádzkovateľa."
171,39,86,D,"Odvodené z typu prevádzky, nie z ohlásenia o vzniku odpadu. Overiť podľa evidencie prevádzkovateľa."
172,39,87,D,"Odvodené z typu prevádzky, nie z ohlásenia o vzniku odpadu. Overiť podľa evidencie prevádzkovateľa."
173,40,83,D,"Odvodené z typu prevádzky, nie z ohlásenia o vzniku odpadu. Overiť podľa evidencie prevádzkovateľa."
174,40,84,D,"Odvodené z typu prevádzky, nie z ohlásenia o vzniku odpadu. Overiť podľa evidencie prevádzkovateľa."
175,40,85,D,"Odvodené z typu prevádzky, nie z ohlásenia o vzniku odpadu. Overiť podľa evidencie prevádzkovateľa."
176,40,86,D,"Odvodené z typu prevádzky, nie z ohlásenia o vzniku odpadu. Overiť podľa evidencie prevádzkovateľa."
177,40,87,D,"Odvodené z typu prevádzky, nie z ohlásenia o vzniku odpadu. Overiť podľa evidencie prevádzkovateľa."
178,41,83,D,"Odvodené z typu prevádzky, nie z ohlásenia o vzniku odpadu. Overiť podľa evidencie prevádzkovateľa."
179,41,84,D,"Odvodené z typu prevádzky, nie z ohlásenia o vzniku odpadu. Overiť podľa evidencie prevádzkovateľa."
180,41,85,D,"Odvodené z typu prevádzky, nie z ohlásenia o vzniku odpadu. Overiť podľa evidencie prevádzkovateľa."
181,41,86,D,"Odvodené z typu prevádzky, nie z ohlásenia o vzniku odpadu. Overiť podľa evidencie prevádzkovateľa."
182,41,87,D,"Odvodené z typu prevádzky, nie z ohlásenia o vzniku odpadu. Overiť podľa evidencie prevádzkovateľa."
183,42,83,D,"Odvodené z typu prevádzky, nie z ohlásenia o vzniku odpadu. Overiť podľa evidencie prevádzkovateľa."
184,42,84,D,"Odvodené z typu prevádzky, nie z ohlásenia o vzniku odpadu. Overiť podľa evidencie prevádzkovateľa."
185,42,85,D,"Odvodené z typu prevádzky, nie z ohlásenia o vzniku odpadu. Overiť podľa evidencie prevádzkovateľa."
186,42,86,D,"Odvodené z typu prevádzky, nie z ohlásenia o vzniku odpadu. Overiť podľa evidencie prevádzkovateľa."
187,42,87,D,"Odvodené z typu prevádzky, nie z ohlásenia o vzniku odpadu. Overiť podľa evidencie prevádzkovateľa."
188,43,83,D,"Odvodené z typu prevádzky, nie z ohlásenia o vzniku odpadu. Overiť podľa evidencie prevádzkovateľa."
189,43,84,D,"Odvodené z typu prevádzky, nie z ohlásenia o vzniku odpadu. Overiť podľa evidencie prevádzkovateľa."
190,43,85,D,"Odvodené z typu prevádzky, nie z ohlásenia o vzniku odpadu. Overiť podľa evidencie prevádzkovateľa."
191,43,86,D,"Odvodené z typu prevádzky, nie z ohlásenia o vzniku odpadu. Overiť podľa evidencie prevádzkovateľa."
192,43,87,D,"Odvodené z typu prevádzky, nie z ohlásenia o vzniku odpadu. Overiť podľa evidencie prevádzkovateľa."
193,44,47,D,"Odvodené z typu prevádzky, nie z ohlásenia o vzniku odpadu. Overiť podľa evidencie prevádzkovateľa."
194,44,48,D,"Odvodené z typu prevádzky, nie z ohlásenia o vzniku odpadu. Overiť podľa evidencie prevádzkovateľa."
195,44,49,D,"Odvodené z typu prevádzky, nie z ohlásenia o vzniku odpadu. Overiť podľa evidencie prevádzkovateľa."
196,44,51,D,"Odvodené z typu prevádzky, nie z ohlásenia o vzniku odpadu. Overiť podľa evidencie prevádzkovateľa."
197,44,54,D,"Odvodené z typu prevádzky, nie z ohlásenia o vzniku odpadu. Overiť podľa evidencie prevádzkovateľa."
198,44,55,D,"Odvodené z typu prevádzky, nie z ohlásenia o vzniku odpadu. Overiť podľa evidencie prevádzkovateľa."
199,44,53,D,"Odvodené z typu prevádzky, nie z ohlásenia o vzniku odpadu. Overiť podľa evidencie prevádzkovateľa."
200,44,50,D,"Odvodené z typu prevádzky, nie z ohlásenia o vzniku odpadu. Overiť podľa evidencie prevádzkovateľa."
201,45,47,D,"Odvodené z typu prevádzky, nie z ohlásenia o vzniku odpadu. Overiť podľa evidencie prevádzkovateľa."
202,45,48,D,"Odvodené z typu prevádzky, nie z ohlásenia o vzniku odpadu. Overiť podľa evidencie prevádzkovateľa."
203,45,49,D,"Odvodené z typu prevádzky, nie z ohlásenia o vzniku odpadu. Overiť podľa evidencie prevádzkovateľa."
204,45,51,D,"Odvodené z typu prevádzky, nie z ohlásenia o vzniku odpadu. Overiť podľa evidencie prevádzkovateľa."
205,45,54,D,"Odvodené z typu prevádzky, nie z ohlásenia o vzniku odpadu. Overiť podľa evidencie prevádzkovateľa."
206,45,55,D,"Odvodené z typu prevádzky, nie z ohlásenia o vzniku odpadu. Overiť podľa evidencie prevádzkovateľa."
207,45,53,D,"Odvodené z typu prevádzky, nie z ohlásenia o vzniku odpadu. Overiť podľa evidencie prevádzkovateľa."
208,45,50,D,"Odvodené z typu prevádzky, nie z ohlásenia o vzniku odpadu. Overiť podľa evidencie prevádzkovateľa."
209,46,47,D,"Odvodené z typu prevádzky, nie z ohlásenia o vzniku odpadu. Overiť podľa evidencie prevádzkovateľa."
210,46,48,D,"Odvodené z typu prevádzky, nie z ohlásenia o vzniku odpadu. Overiť podľa evidencie prevádzkovateľa."
211,46,49,D,"Odvodené z typu prevádzky, nie z ohlásenia o vzniku odpadu. Overiť podľa evidencie prevádzkovateľa."
212,46,51,D,"Odvodené z typu prevádzky, nie z ohlásenia o vzniku odpadu. Overiť podľa evidencie prevádzkovateľa."
213,46,54,D,"Odvodené z typu prevádzky, nie z ohlásenia o vzniku odpadu. Overiť podľa evidencie prevádzkovateľa."
214,46,55,D,"Odvodené z typu prevádzky, nie z ohlásenia o vzniku odpadu. Overiť podľa evidencie prevádzkovateľa."
215,46,53,D,"Odvodené z typu prevádzky, nie z ohlásenia o vzniku odpadu. Overiť podľa evidencie prevádzkovateľa."
216,46,50,D,"Odvodené z typu prevádzky, nie z ohlásenia o vzniku odpadu. Overiť podľa evidencie prevádzkovateľa."
217,47,47,D,"Odvodené z typu prevádzky, nie z ohlásenia o vzniku odpadu. Overiť podľa evidencie prevádzkovateľa."
218,47,48,D,"Odvodené z typu prevádzky, nie z ohlásenia o vzniku odpadu. Overiť podľa evidencie prevádzkovateľa."
219,47,49,D,"Odvodené z typu prevádzky, nie z ohlásenia o vzniku odpadu. Overiť podľa evidencie prevádzkovateľa."
220,47,51,D,"Odvodené z typu prevádzky, nie z ohlásenia o vzniku odpadu. Overiť podľa evidencie prevádzkovateľa."
221,47,54,D,"Odvodené z typu prevádzky, nie z ohlásenia o vzniku odpadu. Overiť podľa evidencie prevádzkovateľa."
222,47,55,D,"Odvodené z typu prevádzky, nie z ohlásenia o vzniku odpadu. Overiť podľa evidencie prevádzkovateľa."
223,47,53,D,"Odvodené z typu prevádzky, nie z ohlásenia o vzniku odpadu. Overiť podľa evidencie prevádzkovateľa."
224,47,50,D,"Odvodené z typu prevádzky, nie z ohlásenia o vzniku odpadu. Overiť podľa evidencie prevádzkovateľa."
225,48,47,D,"Odvodené z typu prevádzky, nie z ohlásenia o vzniku odpadu. Overiť podľa evidencie prevádzkovateľa."
226,48,48,D,"Odvodené z typu prevádzky, nie z ohlásenia o vzniku odpadu. Overiť podľa evidencie prevádzkovateľa."
227,48,49,D,"Odvodené z typu prevádzky, nie z ohlásenia o vzniku odpadu. Overiť podľa evidencie prevádzkovateľa."
228,48,51,D,"Odvodené z typu prevádzky, nie z ohlásenia o vzniku odpadu. Overiť podľa evidencie prevádzkovateľa."
229,48,54,D,"Odvodené z typu prevádzky, nie z ohlásenia o vzniku odpadu. Overiť podľa evidencie prevádzkovateľa."
230,48,55,D,"Odvodené z typu prevádzky, nie z ohlásenia o vzniku odpadu. Overiť podľa evidencie prevádzkovateľa."
231,48,53,D,"Odvodené z typu prevádzky, nie z ohlásenia o vzniku odpadu. Overiť podľa evidencie prevádzkovateľa."
232,48,50,D,"Odvodené z typu prevádzky, nie z ohlásenia o vzniku odpadu. Overiť podľa evidencie prevádzkovateľa."
233,49,47,D,"Odvodené z typu prevádzky, nie z ohlásenia o vzniku odpadu. Overiť podľa evidencie prevádzkovateľa."
234,49,48,D,"Odvodené z typu prevádzky, nie z ohlásenia o vzniku odpadu. Overiť podľa evidencie prevádzkovateľa."
235,49,49,D,"Odvodené z typu prevádzky, nie z ohlásenia o vzniku odpadu. Overiť podľa evidencie prevádzkovateľa."
236,49,51,D,"Odvodené z typu prevádzky, nie z ohlásenia o vzniku odpadu. Overiť podľa evidencie prevádzkovateľa."
237,49,54,D,"Odvodené z typu prevádzky, nie z ohlásenia o vzniku odpadu. Overiť podľa evidencie prevádzkovateľa."
238,49,55,D,"Odvodené z typu prevádzky, nie z ohlásenia o vzniku odpadu. Overiť podľa evidencie prevádzkovateľa."
239,49,53,D,"Odvodené z typu prevádzky, nie z ohlásenia o vzniku odpadu. Overiť podľa evidencie prevádzkovateľa."
240,49,50,D,"Odvodené z typu prevádzky, nie z ohlásenia o vzniku odpadu. Overiť podľa evidencie prevádzkovateľa."
241,50,47,D,"Odvodené z typu prevádzky, nie z ohlásenia o vzniku odpadu. Overiť podľa evidencie prevádzkovateľa."
242,50,48,D,"Odvodené z typu prevádzky, nie z ohlásenia o vzniku odpadu. Overiť podľa evidencie prevádzkovateľa."
243,50,49,D,"Odvodené z typu prevádzky, nie z ohlásenia o vzniku odpadu. Overiť podľa evidencie prevádzkovateľa."
244,50,51,D,"Odvodené z typu prevádzky, nie z ohlásenia o vzniku odpadu. Overiť podľa evidencie prevádzkovateľa."
245,50,54,D,"Odvodené z typu prevádzky, nie z ohlásenia o vzniku odpadu. Overiť podľa evidencie prevádzkovateľa."
246,50,55,D,"Odvodené z typu prevádzky, nie z ohlásenia o vzniku odpadu. Overiť podľa evidencie prevádzkovateľa."
247,50,53,D,"Odvodené z typu prevádzky, nie z ohlásenia o vzniku odpadu. Overiť podľa evidencie prevádzkovateľa."
248,50,50,D,"Odvodené z typu prevádzky, nie z ohlásenia o vzniku odpadu. Overiť podľa evidencie prevádzkovateľa."
249,51,47,D,"Odvodené z typu prevádzky, nie z ohlásenia o vzniku odpadu. Overiť podľa evidencie prevádzkovateľa."
250,51,48,D,"Odvodené z typu prevádzky, nie z ohlásenia o vzniku odpadu. Overiť podľa evidencie prevádzkovateľa."
251,51,49,D,"Odvodené z typu prevádzky, nie z ohlásenia o vzniku odpadu. Overiť podľa evidencie prevádzkovateľa."
252,51,51,D,"Odvodené z typu prevádzky, nie z ohlásenia o vzniku odpadu. Overiť podľa evidencie prevádzkovateľa."
253,51,54,D,"Odvodené z typu prevádzky, nie z ohlásenia o vzniku odpadu. Overiť podľa evidencie prevádzkovateľa."
254,51,55,D,"Odvodené z typu prevádzky, nie z ohlásenia o vzniku odpadu. Overiť podľa evidencie prevádzkovateľa."
255,51,53,D,"Odvodené z typu prevádzky, nie z ohlásenia o vzniku odpadu. Overiť podľa evidencie prevádzkovateľa."
256,51,50,D,"Odvodené z typu prevádzky, nie z ohlásenia o vzniku odpadu. Overiť podľa evidencie prevádzkovateľa."
257,52,47,D,"Odvodené z typu prevádzky, nie z ohlásenia o vzniku odpadu. Overiť podľa evidencie prevádzkovateľa."
258,52,48,D,"Odvodené z typu prevádzky, nie z ohlásenia o vzniku odpadu. Overiť podľa evidencie prevádzkovateľa."
259,52,49,D,"Odvodené z typu prevádzky, nie z ohlásenia o vzniku odpadu. Overiť podľa evidencie prevádzkovateľa."
260,52,51,D,"Odvodené z typu prevádzky, nie z ohlásenia o vzniku odpadu. Overiť podľa evidencie prevádzkovateľa."
261,52,54,D,"Odvodené z typu prevádzky, nie z ohlásenia o vzniku odpadu. Overiť podľa evidencie prevádzkovateľa."
262,52,55,D,"Odvodené z typu prevádzky, nie z ohlásenia o vzniku odpadu. Overiť podľa evidencie prevádzkovateľa."
263,52,53,D,"Odvodené z typu prevádzky, nie z ohlásenia o vzniku odpadu. Overiť podľa evidencie prevádzkovateľa."
264,52,50,D,"Odvodené z typu prevádzky, nie z ohlásenia o vzniku odpadu. Overiť podľa evidencie prevádzkovateľa."
265,53,47,D,"Odvodené z typu prevádzky, nie z ohlásenia o vzniku odpadu. Overiť podľa evidencie prevádzkovateľa."
266,53,48,D,"Odvodené z typu prevádzky, nie z ohlásenia o vzniku odpadu. Overiť podľa evidencie prevádzkovateľa."
267,53,49,D,"Odvodené z typu prevádzky, nie z ohlásenia o vzniku odpadu. Overiť podľa evidencie prevádzkovateľa."
268,53,51,D,"Odvodené z typu prevádzky, nie z ohlásenia o vzniku odpadu. Overiť podľa evidencie prevádzkovateľa."
269,53,54,D,"Odvodené z typu prevádzky, nie z ohlásenia o vzniku odpadu. Overiť podľa evidencie prevádzkovateľa."
270,53,55,D,"Odvodené z typu prevádzky, nie z ohlásenia o vzniku odpadu. Overiť podľa evidencie prevádzkovateľa."
271,53,53,D,"Odvodené z typu prevádzky, nie z ohlásenia o vzniku odpadu. Overiť podľa evidencie prevádzkovateľa."
272,53,50,D,"Odvodené z typu prevádzky, nie z ohlásenia o vzniku odpadu. Overiť podľa evidencie prevádzkovateľa."
273,54,47,D,"Odvodené z typu prevádzky, nie z ohlásenia o vzniku odpadu. Overiť podľa evidencie prevádzkovateľa."
274,54,48,D,"Odvodené z typu prevádzky, nie z ohlásenia o vzniku odpadu. Overiť podľa evidencie prevádzkovateľa."
275,54,49,D,"Odvodené z typu prevádzky, nie z ohlásenia o vzniku odpadu. Overiť podľa evidencie prevádzkovateľa."
276,54,51,D,"Odvodené z typu prevádzky, nie z ohlásenia o vzniku odpadu. Overiť podľa evidencie prevádzkovateľa."
277,54,54,D,"Odvodené z typu prevádzky, nie z ohlásenia o vzniku odpadu. Overiť podľa evidencie prevádzkovateľa."
278,54,55,D,"Odvodené z typu prevádzky, nie z ohlásenia o vzniku odpadu. Overiť podľa evidencie prevádzkovateľa."
279,54,53,D,"Odvodené z typu prevádzky, nie z ohlásenia o vzniku odpadu. Overiť podľa evidencie prevádzkovateľa."
280,54,50,D,"Odvodené z typu prevádzky, nie z ohlásenia o vzniku odpadu. Overiť podľa evidencie prevádzkovateľa."
281,55,47,D,"Odvodené z typu prevádzky, nie z ohlásenia o vzniku odpadu. Overiť podľa evidencie prevádzkovateľa."
282,55,48,D,"Odvodené z typu prevádzky, nie z ohlásenia o vzniku odpadu. Overiť podľa evidencie prevádzkovateľa."
283,55,49,D,"Odvodené z typu prevádzky, nie z ohlásenia o vzniku odpadu. Overiť podľa evidencie prevádzkovateľa."
284,55,51,D,"Odvodené z typu prevádzky, nie z ohlásenia o vzniku odpadu. Overiť podľa evidencie prevádzkovateľa."
285,55,54,D,"Odvodené z typu prevádzky, nie z ohlásenia o vzniku odpadu. Overiť podľa evidencie prevádzkovateľa."
286,55,55,D,"Odvodené z typu prevádzky, nie z ohlásenia o vzniku odpadu. Overiť podľa evidencie prevádzkovateľa."
287,55,53,D,"Odvodené z typu prevádzky, nie z ohlásenia o vzniku odpadu. Overiť podľa evidencie prevádzkovateľa."
288,55,50,D,"Odvodené z typu prevádzky, nie z ohlásenia o vzniku odpadu. Overiť podľa evidencie prevádzkovateľa."
289,56,47,D,"Odvodené z typu prevádzky, nie z ohlásenia o vzniku odpadu. Overiť podľa evidencie prevádzkovateľa."
290,56,48,D,"Odvodené z typu prevádzky, nie z ohlásenia o vzniku odpadu. Overiť podľa evidencie prevádzkovateľa."
291,56,49,D,"Odvodené z typu prevádzky, nie z ohlásenia o vzniku odpadu. Overiť podľa evidencie prevádzkovateľa."
292,56,51,D,"Odvodené z typu prevádzky, nie z ohlásenia o vzniku odpadu. Overiť podľa evidencie prevádzkovateľa."
293,56,54,D,"Odvodené z typu prevádzky, nie z ohlásenia o vzniku odpadu. Overiť podľa evidencie prevádzkovateľa."
294,56,55,D,"Odvodené z typu prevádzky, nie z ohlásenia o vzniku odpadu. Overiť podľa evidencie prevádzkovateľa."
295,56,53,D,"Odvodené z typu prevádzky, nie z ohlásenia o vzniku odpadu. Overiť podľa evidencie prevádzkovateľa."
296,56,50,D,"Odvodené z typu prevádzky, nie z ohlásenia o vzniku odpadu. Overiť podľa evidencie prevádzkovateľa."
297,57,47,D,"Odvodené z typu prevádzky, nie z ohlásenia o vzniku odpadu. Overiť podľa evidencie prevádzkovateľa."
298,57,48,D,"Odvodené z typu prevádzky, nie z ohlásenia o vzniku odpadu. Overiť podľa evidencie prevádzkovateľa."
299,57,49,D,"Odvodené z typu prevádzky, nie z ohlásenia o vzniku odpadu. Overiť podľa evidencie prevádzkovateľa."
300,57,51,D,"Odvodené z typu prevádzky, nie z ohlásenia o vzniku odpadu. Overiť podľa evidencie prevádzkovateľa."
301,57,54,D,"Odvodené z typu prevádzky, nie z ohlásenia o vzniku odpadu. Overiť podľa evidencie prevádzkovateľa."
302,57,55,D,"Odvodené z typu prevádzky, nie z ohlásenia o vzniku odpadu. Overiť podľa evidencie prevádzkovateľa."
303,57,53,D,"Odvodené z typu prevádzky, nie z ohlásenia o vzniku odpadu. Overiť podľa evidencie prevádzkovateľa."
304,57,50,D,"Odvodené z typu prevádzky, nie z ohlásenia o vzniku odpadu. Overiť podľa evidencie prevádzkovateľa."
305,58,47,D,"Odvodené z typu prevádzky, nie z ohlásenia o vzniku odpadu. Overiť podľa evidencie prevádzkovateľa."
306,58,48,D,"Odvodené z typu prevádzky, nie z ohlásenia o vzniku odpadu. Overiť podľa evidencie prevádzkovateľa."
307,58,49,D,"Odvodené z typu prevádzky, nie z ohlásenia o vzniku odpadu. Overiť podľa evidencie prevádzkovateľa."
308,58,51,D,"Odvodené z typu prevádzky, nie z ohlásenia o vzniku odpadu. Overiť podľa evidencie prevádzkovateľa."
309,58,54,D,"Odvodené z typu prevádzky, nie z ohlásenia o vzniku odpadu. Overiť podľa evidencie prevádzkovateľa."
310,58,55,D,"Odvodené z typu prevádzky, nie z ohlásenia o vzniku odpadu. Overiť podľa evidencie prevádzkovateľa."
311,58,53,D,"Odvodené z typu prevádzky, nie z ohlásenia o vzniku odpadu. Overiť podľa evidencie prevádzkovateľa."
312,58,50,D,"Odvodené z typu prevádzky, nie z ohlásenia o vzniku odpadu. Overiť podľa evidencie prevádzkovateľa."
313,59,47,D,"Odvodené z typu prevádzky, nie z ohlásenia o vzniku odpadu. Overiť podľa evidencie prevádzkovateľa."
314,59,48,D,"Odvodené z typu prevádzky, nie z ohlásenia o vzniku odpadu. Overiť podľa evidencie prevádzkovateľa."
315,59,49,D,"Odvodené z typu prevádzky, nie z ohlásenia o vzniku odpadu. Overiť podľa evidencie prevádzkovateľa."
316,59,51,D,"Odvodené z typu prevádzky, nie z ohlásenia o vzniku odpadu. Overiť podľa evidencie prevádzkovateľa."
317,59,54,D,"Odvodené z typu prevádzky, nie z ohlásenia o vzniku odpadu. Overiť podľa evidencie prevádzkovateľa."
318,59,55,D,"Odvodené z typu prevádzky, nie z ohlásenia o vzniku odpadu. Overiť podľa evidencie prevádzkovateľa."
319,59,53,D,"Odvodené z typu prevádzky, nie z ohlásenia o vzniku odpadu. Overiť podľa evidencie prevádzkovateľa."
320,59,50,D,"Odvodené z typu prevádzky, nie z ohlásenia o vzniku odpadu. Overiť podľa evidencie prevádzkovateľa."
321,60,47,D,"Odvodené z typu prevádzky, nie z ohlásenia o vzniku odpadu. Overiť podľa evidencie prevádzkovateľa."
322,60,48,D,"Odvodené z typu prevádzky, nie z ohlásenia o vzniku odpadu. Overiť podľa evidencie prevádzkovateľa."
323,60,49,D,"Odvodené z typu prevádzky, nie z ohlásenia o vzniku odpadu. Overiť podľa evidencie prevádzkovateľa."
324,60,51,D,"Odvodené z typu prevádzky, nie z ohlásenia o vzniku odpadu. Overiť podľa evidencie prevádzkovateľa."
325,60,54,D,"Odvodené z typu prevádzky, nie z ohlásenia o vzniku odpadu. Overiť podľa evidencie prevádzkovateľa."
326,60,55,D,"Odvodené z typu prevádzky, nie z ohlásenia o vzniku odpadu. Overiť podľa evidencie prevádzkovateľa."
327,60,53,D,"Odvodené z typu prevádzky, nie z ohlásenia o vzniku odpadu. Overiť podľa evidencie prevádzkovateľa."
328,60,50,D,"Odvodené z typu prevádzky, nie z ohlásenia o vzniku odpadu. Overiť podľa evidencie prevádzkovateľa."
329,61,47,D,"Odvodené z typu prevádzky, nie z ohlásenia o vzniku odpadu. Overiť podľa evidencie prevádzkovateľa."
330,61,48,D,"Odvodené z typu prevádzky, nie z ohlásenia o vzniku odpadu. Overiť podľa evidencie prevádzkovateľa."
331,61,49,D,"Odvodené z typu prevádzky, nie z ohlásenia o vzniku odpadu. Overiť podľa evidencie prevádzkovateľa."
332,61,51,D,"Odvodené z typu prevádzky, nie z ohlásenia o vzniku odpadu. Overiť podľa evidencie prevádzkovateľa."
333,61,54,D,"Odvodené z typu prevádzky, nie z ohlásenia o vzniku odpadu. Overiť podľa evidencie prevádzkovateľa."
334,61,55,D,"Odvodené z typu prevádzky, nie z ohlásenia o vzniku odpadu. Overiť podľa evidencie prevádzkovateľa."
335,61,53,D,"Odvodené z typu prevádzky, nie z ohlásenia o vzniku odpadu. Overiť podľa evidencie prevádzkovateľa."
336,61,50,D,"Odvodené z typu prevádzky, nie z ohlásenia o vzniku odpadu. Overiť podľa evidencie prevádzkovateľa."
337,62,47,D,"Odvodené z typu prevádzky, nie z ohlásenia o vzniku odpadu. Overiť podľa evidencie prevádzkovateľa."
338,62,48,D,"Odvodené z typu prevádzky, nie z ohlásenia o vzniku odpadu. Overiť podľa evidencie prevádzkovateľa."
339,62,49,D,"Odvodené z typu prevádzky, nie z ohlásenia o vzniku odpadu. Overiť podľa evidencie prevádzkovateľa."
340,62,51,D,"Odvodené z typu prevádzky, nie z ohlásenia o vzniku odpadu. Overiť podľa evidencie prevádzkovateľa."
341,62,54,D,"Odvodené z typu prevádzky, nie z ohlásenia o vzniku odpadu. Overiť podľa evidencie prevádzkovateľa."
342,62,55,D,"Odvodené z typu prevádzky, nie z ohlásenia o vzniku odpadu. Overiť podľa evidencie prevádzkovateľa."
343,62,53,D,"Odvodené z typu prevádzky, nie z ohlásenia o vzniku odpadu. Overiť podľa evidencie prevádzkovateľa."
344,62,50,D,"Odvodené z typu prevádzky, nie z ohlásenia o vzniku odpadu. Overiť podľa evidencie prevádzkovateľa."
345,63,47,D,"Odvodené z typu prevádzky, nie z ohlásenia o vzniku odpadu. Overiť podľa evidencie prevádzkovateľa."
346,63,48,D,"Odvodené z typu prevádzky, nie z ohlásenia o vzniku odpadu. Overiť podľa evidencie prevádzkovateľa."
347,63,49,D,"Odvodené z typu prevádzky, nie z ohlásenia o vzniku odpadu. Overiť podľa evidencie prevádzkovateľa."
348,63,51,D,"Odvodené z typu prevádzky, nie z ohlásenia o vzniku odpadu. Overiť podľa evidencie prevádzkovateľa."
349,63,54,D,"Odvodené z typu prevádzky, nie z ohlásenia o vzniku odpadu. Overiť podľa evidencie prevádzkovateľa."
350,63,55,D,"Odvodené z typu prevádzky, nie z ohlásenia o vzniku odpadu. Overiť podľa evidencie prevádzkovateľa."
351,63,53,D,"Odvodené z typu prevádzky, nie z ohlásenia o vzniku odpadu. Overiť podľa evidencie prevádzkovateľa."
352,63,50,D,"Odvodené z typu prevádzky, nie z ohlásenia o vzniku odpadu. Overiť podľa evidencie prevádzkovateľa."
353,64,47,D,"Odvodené z typu prevádzky, nie z ohlásenia o vzniku odpadu. Overiť podľa evidencie prevádzkovateľa."
354,64,48,D,"Odvodené z typu prevádzky, nie z ohlásenia o vzniku odpadu. Overiť podľa evidencie prevádzkovateľa."
355,64,49,D,"Odvodené z typu prevádzky, nie z ohlásenia o vzniku odpadu. Overiť podľa evidencie prevádzkovateľa."
356,64,51,D,"Odvodené z typu prevádzky, nie z ohlásenia o vzniku odpadu. Overiť podľa evidencie prevádzkovateľa."
357,64,54,D,"Odvodené z typu prevádzky, nie z ohlásenia o vzniku odpadu. Overiť podľa evidencie prevádzkovateľa."
358,64,55,D,"Odvodené z typu prevádzky, nie z ohlásenia o vzniku odpadu. Overiť podľa evidencie prevádzkovateľa."
359,64,53,D,"Odvodené z typu prevádzky, nie z ohlásenia o vzniku odpadu. Overiť podľa evidencie prevádzkovateľa."
360,64,50,D,"Odvodené z typu prevádzky, nie z ohlásenia o vzniku odpadu. Overiť podľa evidencie prevádzkovateľa."
361,65,47,D,"Odvodené z typu prevádzky, nie z ohlásenia o vzniku odpadu. Overiť podľa evidencie prevádzkovateľa."
362,65,48,D,"Odvodené z typu prevádzky, nie z ohlásenia o vzniku odpadu. Overiť podľa evidencie prevádzkovateľa."
363,65,49,D,"Odvodené z typu prevádzky, nie z ohlásenia o vzniku odpadu. Overiť podľa evidencie prevádzkovateľa."
364,65,51,D,"Odvodené z typu prevádzky, nie z ohlásenia o vzniku odpadu. Overiť podľa evidencie prevádzkovateľa."
365,65,54,D,"Odvodené z typu prevádzky, nie z ohlásenia o vzniku odpadu. Overiť podľa evidencie prevádzkovateľa."
366,65,55,D,"Odvodené z typu prevádzky, nie z ohlásenia o vzniku odpadu. Overiť podľa evidencie prevádzkovateľa."
367,65,53,D,"Odvodené z typu prevádzky, nie z ohlásenia o vzniku odpadu. Overiť podľa evidencie prevádzkovateľa."
368,65,50,D,"Odvodené z typu prevádzky, nie z ohlásenia o vzniku odpadu. Overiť podľa evidencie prevádzkovateľa."
369,66,47,D,"Odvodené z typu prevádzky, nie z ohlásenia o vzniku odpadu. Overiť podľa evidencie prevádzkovateľa."
370,66,48,D,"Odvodené z typu prevádzky, nie z ohlásenia o vzniku odpadu. Overiť podľa evidencie prevádzkovateľa."
371,66,49,D,"Odvodené z typu prevádzky, nie z ohlásenia o vzniku odpadu. Overiť podľa evidencie prevádzkovateľa."
372,66,51,D,"Odvodené z typu prevádzky, nie z ohlásenia o vzniku odpadu. Overiť podľa evidencie prevádzkovateľa."
373,66,54,D,"Odvodené z typu prevádzky, nie z ohlásenia o vzniku odpadu. Overiť podľa evidencie prevádzkovateľa."
374,66,55,D,"Odvodené z typu prevádzky, nie z ohlásenia o vzniku odpadu. Overiť podľa evidencie prevádzkovateľa."
375,66,53,D,"Odvodené z typu prevádzky, nie z ohlásenia o vzniku odpadu. Overiť podľa evidencie prevádzkovateľa."
376,66,50,D,"Odvodené z typu prevádzky, nie z ohlásenia o vzniku odpadu. Overiť podľa evidencie prevádzkovateľa."
377,67,47,D,"Odvodené z typu prevádzky, nie z ohlásenia o vzniku odpadu. Overiť podľa evidencie prevádzkovateľa."
378,67,48,D,"Odvodené z typu prevádzky, nie z ohlásenia o vzniku odpadu. Overiť podľa evidencie prevádzkovateľa."
379,67,49,D,"Odvodené z typu prevádzky, nie z ohlásenia o vzniku odpadu. Overiť podľa evidencie prevádzkovateľa."
380,67,51,D,"Odvodené z typu prevádzky, nie z ohlásenia o vzniku odpadu. Overiť podľa evidencie prevádzkovateľa."
381,67,54,D,"Odvodené z typu prevádzky, nie z ohlásenia o vzniku odpadu. Overiť podľa evidencie prevádzkovateľa."
382,67,55,D,"Odvodené z typu prevádzky, nie z ohlásenia o vzniku odpadu. Overiť podľa evidencie prevádzkovateľa."
383,67,53,D,"Odvodené z typu prevádzky, nie z ohlásenia o vzniku odpadu. Overiť podľa evidencie prevádzkovateľa."
384,67,50,D,"Odvodené z typu prevádzky, nie z ohlásenia o vzniku odpadu. Overiť podľa evidencie prevádzkovateľa."
385,68,47,D,"Odvodené z typu prevádzky, nie z ohlásenia o vzniku odpadu. Overiť podľa evidencie prevádzkovateľa."
386,68,48,D,"Odvodené z typu prevádzky, nie z ohlásenia o vzniku odpadu. Overiť podľa evidencie prevádzkovateľa."
387,68,49,D,"Odvodené z typu prevádzky, nie z ohlásenia o vzniku odpadu. Overiť podľa evidencie prevádzkovateľa."
388,68,51,D,"Odvodené z typu prevádzky, nie z ohlásenia o vzniku odpadu. Overiť podľa evidencie prevádzkovateľa."
389,68,54,D,"Odvodené z typu prevádzky, nie z ohlásenia o vzniku odpadu. Overiť podľa evidencie prevádzkovateľa."
390,68,55,D,"Odvodené z typu prevádzky, nie z ohlásenia o vzniku odpadu. Overiť podľa evidencie prevádzkovateľa."
391,68,53,D,"Odvodené z typu prevádzky, nie z ohlásenia o vzniku odpadu. Overiť podľa evidencie prevádzkovateľa."
392,68,50,D,"Odvodené z typu prevádzky, nie z ohlásenia o vzniku odpadu. Overiť podľa evidencie prevádzkovateľa."
393,69,47,D,"Odvodené z typu prevádzky, nie z ohlásenia o vzniku odpadu. Overiť podľa evidencie prevádzkovateľa."
394,69,48,D,"Odvodené z typu prevádzky, nie z ohlásenia o vzniku odpadu. Overiť podľa evidencie prevádzkovateľa."
395,69,49,D,"Odvodené z typu prevádzky, nie z ohlásenia o vzniku odpadu. Overiť podľa evidencie prevádzkovateľa."
396,69,51,D,"Odvodené z typu prevádzky, nie z ohlásenia o vzniku odpadu. Overiť podľa evidencie prevádzkovateľa."
397,69,54,D,"Odvodené z typu prevádzky, nie z ohlásenia o vzniku odpadu. Overiť podľa evidencie prevádzkovateľa."
398,69,55,D,"Odvodené z typu prevádzky, nie z ohlásenia o vzniku odpadu. Overiť podľa evidencie prevádzkovateľa."
399,69,53,D,"Odvodené z typu prevádzky, nie z ohlásenia o vzniku odpadu. Overiť podľa evidencie prevádzkovateľa."
400,69,50,D,"Odvodené z typu prevádzky, nie z ohlásenia o vzniku odpadu. Overiť podľa evidencie prevádzkovateľa."
401,70,47,D,"Odvodené z typu prevádzky, nie z ohlásenia o vzniku odpadu. Overiť podľa evidencie prevádzkovateľa."
402,70,48,D,"Odvodené z typu prevádzky, nie z ohlásenia o vzniku odpadu. Overiť podľa evidencie prevádzkovateľa."
403,70,49,D,"Odvodené z typu prevádzky, nie z ohlásenia o vzniku odpadu. Overiť podľa evidencie prevádzkovateľa."
404,70,51,D,"Odvodené z typu prevádzky, nie z ohlásenia o vzniku odpadu. Overiť podľa evidencie prevádzkovateľa."
405,70,54,D,"Odvodené z typu prevádzky, nie z ohlásenia o vzniku odpadu. Overiť podľa evidencie prevádzkovateľa."
406,70,55,D,"Odvodené z typu prevádzky, nie z ohlásenia o vzniku odpadu. Overiť podľa evidencie prevádzkovateľa."
407,70,53,D,"Odvodené z typu prevádzky, nie z ohlásenia o vzniku odpadu. Overiť podľa evidencie prevádzkovateľa."
408,70,50,D,"Odvodené z typu prevádzky, nie z ohlásenia o vzniku odpadu. Overiť podľa evidencie prevádzkovateľa."
409,71,47,D,"Odvodené z typu prevádzky, nie z ohlásenia o vzniku odpadu. Overiť podľa evidencie prevádzkovateľa."
410,71,48,D,"Odvodené z typu prevádzky, nie z ohlásenia o vzniku odpadu. Overiť podľa evidencie prevádzkovateľa."
411,71,49,D,"Odvodené z typu prevádzky, nie z ohlásenia o vzniku odpadu. Overiť podľa evidencie prevádzkovateľa."
412,71,51,D,"Odvodené z typu prevádzky, nie z ohlásenia o vzniku odpadu. Overiť podľa evidencie prevádzkovateľa."
413,71,54,D,"Odvodené z typu prevádzky, nie z ohlásenia o vzniku odpadu. Overiť podľa evidencie prevádzkovateľa."
414,71,55,D,"Odvodené z typu prevádzky, nie z ohlásenia o vzniku odpadu. Overiť podľa evidencie prevádzkovateľa."
415,71,53,D,"Odvodené z typu prevádzky, nie z ohlásenia o vzniku odpadu. Overiť podľa evidencie prevádzkovateľa."
416,71,50,D,"Odvodené z typu prevádzky, nie z ohlásenia o vzniku odpadu. Overiť podľa evidencie prevádzkovateľa."
417,72,47,D,"Odvodené z typu prevádzky, nie z ohlásenia o vzniku odpadu. Overiť podľa evidencie prevádzkovateľa."
418,72,48,D,"Odvodené z typu prevádzky, nie z ohlásenia o vzniku odpadu. Overiť podľa evidencie prevádzkovateľa."
419,72,49,D,"Odvodené z typu prevádzky, nie z ohlásenia o vzniku odpadu. Overiť podľa evidencie prevádzkovateľa."
420,72,51,D,"Odvodené z typu prevádzky, nie z ohlásenia o vzniku odpadu. Overiť podľa evidencie prevádzkovateľa."
421,72,54,D,"Odvodené z typu prevádzky, nie z ohlásenia o vzniku odpadu. Overiť podľa evidencie prevádzkovateľa."
422,72,55,D,"Odvodené z typu prevádzky, nie z ohlásenia o vzniku odpadu. Overiť podľa evidencie prevádzkovateľa."
423,72,53,D,"Odvodené z typu prevádzky, nie z ohlásenia o vzniku odpadu. Overiť podľa evidencie prevádzkovateľa."
424,72,50,D,"Odvodené z typu prevádzky, nie z ohlásenia o vzniku odpadu. Overiť podľa evidencie prevádzkovateľa."
425,73,47,D,"Odvodené z typu prevádzky, nie z ohlásenia o vzniku odpadu. Overiť podľa evidencie prevádzkovateľa."
426,73,48,D,"Odvodené z typu prevádzky, nie z ohlásenia o vzniku odpadu. Overiť podľa evidencie prevádzkovateľa."
427,73,49,D,"Odvodené z typu prevádzky, nie z ohlásenia o vzniku odpadu. Overiť podľa evidencie prevádzkovateľa."
428,73,51,D,"Odvodené z typu prevádzky, nie z ohlásenia o vzniku odpadu. Overiť podľa evidencie prevádzkovateľa."
429,73,54,D,"Odvodené z typu prevádzky, nie z ohlásenia o vzniku odpadu. Overiť podľa evidencie prevádzkovateľa."
430,73,55,D,"Odvodené z typu prevádzky, nie z ohlásenia o vzniku odpadu. Overiť podľa evidencie prevádzkovateľa."
431,73,53,D,"Odvodené z typu prevádzky, nie z ohlásenia o vzniku odpadu. Overiť podľa evidencie prevádzkovateľa."
432,73,50,D,"Odvodené z typu prevádzky, nie z ohlásenia o vzniku odpadu. Overiť podľa evidencie prevádzkovateľa."
433,74,47,D,"Odvodené z typu prevádzky, nie z ohlásenia o vzniku odpadu. Overiť podľa evidencie prevádzkovateľa."
434,74,48,D,"Odvodené z typu prevádzky, nie z ohlásenia o vzniku odpadu. Overiť podľa evidencie prevádzkovateľa."
435,74,49,D,"Odvodené z typu prevádzky, nie z ohlásenia o vzniku odpadu. Overiť podľa evidencie prevádzkovateľa."
436,74,51,D,"Odvodené z typu prevádzky, nie z ohlásenia o vzniku odpadu. Overiť podľa evidencie prevádzkovateľa."
437,74,54,D,"Odvodené z typu prevádzky, nie z ohlásenia o vzniku odpadu. Overiť podľa evidencie prevádzkovateľa."
438,74,55,D,"Odvodené z typu prevádzky, nie z ohlásenia o vzniku odpadu. Overiť podľa evidencie prevádzkovateľa."
439,74,53,D,"Odvodené z typu prevádzky, nie z ohlásenia o vzniku odpadu. Overiť podľa evidencie prevádzkovateľa."
440,74,50,D,"Odvodené z typu prevádzky, nie z ohlásenia o vzniku odpadu. Overiť podľa evidencie prevádzkovateľa."
441,75,47,D,"Odvodené z typu prevádzky, nie z ohlásenia o vzniku odpadu. Overiť podľa evidencie prevádzkovateľa."
442,75,48,D,"Odvodené z typu prevádzky, nie z ohlásenia o vzniku odpadu. Overiť podľa evidencie prevádzkovateľa."
443,75,49,D,"Odvodené z typu prevádzky, nie z ohlásenia o vzniku odpadu. Overiť podľa evidencie prevádzkovateľa."
444,75,51,D,"Odvodené z typu prevádzky, nie z ohlásenia o vzniku odpadu. Overiť podľa evidencie prevádzkovateľa."
445,75,54,D,"Odvodené z typu prevádzky, nie z ohlásenia o vzniku odpadu. Overiť podľa evidencie prevádzkovateľa."
446,75,55,D,"Odvodené z typu prevádzky, nie z ohlásenia o vzniku odpadu. Overiť podľa evidencie prevádzkovateľa."
447,75,53,D,"Odvodené z typu prevádzky, nie z ohlásenia o vzniku odpadu. Overiť podľa evidencie prevádzkovateľa."
448,75,50,D,"Odvodené z typu prevádzky, nie z ohlásenia o vzniku odpadu. Overiť podľa evidencie prevádzkovateľa."
449,76,47,D,"Odvodené z typu prevádzky, nie z ohlásenia o vzniku odpadu. Overiť podľa evidencie prevádzkovateľa."
450,76,48,D,"Odvodené z typu prevádzky, nie z ohlásenia o vzniku odpadu. Overiť podľa evidencie prevádzkovateľa."
451,76,49,D,"Odvodené z typu prevádzky, nie z ohlásenia o vzniku odpadu. Overiť podľa evidencie prevádzkovateľa."
452,76,51,D,"Odvodené z typu prevádzky, nie z ohlásenia o vzniku odpadu. Overiť podľa evidencie prevádzkovateľa."
453,76,54,D,"Odvodené z typu prevádzky, nie z ohlásenia o vzniku odpadu. Overiť podľa evidencie prevádzkovateľa."
454,76,55,D,"Odvodené z typu prevádzky, nie z ohlásenia o vzniku odpadu. Overiť podľa evidencie prevádzkovateľa."
455,76,53,D,"Odvodené z typu prevádzky, nie z ohlásenia o vzniku odpadu. Overiť podľa evidencie prevádzkovateľa."
456,76,50,D,"Odvodené z typu prevádzky, nie z ohlásenia o vzniku odpadu. Overiť podľa evidencie prevádzkovateľa."
457,77,47,D,"Odvodené z typu prevádzky, nie z ohlásenia o vzniku odpadu. Overiť podľa evidencie prevádzkovateľa."
458,77,48,D,"Odvodené z typu prevádzky, nie z ohlásenia o vzniku odpadu. Overiť podľa evidencie prevádzkovateľa."
459,77,49,D,"Odvodené z typu prevádzky, nie z ohlásenia o vzniku odpadu. Overiť podľa evidencie prevádzkovateľa."
460,77,51,D,"Odvodené z typu prevádzky, nie z ohlásenia o vzniku odpadu. Overiť podľa evidencie prevádzkovateľa."
461,77,54,D,"Odvodené z typu prevádzky, nie z ohlásenia o vzniku odpadu. Overiť podľa evidencie prevádzkovateľa."
462,77,55,D,"Odvodené z typu prevádzky, nie z ohlásenia o vzniku odpadu. Overiť podľa evidencie prevádzkovateľa."
463,77,53,D,"Odvodené z typu prevádzky, nie z ohlásenia o vzniku odpadu. Overiť podľa evidencie prevádzkovateľa."
464,77,50,D,"Odvodené z typu prevádzky, nie z ohlásenia o vzniku odpadu. Overiť podľa evidencie prevádzkovateľa."
465,78,47,D,"Odvodené z typu prevádzky, nie z ohlásenia o vzniku odpadu. Overiť podľa evidencie prevádzkovateľa."
466,78,48,D,"Odvodené z typu prevádzky, nie z ohlásenia o vzniku odpadu. Overiť podľa evidencie prevádzkovateľa."
467,78,49,D,"Odvodené z typu prevádzky, nie z ohlásenia o vzniku odpadu. Overiť podľa evidencie prevádzkovateľa."
468,78,51,D,"Odvodené z typu prevádzky, nie z ohlásenia o vzniku odpadu. Overiť podľa evidencie prevádzkovateľa."
469,78,54,D,"Odvodené z typu prevádzky, nie z ohlásenia o vzniku odpadu. Overiť podľa evidencie prevádzkovateľa."
470,78,55,D,"Odvodené z typu prevádzky, nie z ohlásenia o vzniku odpadu. Overiť podľa evidencie prevádzkovateľa."
471,78,53,D,"Odvodené z typu prevádzky, nie z ohlásenia o vzniku odpadu. Overiť podľa evidencie prevádzkovateľa."
472,78,50,D,"Odvodené z typu prevádzky, nie z ohlásenia o vzniku odpadu. Overiť podľa evidencie prevádzkovateľa."
473,79,47,D,"Odvodené z typu prevádzky, nie z ohlásenia o vzniku odpadu. Overiť podľa evidencie prevádzkovateľa."
474,79,48,D,"Odvodené z typu prevádzky, nie z ohlásenia o vzniku odpadu. Overiť podľa evidencie prevádzkovateľa."
475,79,49,D,"Odvodené z typu prevádzky, nie z ohlásenia o vzniku odpadu. Overiť podľa evidencie prevádzkovateľa."
476,79,51,D,"Odvodené z typu prevádzky, nie z ohlásenia o vzniku odpadu. Overiť podľa evidencie prevádzkovateľa."
477,79,54,D,"Odvodené z typu prevádzky, nie z ohlásenia o vzniku odpadu. Overiť podľa evidencie prevádzkovateľa."
478,79,55,D,"Odvodené z typu prevádzky, nie z ohlásenia o vzniku odpadu. Overiť podľa evidencie prevádzkovateľa."
479,79,53,D,"Odvodené z typu prevádzky, nie z ohlásenia o vzniku odpadu. Overiť podľa evidencie prevádzkovateľa."
480,79,50,D,"Odvodené z typu prevádzky, nie z ohlásenia o vzniku odpadu. Overiť podľa evidencie prevádzkovateľa."
481,80,47,D,"Odvodené z typu prevádzky, nie z ohlásenia o vzniku odpadu. Overiť podľa evidencie prevádzkovateľa."
482,80,48,D,"Odvodené z typu prevádzky, nie z ohlásenia o vzniku odpadu. Overiť podľa evidencie prevádzkovateľa."
483,80,49,D,"Odvodené z typu prevádzky, nie z ohlásenia o vzniku odpadu. Overiť podľa evidencie prevádzkovateľa."
484,80,51,D,"Odvodené z typu prevádzky, nie z ohlásenia o vzniku odpadu. Overiť podľa evidencie prevádzkovateľa."
485,80,54,D,"Odvodené z typu prevádzky, nie z ohlásenia o vzniku odpadu. Overiť podľa evidencie prevádzkovateľa."
486,80,55,D,"Odvodené z typu prevádzky, nie z ohlásenia o vzniku odpadu. Overiť podľa evidencie prevádzkovateľa."
487,80,53,D,"Odvodené z typu prevádzky, nie z ohlásenia o vzniku odpadu. Overiť podľa evidencie prevádzkovateľa."
488,80,50,D,"Odvodené z typu prevádzky, nie z ohlásenia o vzniku odpadu. Overiť podľa evidencie prevádzkovateľa."
489,81,47,D,"Odvodené z typu prevádzky, nie z ohlásenia o vzniku odpadu. Overiť podľa evidencie prevádzkovateľa."
490,81,48,D,"Odvodené z typu prevádzky, nie z ohlásenia o vzniku odpadu. Overiť podľa evidencie prevádzkovateľa."
491,81,49,D,"Odvodené z typu prevádzky, nie z ohlásenia o vzniku odpadu. Overiť podľa evidencie prevádzkovateľa."
492,81,51,D,"Odvodené z typu prevádzky, nie z ohlásenia o vzniku odpadu. Overiť podľa evidencie prevádzkovateľa."
493,81,54,D,"Odvodené z typu prevádzky, nie z ohlásenia o vzniku odpadu. Overiť podľa evidencie prevádzkovateľa."
494,81,55,D,"Odvodené z typu prevádzky, nie z ohlásenia o vzniku odpadu. Overiť podľa evidencie prevádzkovateľa."
495,81,53,D,"Odvodené z typu prevádzky, nie z ohlásenia o vzniku odpadu. Overiť podľa evidencie prevádzkovateľa."
496,81,50,D,"Odvodené z typu prevádzky, nie z ohlásenia o vzniku odpadu. Overiť podľa evidencie prevádzkovateľa."
497,82,79,D,"Odvodené z typu prevádzky, nie z ohlásenia o vzniku odpadu. Overiť podľa evidencie prevádzkovateľa."
498,82,78,D,"Odvodené z typu prevádzky, nie z ohlásenia o vzniku odpadu. Overiť podľa evidencie prevádzkovateľa."
499,82,62,D,"Odvodené z typu prevádzky, nie z ohlásenia o vzniku odpadu. Overiť podľa evidencie prevádzkovateľa."
500,83,59,D,"Odvodené z typu prevádzky, nie z ohlásenia o vzniku odpadu. Overiť podľa evidencie prevádzkovateľa."
501,83,60,D,"Odvodené z typu prevádzky, nie z ohlásenia o vzniku odpadu. Overiť podľa evidencie prevádzkovateľa."
502,83,61,D,"Odvodené z typu prevádzky, nie z ohlásenia o vzniku odpadu. Overiť podľa evidencie prevádzkovateľa."
503,83,62,D,"Odvodené z typu prevádzky, nie z ohlásenia o vzniku odpadu. Overiť podľa evidencie prevádzkovateľa."
504,83,63,D,"Odvodené z typu prevádzky, nie z ohlásenia o vzniku odpadu. Overiť podľa evidencie prevádzkovateľa."
505,83,65,D,"Odvodené z typu prevádzky, nie z ohlásenia o vzniku odpadu. Overiť podľa evidencie prevádzkovateľa."
506,84,59,D,"Odvodené z typu prevádzky, nie z ohlásenia o vzniku odpadu. Overiť podľa evidencie prevádzkovateľa."
507,84,60,D,"Odvodené z typu prevádzky, nie z ohlásenia o vzniku odpadu. Overiť podľa evidencie prevádzkovateľa."
508,84,61,D,"Odvodené z typu prevádzky, nie z ohlásenia o vzniku odpadu. Overiť podľa evidencie prevádzkovateľa."
509,84,62,D,"Odvodené z typu prevádzky, nie z ohlásenia o vzniku odpadu. Overiť podľa evidencie prevádzkovateľa."
510,84,63,D,"Odvodené z typu prevádzky, nie z ohlásenia o vzniku odpadu. Overiť podľa evidencie prevádzkovateľa."
511,84,65,D,"Odvodené z typu prevádzky, nie z ohlásenia o vzniku odpadu. Overiť podľa evidencie prevádzkovateľa."
512,85,59,D,"Odvodené z typu prevádzky, nie z ohlásenia o vzniku odpadu. Overiť podľa evidencie prevádzkovateľa."
513,85,60,D,"Odvodené z typu prevádzky, nie z ohlásenia o vzniku odpadu. Overiť podľa evidencie prevádzkovateľa."
514,85,61,D,"Odvodené z typu prevádzky, nie z ohlásenia o vzniku odpadu. Overiť podľa evidencie prevádzkovateľa."
515,85,62,D,"Odvodené z typu prevádzky, nie z ohlásenia o vzniku odpadu. Overiť podľa evidencie prevádzkovateľa."
516,85,63,D,"Odvodené z typu prevádzky, nie z ohlásenia o vzniku odpadu. Overiť podľa evidencie prevádzkovateľa."
517,85,65,D,"Odvodené z typu prevádzky, nie z ohlásenia o vzniku odpadu. Overiť podľa evidencie prevádzkovateľa."
518,86,59,D,"Odvodené z typu prevádzky, nie z ohlásenia o vzniku odpadu. Overiť podľa evidencie prevádzkovateľa."
519,86,60,D,"Odvodené z typu prevádzky, nie z ohlásenia o vzniku odpadu. Overiť podľa evidencie prevádzkovateľa."
520,86,61,D,"Odvodené z typu prevádzky, nie z ohlásenia o vzniku odpadu. Overiť podľa evidencie prevádzkovateľa."
521,86,62,D,"Odvodené z typu prevádzky, nie z ohlásenia o vzniku odpadu. Overiť podľa evidencie prevádzkovateľa."
522,86,63,D,"Odvodené z typu prevádzky, nie z ohlásenia o vzniku odpadu. Overiť podľa evidencie prevádzkovateľa."
523,86,65,D,"Odvodené z typu prevádzky, nie z ohlásenia o vzniku odpadu. Overiť podľa evidencie prevádzkovateľa."
524,87,79,D,"Odvodené z typu prevádzky, nie z ohlásenia o vzniku odpadu. Overiť podľa evidencie prevádzkovateľa."
525,87,78,D,"Odvodené z typu prevádzky, nie z ohlásenia o vzniku odpadu. Overiť podľa evidencie prevádzkovateľa."
526,87,62,D,"Odvodené z typu prevádzky, nie z ohlásenia o vzniku odpadu. Overiť podľa evidencie prevádzkovateľa."
527,88,79,D,"Odvodené z typu prevádzky, nie z ohlásenia o vzniku odpadu. Overiť podľa evidencie prevádzkovateľa."
528,88,78,D,"Odvodené z typu prevádzky, nie z ohlásenia o vzniku odpadu. Overiť podľa evidencie prevádzkovateľa."
529,88,62,D,"Odvodené z typu prevádzky, nie z ohlásenia o vzniku odpadu. Overiť podľa evidencie prevádzkovateľa."
530,89,79,D,"Odvodené z typu prevádzky, nie z ohlásenia o vzniku odpadu. Overiť podľa evidencie prevádzkovateľa."
531,89,78,D,"Odvodené z typu prevádzky, nie z ohlásenia o vzniku odpadu. Overiť podľa evidencie prevádzkovateľa."
532,89,62,D,"Odvodené z typu prevádzky, nie z ohlásenia o vzniku odpadu. Overiť podľa evidencie prevádzkovateľa."
533,90,79,D,"Odvodené z typu prevádzky, nie z ohlásenia o vzniku odpadu. Overiť podľa evidencie prevádzkovateľa."
534,90,78,D,"Odvodené z typu prevádzky, nie z ohlásenia o vzniku odpadu. Overiť podľa evidencie prevádzkovateľa."
535,90,62,D,"Odvodené z typu prevádzky, nie z ohlásenia o vzniku odpadu. Overiť podľa evidencie prevádzkovateľa."
536,91,79,D,"Odvodené z typu prevádzky, nie z ohlásenia o vzniku odpadu. Overiť podľa evidencie prevádzkovateľa."
537,91,78,D,"Odvodené z typu prevádzky, nie z ohlásenia o vzniku odpadu. Overiť podľa evidencie prevádzkovateľa."
538,91,62,D,"Odvodené z typu prevádzky, nie z ohlásenia o vzniku odpadu. Overiť podľa evidencie prevádzkovateľa."
539,92,77,D,"Odvodené z typu prevádzky, nie z ohlásenia o vzniku odpadu. Overiť podľa evidencie prevádzkovateľa."
540,92,78,D,"Odvodené z typu prevádzky, nie z ohlásenia o vzniku odpadu. Overiť podľa evidencie prevádzkovateľa."
541,92,81,D,"Odvodené z typu prevádzky, nie z ohlásenia o vzniku odpadu. Overiť podľa evidencie prevádzkovateľa."
542,92,62,D,"Odvodené z typu prevádzky, nie z ohlásenia o vzniku odpadu. Overiť podľa evidencie prevádzkovateľa."
543,93,79,D,"Odvodené z typu prevádzky, nie z ohlásenia o vzniku odpadu. Overiť podľa evidencie prevádzkovateľa."
544,93,78,D,"Odvodené z typu prevádzky, nie z ohlásenia o vzniku odpadu. Overiť podľa evidencie prevádzkovateľa."
545,93,62,D,"Odvodené z typu prevádzky, nie z ohlásenia o vzniku odpadu. Overiť podľa evidencie prevádzkovateľa."
546,94,79,D,"Odvodené z typu prevádzky, nie z ohlásenia o vzniku odpadu. Overiť podľa evidencie prevádzkovateľa."
547,94,78,D,"Odvodené z typu prevádzky, nie z ohlásenia o vzniku odpadu. Overiť podľa evidencie prevádzkovateľa."
548,94,62,D,"Odvodené z typu prevádzky, nie z ohlásenia o vzniku odpadu. Overiť podľa evidencie prevádzkovateľa."
549,95,79,D,"Odvodené z typu prevádzky, nie z ohlásenia o vzniku odpadu. Overiť podľa evidencie prevádzkovateľa."
550,95,78,D,"Odvodené z typu prevádzky, nie z ohlásenia o vzniku odpadu. Overiť podľa evidencie prevádzkovateľa."
551,95,62,D,"Odvodené z typu prevádzky, nie z ohlásenia o vzniku odpadu. Overiť podľa evidencie prevádzkovateľa."
552,96,79,D,"Odvodené z typu prevádzky, nie z ohlásenia o vzniku odpadu. Overiť podľa evidencie prevádzkovateľa."
553,96,78,D,"Odvodené z typu prevádzky, nie z ohlásenia o vzniku odpadu. Overiť podľa evidencie prevádzkovateľa."
554,96,62,D,"Odvodené z typu prevádzky, nie z ohlásenia o vzniku odpadu. Overiť podľa evidencie prevádzkovateľa."
555,97,79,D,"Odvodené z typu prevádzky, nie z ohlásenia o vzniku odpadu. Overiť podľa evidencie prevádzkovateľa."
556,97,78,D,"Odvodené z typu prevádzky, nie z ohlásenia o vzniku odpadu. Overiť podľa evidencie prevádzkovateľa."
557,97,62,D,"Odvodené z typu prevádzky, nie z ohlásenia o vzniku odpadu. Overiť podľa evidencie prevádzkovateľa."
558,98,79,D,"Odvodené z typu prevádzky, nie z ohlásenia o vzniku odpadu. Overiť podľa evidencie prevádzkovateľa."
559,98,78,D,"Odvodené z typu prevádzky, nie z ohlásenia o vzniku odpadu. Overiť podľa evidencie prevádzkovateľa."
560,98,62,D,"Odvodené z typu prevádzky, nie z ohlásenia o vzniku odpadu. Overiť podľa evidencie prevádzkovateľa."
561,99,47,D,"Odvodené z typu prevádzky, nie z ohlásenia o vzniku odpadu. Overiť podľa evidencie prevádzkovateľa."
562,99,48,D,"Odvodené z typu prevádzky, nie z ohlásenia o vzniku odpadu. Overiť podľa evidencie prevádzkovateľa."
563,99,49,D,"Odvodené z typu prevádzky, nie z ohlásenia o vzniku odpadu. Overiť podľa evidencie prevádzkovateľa."
564,99,51,D,"Odvodené z typu prevádzky, nie z ohlásenia o vzniku odpadu. Overiť podľa evidencie prevádzkovateľa."
565,99,54,D,"Odvodené z typu prevádzky, nie z ohlásenia o vzniku odpadu. Overiť podľa evidencie prevádzkovateľa."
566,99,55,D,"Odvodené z typu prevádzky, nie z ohlásenia o vzniku odpadu. Overiť podľa evidencie prevádzkovateľa."
567,99,53,D,"Odvodené z typu prevádzky, nie z ohlásenia o vzniku odpadu. Overiť podľa evidencie prevádzkovateľa."
568,99,50,D,"Odvodené z typu prevádzky, nie z ohlásenia o vzniku odpadu. Overiť podľa evidencie prevádzkovateľa."
569,100,47,D,"Odvodené z typu prevádzky, nie z ohlásenia o vzniku odpadu. Overiť podľa evidencie prevádzkovateľa."
570,100,48,D,"Odvodené z typu prevádzky, nie z ohlásenia o vzniku odpadu. Overiť podľa evidencie prevádzkovateľa."
571,100,49,D,"Odvodené z typu prevádzky, nie z ohlásenia o vzniku odpadu. Overiť podľa evidencie prevádzkovateľa."
572,100,51,D,"Odvodené z typu prevádzky, nie z ohlásenia o vzniku odpadu. Overiť podľa evidencie prevádzkovateľa."
573,100,54,D,"Odvodené z typu prevádzky, nie z ohlásenia o vzniku odpadu. Overiť podľa evidencie prevádzkovateľa."
574,100,55,D,"Odvodené z typu prevádzky, nie z ohlásenia o vzniku odpadu. Overiť podľa evidencie prevádzkovateľa."
575,100,53,D,"Odvodené z typu prevádzky, nie z ohlásenia o vzniku odpadu. Overiť podľa evidencie prevádzkovateľa."
576,100,50,D,"Odvodené z typu prevádzky, nie z ohlásenia o vzniku odpadu. Overiť podľa evidencie prevádzkovateľa."
577,101,79,D,"Odvodené z typu prevádzky, nie z ohlásenia o vzniku odpadu. Overiť podľa evidencie prevádzkovateľa."
578,101,78,D,"Odvodené z typu prevádzky, nie z ohlásenia o vzniku odpadu. Overiť podľa evidencie prevádzkovateľa."
579,101,62,D,"Odvodené z typu prevádzky, nie z ohlásenia o vzniku odpadu. Overiť podľa evidencie prevádzkovateľa."
580,102,77,D,"Odvodené z typu prevádzky, nie z ohlásenia o vzniku odpadu. Overiť podľa evidencie prevádzkovateľa."
581,102,78,D,"Odvodené z typu prevádzky, nie z ohlásenia o vzniku odpadu. Overiť podľa evidencie prevádzkovateľa."
582,102,81,D,"Odvodené z typu prevádzky, nie z ohlásenia o vzniku odpadu. Overiť podľa evidencie prevádzkovateľa."
583,102,62,D,"Odvodené z typu prevádzky, nie z ohlásenia o vzniku odpadu. Overiť podľa evidencie prevádzkovateľa."
584,103,77,D,"Odvodené z typu prevádzky, nie z ohlásenia o vzniku odpadu. Overiť podľa evidencie prevádzkovateľa."
585,103,78,D,"Odvodené z typu prevádzky, nie z ohlásenia o vzniku odpadu. Overiť podľa evidencie prevádzkovateľa."
586,103,81,D,"Odvodené z typu prevádzky, nie z ohlásenia o vzniku odpadu. Overiť podľa evidencie prevádzkovateľa."
587,103,62,D,"Odvodené z typu prevádzky, nie z ohlásenia o vzniku odpadu. Overiť podľa evidencie prevádzkovateľa."
588,104,79,D,"Odvodené z typu prevádzky, nie z ohlásenia o vzniku odpadu. Overiť podľa evidencie prevádzkovateľa."
589,104,78,D,"Odvodené z typu prevádzky, nie z ohlásenia o vzniku odpadu. Overiť podľa evidencie prevádzkovateľa."
590,104,62,D,"Odvodené z typu prevádzky, nie z ohlásenia o vzniku odpadu. Overiť podľa evidencie prevádzkovateľa."
591,105,79,D,"Odvodené z typu prevádzky, nie z ohlásenia o vzniku odpadu. Overiť podľa evidencie prevádzkovateľa."
592,105,78,D,"Odvodené z typu prevádzky, nie z ohlásenia o vzniku odpadu. Overiť podľa evidencie prevádzkovateľa."
593,105,62,D,"Odvodené z typu prevádzky, nie z ohlásenia o vzniku odpadu. Overiť podľa evidencie prevádzkovateľa."
594,106,47,D,"Odvodené z typu prevádzky, nie z ohlásenia o vzniku odpadu. Overiť podľa evidencie prevádzkovateľa."
595,106,48,D,"Odvodené z typu prevádzky, nie z ohlásenia o vzniku odpadu. Overiť podľa evidencie prevádzkovateľa."
596,106,49,D,"Odvodené z typu prevádzky, nie z ohlásenia o vzniku odpadu. Overiť podľa evidencie prevádzkovateľa."
597,106,51,D,"Odvodené z typu prevádzky, nie z ohlásenia o vzniku odpadu. Overiť podľa evidencie prevádzkovateľa."
598,106,54,D,"Odvodené z typu prevádzky, nie z ohlásenia o vzniku odpadu. Overiť podľa evidencie prevádzkovateľa."
599,106,55,D,"Odvodené z typu prevádzky, nie z ohlásenia o vzniku odpadu. Overiť podľa evidencie prevádzkovateľa."
600,106,53,D,"Odvodené z typu prevádzky, nie z ohlásenia o vzniku odpadu. Overiť podľa evidencie prevádzkovateľa."
601,106,50,D,"Odvodené z typu prevádzky, nie z ohlásenia o vzniku odpadu. Overiť podľa evidencie prevádzkovateľa."
602,107,47,D,"Odvodené z typu prevádzky, nie z ohlásenia o vzniku odpadu. Overiť podľa evidencie prevádzkovateľa."
603,107,48,D,"Odvodené z typu prevádzky, nie z ohlásenia o vzniku odpadu. Overiť podľa evidencie prevádzkovateľa."
604,107,49,D,"Odvodené z typu prevádzky, nie z ohlásenia o vzniku odpadu. Overiť podľa evidencie prevádzkovateľa."
605,107,51,D,"Odvodené z typu prevádzky, nie z ohlásenia o vzniku odpadu. Overiť podľa evidencie prevádzkovateľa."
606,107,54,D,"Odvodené z typu prevádzky, nie z ohlásenia o vzniku odpadu. Overiť podľa evidencie prevádzkovateľa."
607,107,55,D,"Odvodené z typu prevádzky, nie z ohlásenia o vzniku odpadu. Overiť podľa evidencie prevádzkovateľa."
608,107,53,D,"Odvodené z typu prevádzky, nie z ohlásenia o vzniku odpadu. Overiť podľa evidencie prevádzkovateľa."
609,107,50,D,"Odvodené z typu prevádzky, nie z ohlásenia o vzniku odpadu. Overiť podľa evidencie prevádzkovateľa."
610,108,47,D,"Odvodené z typu prevádzky, nie z ohlásenia o vzniku odpadu. Overiť podľa evidencie prevádzkovateľa."
611,108,48,D,"Odvodené z typu prevádzky, nie z ohlásenia o vzniku odpadu. Overiť podľa evidencie prevádzkovateľa."
612,108,49,D,"Odvodené z typu prevádzky, nie z ohlásenia o vzniku odpadu. Overiť podľa evidencie prevádzkovateľa."
613,108,51,D,"Odvodené z typu prevádzky, nie z ohlásenia o vzniku odpadu. Overiť podľa evidencie prevádzkovateľa."
614,108,54,D,"Odvodené z typu prevádzky, nie z ohlásenia o vzniku odpadu. Overiť podľa evidencie prevádzkovateľa."
615,108,55,D,"Odvodené z typu prevádzky, nie z ohlásenia o vzniku odpadu. Overiť podľa evidencie prevádzkovateľa."
616,108,53,D,"Odvodené z typu prevádzky, nie z ohlásenia o vzniku odpadu. Overiť podľa evidencie prevádzkovateľa."
617,108,50,D,"Odvodené z typu prevádzky, nie z ohlásenia o vzniku odpadu. Overiť podľa evidencie prevádzkovateľa."
618,109,47,D,"Odvodené z typu prevádzky, nie z ohlásenia o vzniku odpadu. Overiť podľa evidencie prevádzkovateľa."
619,109,48,D,"Odvodené z typu prevádzky, nie z ohlásenia o vzniku odpadu. Overiť podľa evidencie prevádzkovateľa."
620,109,49,D,"Odvodené z typu prevádzky, nie z ohlásenia o vzniku odpadu. Overiť podľa evidencie prevádzkovateľa."
621,109,51,D,"Odvodené z typu prevádzky, nie z ohlásenia o vzniku odpadu. Overiť podľa evidencie prevádzkovateľa."
622,109,54,D,"Odvodené z typu prevádzky, nie z ohlásenia o vzniku odpadu. Overiť podľa evidencie prevádzkovateľa."
623,109,55,D,"Odvodené z typu prevádzky, nie z ohlásenia o vzniku odpadu. Overiť podľa evidencie prevádzkovateľa."
624,109,53,D,"Odvodené z typu prevádzky, nie z ohlásenia o vzniku odpadu. Overiť podľa evidencie prevádzkovateľa."
625,109,50,D,"Odvodené z typu prevádzky, nie z ohlásenia o vzniku odpadu. Overiť podľa evidencie prevádzkovateľa."
626,110,47,D,"Odvodené z typu prevádzky, nie z ohlásenia o vzniku odpadu. Overiť podľa evidencie prevádzkovateľa."
627,110,48,D,"Odvodené z typu prevádzky, nie z ohlásenia o vzniku odpadu. Overiť podľa evidencie prevádzkovateľa."
628,110,49,D,"Odvodené z typu prevádzky, nie z ohlásenia o vzniku odpadu. Overiť podľa evidencie prevádzkovateľa."
629,110,51,D,"Odvodené z typu prevádzky, nie z ohlásenia o vzniku odpadu. Overiť podľa evidencie prevádzkovateľa."
630,110,54,D,"Odvodené z typu prevádzky, nie z ohlásenia o vzniku odpadu. Overiť podľa evidencie prevádzkovateľa."
631,110,55,D,"Odvodené z typu prevádzky, nie z ohlásenia o vzniku odpadu. Overiť podľa evidencie prevádzkovateľa."
632,110,53,D,"Odvodené z typu prevádzky, nie z ohlásenia o vzniku odpadu. Overiť podľa evidencie prevádzkovateľa."
633,110,50,D,"Odvodené z typu prevádzky, nie z ohlásenia o vzniku odpadu. Overiť podľa evidencie prevádzkovateľa."
634,111,47,D,"Odvodené z typu prevádzky, nie z ohlásenia o vzniku odpadu. Overiť podľa evidencie prevádzkovateľa."
635,111,48,D,"Odvodené z typu prevádzky, nie z ohlásenia o vzniku odpadu. Overiť podľa evidencie prevádzkovateľa."
636,111,49,D,"Odvodené z typu prevádzky, nie z ohlásenia o vzniku odpadu. Overiť podľa evidencie prevádzkovateľa."
637,111,51,D,"Odvodené z typu prevádzky, nie z ohlásenia o vzniku odpadu. Overiť podľa evidencie prevádzkovateľa."
638,111,54,D,"Odvodené z typu prevádzky, nie z ohlásenia o vzniku odpadu. Overiť podľa evidencie prevádzkovateľa."
639,111,55,D,"Odvodené z typu prevádzky, nie z ohlásenia o vzniku odpadu. Overiť podľa evidencie prevádzkovateľa."
640,111,53,D,"Odvodené z typu prevádzky, nie z ohlásenia o vzniku odpadu. Overiť podľa evidencie prevádzkovateľa."
641,111,50,D,"Odvodené z typu prevádzky, nie z ohlásenia o vzniku odpadu. Overiť podľa evidencie prevádzkovateľa."
642,112,79,D,"Odvodené z typu prevádzky, nie z ohlásenia o vzniku odpadu. Overiť podľa evidencie prevádzkovateľa."
643,112,78,D,"Odvodené z typu prevádzky, nie z ohlásenia o vzniku odpadu. Overiť podľa evidencie prevádzkovateľa."
644,112,62,D,"Odvodené z typu prevádzky, nie z ohlásenia o vzniku odpadu. Overiť podľa evidencie prevádzkovateľa."
645,113,79,D,"Odvodené z typu prevádzky, nie z ohlásenia o vzniku odpadu. Overiť podľa evidencie prevádzkovateľa."
646,113,78,D,"Odvodené z typu prevádzky, nie z ohlásenia o vzniku odpadu. Overiť podľa evidencie prevádzkovateľa."
647,113,62,D,"Odvodené z typu prevádzky, nie z ohlásenia o vzniku odpadu. Overiť podľa evidencie prevádzkovateľa."
648,114,79,D,"Odvodené z typu prevádzky, nie z ohlásenia o vzniku odpadu. Overiť podľa evidencie prevádzkovateľa."
649,114,78,D,"Odvodené z typu prevádzky, nie z ohlásenia o vzniku odpadu. Overiť podľa evidencie prevádzkovateľa."
650,114,62,D,"Odvodené z typu prevádzky, nie z ohlásenia o vzniku odpadu. Overiť podľa evidencie prevádzkovateľa."
651,115,79,D,"Odvodené z typu prevádzky, nie z ohlásenia o vzniku odpadu. Overiť podľa evidencie prevádzkovateľa."
652,115,78,D,"Odvodené z typu prevádzky, nie z ohlásenia o vzniku odpadu. Overiť podľa evidencie prevádzkovateľa."
653,115,62,D,"Odvodené z typu prevádzky, nie z ohlásenia o vzniku odpadu. Overiť podľa evidencie prevádzkovateľa."
654,116,79,D,"Odvodené z typu prevádzky, nie z ohlásenia o vzniku odpadu. Overiť podľa evidencie prevádzkovateľa."
655,116,78,D,"Odvodené z typu prevádzky, nie z ohlásenia o vzniku odpadu. Overiť podľa evidencie prevádzkovateľa."
656,116,62,D,"Odvodené z typu prevádzky, nie z ohlásenia o vzniku odpadu. Overiť podľa evidencie prevádzkovateľa."
657,117,79,D,"Odvodené z typu prevádzky, nie z ohlásenia o vzniku odpadu. Overiť podľa evidencie prevádzkovateľa."
658,117,78,D,"Odvodené z typu prevádzky, nie z ohlásenia o vzniku odpadu. Overiť podľa evidencie prevádzkovateľa."
659,117,62,D,"Odvodené z typu prevádzky, nie z ohlásenia o vzniku odpadu. Overiť podľa evidencie prevádzkovateľa."
660,118,79,D,"Odvodené z typu prevádzky, nie z ohlásenia o vzniku odpadu. Overiť podľa evidencie prevádzkovateľa."
661,118,78,D,"Odvodené z typu prevádzky, nie z ohlásenia o vzniku odpadu. Overiť podľa evidencie prevádzkovateľa."
662,118,62,D,"Odvodené z typu prevádzky, nie z ohlásenia o vzniku odpadu. Overiť podľa evidencie prevádzkovateľa."
663,119,77,D,"Odvodené z typu prevádzky, nie z ohlásenia o vzniku odpadu. Overiť podľa evidencie prevádzkovateľa."
664,119,78,D,"Odvodené z typu prevádzky, nie z ohlásenia o vzniku odpadu. Overiť podľa evidencie prevádzkovateľa."
665,119,81,D,"Odvodené z typu prevádzky, nie z ohlásenia o vzniku odpadu. Overiť podľa evidencie prevádzkovateľa."
666,119,62,D,"Odvodené z typu prevádzky, nie z ohlásenia o vzniku odpadu. Overiť podľa evidencie prevádzkovateľa."
667,120,79,D,"Odvodené z typu prevádzky, nie z ohlásenia o vzniku odpadu. Overiť podľa evidencie prevádzkovateľa."
668,120,78,D,"Odvodené z typu prevádzky, nie z ohlásenia o vzniku odpadu. Overiť podľa evidencie prevádzkovateľa."
669,120,62,D,"Odvodené z typu prevádzky, nie z ohlásenia o vzniku odpadu. Overiť podľa evidencie prevádzkovateľa."
670,121,79,D,"Odvodené z typu prevádzky, nie z ohlásenia o vzniku odpadu. Overiť podľa evidencie prevádzkovateľa."
671,121,78,D,"Odvodené z typu prevádzky, nie z ohlásenia o vzniku odpadu. Overiť podľa evidencie prevádzkovateľa."
672,121,62,D,"Odvodené z typu prevádzky, nie z ohlásenia o vzniku odpadu. Overiť podľa evidencie prevádzkovateľa."
673,122,79,D,"Odvodené z typu prevádzky, nie z ohlásenia o vzniku odpadu. Overiť podľa evidencie prevádzkovateľa."
674,122,78,D,"Odvodené z typu prevádzky, nie z ohlásenia o vzniku odpadu. Overiť podľa evidencie prevádzkovateľa."
675,122,62,D,"Odvodené z typu prevádzky, nie z ohlásenia o vzniku odpadu. Overiť podľa evidencie prevádzkovateľa."
676,123,77,D,"Odvodené z typu prevádzky, nie z ohlásenia o vzniku odpadu. Overiť podľa evidencie prevádzkovateľa."
677,123,78,D,"Odvodené z typu prevádzky, nie z ohlásenia o vzniku odpadu. Overiť podľa evidencie prevádzkovateľa."
678,123,81,D,"Odvodené z typu prevádzky, nie z ohlásenia o vzniku odpadu. Overiť podľa evidencie prevádzkovateľa."
679,123,62,D,"Odvodené z typu prevádzky, nie z ohlásenia o vzniku odpadu. Overiť podľa evidencie prevádzkovateľa."
680,124,47,D,"Odvodené z typu prevádzky, nie z ohlásenia o vzniku odpadu. Overiť podľa evidencie prevádzkovateľa."
681,124,48,D,"Odvodené z typu prevádzky, nie z ohlásenia o vzniku odpadu. Overiť podľa evidencie prevádzkovateľa."
682,124,49,D,"Odvodené z typu prevádzky, nie z ohlásenia o vzniku odpadu. Overiť podľa evidencie prevádzkovateľa."
683,124,51,D,"Odvodené z typu prevádzky, nie z ohlásenia o vzniku odpadu. Overiť podľa evidencie prevádzkovateľa."
684,124,54,D,"Odvodené z typu prevádzky, nie z ohlásenia o vzniku odpadu. Overiť podľa evidencie prevádzkovateľa."
685,124,55,D,"Odvodené z typu prevádzky, nie z ohlásenia o vzniku odpadu. Overiť podľa evidencie prevádzkovateľa."
686,124,53,D,"Odvodené z typu prevádzky, nie z ohlásenia o vzniku odpadu. Overiť podľa evidencie prevádzkovateľa."
687,124,50,D,"Odvodené z typu prevádzky, nie z ohlásenia o vzniku odpadu. Overiť podľa evidencie prevádzkovateľa."
688,125,77,D,"Odvodené z typu prevádzky, nie z ohlásenia o vzniku odpadu. Overiť podľa evidencie prevádzkovateľa."
689,125,78,D,"Odvodené z typu prevádzky, nie z ohlásenia o vzniku odpadu. Overiť podľa evidencie prevádzkovateľa."
690,125,81,D,"Odvodené z typu prevádzky, nie z ohlásenia o vzniku odpadu. Overiť podľa evidencie prevádzkovateľa."
691,125,62,D,"Odvodené z typu prevádzky, nie z ohlásenia o vzniku odpadu. Overiť podľa evidencie prevádzkovateľa."
692,126,79,D,"Odvodené z typu prevádzky, nie z ohlásenia o vzniku odpadu. Overiť podľa evidencie prevádzkovateľa."
693,126,78,D,"Odvodené z typu prevádzky, nie z ohlásenia o vzniku odpadu. Overiť podľa evidencie prevádzkovateľa."
694,126,62,D,"Odvodené z typu prevádzky, nie z ohlásenia o vzniku odpadu. Overiť podľa evidencie prevádzkovateľa."
695,127,79,D,"Odvodené z typu prevádzky, nie z ohlásenia o vzniku odpadu. Overiť podľa evidencie prevádzkovateľa."
696,127,78,D,"Odvodené z typu prevádzky, nie z ohlásenia o vzniku odpadu. Overiť podľa evidencie prevádzkovateľa."
697,127,62,D,"Odvodené z typu prevádzky, nie z ohlásenia o vzniku odpadu. Overiť podľa evidencie prevádzkovateľa."
698,128,79,D,"Odvodené z typu prevádzky, nie z ohlásenia o vzniku odpadu. Overiť podľa evidencie prevádzkovateľa."
699,128,78,D,"Odvodené z typu prevádzky, nie z ohlásenia o vzniku odpadu. Overiť podľa evidencie prevádzkovateľa."
700,128,62,D,"Odvodené z typu prevádzky, nie z ohlásenia o vzniku odpadu. Overiť podľa evidencie prevádzkovateľa."
701,129,77,D,"Odvodené z typu prevádzky, nie z ohlásenia o vzniku odpadu. Overiť podľa evidencie prevádzkovateľa."
702,129,78,D,"Odvodené z typu prevádzky, nie z ohlásenia o vzniku odpadu. Overiť podľa evidencie prevádzkovateľa."
703,129,81,D,"Odvodené z typu prevádzky, nie z ohlásenia o vzniku odpadu. Overiť podľa evidencie prevádzkovateľa."
704,129,62,D,"Odvodené z typu prevádzky, nie z ohlásenia o vzniku odpadu. Overiť podľa evidencie prevádzkovateľa."
705,130,77,D,"Odvodené z typu prevádzky, nie z ohlásenia o vzniku odpadu. Overiť podľa evidencie prevádzkovateľa."
706,130,78,D,"Odvodené z typu prevádzky, nie z ohlásenia o vzniku odpadu. Overiť podľa evidencie prevádzkovateľa."
707,130,81,D,"Odvodené z typu prevádzky, nie z ohlásenia o vzniku odpadu. Overiť podľa evidencie prevádzkovateľa."
708,130,62,D,"Odvodené z typu prevádzky, nie z ohlásenia o vzniku odpadu. Overiť podľa evidencie prevádzkovateľa."
709,131,77,D,"Odvodené z typu prevádzky, nie z ohlásenia o vzniku odpadu. Overiť podľa evidencie prevádzkovateľa."
710,131,78,D,"Odvodené z typu prevádzky, nie z ohlásenia o vzniku odpadu. Overiť podľa evidencie prevádzkovateľa."
711,131,81,D,"Odvodené z typu prevádzky, nie z ohlásenia o vzniku odpadu. Overiť podľa evidencie prevádzkovateľa."
712,131,62,D,"Odvodené z typu prevádzky, nie z ohlásenia o vzniku odpadu. Overiť podľa evidencie prevádzkovateľa."
713,132,79,D,"Odvodené z typu prevádzky, nie z ohlásenia o vzniku odpadu. Overiť podľa evidencie prevádzkovateľa."
714,132,78,D,"Odvodené z typu prevádzky, nie z ohlásenia o vzniku odpadu. Overiť podľa evidencie prevádzkovateľa."
715,132,62,D,"Odvodené z typu prevádzky, nie z ohlásenia o vzniku odpadu. Overiť podľa evidencie prevádzkovateľa."
716,133,79,D,"Odvodené z typu prevádzky, nie z ohlásenia o vzniku odpadu. Overiť podľa evidencie prevádzkovateľa."
717,133,78,D,"Odvodené z typu prevádzky, nie z ohlásenia o vzniku odpadu. Overiť podľa evidencie prevádzkovateľa."
718,133,62,D,"Odvodené z typu prevádzky, nie z ohlásenia o vzniku odpadu. Overiť podľa evidencie prevádzkovateľa."
719,134,79,D,"Odvodené z typu prevádzky, nie z ohlásenia o vzniku odpadu. Overiť podľa evidencie prevádzkovateľa."
720,134,78,D,"Odvodené z typu prevádzky, nie z ohlásenia o vzniku odpadu. Overiť podľa evidencie prevádzkovateľa."
721,134,62,D,"Odvodené z typu prevádzky, nie z ohlásenia o vzniku odpadu. Overiť podľa evidencie prevádzkovateľa."
722,135,79,D,"Odvodené z typu prevádzky, nie z ohlásenia o vzniku odpadu. Overiť podľa evidencie prevádzkovateľa."
723,135,78,D,"Odvodené z typu prevádzky, nie z ohlásenia o vzniku odpadu. Overiť podľa evidencie prevádzkovateľa."
724,135,62,D,"Odvodené z typu prevádzky, nie z ohlásenia o vzniku odpadu. Overiť podľa evidencie prevádzkovateľa."
725,136,79,D,"Odvodené z typu prevádzky, nie z ohlásenia o vzniku odpadu. Overiť podľa evidencie prevádzkovateľa."
726,136,78,D,"Odvodené z typu prevádzky, nie z ohlásenia o vzniku odpadu. Overiť podľa evidencie prevádzkovateľa."
727,136,62,D,"Odvodené z typu prevádzky, nie z ohlásenia o vzniku odpadu. Overiť podľa evidencie prevádzkovateľa."
728,137,79,D,"Odvodené z typu prevádzky, nie z ohlásenia o vzniku odpadu. Overiť podľa evidencie prevádzkovateľa."
729,137,78,D,"Odvodené z typu prevádzky, nie z ohlásenia o vzniku odpadu. Overiť podľa evidencie prevádzkovateľa."
730,137,62,D,"Odvodené z typu prevádzky, nie z ohlásenia o vzniku odpadu. Overiť podľa evidencie prevádzkovateľa."
731,138,79,D,"Odvodené z typu prevádzky, nie z ohlásenia o vzniku odpadu. Overiť podľa evidencie prevádzkovateľa."
732,138,78,D,"Odvodené z typu prevádzky, nie z ohlásenia o vzniku odpadu. Overiť podľa evidencie prevádzkovateľa."
733,138,62,D,"Odvodené z typu prevádzky, nie z ohlásenia o vzniku odpadu. Overiť podľa evidencie prevádzkovateľa."
734,139,79,D,"Odvodené z typu prevádzky, nie z ohlásenia o vzniku odpadu. Overiť podľa evidencie prevádzkovateľa."
735,139,78,D,"Odvodené z typu prevádzky, nie z ohlásenia o vzniku odpadu. Overiť podľa evidencie prevádzkovateľa."
736,139,62,D,"Odvodené z typu prevádzky, nie z ohlásenia o vzniku odpadu. Overiť podľa evidencie prevádzkovateľa."
737,140,79,D,"Odvodené z typu prevádzky, nie z ohlásenia o vzniku odpadu. Overiť podľa evidencie prevádzkovateľa."
738,140,78,D,"Odvodené z typu prevádzky, nie z ohlásenia o vzniku odpadu. Overiť podľa evidencie prevádzkovateľa."
739,140,62,D,"Odvodené z typu prevádzky, nie z ohlásenia o vzniku odpadu. Overiť podľa evidencie prevádzkovateľa."
740,141,79,D,"Odvodené z typu prevádzky, nie z ohlásenia o vzniku odpadu. Overiť podľa evidencie prevádzkovateľa."
741,141,78,D,"Odvodené z typu prevádzky, nie z ohlásenia o vzniku odpadu. Overiť podľa evidencie prevádzkovateľa."
742,141,62,D,"Odvodené z typu prevádzky, nie z ohlásenia o vzniku odpadu. Overiť podľa evidencie prevádzkovateľa."
743,142,79,D,"Odvodené z typu prevádzky, nie z ohlásenia o vzniku odpadu. Overiť podľa evidencie prevádzkovateľa."
744,142,78,D,"Odvodené z typu prevádzky, nie z ohlásenia o vzniku odpadu. Overiť podľa evidencie prevádzkovateľa."
745,142,62,D,"Odvodené z typu prevádzky, nie z ohlásenia o vzniku odpadu. Overiť podľa evidencie prevádzkovateľa."
746,143,79,D,"Odvodené z typu prevádzky, nie z ohlásenia o vzniku odpadu. Overiť podľa evidencie prevádzkovateľa."
747,143,78,D,"Odvodené z typu prevádzky, nie z ohlásenia o vzniku odpadu. Overiť podľa evidencie prevádzkovateľa."
748,143,62,D,"Odvodené z typu prevádzky, nie z ohlásenia o vzniku odpadu. Overiť podľa evidencie prevádzkovateľa."
749,144,79,D,"Odvodené z typu prevádzky, nie z ohlásenia o vzniku odpadu. Overiť podľa evidencie prevádzkovateľa."
750,144,78,D,"Odvodené z typu prevádzky, nie z ohlásenia o vzniku odpadu. Overiť podľa evidencie prevádzkovateľa."
751,144,62,D,"Odvodené z typu prevádzky, nie z ohlásenia o vzniku odpadu. Overiť podľa evidencie prevádzkovateľa."
752,145,79,D,"Odvodené z typu prevádzky, nie z ohlásenia o vzniku odpadu. Overiť podľa evidencie prevádzkovateľa."
753,145,78,D,"Odvodené z typu prevádzky, nie z ohlásenia o vzniku odpadu. Overiť podľa evidencie prevádzkovateľa."
754,145,62,D,"Odvodené z typu prevádzky, nie z ohlásenia o vzniku odpadu. Overiť podľa evidencie prevádzkovateľa."
755,146,79,D,"Odvodené z typu prevádzky, nie z ohlásenia o vzniku odpadu. Overiť podľa evidencie prevádzkovateľa."
756,146,78,D,"Odvodené z typu prevádzky, nie z ohlásenia o vzniku odpadu. Overiť podľa evidencie prevádzkovateľa."
757,146,62,D,"Odvodené z typu prevádzky, nie z ohlásenia o vzniku odpadu. Overiť podľa evidencie prevádzkovateľa."
758,147,79,D,"Odvodené z typu prevádzky, nie z ohlásenia o vzniku odpadu. Overiť podľa evidencie prevádzkovateľa."
759,147,78,D,"Odvodené z typu prevádzky, nie z ohlásenia o vzniku odpadu. Overiť podľa evidencie prevádzkovateľa."
760,147,62,D,"Odvodené z typu prevádzky, nie z ohlásenia o vzniku odpadu. Overiť podľa evidencie prevádzkovateľa."
761,148,79,D,"Odvodené z typu prevádzky, nie z ohlásenia o vzniku odpadu. Overiť podľa evidencie prevádzkovateľa."
762,148,78,D,"Odvodené z typu prevádzky, nie z ohlásenia o vzniku odpadu. Overiť podľa evidencie prevádzkovateľa."
763,148,62,D,"Odvodené z typu prevádzky, nie z ohlásenia o vzniku odpadu. Overiť podľa evidencie prevádzkovateľa."
764,149,79,D,"Odvodené z typu prevádzky, nie z ohlásenia o vzniku odpadu. Overiť podľa evidencie prevádzkovateľa."
765,149,78,D,"Odvodené z typu prevádzky, nie z ohlásenia o vzniku odpadu. Overiť podľa evidencie prevádzkovateľa."
766,149,62,D,"Odvodené z typu prevádzky, nie z ohlásenia o vzniku odpadu. Overiť podľa evidencie prevádzkovateľa."
767,150,79,D,"Odvodené z typu prevádzky, nie z ohlásenia o vzniku odpadu. Overiť podľa evidencie prevádzkovateľa."
768,150,78,D,"Odvodené z typu prevádzky, nie z ohlásenia o vzniku odpadu. Overiť podľa evidencie prevádzkovateľa."
769,150,62,D,"Odvodené z typu prevádzky, nie z ohlásenia o vzniku odpadu. Overiť podľa evidencie prevádzkovateľa."
770,151,79,D,"Odvodené z typu prevádzky, nie z ohlásenia o vzniku odpadu. Overiť podľa evidencie prevádzkovateľa."
771,151,78,D,"Odvodené z typu prevádzky, nie z ohlásenia o vzniku odpadu. Overiť podľa evidencie prevádzkovateľa."
772,151,62,D,"Odvodené z typu prevádzky, nie z ohlásenia o vzniku odpadu. Overiť podľa evidencie prevádzkovateľa."
773,152,11,D,"Odvodené z typu prevádzky, nie z ohlásenia o vzniku odpadu. Overiť podľa evidencie prevádzkovateľa."
774,152,12,D,"Odvodené z typu prevádzky, nie z ohlásenia o vzniku odpadu. Overiť podľa evidencie prevádzkovateľa."
775,152,52,D,"Odvodené z typu prevádzky, nie z ohlásenia o vzniku odpadu. Overiť podľa evidencie prevádzkovateľa."
776,153,77,D,"Odvodené z typu prevádzky, nie z ohlásenia o vzniku odpadu. Overiť podľa evidencie prevádzkovateľa."
777,153,78,D,"Odvodené z typu prevádzky, nie z ohlásenia o vzniku odpadu. Overiť podľa evidencie prevádzkovateľa."
778,153,81,D,"Odvodené z typu prevádzky, nie z ohlásenia o vzniku odpadu. Overiť podľa evidencie prevádzkovateľa."
779,153,62,D,"Odvodené z typu prevádzky, nie z ohlásenia o vzniku odpadu. Overiť podľa evidencie prevádzkovateľa."
780,154,83,D,"Odvodené z typu prevádzky, nie z ohlásenia o vzniku odpadu. Overiť podľa evidencie prevádzkovateľa."
781,154,84,D,"Odvodené z typu prevádzky, nie z ohlásenia o vzniku odpadu. Overiť podľa evidencie prevádzkovateľa."
782,154,85,D,"Odvodené z typu prevádzky, nie z ohlásenia o vzniku odpadu. Overiť podľa evidencie prevádzkovateľa."
783,154,86,D,"Odvodené z typu prevádzky, nie z ohlásenia o vzniku odpadu. Overiť podľa evidencie prevádzkovateľa."
784,154,87,D,"Odvodené z typu prevádzky, nie z ohlásenia o vzniku odpadu. Overiť podľa evidencie prevádzkovateľa."
785,155,79,D,"Odvodené z typu prevádzky, nie z ohlásenia o vzniku odpadu. Overiť podľa evidencie prevádzkovateľa."
786,155,78,D,"Odvodené z typu prevádzky, nie z ohlásenia o vzniku odpadu. Overiť podľa evidencie prevádzkovateľa."
787,155,62,D,"Odvodené z typu prevádzky, nie z ohlásenia o vzniku odpadu. Overiť podľa evidencie prevádzkovateľa."
788,156,79,D,"Odvodené z typu prevádzky, nie z ohlásenia o vzniku odpadu. Overiť podľa evidencie prevádzkovateľa."
789,156,78,D,"Odvodené z typu prevádzky, nie z ohlásenia o vzniku odpadu. Overiť podľa evidencie prevádzkovateľa."
790,156,62,D,"Odvodené z typu prevádzky, nie z ohlásenia o vzniku odpadu. Overiť podľa evidencie prevádzkovateľa."
791,157,79,D,"Odvodené z typu prevádzky, nie z ohlásenia o vzniku odpadu. Overiť podľa evidencie prevádzkovateľa."
792,157,78,D,"Odvodené z typu prevádzky, nie z ohlásenia o vzniku odpadu. Overiť podľa evidencie prevádzkovateľa."
793,157,62,D,"Odvodené z typu prevádzky, nie z ohlásenia o vzniku odpadu. Overiť podľa evidencie prevádzkovateľa."
794,158,79,D,"Odvodené z typu prevádzky, nie z ohlásenia o vzniku odpadu. Overiť podľa evidencie prevádzkovateľa."
795,158,78,D,"Odvodené z typu prevádzky, nie z ohlásenia o vzniku odpadu. Overiť podľa evidencie prevádzkovateľa."
796,158,62,D,"Odvodené z typu prevádzky, nie z ohlásenia o vzniku odpadu. Overiť podľa evidencie prevádzkovateľa."
797,159,79,D,"Odvodené z typu prevádzky, nie z ohlásenia o vzniku odpadu. Overiť podľa evidencie prevádzkovateľa."
798,159,78,D,"Odvodené z typu prevádzky, nie z ohlásenia o vzniku odpadu. Overiť podľa evidencie prevádzkovateľa."
799,159,62,D,"Odvodené z typu prevádzky, nie z ohlásenia o vzniku odpadu. Overiť podľa evidencie prevádzkovateľa."
800,160,79,D,"Odvodené z typu prevádzky, nie z ohlásenia o vzniku odpadu. Overiť podľa evidencie prevádzkovateľa."
801,160,78,D,"Odvodené z typu prevádzky, nie z ohlásenia o vzniku odpadu. Overiť podľa evidencie prevádzkovateľa."
802,160,62,D,"Odvodené z typu prevádzky, nie z ohlásenia o vzniku odpadu. Overiť podľa evidencie prevádzkovateľa."
803,161,79,D,"Odvodené z typu prevádzky, nie z ohlásenia o vzniku odpadu. Overiť podľa evidencie prevádzkovateľa."
804,161,78,D,"Odvodené z typu prevádzky, nie z ohlásenia o vzniku odpadu. Overiť podľa evidencie prevádzkovateľa."
805,161,62,D,"Odvodené z typu prevádzky, nie z ohlásenia o vzniku odpadu. Overiť podľa evidencie prevádzkovateľa."
806,162,79,D,"Odvodené z typu prevádzky, nie z ohlásenia o vzniku odpadu. Overiť podľa evidencie prevádzkovateľa."
807,162,78,D,"Odvodené z typu prevádzky, nie z ohlásenia o vzniku odpadu. Overiť podľa evidencie prevádzkovateľa."
808,162,62,D,"Odvodené z typu prevádzky, nie z ohlásenia o vzniku odpadu. Overiť podľa evidencie prevádzkovateľa."
809,163,79,D,"Odvodené z typu prevádzky, nie z ohlásenia o vzniku odpadu. Overiť podľa evidencie prevádzkovateľa."
810,163,78,D,"Odvodené z typu prevádzky, nie z ohlásenia o vzniku odpadu. Overiť podľa evidencie prevádzkovateľa."
811,163,62,D,"Odvodené z typu prevádzky, nie z ohlásenia o vzniku odpadu. Overiť podľa evidencie prevádzkovateľa."
812,164,63,D,"Odvodené z typu prevádzky, nie z ohlásenia o vzniku odpadu. Overiť podľa evidencie prevádzkovateľa."
813,164,62,D,"Odvodené z typu prevádzky, nie z ohlásenia o vzniku odpadu. Overiť podľa evidencie prevádzkovateľa."
814,164,64,D,"Odvodené z typu prevádzky, nie z ohlásenia o vzniku odpadu. Overiť podľa evidencie prevádzkovateľa."
815,164,70,D,"Odvodené z typu prevádzky, nie z ohlásenia o vzniku odpadu. Overiť podľa evidencie prevádzkovateľa."
816,164,66,D,"Odvodené z typu prevádzky, nie z ohlásenia o vzniku odpadu. Overiť podľa evidencie prevádzkovateľa."
817,165,77,D,"Odvodené z typu prevádzky, nie z ohlásenia o vzniku odpadu. Overiť podľa evidencie prevádzkovateľa."
818,165,78,D,"Odvodené z typu prevádzky, nie z ohlásenia o vzniku odpadu. Overiť podľa evidencie prevádzkovateľa."
819,165,81,D,"Odvodené z typu prevádzky, nie z ohlásenia o vzniku odpadu. Overiť podľa evidencie prevádzkovateľa."
820,165,62,D,"Odvodené z typu prevádzky, nie z ohlásenia o vzniku odpadu. Overiť podľa evidencie prevádzkovateľa."
821,166,59,D,"Odvodené z typu prevádzky, nie z ohlásenia o vzniku odpadu. Overiť podľa evidencie prevádzkovateľa."
822,166,60,D,"Odvodené z typu prevádzky, nie z ohlásenia o vzniku odpadu. Overiť podľa evidencie prevádzkovateľa."
823,166,61,D,"Odvodené z typu prevádzky, nie z ohlásenia o vzniku odpadu. Overiť podľa evidencie prevádzkovateľa."
824,166,62,D,"Odvodené z typu prevádzky, nie z ohlásenia o vzniku odpadu. Overiť podľa evidencie prevádzkovateľa."
825,166,63,D,"Odvodené z typu prevádzky, nie z ohlásenia o vzniku odpadu. Overiť podľa evidencie prevádzkovateľa."
826,166,65,D,"Odvodené z typu prevádzky, nie z ohlásenia o vzniku odpadu. Overiť podľa evidencie prevádzkovateľa."
827,167,79,D,"Odvodené z typu prevádzky, nie z ohlásenia o vzniku odpadu. Overiť podľa evidencie prevádzkovateľa."
828,167,78,D,"Odvodené z typu prevádzky, nie z ohlásenia o vzniku odpadu. Overiť podľa evidencie prevádzkovateľa."
829,167,62,D,"Odvodené z typu prevádzky, nie z ohlásenia o vzniku odpadu. Overiť podľa evidencie prevádzkovateľa."
830,168,79,D,"Odvodené z typu prevádzky, nie z ohlásenia o vzniku odpadu. Overiť podľa evidencie prevádzkovateľa."
831,168,78,D,"Odvodené z typu prevádzky, nie z ohlásenia o vzniku odpadu. Overiť podľa evidencie prevádzkovateľa."
832,168,62,D,"Odvodené z typu prevádzky, nie z ohlásenia o vzniku odpadu. Overiť podľa evidencie prevádzkovateľa."
833,169,79,D,"Odvodené z typu prevádzky, nie z ohlásenia o vzniku odpadu. Overiť podľa evidencie prevádzkovateľa."
834,169,78,D,"Odvodené z typu prevádzky, nie z ohlásenia o vzniku odpadu. Overiť podľa evidencie prevádzkovateľa."
835,169,62,D,"Odvodené z typu prevádzky, nie z ohlásenia o vzniku odpadu. Overiť podľa evidencie prevádzkovateľa."
836,170,83,D,"Odvodené z typu prevádzky, nie z ohlásenia o vzniku odpadu. Overiť podľa evidencie prevádzkovateľa."
837,170,84,D,"Odvodené z typu prevádzky, nie z ohlásenia o vzniku odpadu. Overiť podľa evidencie prevádzkovateľa."
838,170,85,D,"Odvodené z typu prevádzky, nie z ohlásenia o vzniku odpadu. Overiť podľa evidencie prevádzkovateľa."
839,170,86,D,"Odvodené z typu prevádzky, nie z ohlásenia o vzniku odpadu. Overiť podľa evidencie prevádzkovateľa."
840,170,87,D,"Odvodené z typu prevádzky, nie z ohlásenia o vzniku odpadu. Overiť podľa evidencie prevádzkovateľa."
841,171,79,D,"Odvodené z typu prevádzky, nie z ohlásenia o vzniku odpadu. Overiť podľa evidencie prevádzkovateľa."
842,171,78,D,"Odvodené z typu prevádzky, nie z ohlásenia o vzniku odpadu. Overiť podľa evidencie prevádzkovateľa."
843,171,62,D,"Odvodené z typu prevádzky, nie z ohlásenia o vzniku odpadu. Overiť podľa evidencie prevádzkovateľa."
844,172,77,D,"Odvodené z typu prevádzky, nie z ohlásenia o vzniku odpadu. Overiť podľa evidencie prevádzkovateľa."
845,172,78,D,"Odvodené z typu prevádzky, nie z ohlásenia o vzniku odpadu. Overiť podľa evidencie prevádzkovateľa."
846,172,81,D,"Odvodené z typu prevádzky, nie z ohlásenia o vzniku odpadu. Overiť podľa evidencie prevádzkovateľa."
847,172,62,D,"Odvodené z typu prevádzky, nie z ohlásenia o vzniku odpadu. Overiť podľa evidencie prevádzkovateľa."
848,173,77,D,"Odvodené z typu prevádzky, nie z ohlásenia o vzniku odpadu. Overiť podľa evidencie prevádzkovateľa."
849,173,78,D,"Odvodené z typu prevádzky, nie z ohlásenia o vzniku odpadu. Overiť podľa evidencie prevádzkovateľa."
850,173,81,D,"Odvodené z typu prevádzky, nie z ohlásenia o vzniku odpadu. Overiť podľa evidencie prevádzkovateľa."
851,173,62,D,"Odvodené z typu prevádzky, nie z ohlásenia o vzniku odpadu. Overiť podľa evidencie prevádzkovateľa."
852,174,77,D,"Odvodené z typu prevádzky, nie z ohlásenia o vzniku odpadu. Overiť podľa evidencie prevádzkovateľa."
853,174,78,D,"Odvodené z typu prevádzky, nie z ohlásenia o vzniku odpadu. Overiť podľa evidencie prevádzkovateľa."
854,174,81,D,"Odvodené z typu prevádzky, nie z ohlásenia o vzniku odpadu. Overiť podľa evidencie prevádzkovateľa."
855,174,62,D,"Odvodené z typu prevádzky, nie z ohlásenia o vzniku odpadu. Overiť podľa evidencie prevádzkovateľa."
856,175,77,D,"Odvodené z typu prevádzky, nie z ohlásenia o vzniku odpadu. Overiť podľa evidencie prevádzkovateľa."
857,175,78,D,"Odvodené z typu prevádzky, nie z ohlásenia o vzniku odpadu. Overiť podľa evidencie prevádzkovateľa."
858,175,81,D,"Odvodené z typu prevádzky, nie z ohlásenia o vzniku odpadu. Overiť podľa evidencie prevádzkovateľa."
859,175,62,D,"Odvodené z typu prevádzky, nie z ohlásenia o vzniku odpadu. Overiť podľa evidencie prevádzkovateľa."
860,176,22,D,"Odvodené z typu prevádzky, nie z ohlásenia o vzniku odpadu. Overiť podľa evidencie prevádzkovateľa."
861,176,23,D,"Odvodené z typu prevádzky, nie z ohlásenia o vzniku odpadu. Overiť podľa evidencie prevádzkovateľa."
862,176,24,D,"Odvodené z typu prevádzky, nie z ohlásenia o vzniku odpadu. Overiť podľa evidencie prevádzkovateľa."
863,176,88,D,"Odvodené z typu prevádzky, nie z ohlásenia o vzniku odpadu. Overiť podľa evidencie prevádzkovateľa."
864,176,91,D,"Odvodené z typu prevádzky, nie z ohlásenia o vzniku odpadu. Overiť podľa evidencie prevádzkovateľa."
865,176,92,D,"Odvodené z typu prevádzky, nie z ohlásenia o vzniku odpadu. Overiť podľa evidencie prevádzkovateľa."
866,177,22,D,"Odvodené z typu prevádzky, nie z ohlásenia o vzniku odpadu. Overiť podľa evidencie prevádzkovateľa."
867,177,23,D,"Odvodené z typu prevádzky, nie z ohlásenia o vzniku odpadu. Overiť podľa evidencie prevádzkovateľa."
868,177,24,D,"Odvodené z typu prevádzky, nie z ohlásenia o vzniku odpadu. Overiť podľa evidencie prevádzkovateľa."
869,177,88,D,"Odvodené z typu prevádzky, nie z ohlásenia o vzniku odpadu. Overiť podľa evidencie prevádzkovateľa."
870,177,91,D,"Odvodené z typu prevádzky, nie z ohlásenia o vzniku odpadu. Overiť podľa evidencie prevádzkovateľa."
871,177,92,D,"Odvodené z typu prevádzky, nie z ohlásenia o vzniku odpadu. Overiť podľa evidencie prevádzkovateľa."
872,178,22,D,"Odvodené z typu prevádzky, nie z ohlásenia o vzniku odpadu. Overiť podľa evidencie prevádzkovateľa."
873,178,23,D,"Odvodené z typu prevádzky, nie z ohlásenia o vzniku odpadu. Overiť podľa evidencie prevádzkovateľa."
874,178,24,D,"Odvodené z typu prevádzky, nie z ohlásenia o vzniku odpadu. Overiť podľa evidencie prevádzkovateľa."
875,178,88,D,"Odvodené z typu prevádzky, nie z ohlásenia o vzniku odpadu. Overiť podľa evidencie prevádzkovateľa."
876,178,91,D,"Odvodené z typu prevádzky, nie z ohlásenia o vzniku odpadu. Overiť podľa evidencie prevádzkovateľa."
877,178,92,D,"Odvodené z typu prevádzky, nie z ohlásenia o vzniku odpadu. Overiť podľa evidencie prevádzkovateľa."
878,179,77,D,"Odvodené z typu prevádzky, nie z ohlásenia o vzniku odpadu. Overiť podľa evidencie prevádzkovateľa."
879,179,78,D,"Odvodené z typu prevádzky, nie z ohlásenia o vzniku odpadu. Overiť podľa evidencie prevádzkovateľa."
880,179,81,D,"Odvodené z typu prevádzky, nie z ohlásenia o vzniku odpadu. Overiť podľa evidencie prevádzkovateľa."
881,179,62,D,"Odvodené z typu prevádzky, nie z ohlásenia o vzniku odpadu. Overiť podľa evidencie prevádzkovateľa."
882,180,77,D,"Odvodené z typu prevádzky, nie z ohlásenia o vzniku odpadu. Overiť podľa evidencie prevádzkovateľa."
883,180,78,D,"Odvodené z typu prevádzky, nie z ohlásenia o vzniku odpadu. Overiť podľa evidencie prevádzkovateľa."
884,180,81,D,"Odvodené z typu prevádzky, nie z ohlásenia o vzniku odpadu. Overiť podľa evidencie prevádzkovateľa."
885,180,62,D,"Odvodené z typu prevádzky, nie z ohlásenia o vzniku odpadu. Overiť podľa evidencie prevádzkovateľa."
886,181,77,D,"Odvodené z typu prevádzky, nie z ohlásenia o vzniku odpadu. Overiť podľa evidencie prevádzkovateľa."
887,181,78,D,"Odvodené z typu prevádzky, nie z ohlásenia o vzniku odpadu. Overiť podľa evidencie prevádzkovateľa."
888,181,81,D,"Odvodené z typu prevádzky, nie z ohlásenia o vzniku odpadu. Overiť podľa evidencie prevádzkovateľa."
889,181,62,D,"Odvodené z typu prevádzky, nie z ohlásenia o vzniku odpadu. Overiť podľa evidencie prevádzkovateľa."
890,182,77,D,"Odvodené z typu prevádzky, nie z ohlásenia o vzniku odpadu. Overiť podľa evidencie prevádzkovateľa."
891,182,78,D,"Odvodené z typu prevádzky, nie z ohlásenia o vzniku odpadu. Overiť podľa evidencie prevádzkovateľa."
892,182,81,D,"Odvodené z typu prevádzky, nie z ohlásenia o vzniku odpadu. Overiť podľa evidencie prevádzkovateľa."
893,182,62,D,"Odvodené z typu prevádzky, nie z ohlásenia o vzniku odpadu. Overiť podľa evidencie prevádzkovateľa."
894,183,77,D,"Odvodené z typu prevádzky, nie z ohlásenia o vzniku odpadu. Overiť podľa evidencie prevádzkovateľa."
895,183,78,D,"Odvodené z typu prevádzky, nie z ohlásenia o vzniku odpadu. Overiť podľa evidencie prevádzkovateľa."
896,183,81,D,"Odvodené z typu prevádzky, nie z ohlásenia o vzniku odpadu. Overiť podľa evidencie prevádzkovateľa."
897,183,62,D,"Odvodené z typu prevádzky, nie z ohlásenia o vzniku odpadu. Overiť podľa evidencie prevádzkovateľa."
898,184,79,D,"Odvodené z typu prevádzky, nie z ohlásenia o vzniku odpadu. Overiť podľa evidencie prevádzkovateľa."
899,184,78,D,"Odvodené z typu prevádzky, nie z ohlásenia o vzniku odpadu. Overiť podľa evidencie prevádzkovateľa."
900,184,62,D,"Odvodené z typu prevádzky, nie z ohlásenia o vzniku odpadu. Overiť podľa evidencie prevádzkovateľa."
901,185,79,D,"Odvodené z typu prevádzky, nie z ohlásenia o vzniku odpadu. Overiť podľa evidencie prevádzkovateľa."
902,185,78,D,"Odvodené z typu prevádzky, nie z ohlásenia o vzniku odpadu. Overiť podľa evidencie prevádzkovateľa."
903,185,62,D,"Odvodené z typu prevádzky, nie z ohlásenia o vzniku odpadu. Overiť podľa evidencie prevádzkovateľa."
904,186,79,D,"Odvodené z typu prevádzky, nie z ohlásenia o vzniku odpadu. Overiť podľa evidencie prevádzkovateľa."
905,186,78,D,"Odvodené z typu prevádzky, nie z ohlásenia o vzniku odpadu. Overiť podľa evidencie prevádzkovateľa."
906,186,62,D,"Odvodené z typu prevádzky, nie z ohlásenia o vzniku odpadu. Overiť podľa evidencie prevádzkovateľa."
907,187,77,D,"Odvodené z typu prevádzky, nie z ohlásenia o vzniku odpadu. Overiť podľa evidencie prevádzkovateľa."
908,187,78,D,"Odvodené z typu prevádzky, nie z ohlásenia o vzniku odpadu. Overiť podľa evidencie prevádzkovateľa."
909,187,82,D,"Odvodené z typu prevádzky, nie z ohlásenia o vzniku odpadu. Overiť podľa evidencie prevádzkovateľa."
910,187,62,D,"Odvodené z typu prevádzky, nie z ohlásenia o vzniku odpadu. Overiť podľa evidencie prevádzkovateľa."
911,188,59,D,"Odvodené z typu prevádzky, nie z ohlásenia o vzniku odpadu. Overiť podľa evidencie prevádzkovateľa."
912,188,60,D,"Odvodené z typu prevádzky, nie z ohlásenia o vzniku odpadu. Overiť podľa evidencie prevádzkovateľa."
913,188,61,D,"Odvodené z typu prevádzky, nie z ohlásenia o vzniku odpadu. Overiť podľa evidencie prevádzkovateľa."
914,188,62,D,"Odvodené z typu prevádzky, nie z ohlásenia o vzniku odpadu. Overiť podľa evidencie prevádzkovateľa."
915,188,63,D,"Odvodené z typu prevádzky, nie z ohlásenia o vzniku odpadu. Overiť podľa evidencie prevádzkovateľa."
916,188,65,D,"Odvodené z typu prevádzky, nie z ohlásenia o vzniku odpadu. Overiť podľa evidencie prevádzkovateľa."
917,189,77,D,"Odvodené z typu prevádzky, nie z ohlásenia o vzniku odpadu. Overiť podľa evidencie prevádzkovateľa."
918,189,78,D,"Odvodené z typu prevádzky, nie z ohlásenia o vzniku odpadu. Overiť podľa evidencie prevádzkovateľa."
919,189,81,D,"Odvodené z typu prevádzky, nie z ohlásenia o vzniku odpadu. Overiť podľa evidencie prevádzkovateľa."
920,189,62,D,"Odvodené z typu prevádzky, nie z ohlásenia o vzniku odpadu. Overiť podľa evidencie prevádzkovateľa."
921,190,22,D,"Odvodené z typu prevádzky, nie z ohlásenia o vzniku odpadu. Overiť podľa evidencie prevádzkovateľa."
922,190,23,D,"Odvodené z typu prevádzky, nie z ohlásenia o vzniku odpadu. Overiť podľa evidencie prevádzkovateľa."
923,190,24,D,"Odvodené z typu prevádzky, nie z ohlásenia o vzniku odpadu. Overiť podľa evidencie prevádzkovateľa."
924,190,88,D,"Odvodené z typu prevádzky, nie z ohlásenia o vzniku odpadu. Overiť podľa evidencie prevádzkovateľa."
925,190,91,D,"Odvodené z typu prevádzky, nie z ohlásenia o vzniku odpadu. Overiť podľa evidencie prevádzkovateľa."
926,190,92,D,"Odvodené z typu prevádzky, nie z ohlásenia o vzniku odpadu. Overiť podľa evidencie prevádzkovateľa."
927,191,79,D,"Odvodené z typu prevádzky, nie z ohlásenia o vzniku odpadu. Overiť podľa evidencie prevádzkovateľa."
928,191,78,D,"Odvodené z typu prevádzky, nie z ohlásenia o vzniku odpadu. Overiť podľa evidencie prevádzkovateľa."
929,191,62,D,"Odvodené z typu prevádzky, nie z ohlásenia o vzniku odpadu. Overiť podľa evidencie prevádzkovateľa."
930,192,77,D,"Odvodené z typu prevádzky, nie z ohlásenia o vzniku odpadu. Overiť podľa evidencie prevádzkovateľa."
931,192,78,D,"Odvodené z typu prevádzky, nie z ohlásenia o vzniku odpadu. Overiť podľa evidencie prevádzkovateľa."
932,192,81,D,"Odvodené z typu prevádzky, nie z ohlásenia o vzniku odpadu. Overiť podľa evidencie prevádzkovateľa."
933,192,62,D,"Odvodené z typu prevádzky, nie z ohlásenia o vzniku odpadu. Overiť podľa evidencie prevádzkovateľa."
934,193,80,D,"Odvodené z typu prevádzky, nie z ohlásenia o vzniku odpadu. Overiť podľa evidencie prevádzkovateľa."
935,193,78,D,"Odvodené z typu prevádzky, nie z ohlásenia o vzniku odpadu. Overiť podľa evidencie prevádzkovateľa."
936,193,81,D,"Odvodené z typu prevádzky, nie z ohlásenia o vzniku odpadu. Overiť podľa evidencie prevádzkovateľa."
937,193,70,D,"Odvodené z typu prevádzky, nie z ohlásenia o vzniku odpadu. Overiť podľa evidencie prevádzkovateľa."
938,194,22,D,"Odvodené z typu prevádzky, nie z ohlásenia o vzniku odpadu. Overiť podľa evidencie prevádzkovateľa."
939,194,23,D,"Odvodené z typu prevádzky, nie z ohlásenia o vzniku odpadu. Overiť podľa evidencie prevádzkovateľa."
940,194,24,D,"Odvodené z typu prevádzky, nie z ohlásenia o vzniku odpadu. Overiť podľa evidencie prevádzkovateľa."
941,194,88,D,"Odvodené z typu prevádzky, nie z ohlásenia o vzniku odpadu. Overiť podľa evidencie prevádzkovateľa."
942,194,91,D,"Odvodené z typu prevádzky, nie z ohlásenia o vzniku odpadu. Overiť podľa evidencie prevádzkovateľa."
943,194,92,D,"Odvodené z typu prevádzky, nie z ohlásenia o vzniku odpadu. Overiť podľa evidencie prevádzkovateľa."
944,195,80,D,"Odvodené z typu prevádzky, nie z ohlásenia o vzniku odpadu. Overiť podľa evidencie prevádzkovateľa."
945,195,78,D,"Odvodené z typu prevádzky, nie z ohlásenia o vzniku odpadu. Overiť podľa evidencie prevádzkovateľa."
946,195,81,D,"Odvodené z typu prevádzky, nie z ohlásenia o vzniku odpadu. Overiť podľa evidencie prevádzkovateľa."
947,195,82,D,"Odvodené z typu prevádzky, nie z ohlásenia o vzniku odpadu. Overiť podľa evidencie prevádzkovateľa."
948,195,70,D,"Odvodené z typu prevádzky, nie z ohlásenia o vzniku odpadu. Overiť podľa evidencie prevádzkovateľa."
949,196,47,D,"Odvodené z typu prevádzky, nie z ohlásenia o vzniku odpadu. Overiť podľa evidencie prevádzkovateľa."
950,196,48,D,"Odvodené z typu prevádzky, nie z ohlásenia o vzniku odpadu. Overiť podľa evidencie prevádzkovateľa."
951,196,49,D,"Odvodené z typu prevádzky, nie z ohlásenia o vzniku odpadu. Overiť podľa evidencie prevádzkovateľa."
952,196,51,D,"Odvodené z typu prevádzky, nie z ohlásenia o vzniku odpadu. Overiť podľa evidencie prevádzkovateľa."
953,196,54,D,"Odvodené z typu prevádzky, nie z ohlásenia o vzniku odpadu. Overiť podľa evidencie prevádzkovateľa."
954,196,55,D,"Odvodené z typu prevádzky, nie z ohlásenia o vzniku odpadu. Overiť podľa evidencie prevádzkovateľa."
955,196,53,D,"Odvodené z typu prevádzky, nie z ohlásenia o vzniku odpadu. Overiť podľa evidencie prevádzkovateľa."
956,196,50,D,"Odvodené z typu prevádzky, nie z ohlásenia o vzniku odpadu. Overiť podľa evidencie prevádzkovateľa."
957,197,47,D,"Odvodené z typu prevádzky, nie z ohlásenia o vzniku odpadu. Overiť podľa evidencie prevádzkovateľa."
958,197,48,D,"Odvodené z typu prevádzky, nie z ohlásenia o vzniku odpadu. Overiť podľa evidencie prevádzkovateľa."
959,197,49,D,"Odvodené z typu prevádzky, nie z ohlásenia o vzniku odpadu. Overiť podľa evidencie prevádzkovateľa."
960,197,51,D,"Odvodené z typu prevádzky, nie z ohlásenia o vzniku odpadu. Overiť podľa evidencie prevádzkovateľa."
961,197,54,D,"Odvodené z typu prevádzky, nie z ohlásenia o vzniku odpadu. Overiť podľa evidencie prevádzkovateľa."
962,197,55,D,"Odvodené z typu prevádzky, nie z ohlásenia o vzniku odpadu. Overiť podľa evidencie prevádzkovateľa."
963,197,53,D,"Odvodené z typu prevádzky, nie z ohlásenia o vzniku odpadu. Overiť podľa evidencie prevádzkovateľa."
964,197,50,D,"Odvodené z typu prevádzky, nie z ohlásenia o vzniku odpadu. Overiť podľa evidencie prevádzkovateľa."
965,198,47,D,"Odvodené z typu prevádzky, nie z ohlásenia o vzniku odpadu. Overiť podľa evidencie prevádzkovateľa."
966,198,48,D,"Odvodené z typu prevádzky, nie z ohlásenia o vzniku odpadu. Overiť podľa evidencie prevádzkovateľa."
967,198,49,D,"Odvodené z typu prevádzky, nie z ohlásenia o vzniku odpadu. Overiť podľa evidencie prevádzkovateľa."
968,198,51,D,"Odvodené z typu prevádzky, nie z ohlásenia o vzniku odpadu. Overiť podľa evidencie prevádzkovateľa."
969,198,54,D,"Odvodené z typu prevádzky, nie z ohlásenia o vzniku odpadu. Overiť podľa evidencie prevádzkovateľa."
970,198,55,D,"Odvodené z typu prevádzky, nie z ohlásenia o vzniku odpadu. Overiť podľa evidencie prevádzkovateľa."
971,198,53,D,"Odvodené z typu prevádzky, nie z ohlásenia o vzniku odpadu. Overiť podľa evidencie prevádzkovateľa."
972,198,50,D,"Odvodené z typu prevádzky, nie z ohlásenia o vzniku odpadu. Overiť podľa evidencie prevádzkovateľa."
973,199,83,D,"Odvodené z typu prevádzky, nie z ohlásenia o vzniku odpadu. Overiť podľa evidencie prevádzkovateľa."
974,199,84,D,"Odvodené z typu prevádzky, nie z ohlásenia o vzniku odpadu. Overiť podľa evidencie prevádzkovateľa."
975,199,85,D,"Odvodené z typu prevádzky, nie z ohlásenia o vzniku odpadu. Overiť podľa evidencie prevádzkovateľa."
976,199,86,D,"Odvodené z typu prevádzky, nie z ohlásenia o vzniku odpadu. Overiť podľa evidencie prevádzkovateľa."
977,199,87,D,"Odvodené z typu prevádzky, nie z ohlásenia o vzniku odpadu. Overiť podľa evidencie prevádzkovateľa."
978,200,80,D,"Odvodené z typu prevádzky, nie z ohlásenia o vzniku odpadu. Overiť podľa evidencie prevádzkovateľa."
979,200,78,D,"Odvodené z typu prevádzky, nie z ohlásenia o vzniku odpadu. Overiť podľa evidencie prevádzkovateľa."
980,200,81,D,"Odvodené z typu prevádzky, nie z ohlásenia o vzniku odpadu. Overiť podľa evidencie prevádzkovateľa."
981,200,82,D,"Odvodené z typu prevádzky, nie z ohlásenia o vzniku odpadu. Overiť podľa evidencie prevádzkovateľa."
982,200,70,D,"Odvodené z typu prevádzky, nie z ohlásenia o vzniku odpadu. Overiť podľa evidencie prevádzkovateľa."
983,201,22,D,"Odvodené z typu prevádzky, nie z ohlásenia o vzniku odpadu. Overiť podľa evidencie prevádzkovateľa."
984,201,23,D,"Odvodené z typu prevádzky, nie z ohlásenia o vzniku odpadu. Overiť podľa evidencie prevádzkovateľa."
985,201,24,D,"Odvodené z typu prevádzky, nie z ohlásenia o vzniku odpadu. Overiť podľa evidencie prevádzkovateľa."
986,201,88,D,"Odvodené z typu prevádzky, nie z ohlásenia o vzniku odpadu. Overiť podľa evidencie prevádzkovateľa."
987,201,91,D,"Odvodené z typu prevádzky, nie z ohlásenia o vzniku odpadu. Overiť podľa evidencie prevádzkovateľa."
988,201,92,D,"Odvodené z typu prevádzky, nie z ohlásenia o vzniku odpadu. Overiť podľa evidencie prevádzkovateľa."
989,202,22,D,"Odvodené z typu prevádzky, nie z ohlásenia o vzniku odpadu. Overiť podľa evidencie prevádzkovateľa."
990,202,23,D,"Odvodené z typu prevádzky, nie z ohlásenia o vzniku odpadu. Overiť podľa evidencie prevádzkovateľa."
991,202,24,D,"Odvodené z typu prevádzky, nie z ohlásenia o vzniku odpadu. Overiť podľa evidencie prevádzkovateľa."
992,202,88,D,"Odvodené z typu prevádzky, nie z ohlásenia o vzniku odpadu. Overiť podľa evidencie prevádzkovateľa."
993,202,91,D,"Odvodené z typu prevádzky, nie z ohlásenia o vzniku odpadu. Overiť podľa evidencie prevádzkovateľa."
994,202,92,D,"Odvodené z typu prevádzky, nie z ohlásenia o vzniku odpadu. Overiť podľa evidencie prevádzkovateľa."
995,203,7,D,"Odvodené z typu prevádzky, nie z ohlásenia o vzniku odpadu. Overiť podľa evidencie prevádzkovateľa."
996,203,8,D,"Odvodené z typu prevádzky, nie z ohlásenia o vzniku odpadu. Overiť podľa evidencie prevádzkovateľa."
997,203,9,D,"Odvodené z typu prevádzky, nie z ohlásenia o vzniku odpadu. Overiť podľa evidencie prevádzkovateľa."
998,204,22,D,"Odvodené z typu prevádzky, nie z ohlásenia o vzniku odpadu. Overiť podľa evidencie prevádzkovateľa."
999,204,23,D,"Odvodené z typu prevádzky, nie z ohlásenia o vzniku odpadu. Overiť podľa evidencie prevádzkovateľa."
1000,204,24,D,"Odvodené z typu prevádzky, nie z ohlásenia o vzniku odpadu. Overiť podľa evidencie prevádzkovateľa."
1001,204,88,D,"Odvodené z typu prevádzky, nie z ohlásenia o vzniku odpadu. Overiť podľa evidencie prevádzkovateľa."
1002,204,91,D,"Odvodené z typu prevádzky, nie z ohlásenia o vzniku odpadu. Overiť podľa evidencie prevádzkovateľa."
1003,204,92,D,"Odvodené z typu prevádzky, nie z ohlásenia o vzniku odpadu. Overiť podľa evidencie prevádzkovateľa."
1004,205,14,D,"Odvodené z typu prevádzky, nie z ohlásenia o vzniku odpadu. Overiť podľa evidencie prevádzkovateľa."
1005,205,15,D,"Odvodené z typu prevádzky, nie z ohlásenia o vzniku odpadu. Overiť podľa evidencie prevádzkovateľa."
1006,205,16,D,"Odvodené z typu prevádzky, nie z ohlásenia o vzniku odpadu. Overiť podľa evidencie prevádzkovateľa."
1007,205,17,D,"Odvodené z typu prevádzky, nie z ohlásenia o vzniku odpadu. Overiť podľa evidencie prevádzkovateľa."
1008,205,18,D,"Odvodené z typu prevádzky, nie z ohlásenia o vzniku odpadu. Overiť podľa evidencie prevádzkovateľa."
1009,206,59,D,"Odvodené z typu prevádzky, nie z ohlásenia o vzniku odpadu. Overiť podľa evidencie prevádzkovateľa."
1010,206,60,D,"Odvodené z typu prevádzky, nie z ohlásenia o vzniku odpadu. Overiť podľa evidencie prevádzkovateľa."
1011,206,61,D,"Odvodené z typu prevádzky, nie z ohlásenia o vzniku odpadu. Overiť podľa evidencie prevádzkovateľa."
1012,206,62,D,"Odvodené z typu prevádzky, nie z ohlásenia o vzniku odpadu. Overiť podľa evidencie prevádzkovateľa."
1013,206,65,D,"Odvodené z typu prevádzky, nie z ohlásenia o vzniku odpadu. Overiť podľa evidencie prevádzkovateľa."
1014,207,77,D,"Odvodené z typu prevádzky, nie z ohlásenia o vzniku odpadu. Overiť podľa evidencie prevádzkovateľa."
1015,207,78,D,"Odvodené z typu prevádzky, nie z ohlásenia o vzniku odpadu. Overiť podľa evidencie prevádzkovateľa."
1016,207,81,D,"Odvodené z typu prevádzky, nie z ohlásenia o vzniku odpadu. Overiť podľa evidencie prevádzkovateľa."
1017,207,62,D,"Odvodené z typu prevádzky, nie z ohlásenia o vzniku odpadu. Overiť podľa evidencie prevádzkovateľa."
1018,208,38,D,"Odvodené z typu prevádzky, nie z ohlásenia o vzniku odpadu. Overiť podľa evidencie prevádzkovateľa."
1019,208,39,D,"Odvodené z typu prevádzky, nie z ohlásenia o vzniku odpadu. Overiť podľa evidencie prevádzkovateľa."
1020,209,79,D,"Odvodené z typu prevádzky, nie z ohlásenia o vzniku odpadu. Overiť podľa evidencie prevádzkovateľa."
1021,209,78,D,"Odvodené z typu prevádzky, nie z ohlásenia o vzniku odpadu. Overiť podľa evidencie prevádzkovateľa."
1022,209,62,D,"Odvodené z typu prevádzky, nie z ohlásenia o vzniku odpadu. Overiť podľa evidencie prevádzkovateľa."
1023,210,79,D,"Odvodené z typu prevádzky, nie z ohlásenia o vzniku odpadu. Overiť podľa evidencie prevádzkovateľa."
1024,210,78,D,"Odvodené z typu prevádzky, nie z ohlásenia o vzniku odpadu. Overiť podľa evidencie prevádzkovateľa."
1025,210,62,D,"Odvodené z typu prevádzky, nie z ohlásenia o vzniku odpadu. Overiť podľa evidencie prevádzkovateľa."
1026,211,22,D,"Odvodené z typu prevádzky, nie z ohlásenia o vzniku odpadu. Overiť podľa evidencie prevádzkovateľa."
1027,211,23,D,"Odvodené z typu prevádzky, nie z ohlásenia o vzniku odpadu. Overiť podľa evidencie prevádzkovateľa."
1028,211,24,D,"Odvodené z typu prevádzky, nie z ohlásenia o vzniku odpadu. Overiť podľa evidencie prevádzkovateľa."
1029,211,88,D,"Odvodené z typu prevádzky, nie z ohlásenia o vzniku odpadu. Overiť podľa evidencie prevádzkovateľa."
1030,211,91,D,"Odvodené z typu prevádzky, nie z ohlásenia o vzniku odpadu. Overiť podľa evidencie prevádzkovateľa."
1031,211,92,D,"Odvodené z typu prevádzky, nie z ohlásenia o vzniku odpadu. Overiť podľa evidencie prevádzkovateľa."
1032,212,22,D,"Odvodené z typu prevádzky, nie z ohlásenia o vzniku odpadu. Overiť podľa evidencie prevádzkovateľa."
1033,212,23,D,"Odvodené z typu prevádzky, nie z ohlásenia o vzniku odpadu. Overiť podľa evidencie prevádzkovateľa."
1034,212,24,D,"Odvodené z typu prevádzky, nie z ohlásenia o vzniku odpadu. Overiť podľa evidencie prevádzkovateľa."
1035,212,88,D,"Odvodené z typu prevádzky, nie z ohlásenia o vzniku odpadu. Overiť podľa evidencie prevádzkovateľa."
1036,212,91,D,"Odvodené z typu prevádzky, nie z ohlásenia o vzniku odpadu. Overiť podľa evidencie prevádzkovateľa."
1037,212,92,D,"Odvodené z typu prevádzky, nie z ohlásenia o vzniku odpadu. Overiť podľa evidencie prevádzkovateľa."
1038,213,22,D,"Odvodené z typu prevádzky, nie z ohlásenia o vzniku odpadu. Overiť podľa evidencie prevádzkovateľa."
1039,213,23,D,"Odvodené z typu prevádzky, nie z ohlásenia o vzniku odpadu. Overiť podľa evidencie prevádzkovateľa."
1040,213,24,D,"Odvodené z typu prevádzky, nie z ohlásenia o vzniku odpadu. Overiť podľa evidencie prevádzkovateľa."
1041,213,88,D,"Odvodené z typu prevádzky, nie z ohlásenia o vzniku odpadu. Overiť podľa evidencie prevádzkovateľa."
1042,213,91,D,"Odvodené z typu prevádzky, nie z ohlásenia o vzniku odpadu. Overiť podľa evidencie prevádzkovateľa."
1043,213,92,D,"Odvodené z typu prevádzky, nie z ohlásenia o vzniku odpadu. Overiť podľa evidencie prevádzkovateľa."
1044,214,80,D,"Odvodené z typu prevádzky, nie z ohlásenia o vzniku odpadu. Overiť podľa evidencie prevádzkovateľa."
1045,214,78,D,"Odvodené z typu prevádzky, nie z ohlásenia o vzniku odpadu. Overiť podľa evidencie prevádzkovateľa."
1046,214,81,D,"Odvodené z typu prevádzky, nie z ohlásenia o vzniku odpadu. Overiť podľa evidencie prevádzkovateľa."
1047,214,82,D,"Odvodené z typu prevádzky, nie z ohlásenia o vzniku odpadu. Overiť podľa evidencie prevádzkovateľa."
1048,214,70,D,"Odvodené z typu prevádzky, nie z ohlásenia o vzniku odpadu. Overiť podľa evidencie prevádzkovateľa."
1049,215,77,D,"Odvodené z typu prevádzky, nie z ohlásenia o vzniku odpadu. Overiť podľa evidencie prevádzkovateľa."
1050,215,78,D,"Odvodené z typu prevádzky, nie z ohlásenia o vzniku odpadu. Overiť podľa evidencie prevádzkovateľa."
1051,215,81,D,"Odvodené z typu prevádzky, nie z ohlásenia o vzniku odpadu. Overiť podľa evidencie prevádzkovateľa."
1052,215,62,D,"Odvodené z typu prevádzky, nie z ohlásenia o vzniku odpadu. Overiť podľa evidencie prevádzkovateľa."
1053,216,79,D,"Odvodené z typu prevádzky, nie z ohlásenia o vzniku odpadu. Overiť podľa evidencie prevádzkovateľa."
1054,216,78,D,"Odvodené z typu prevádzky, nie z ohlásenia o vzniku odpadu. Overiť podľa evidencie prevádzkovateľa."
1055,216,62,D,"Odvodené z typu prevádzky, nie z ohlásenia o vzniku odpadu. Overiť podľa evidencie prevádzkovateľa."
1056,217,74,D,"Odvodené z typu prevádzky, nie z ohlásenia o vzniku odpadu. Overiť podľa evidencie prevádzkovateľa."
1057,217,71,D,"Odvodené z typu prevádzky, nie z ohlásenia o vzniku odpadu. Overiť podľa evidencie prevádzkovateľa."
1058,217,73,D,"Odvodené z typu prevádzky, nie z ohlásenia o vzniku odpadu. Overiť podľa evidencie prevádzkovateľa."
1059,217,60,D,"Odvodené z typu prevádzky, nie z ohlásenia o vzniku odpadu. Overiť podľa evidencie prevádzkovateľa."
1060,218,77,D,"Odvodené z typu prevádzky, nie z ohlásenia o vzniku odpadu. Overiť podľa evidencie prevádzkovateľa."
1061,218,78,D,"Odvodené z typu prevádzky, nie z ohlásenia o vzniku odpadu. Overiť podľa evidencie prevádzkovateľa."
1062,218,81,D,"Odvodené z typu prevádzky, nie z ohlásenia o vzniku odpadu. Overiť podľa evidencie prevádzkovateľa."
1063,219,77,D,"Odvodené z typu prevádzky, nie z ohlásenia o vzniku odpadu. Overiť podľa evidencie prevádzkovateľa."
1064,219,78,D,"Odvodené z typu prevádzky, nie z ohlásenia o vzniku odpadu. Overiť podľa evidencie prevádzkovateľa."
1065,219,62,D,"Odvodené z typu prevádzky, nie z ohlásenia o vzniku odpadu. Overiť podľa evidencie prevádzkovateľa."
1066,220,77,D,"Odvodené z typu prevádzky, nie z ohlásenia o vzniku odpadu. Overiť podľa evidencie prevádzkovateľa."
1067,220,78,D,"Odvodené z typu prevádzky, nie z ohlásenia o vzniku odpadu. Overiť podľa evidencie prevádzkovateľa."
1068,220,82,D,"Odvodené z typu prevádzky, nie z ohlásenia o vzniku odpadu. Overiť podľa evidencie prevádzkovateľa."
1069,220,62,D,"Odvodené z typu prevádzky, nie z ohlásenia o vzniku odpadu. Overiť podľa evidencie prevádzkovateľa."
1070,221,77,D,"Odvodené z typu prevádzky, nie z ohlásenia o vzniku odpadu. Overiť podľa evidencie prevádzkovateľa."
1071,221,78,D,"Odvodené z typu prevádzky, nie z ohlásenia o vzniku odpadu. Overiť podľa evidencie prevádzkovateľa."
1072,221,81,D,"Odvodené z typu prevádzky, nie z ohlásenia o vzniku odpadu. Overiť podľa evidencie prevádzkovateľa."
1073,221,62,D,"Odvodené z typu prevádzky, nie z ohlásenia o vzniku odpadu. Overiť podľa evidencie prevádzkovateľa."
1074,222,47,D,"Odvodené z typu prevádzky, nie z ohlásenia o vzniku odpadu. Overiť podľa evidencie prevádzkovateľa."
1075,222,48,D,"Odvodené z typu prevádzky, nie z ohlásenia o vzniku odpadu. Overiť podľa evidencie prevádzkovateľa."
1076,222,49,D,"Odvodené z typu prevádzky, nie z ohlásenia o vzniku odpadu. Overiť podľa evidencie prevádzkovateľa."
1077,222,53,D,"Odvodené z typu prevádzky, nie z ohlásenia o vzniku odpadu. Overiť podľa evidencie prevádzkovateľa."
1078,222,51,D,"Odvodené z typu prevádzky, nie z ohlásenia o vzniku odpadu. Overiť podľa evidencie prevádzkovateľa."
1079,223,47,D,"Odvodené z typu prevádzky, nie z ohlásenia o vzniku odpadu. Overiť podľa evidencie prevádzkovateľa."
1080,223,48,D,"Odvodené z typu prevádzky, nie z ohlásenia o vzniku odpadu. Overiť podľa evidencie prevádzkovateľa."
1081,223,49,D,"Odvodené z typu prevádzky, nie z ohlásenia o vzniku odpadu. Overiť podľa evidencie prevádzkovateľa."
1082,223,51,D,"Odvodené z typu prevádzky, nie z ohlásenia o vzniku odpadu. Overiť podľa evidencie prevádzkovateľa."
1083,223,54,D,"Odvodené z typu prevádzky, nie z ohlásenia o vzniku odpadu. Overiť podľa evidencie prevádzkovateľa."
1084,223,55,D,"Odvodené z typu prevádzky, nie z ohlásenia o vzniku odpadu. Overiť podľa evidencie prevádzkovateľa."
1085,223,53,D,"Odvodené z typu prevádzky, nie z ohlásenia o vzniku odpadu. Overiť podľa evidencie prevádzkovateľa."
1086,223,50,D,"Odvodené z typu prevádzky, nie z ohlásenia o vzniku odpadu. Overiť podľa evidencie prevádzkovateľa."
1087,224,79,D,"Odvodené z typu prevádzky, nie z ohlásenia o vzniku odpadu. Overiť podľa evidencie prevádzkovateľa."
1088,224,78,D,"Odvodené z typu prevádzky, nie z ohlásenia o vzniku odpadu. Overiť podľa evidencie prevádzkovateľa."
1089,224,62,D,"Odvodené z typu prevádzky, nie z ohlásenia o vzniku odpadu. Overiť podľa evidencie prevádzkovateľa."
1090,225,72,D,"Odvodené z typu prevádzky, nie z ohlásenia o vzniku odpadu. Overiť podľa evidencie prevádzkovateľa."
1091,225,71,D,"Odvodené z typu prevádzky, nie z ohlásenia o vzniku odpadu. Overiť podľa evidencie prevádzkovateľa."
1092,225,73,D,"Odvodené z typu prevádzky, nie z ohlásenia o vzniku odpadu. Overiť podľa evidencie prevádzkovateľa."
1093,226,79,D,"Odvodené z typu prevádzky, nie z ohlásenia o vzniku odpadu. Overiť podľa evidencie prevádzkovateľa."
1094,226,78,D,"Odvodené z typu prevádzky, nie z ohlásenia o vzniku odpadu. Overiť podľa evidencie prevádzkovateľa."
1095,226,62,D,"Odvodené z typu prevádzky, nie z ohlásenia o vzniku odpadu. Overiť podľa evidencie prevádzkovateľa."
1096,227,47,D,"Odvodené z typu prevádzky, nie z ohlásenia o vzniku odpadu. Overiť podľa evidencie prevádzkovateľa."
1097,227,48,D,"Odvodené z typu prevádzky, nie z ohlásenia o vzniku odpadu. Overiť podľa evidencie prevádzkovateľa."
1098,227,49,D,"Odvodené z typu prevádzky, nie z ohlásenia o vzniku odpadu. Overiť podľa evidencie prevádzkovateľa."
1099,227,51,D,"Odvodené z typu prevádzky, nie z ohlásenia o vzniku odpadu. Overiť podľa evidencie prevádzkovateľa."
1100,227,54,D,"Odvodené z typu prevádzky, nie z ohlásenia o vzniku odpadu. Overiť podľa evidencie prevádzkovateľa."
1101,227,55,D,"Odvodené z typu prevádzky, nie z ohlásenia o vzniku odpadu. Overiť podľa evidencie prevádzkovateľa."
1102,227,53,D,"Odvodené z typu prevádzky, nie z ohlásenia o vzniku odpadu. Overiť podľa evidencie prevádzkovateľa."
1103,227,50,D,"Odvodené z typu prevádzky, nie z ohlásenia o vzniku odpadu. Overiť podľa evidencie prevádzkovateľa."
1104,228,79,D,"Odvodené z typu prevádzky, nie z ohlásenia o vzniku odpadu. Overiť podľa evidencie prevádzkovateľa."
1105,228,78,D,"Odvodené z typu prevádzky, nie z ohlásenia o vzniku odpadu. Overiť podľa evidencie prevádzkovateľa."
1106,228,62,D,"Odvodené z typu prevádzky, nie z ohlásenia o vzniku odpadu. Overiť podľa evidencie prevádzkovateľa."
1107,229,79,D,"Odvodené z typu prevádzky, nie z ohlásenia o vzniku odpadu. Overiť podľa evidencie prevádzkovateľa."
1108,229,78,D,"Odvodené z typu prevádzky, nie z ohlásenia o vzniku odpadu. Overiť podľa evidencie prevádzkovateľa."
1109,229,62,D,"Odvodené z typu prevádzky, nie z ohlásenia o vzniku odpadu. Overiť podľa evidencie prevádzkovateľa."
1110,230,77,D,"Odvodené z typu prevádzky, nie z ohlásenia o vzniku odpadu. Overiť podľa evidencie prevádzkovateľa."
1111,230,78,D,"Odvodené z typu prevádzky, nie z ohlásenia o vzniku odpadu. Overiť podľa evidencie prevádzkovateľa."
1112,230,81,D,"Odvodené z typu prevádzky, nie z ohlásenia o vzniku odpadu. Overiť podľa evidencie prevádzkovateľa."
1113,230,62,D,"Odvodené z typu prevádzky, nie z ohlásenia o vzniku odpadu. Overiť podľa evidencie prevádzkovateľa."
1114,231,83,D,"Odvodené z typu prevádzky, nie z ohlásenia o vzniku odpadu. Overiť podľa evidencie prevádzkovateľa."
1115,231,84,D,"Odvodené z typu prevádzky, nie z ohlásenia o vzniku odpadu. Overiť podľa evidencie prevádzkovateľa."
1116,231,85,D,"Odvodené z typu prevádzky, nie z ohlásenia o vzniku odpadu. Overiť podľa evidencie prevádzkovateľa."
1117,231,86,D,"Odvodené z typu prevádzky, nie z ohlásenia o vzniku odpadu. Overiť podľa evidencie prevádzkovateľa."
1118,231,87,D,"Odvodené z typu prevádzky, nie z ohlásenia o vzniku odpadu. Overiť podľa evidencie prevádzkovateľa."
1119,231,81,D,"Odvodené z typu prevádzky, nie z ohlásenia o vzniku odpadu. Overiť podľa evidencie prevádzkovateľa."
1120,232,83,D,"Odvodené z typu prevádzky, nie z ohlásenia o vzniku odpadu. Overiť podľa evidencie prevádzkovateľa."
1121,232,84,D,"Odvodené z typu prevádzky, nie z ohlásenia o vzniku odpadu. Overiť podľa evidencie prevádzkovateľa."
1122,232,85,D,"Odvodené z typu prevádzky, nie z ohlásenia o vzniku odpadu. Overiť podľa evidencie prevádzkovateľa."
1123,232,86,D,"Odvodené z typu prevádzky, nie z ohlásenia o vzniku odpadu. Overiť podľa evidencie prevádzkovateľa."
1124,232,87,D,"Odvodené z typu prevádzky, nie z ohlásenia o vzniku odpadu. Overiť podľa evidencie prevádzkovateľa."
1125,232,81,D,"Odvodené z typu prevádzky, nie z ohlásenia o vzniku odpadu. Overiť podľa evidencie prevádzkovateľa."
1126,233,79,D,"Odvodené z typu prevádzky, nie z ohlásenia o vzniku odpadu. Overiť podľa evidencie prevádzkovateľa."
1127,233,78,D,"Odvodené z typu prevádzky, nie z ohlásenia o vzniku odpadu. Overiť podľa evidencie prevádzkovateľa."
1128,233,81,D,"Odvodené z typu prevádzky, nie z ohlásenia o vzniku odpadu. Overiť podľa evidencie prevádzkovateľa."
1129,234,38,D,"Odvodené z typu prevádzky, nie z ohlásenia o vzniku odpadu. Overiť podľa evidencie prevádzkovateľa."
1130,234,39,D,"Odvodené z typu prevádzky, nie z ohlásenia o vzniku odpadu. Overiť podľa evidencie prevádzkovateľa."
1131,235,75,D,"Odvodené z typu prevádzky, nie z ohlásenia o vzniku odpadu. Overiť podľa evidencie prevádzkovateľa."
1132,235,76,D,"Odvodené z typu prevádzky, nie z ohlásenia o vzniku odpadu. Overiť podľa evidencie prevádzkovateľa."
1133,235,71,D,"Odvodené z typu prevádzky, nie z ohlásenia o vzniku odpadu. Overiť podľa evidencie prevádzkovateľa."
1134,236,14,D,"Odvodené z typu prevádzky, nie z ohlásenia o vzniku odpadu. Overiť podľa evidencie prevádzkovateľa."
1135,236,15,D,"Odvodené z typu prevádzky, nie z ohlásenia o vzniku odpadu. Overiť podľa evidencie prevádzkovateľa."
1136,236,16,D,"Odvodené z typu prevádzky, nie z ohlásenia o vzniku odpadu. Overiť podľa evidencie prevádzkovateľa."
1137,236,17,D,"Odvodené z typu prevádzky, nie z ohlásenia o vzniku odpadu. Overiť podľa evidencie prevádzkovateľa."
1138,236,18,D,"Odvodené z typu prevádzky, nie z ohlásenia o vzniku odpadu. Overiť podľa evidencie prevádzkovateľa."
1139,237,38,D,"Odvodené z typu prevádzky, nie z ohlásenia o vzniku odpadu. Overiť podľa evidencie prevádzkovateľa."
1140,237,39,D,"Odvodené z typu prevádzky, nie z ohlásenia o vzniku odpadu. Overiť podľa evidencie prevádzkovateľa."
1141,238,36,D,"Odvodené z typu prevádzky, nie z ohlásenia o vzniku odpadu. Overiť podľa evidencie prevádzkovateľa."
1142,238,37,D,"Odvodené z typu prevádzky, nie z ohlásenia o vzniku odpadu. Overiť podľa evidencie prevádzkovateľa."
1143,238,53,D,"Odvodené z typu prevádzky, nie z ohlásenia o vzniku odpadu. Overiť podľa evidencie prevádzkovateľa."
1144,239,80,D,"Odvodené z typu prevádzky, nie z ohlásenia o vzniku odpadu. Overiť podľa evidencie prevádzkovateľa."
1145,239,78,D,"Odvodené z typu prevádzky, nie z ohlásenia o vzniku odpadu. Overiť podľa evidencie prevádzkovateľa."
1146,239,81,D,"Odvodené z typu prevádzky, nie z ohlásenia o vzniku odpadu. Overiť podľa evidencie prevádzkovateľa."
1147,239,82,D,"Odvodené z typu prevádzky, nie z ohlásenia o vzniku odpadu. Overiť podľa evidencie prevádzkovateľa."
1148,239,62,D,"Odvodené z typu prevádzky, nie z ohlásenia o vzniku odpadu. Overiť podľa evidencie prevádzkovateľa."
1149,240,47,D,"Odvodené z typu prevádzky, nie z ohlásenia o vzniku odpadu. Overiť podľa evidencie prevádzkovateľa."
1150,240,48,D,"Odvodené z typu prevádzky, nie z ohlásenia o vzniku odpadu. Overiť podľa evidencie prevádzkovateľa."
1151,240,49,D,"Odvodené z typu prevádzky, nie z ohlásenia o vzniku odpadu. Overiť podľa evidencie prevádzkovateľa."
1152,240,53,D,"Odvodené z typu prevádzky, nie z ohlásenia o vzniku odpadu. Overiť podľa evidencie prevádzkovateľa."
1153,240,51,D,"Odvodené z typu prevádzky, nie z ohlásenia o vzniku odpadu. Overiť podľa evidencie prevádzkovateľa."
1154,241,36,D,"Odvodené z typu prevádzky, nie z ohlásenia o vzniku odpadu. Overiť podľa evidencie prevádzkovateľa."
1155,241,37,D,"Odvodené z typu prevádzky, nie z ohlásenia o vzniku odpadu. Overiť podľa evidencie prevádzkovateľa."
1156,241,53,D,"Odvodené z typu prevádzky, nie z ohlásenia o vzniku odpadu. Overiť podľa evidencie prevádzkovateľa."
1157,242,72,D,"Odvodené z typu prevádzky, nie z ohlásenia o vzniku odpadu. Overiť podľa evidencie prevádzkovateľa."
1158,242,71,D,"Odvodené z typu prevádzky, nie z ohlásenia o vzniku odpadu. Overiť podľa evidencie prevádzkovateľa."
1159,242,73,D,"Odvodené z typu prevádzky, nie z ohlásenia o vzniku odpadu. Overiť podľa evidencie prevádzkovateľa."
1160,243,40,D,"Odvodené z typu prevádzky, nie z ohlásenia o vzniku odpadu. Overiť podľa evidencie prevádzkovateľa."
1161,243,42,D,"Odvodené z typu prevádzky, nie z ohlásenia o vzniku odpadu. Overiť podľa evidencie prevádzkovateľa."
1162,244,47,D,"Odvodené z typu prevádzky, nie z ohlásenia o vzniku odpadu. Overiť podľa evidencie prevádzkovateľa."
1163,244,48,D,"Odvodené z typu prevádzky, nie z ohlásenia o vzniku odpadu. Overiť podľa evidencie prevádzkovateľa."
1164,244,49,D,"Odvodené z typu prevádzky, nie z ohlásenia o vzniku odpadu. Overiť podľa evidencie prevádzkovateľa."
1165,244,51,D,"Odvodené z typu prevádzky, nie z ohlásenia o vzniku odpadu. Overiť podľa evidencie prevádzkovateľa."
1166,244,54,D,"Odvodené z typu prevádzky, nie z ohlásenia o vzniku odpadu. Overiť podľa evidencie prevádzkovateľa."
1167,244,55,D,"Odvodené z typu prevádzky, nie z ohlásenia o vzniku odpadu. Overiť podľa evidencie prevádzkovateľa."
1168,244,53,D,"Odvodené z typu prevádzky, nie z ohlásenia o vzniku odpadu. Overiť podľa evidencie prevádzkovateľa."
1169,244,50,D,"Odvodené z typu prevádzky, nie z ohlásenia o vzniku odpadu. Overiť podľa evidencie prevádzkovateľa."
1170,245,21,D,"Odvodené z typu prevádzky, nie z ohlásenia o vzniku odpadu. Overiť podľa evidencie prevádzkovateľa."
1171,245,56,D,"Odvodené z typu prevádzky, nie z ohlásenia o vzniku odpadu. Overiť podľa evidencie prevádzkovateľa."
1172,245,20,D,"Odvodené z typu prevádzky, nie z ohlásenia o vzniku odpadu. Overiť podľa evidencie prevádzkovateľa."
1173,245,58,D,"Odvodené z typu prevádzky, nie z ohlásenia o vzniku odpadu. Overiť podľa evidencie prevádzkovateľa."
1174,245,88,D,"Odvodené z typu prevádzky, nie z ohlásenia o vzniku odpadu. Overiť podľa evidencie prevádzkovateľa."
1175,245,89,D,"Odvodené z typu prevádzky, nie z ohlásenia o vzniku odpadu. Overiť podľa evidencie prevádzkovateľa."
1176,246,38,D,"Odvodené z typu prevádzky, nie z ohlásenia o vzniku odpadu. Overiť podľa evidencie prevádzkovateľa."
1177,246,39,D,"Odvodené z typu prevádzky, nie z ohlásenia o vzniku odpadu. Overiť podľa evidencie prevádzkovateľa."
1178,247,47,D,"Odvodené z typu prevádzky, nie z ohlásenia o vzniku odpadu. Overiť podľa evidencie prevádzkovateľa."
1179,247,48,D,"Odvodené z typu prevádzky, nie z ohlásenia o vzniku odpadu. Overiť podľa evidencie prevádzkovateľa."
1180,247,49,D,"Odvodené z typu prevádzky, nie z ohlásenia o vzniku odpadu. Overiť podľa evidencie prevádzkovateľa."
1181,247,51,D,"Odvodené z typu prevádzky, nie z ohlásenia o vzniku odpadu. Overiť podľa evidencie prevádzkovateľa."
1182,247,54,D,"Odvodené z typu prevádzky, nie z ohlásenia o vzniku odpadu. Overiť podľa evidencie prevádzkovateľa."
1183,247,55,D,"Odvodené z typu prevádzky, nie z ohlásenia o vzniku odpadu. Overiť podľa evidencie prevádzkovateľa."
1184,247,53,D,"Odvodené z typu prevádzky, nie z ohlásenia o vzniku odpadu. Overiť podľa evidencie prevádzkovateľa."
1185,247,50,D,"Odvodené z typu prevádzky, nie z ohlásenia o vzniku odpadu. Overiť podľa evidencie prevádzkovateľa."
1186,248,21,D,"Odvodené z typu prevádzky, nie z ohlásenia o vzniku odpadu. Overiť podľa evidencie prevádzkovateľa."
1187,248,56,D,"Odvodené z typu prevádzky, nie z ohlásenia o vzniku odpadu. Overiť podľa evidencie prevádzkovateľa."
1188,248,20,D,"Odvodené z typu prevádzky, nie z ohlásenia o vzniku odpadu. Overiť podľa evidencie prevádzkovateľa."
1189,248,58,D,"Odvodené z typu prevádzky, nie z ohlásenia o vzniku odpadu. Overiť podľa evidencie prevádzkovateľa."
1190,248,88,D,"Odvodené z typu prevádzky, nie z ohlásenia o vzniku odpadu. Overiť podľa evidencie prevádzkovateľa."
1191,248,89,D,"Odvodené z typu prevádzky, nie z ohlásenia o vzniku odpadu. Overiť podľa evidencie prevádzkovateľa."
1192,249,1,D,"Odvodené z typu prevádzky, nie z ohlásenia o vzniku odpadu. Overiť podľa evidencie prevádzkovateľa."
1193,249,2,D,"Odvodené z typu prevádzky, nie z ohlásenia o vzniku odpadu. Overiť podľa evidencie prevádzkovateľa."
1194,249,3,D,"Odvodené z typu prevádzky, nie z ohlásenia o vzniku odpadu. Overiť podľa evidencie prevádzkovateľa."
1195,249,4,D,"Odvodené z typu prevádzky, nie z ohlásenia o vzniku odpadu. Overiť podľa evidencie prevádzkovateľa."
1196,250,38,D,"Odvodené z typu prevádzky, nie z ohlásenia o vzniku odpadu. Overiť podľa evidencie prevádzkovateľa."
1197,250,39,D,"Odvodené z typu prevádzky, nie z ohlásenia o vzniku odpadu. Overiť podľa evidencie prevádzkovateľa."
1198,251,38,D,"Odvodené z typu prevádzky, nie z ohlásenia o vzniku odpadu. Overiť podľa evidencie prevádzkovateľa."
1199,251,39,D,"Odvodené z typu prevádzky, nie z ohlásenia o vzniku odpadu. Overiť podľa evidencie prevádzkovateľa."
1200,252,75,D,"Odvodené z typu prevádzky, nie z ohlásenia o vzniku odpadu. Overiť podľa evidencie prevádzkovateľa."
1201,252,76,D,"Odvodené z typu prevádzky, nie z ohlásenia o vzniku odpadu. Overiť podľa evidencie prevádzkovateľa."
1202,252,71,D,"Odvodené z typu prevádzky, nie z ohlásenia o vzniku odpadu. Overiť podľa evidencie prevádzkovateľa."
1203,253,25,D,"Odvodené z typu prevádzky, nie z ohlásenia o vzniku odpadu. Overiť podľa evidencie prevádzkovateľa."
1204,253,26,D,"Odvodené z typu prevádzky, nie z ohlásenia o vzniku odpadu. Overiť podľa evidencie prevádzkovateľa."
1205,254,27,D,"Odvodené z typu prevádzky, nie z ohlásenia o vzniku odpadu. Overiť podľa evidencie prevádzkovateľa."
1206,254,28,D,"Odvodené z typu prevádzky, nie z ohlásenia o vzniku odpadu. Overiť podľa evidencie prevádzkovateľa."
1207,254,29,D,"Odvodené z typu prevádzky, nie z ohlásenia o vzniku odpadu. Overiť podľa evidencie prevádzkovateľa."
1208,254,30,D,"Odvodené z typu prevádzky, nie z ohlásenia o vzniku odpadu. Overiť podľa evidencie prevádzkovateľa."
1209,255,54,D,"Odvodené z typu prevádzky, nie z ohlásenia o vzniku odpadu. Overiť podľa evidencie prevádzkovateľa."
1210,255,55,D,"Odvodené z typu prevádzky, nie z ohlásenia o vzniku odpadu. Overiť podľa evidencie prevádzkovateľa."
1211,255,57,D,"Odvodené z typu prevádzky, nie z ohlásenia o vzniku odpadu. Overiť podľa evidencie prevádzkovateľa."
1212,255,51,D,"Odvodené z typu prevádzky, nie z ohlásenia o vzniku odpadu. Overiť podľa evidencie prevádzkovateľa."
1213,255,58,D,"Odvodené z typu prevádzky, nie z ohlásenia o vzniku odpadu. Overiť podľa evidencie prevádzkovateľa."
1214,256,25,D,"Odvodené z typu prevádzky, nie z ohlásenia o vzniku odpadu. Overiť podľa evidencie prevádzkovateľa."
1215,256,26,D,"Odvodené z typu prevádzky, nie z ohlásenia o vzniku odpadu. Overiť podľa evidencie prevádzkovateľa."
1216,257,59,D,"Odvodené z typu prevádzky, nie z ohlásenia o vzniku odpadu. Overiť podľa evidencie prevádzkovateľa."
1217,257,60,D,"Odvodené z typu prevádzky, nie z ohlásenia o vzniku odpadu. Overiť podľa evidencie prevádzkovateľa."
1218,257,61,D,"Odvodené z typu prevádzky, nie z ohlásenia o vzniku odpadu. Overiť podľa evidencie prevádzkovateľa."
1219,257,62,D,"Odvodené z typu prevádzky, nie z ohlásenia o vzniku odpadu. Overiť podľa evidencie prevádzkovateľa."
1220,257,65,D,"Odvodené z typu prevádzky, nie z ohlásenia o vzniku odpadu. Overiť podľa evidencie prevádzkovateľa."
1221,258,74,D,"Odvodené z typu prevádzky, nie z ohlásenia o vzniku odpadu. Overiť podľa evidencie prevádzkovateľa."
1222,258,71,D,"Odvodené z typu prevádzky, nie z ohlásenia o vzniku odpadu. Overiť podľa evidencie prevádzkovateľa."
1223,258,73,D,"Odvodené z typu prevádzky, nie z ohlásenia o vzniku odpadu. Overiť podľa evidencie prevádzkovateľa."
1224,258,60,D,"Odvodené z typu prevádzky, nie z ohlásenia o vzniku odpadu. Overiť podľa evidencie prevádzkovateľa."
1225,259,80,D,"Odvodené z typu prevádzky, nie z ohlásenia o vzniku odpadu. Overiť podľa evidencie prevádzkovateľa."
1226,259,78,D,"Odvodené z typu prevádzky, nie z ohlásenia o vzniku odpadu. Overiť podľa evidencie prevádzkovateľa."
1227,259,81,D,"Odvodené z typu prevádzky, nie z ohlásenia o vzniku odpadu. Overiť podľa evidencie prevádzkovateľa."
1228,259,82,D,"Odvodené z typu prevádzky, nie z ohlásenia o vzniku odpadu. Overiť podľa evidencie prevádzkovateľa."
1229,259,62,D,"Odvodené z typu prevádzky, nie z ohlásenia o vzniku odpadu. Overiť podľa evidencie prevádzkovateľa."
1230,260,47,D,"Odvodené z typu prevádzky, nie z ohlásenia o vzniku odpadu. Overiť podľa evidencie prevádzkovateľa."
1231,260,48,D,"Odvodené z typu prevádzky, nie z ohlásenia o vzniku odpadu. Overiť podľa evidencie prevádzkovateľa."
1232,260,49,D,"Odvodené z typu prevádzky, nie z ohlásenia o vzniku odpadu. Overiť podľa evidencie prevádzkovateľa."
1233,260,53,D,"Odvodené z typu prevádzky, nie z ohlásenia o vzniku odpadu. Overiť podľa evidencie prevádzkovateľa."
1234,260,51,D,"Odvodené z typu prevádzky, nie z ohlásenia o vzniku odpadu. Overiť podľa evidencie prevádzkovateľa."
1235,261,22,D,"Odvodené z typu prevádzky, nie z ohlásenia o vzniku odpadu. Overiť podľa evidencie prevádzkovateľa."
1236,261,23,D,"Odvodené z typu prevádzky, nie z ohlásenia o vzniku odpadu. Overiť podľa evidencie prevádzkovateľa."
1237,261,24,D,"Odvodené z typu prevádzky, nie z ohlásenia o vzniku odpadu. Overiť podľa evidencie prevádzkovateľa."
1238,261,88,D,"Odvodené z typu prevádzky, nie z ohlásenia o vzniku odpadu. Overiť podľa evidencie prevádzkovateľa."
1239,261,91,D,"Odvodené z typu prevádzky, nie z ohlásenia o vzniku odpadu. Overiť podľa evidencie prevádzkovateľa."
1240,261,92,D,"Odvodené z typu prevádzky, nie z ohlásenia o vzniku odpadu. Overiť podľa evidencie prevádzkovateľa."
1241,262,72,D,"Odvodené z typu prevádzky, nie z ohlásenia o vzniku odpadu. Overiť podľa evidencie prevádzkovateľa."
1242,262,71,D,"Odvodené z typu prevádzky, nie z ohlásenia o vzniku odpadu. Overiť podľa evidencie prevádzkovateľa."
1243,262,73,D,"Odvodené z typu prevádzky, nie z ohlásenia o vzniku odpadu. Overiť podľa evidencie prevádzkovateľa."
1244,263,74,D,"Odvodené z typu prevádzky, nie z ohlásenia o vzniku odpadu. Overiť podľa evidencie prevádzkovateľa."
1245,263,71,D,"Odvodené z typu prevádzky, nie z ohlásenia o vzniku odpadu. Overiť podľa evidencie prevádzkovateľa."
1246,263,73,D,"Odvodené z typu prevádzky, nie z ohlásenia o vzniku odpadu. Overiť podľa evidencie prevádzkovateľa."
1247,263,60,D,"Odvodené z typu prevádzky, nie z ohlásenia o vzniku odpadu. Overiť podľa evidencie prevádzkovateľa."
1248,264,74,D,"Odvodené z typu prevádzky, nie z ohlásenia o vzniku odpadu. Overiť podľa evidencie prevádzkovateľa."
1249,264,71,D,"Odvodené z typu prevádzky, nie z ohlásenia o vzniku odpadu. Overiť podľa evidencie prevádzkovateľa."
1250,264,73,D,"Odvodené z typu prevádzky, nie z ohlásenia o vzniku odpadu. Overiť podľa evidencie prevádzkovateľa."
1251,264,60,D,"Odvodené z typu prevádzky, nie z ohlásenia o vzniku odpadu. Overiť podľa evidencie prevádzkovateľa."
1252,265,72,D,"Odvodené z typu prevádzky, nie z ohlásenia o vzniku odpadu. Overiť podľa evidencie prevádzkovateľa."
1253,265,71,D,"Odvodené z typu prevádzky, nie z ohlásenia o vzniku odpadu. Overiť podľa evidencie prevádzkovateľa."
1254,265,73,D,"Odvodené z typu prevádzky, nie z ohlásenia o vzniku odpadu. Overiť podľa evidencie prevádzkovateľa."
1255,266,59,D,"Odvodené z typu prevádzky, nie z ohlásenia o vzniku odpadu. Overiť podľa evidencie prevádzkovateľa."
1256,266,60,D,"Odvodené z typu prevádzky, nie z ohlásenia o vzniku odpadu. Overiť podľa evidencie prevádzkovateľa."
1257,266,61,D,"Odvodené z typu prevádzky, nie z ohlásenia o vzniku odpadu. Overiť podľa evidencie prevádzkovateľa."
1258,266,62,D,"Odvodené z typu prevádzky, nie z ohlásenia o vzniku odpadu. Overiť podľa evidencie prevádzkovateľa."
1259,266,65,D,"Odvodené z typu prevádzky, nie z ohlásenia o vzniku odpadu. Overiť podľa evidencie prevádzkovateľa."
1260,267,38,D,"Odvodené z typu prevádzky, nie z ohlásenia o vzniku odpadu. Overiť podľa evidencie prevádzkovateľa."
1261,267,39,D,"Odvodené z typu prevádzky, nie z ohlásenia o vzniku odpadu. Overiť podľa evidencie prevádzkovateľa."
1262,268,74,D,"Odvodené z typu prevádzky, nie z ohlásenia o vzniku odpadu. Overiť podľa evidencie prevádzkovateľa."
1263,268,71,D,"Odvodené z typu prevádzky, nie z ohlásenia o vzniku odpadu. Overiť podľa evidencie prevádzkovateľa."
1264,268,73,D,"Odvodené z typu prevádzky, nie z ohlásenia o vzniku odpadu. Overiť podľa evidencie prevádzkovateľa."
1265,268,60,D,"Odvodené z typu prevádzky, nie z ohlásenia o vzniku odpadu. Overiť podľa evidencie prevádzkovateľa."
1266,269,74,D,"Odvodené z typu prevádzky, nie z ohlásenia o vzniku odpadu. Overiť podľa evidencie prevádzkovateľa."
1267,269,71,D,"Odvodené z typu prevádzky, nie z ohlásenia o vzniku odpadu. Overiť podľa evidencie prevádzkovateľa."
1268,269,73,D,"Odvodené z typu prevádzky, nie z ohlásenia o vzniku odpadu. Overiť podľa evidencie prevádzkovateľa."
1269,269,60,D,"Odvodené z typu prevádzky, nie z ohlásenia o vzniku odpadu. Overiť podľa evidencie prevádzkovateľa."
1270,270,21,D,"Odvodené z typu prevádzky, nie z ohlásenia o vzniku odpadu. Overiť podľa evidencie prevádzkovateľa."
1271,270,56,D,"Odvodené z typu prevádzky, nie z ohlásenia o vzniku odpadu. Overiť podľa evidencie prevádzkovateľa."
1272,270,20,D,"Odvodené z typu prevádzky, nie z ohlásenia o vzniku odpadu. Overiť podľa evidencie prevádzkovateľa."
1273,270,58,D,"Odvodené z typu prevádzky, nie z ohlásenia o vzniku odpadu. Overiť podľa evidencie prevádzkovateľa."
1274,270,88,D,"Odvodené z typu prevádzky, nie z ohlásenia o vzniku odpadu. Overiť podľa evidencie prevádzkovateľa."
1275,270,89,D,"Odvodené z typu prevádzky, nie z ohlásenia o vzniku odpadu. Overiť podľa evidencie prevádzkovateľa."
1276,271,54,D,"Odvodené z typu prevádzky, nie z ohlásenia o vzniku odpadu. Overiť podľa evidencie prevádzkovateľa."
1277,271,55,D,"Odvodené z typu prevádzky, nie z ohlásenia o vzniku odpadu. Overiť podľa evidencie prevádzkovateľa."
1278,271,57,D,"Odvodené z typu prevádzky, nie z ohlásenia o vzniku odpadu. Overiť podľa evidencie prevádzkovateľa."
1279,271,51,D,"Odvodené z typu prevádzky, nie z ohlásenia o vzniku odpadu. Overiť podľa evidencie prevádzkovateľa."
1280,271,58,D,"Odvodené z typu prevádzky, nie z ohlásenia o vzniku odpadu. Overiť podľa evidencie prevádzkovateľa."
1281,272,14,D,"Odvodené z typu prevádzky, nie z ohlásenia o vzniku odpadu. Overiť podľa evidencie prevádzkovateľa."
1282,272,15,D,"Odvodené z typu prevádzky, nie z ohlásenia o vzniku odpadu. Overiť podľa evidencie prevádzkovateľa."
1283,272,16,D,"Odvodené z typu prevádzky, nie z ohlásenia o vzniku odpadu. Overiť podľa evidencie prevádzkovateľa."
1284,272,17,D,"Odvodené z typu prevádzky, nie z ohlásenia o vzniku odpadu. Overiť podľa evidencie prevádzkovateľa."
1285,272,18,D,"Odvodené z typu prevádzky, nie z ohlásenia o vzniku odpadu. Overiť podľa evidencie prevádzkovateľa."
1286,273,80,D,"Odvodené z typu prevádzky, nie z ohlásenia o vzniku odpadu. Overiť podľa evidencie prevádzkovateľa."
1287,273,78,D,"Odvodené z typu prevádzky, nie z ohlásenia o vzniku odpadu. Overiť podľa evidencie prevádzkovateľa."
1288,273,81,D,"Odvodené z typu prevádzky, nie z ohlásenia o vzniku odpadu. Overiť podľa evidencie prevádzkovateľa."
1289,273,82,D,"Odvodené z typu prevádzky, nie z ohlásenia o vzniku odpadu. Overiť podľa evidencie prevádzkovateľa."
1290,273,62,D,"Odvodené z typu prevádzky, nie z ohlásenia o vzniku odpadu. Overiť podľa evidencie prevádzkovateľa."
1291,274,75,D,"Odvodené z typu prevádzky, nie z ohlásenia o vzniku odpadu. Overiť podľa evidencie prevádzkovateľa."
1292,274,76,D,"Odvodené z typu prevádzky, nie z ohlásenia o vzniku odpadu. Overiť podľa evidencie prevádzkovateľa."
1293,274,71,D,"Odvodené z typu prevádzky, nie z ohlásenia o vzniku odpadu. Overiť podľa evidencie prevádzkovateľa."
1294,275,74,D,"Odvodené z typu prevádzky, nie z ohlásenia o vzniku odpadu. Overiť podľa evidencie prevádzkovateľa."
1295,275,71,D,"Odvodené z typu prevádzky, nie z ohlásenia o vzniku odpadu. Overiť podľa evidencie prevádzkovateľa."
1296,275,73,D,"Odvodené z typu prevádzky, nie z ohlásenia o vzniku odpadu. Overiť podľa evidencie prevádzkovateľa."
1297,275,60,D,"Odvodené z typu prevádzky, nie z ohlásenia o vzniku odpadu. Overiť podľa evidencie prevádzkovateľa."
1298,276,74,D,"Odvodené z typu prevádzky, nie z ohlásenia o vzniku odpadu. Overiť podľa evidencie prevádzkovateľa."
1299,276,71,D,"Odvodené z typu prevádzky, nie z ohlásenia o vzniku odpadu. Overiť podľa evidencie prevádzkovateľa."
1300,276,73,D,"Odvodené z typu prevádzky, nie z ohlásenia o vzniku odpadu. Overiť podľa evidencie prevádzkovateľa."
1301,276,60,D,"Odvodené z typu prevádzky, nie z ohlásenia o vzniku odpadu. Overiť podľa evidencie prevádzkovateľa."
1302,277,11,D,"Odvodené z typu prevádzky, nie z ohlásenia o vzniku odpadu. Overiť podľa evidencie prevádzkovateľa."
1303,277,12,D,"Odvodené z typu prevádzky, nie z ohlásenia o vzniku odpadu. Overiť podľa evidencie prevádzkovateľa."
1304,277,52,D,"Odvodené z typu prevádzky, nie z ohlásenia o vzniku odpadu. Overiť podľa evidencie prevádzkovateľa."
1305,278,38,D,"Odvodené z typu prevádzky, nie z ohlásenia o vzniku odpadu. Overiť podľa evidencie prevádzkovateľa."
1306,278,39,D,"Odvodené z typu prevádzky, nie z ohlásenia o vzniku odpadu. Overiť podľa evidencie prevádzkovateľa."
1307,279,74,D,"Odvodené z typu prevádzky, nie z ohlásenia o vzniku odpadu. Overiť podľa evidencie prevádzkovateľa."
1308,279,71,D,"Odvodené z typu prevádzky, nie z ohlásenia o vzniku odpadu. Overiť podľa evidencie prevádzkovateľa."
1309,279,73,D,"Odvodené z typu prevádzky, nie z ohlásenia o vzniku odpadu. Overiť podľa evidencie prevádzkovateľa."
1310,279,60,D,"Odvodené z typu prevádzky, nie z ohlásenia o vzniku odpadu. Overiť podľa evidencie prevádzkovateľa."
1311,280,54,D,"Odvodené z typu prevádzky, nie z ohlásenia o vzniku odpadu. Overiť podľa evidencie prevádzkovateľa."
1312,280,55,D,"Odvodené z typu prevádzky, nie z ohlásenia o vzniku odpadu. Overiť podľa evidencie prevádzkovateľa."
1313,280,57,D,"Odvodené z typu prevádzky, nie z ohlásenia o vzniku odpadu. Overiť podľa evidencie prevádzkovateľa."
1314,280,51,D,"Odvodené z typu prevádzky, nie z ohlásenia o vzniku odpadu. Overiť podľa evidencie prevádzkovateľa."
1315,280,58,D,"Odvodené z typu prevádzky, nie z ohlásenia o vzniku odpadu. Overiť podľa evidencie prevádzkovateľa."
1316,281,1,D,"Odvodené z typu prevádzky, nie z ohlásenia o vzniku odpadu. Overiť podľa evidencie prevádzkovateľa."
1317,281,2,D,"Odvodené z typu prevádzky, nie z ohlásenia o vzniku odpadu. Overiť podľa evidencie prevádzkovateľa."
1318,281,3,D,"Odvodené z typu prevádzky, nie z ohlásenia o vzniku odpadu. Overiť podľa evidencie prevádzkovateľa."
1319,281,4,D,"Odvodené z typu prevádzky, nie z ohlásenia o vzniku odpadu. Overiť podľa evidencie prevádzkovateľa."
1320,282,14,D,"Odvodené z typu prevádzky, nie z ohlásenia o vzniku odpadu. Overiť podľa evidencie prevádzkovateľa."
1321,282,15,D,"Odvodené z typu prevádzky, nie z ohlásenia o vzniku odpadu. Overiť podľa evidencie prevádzkovateľa."
1322,282,46,D,"Odvodené z typu prevádzky, nie z ohlásenia o vzniku odpadu. Overiť podľa evidencie prevádzkovateľa."
1323,282,18,D,"Odvodené z typu prevádzky, nie z ohlásenia o vzniku odpadu. Overiť podľa evidencie prevádzkovateľa."
1324,283,14,D,"Odvodené z typu prevádzky, nie z ohlásenia o vzniku odpadu. Overiť podľa evidencie prevádzkovateľa."
1325,283,15,D,"Odvodené z typu prevádzky, nie z ohlásenia o vzniku odpadu. Overiť podľa evidencie prevádzkovateľa."
1326,283,16,D,"Odvodené z typu prevádzky, nie z ohlásenia o vzniku odpadu. Overiť podľa evidencie prevádzkovateľa."
1327,283,17,D,"Odvodené z typu prevádzky, nie z ohlásenia o vzniku odpadu. Overiť podľa evidencie prevádzkovateľa."
1328,283,18,D,"Odvodené z typu prevádzky, nie z ohlásenia o vzniku odpadu. Overiť podľa evidencie prevádzkovateľa."
1329,284,22,D,"Odvodené z typu prevádzky, nie z ohlásenia o vzniku odpadu. Overiť podľa evidencie prevádzkovateľa."
1330,284,23,D,"Odvodené z typu prevádzky, nie z ohlásenia o vzniku odpadu. Overiť podľa evidencie prevádzkovateľa."
1331,284,24,D,"Odvodené z typu prevádzky, nie z ohlásenia o vzniku odpadu. Overiť podľa evidencie prevádzkovateľa."
1332,284,88,D,"Odvodené z typu prevádzky, nie z ohlásenia o vzniku odpadu. Overiť podľa evidencie prevádzkovateľa."
1333,284,91,D,"Odvodené z typu prevádzky, nie z ohlásenia o vzniku odpadu. Overiť podľa evidencie prevádzkovateľa."
1334,284,92,D,"Odvodené z typu prevádzky, nie z ohlásenia o vzniku odpadu. Overiť podľa evidencie prevádzkovateľa."
1335,285,74,D,"Odvodené z typu prevádzky, nie z ohlásenia o vzniku odpadu. Overiť podľa evidencie prevádzkovateľa."
1336,285,71,D,"Odvodené z typu prevádzky, nie z ohlásenia o vzniku odpadu. Overiť podľa evidencie prevádzkovateľa."
1337,285,73,D,"Odvodené z typu prevádzky, nie z ohlásenia o vzniku odpadu. Overiť podľa evidencie prevádzkovateľa."
1338,285,60,D,"Odvodené z typu prevádzky, nie z ohlásenia o vzniku odpadu. Overiť podľa evidencie prevádzkovateľa."
1339,286,74,D,"Odvodené z typu prevádzky, nie z ohlásenia o vzniku odpadu. Overiť podľa evidencie prevádzkovateľa."
1340,286,71,D,"Odvodené z typu prevádzky, nie z ohlásenia o vzniku odpadu. Overiť podľa evidencie prevádzkovateľa."
1341,286,73,D,"Odvodené z typu prevádzky, nie z ohlásenia o vzniku odpadu. Overiť podľa evidencie prevádzkovateľa."
1342,286,60,D,"Odvodené z typu prevádzky, nie z ohlásenia o vzniku odpadu. Overiť podľa evidencie prevádzkovateľa."
1343,287,38,D,"Odvodené z typu prevádzky, nie z ohlásenia o vzniku odpadu. Overiť podľa evidencie prevádzkovateľa."
1344,287,39,D,"Odvodené z typu prevádzky, nie z ohlásenia o vzniku odpadu. Overiť podľa evidencie prevádzkovateľa."
1345,288,74,D,"Odvodené z typu prevádzky, nie z ohlásenia o vzniku odpadu. Overiť podľa evidencie prevádzkovateľa."
1346,288,71,D,"Odvodené z typu prevádzky, nie z ohlásenia o vzniku odpadu. Overiť podľa evidencie prevádzkovateľa."
1347,288,73,D,"Odvodené z typu prevádzky, nie z ohlásenia o vzniku odpadu. Overiť podľa evidencie prevádzkovateľa."
1348,288,60,D,"Odvodené z typu prevádzky, nie z ohlásenia o vzniku odpadu. Overiť podľa evidencie prevádzkovateľa."
1349,289,72,D,"Odvodené z typu prevádzky, nie z ohlásenia o vzniku odpadu. Overiť podľa evidencie prevádzkovateľa."
1350,289,71,D,"Odvodené z typu prevádzky, nie z ohlásenia o vzniku odpadu. Overiť podľa evidencie prevádzkovateľa."
1351,289,73,D,"Odvodené z typu prevádzky, nie z ohlásenia o vzniku odpadu. Overiť podľa evidencie prevádzkovateľa."
1352,290,74,D,"Odvodené z typu prevádzky, nie z ohlásenia o vzniku odpadu. Overiť podľa evidencie prevádzkovateľa."
1353,290,71,D,"Odvodené z typu prevádzky, nie z ohlásenia o vzniku odpadu. Overiť podľa evidencie prevádzkovateľa."
1354,290,73,D,"Odvodené z typu prevádzky, nie z ohlásenia o vzniku odpadu. Overiť podľa evidencie prevádzkovateľa."
1355,290,60,D,"Odvodené z typu prevádzky, nie z ohlásenia o vzniku odpadu. Overiť podľa evidencie prevádzkovateľa."
1356,291,59,D,"Odvodené z typu prevádzky, nie z ohlásenia o vzniku odpadu. Overiť podľa evidencie prevádzkovateľa."
1357,291,60,D,"Odvodené z typu prevádzky, nie z ohlásenia o vzniku odpadu. Overiť podľa evidencie prevádzkovateľa."
1358,291,61,D,"Odvodené z typu prevádzky, nie z ohlásenia o vzniku odpadu. Overiť podľa evidencie prevádzkovateľa."
1359,291,62,D,"Odvodené z typu prevádzky, nie z ohlásenia o vzniku odpadu. Overiť podľa evidencie prevádzkovateľa."
1360,291,65,D,"Odvodené z typu prevádzky, nie z ohlásenia o vzniku odpadu. Overiť podľa evidencie prevádzkovateľa."
1361,292,7,D,"Odvodené z typu prevádzky, nie z ohlásenia o vzniku odpadu. Overiť podľa evidencie prevádzkovateľa."
1362,292,8,D,"Odvodené z typu prevádzky, nie z ohlásenia o vzniku odpadu. Overiť podľa evidencie prevádzkovateľa."
1363,292,9,D,"Odvodené z typu prevádzky, nie z ohlásenia o vzniku odpadu. Overiť podľa evidencie prevádzkovateľa."
1364,293,83,D,"Odvodené z typu prevádzky, nie z ohlásenia o vzniku odpadu. Overiť podľa evidencie prevádzkovateľa."
1365,293,84,D,"Odvodené z typu prevádzky, nie z ohlásenia o vzniku odpadu. Overiť podľa evidencie prevádzkovateľa."
1366,293,85,D,"Odvodené z typu prevádzky, nie z ohlásenia o vzniku odpadu. Overiť podľa evidencie prevádzkovateľa."
1367,293,86,D,"Odvodené z typu prevádzky, nie z ohlásenia o vzniku odpadu. Overiť podľa evidencie prevádzkovateľa."
1368,293,87,D,"Odvodené z typu prevádzky, nie z ohlásenia o vzniku odpadu. Overiť podľa evidencie prevádzkovateľa."
1369,294,77,D,"Odvodené z typu prevádzky, nie z ohlásenia o vzniku odpadu. Overiť podľa evidencie prevádzkovateľa."
1370,294,78,D,"Odvodené z typu prevádzky, nie z ohlásenia o vzniku odpadu. Overiť podľa evidencie prevádzkovateľa."
1371,294,82,D,"Odvodené z typu prevádzky, nie z ohlásenia o vzniku odpadu. Overiť podľa evidencie prevádzkovateľa."
1372,294,62,D,"Odvodené z typu prevádzky, nie z ohlásenia o vzniku odpadu. Overiť podľa evidencie prevádzkovateľa."
1373,295,77,D,"Odvodené z typu prevádzky, nie z ohlásenia o vzniku odpadu. Overiť podľa evidencie prevádzkovateľa."
1374,295,78,D,"Odvodené z typu prevádzky, nie z ohlásenia o vzniku odpadu. Overiť podľa evidencie prevádzkovateľa."
1375,295,82,D,"Odvodené z typu prevádzky, nie z ohlásenia o vzniku odpadu. Overiť podľa evidencie prevádzkovateľa."
1376,295,62,D,"Odvodené z typu prevádzky, nie z ohlásenia o vzniku odpadu. Overiť podľa evidencie prevádzkovateľa."
1377,296,77,D,"Odvodené z typu prevádzky, nie z ohlásenia o vzniku odpadu. Overiť podľa evidencie prevádzkovateľa."
1378,296,78,D,"Odvodené z typu prevádzky, nie z ohlásenia o vzniku odpadu. Overiť podľa evidencie prevádzkovateľa."
1379,296,82,D,"Odvodené z typu prevádzky, nie z ohlásenia o vzniku odpadu. Overiť podľa evidencie prevádzkovateľa."
1380,296,62,D,"Odvodené z typu prevádzky, nie z ohlásenia o vzniku odpadu. Overiť podľa evidencie prevádzkovateľa."
1381,297,77,D,"Odvodené z typu prevádzky, nie z ohlásenia o vzniku odpadu. Overiť podľa evidencie prevádzkovateľa."
1382,297,78,D,"Odvodené z typu prevádzky, nie z ohlásenia o vzniku odpadu. Overiť podľa evidencie prevádzkovateľa."
1383,297,82,D,"Odvodené z typu prevádzky, nie z ohlásenia o vzniku odpadu. Overiť podľa evidencie prevádzkovateľa."
1384,297,62,D,"Odvodené z typu prevádzky, nie z ohlásenia o vzniku odpadu. Overiť podľa evidencie prevádzkovateľa."
1385,298,79,D,"Odvodené z typu prevádzky, nie z ohlásenia o vzniku odpadu. Overiť podľa evidencie prevádzkovateľa."
1386,298,78,D,"Odvodené z typu prevádzky, nie z ohlásenia o vzniku odpadu. Overiť podľa evidencie prevádzkovateľa."
1387,298,62,D,"Odvodené z typu prevádzky, nie z ohlásenia o vzniku odpadu. Overiť podľa evidencie prevádzkovateľa."
1388,299,77,D,"Odvodené z typu prevádzky, nie z ohlásenia o vzniku odpadu. Overiť podľa evidencie prevádzkovateľa."
1389,299,78,D,"Odvodené z typu prevádzky, nie z ohlásenia o vzniku odpadu. Overiť podľa evidencie prevádzkovateľa."
1390,299,82,D,"Odvodené z typu prevádzky, nie z ohlásenia o vzniku odpadu. Overiť podľa evidencie prevádzkovateľa."
1391,299,62,D,"Odvodené z typu prevádzky, nie z ohlásenia o vzniku odpadu. Overiť podľa evidencie prevádzkovateľa."
1392,300,77,D,"Odvodené z typu prevádzky, nie z ohlásenia o vzniku odpadu. Overiť podľa evidencie prevádzkovateľa."
1393,300,78,D,"Odvodené z typu prevádzky, nie z ohlásenia o vzniku odpadu. Overiť podľa evidencie prevádzkovateľa."
1394,300,62,D,"Odvodené z typu prevádzky, nie z ohlásenia o vzniku odpadu. Overiť podľa evidencie prevádzkovateľa."
1395,301,77,D,"Odvodené z typu prevádzky, nie z ohlásenia o vzniku odpadu. Overiť podľa evidencie prevádzkovateľa."
1396,301,78,D,"Odvodené z typu prevádzky, nie z ohlásenia o vzniku odpadu. Overiť podľa evidencie prevádzkovateľa."
1397,301,82,D,"Odvodené z typu prevádzky, nie z ohlásenia o vzniku odpadu. Overiť podľa evidencie prevádzkovateľa."
1398,301,62,D,"Odvodené z typu prevádzky, nie z ohlásenia o vzniku odpadu. Overiť podľa evidencie prevádzkovateľa."
1399,302,77,D,"Odvodené z typu prevádzky, nie z ohlásenia o vzniku odpadu. Overiť podľa evidencie prevádzkovateľa."
1400,302,78,D,"Odvodené z typu prevádzky, nie z ohlásenia o vzniku odpadu. Overiť podľa evidencie prevádzkovateľa."
1401,302,82,D,"Odvodené z typu prevádzky, nie z ohlásenia o vzniku odpadu. Overiť podľa evidencie prevádzkovateľa."
1402,302,62,D,"Odvodené z typu prevádzky, nie z ohlásenia o vzniku odpadu. Overiť podľa evidencie prevádzkovateľa."
1403,303,77,D,"Odvodené z typu prevádzky, nie z ohlásenia o vzniku odpadu. Overiť podľa evidencie prevádzkovateľa."
1404,303,78,D,"Odvodené z typu prevádzky, nie z ohlásenia o vzniku odpadu. Overiť podľa evidencie prevádzkovateľa."
1405,303,82,D,"Odvodené z typu prevádzky, nie z ohlásenia o vzniku odpadu. Overiť podľa evidencie prevádzkovateľa."
1406,303,62,D,"Odvodené z typu prevádzky, nie z ohlásenia o vzniku odpadu. Overiť podľa evidencie prevádzkovateľa."
1407,304,77,D,"Odvodené z typu prevádzky, nie z ohlásenia o vzniku odpadu. Overiť podľa evidencie prevádzkovateľa."
1408,304,78,D,"Odvodené z typu prevádzky, nie z ohlásenia o vzniku odpadu. Overiť podľa evidencie prevádzkovateľa."
1409,304,82,D,"Odvodené z typu prevádzky, nie z ohlásenia o vzniku odpadu. Overiť podľa evidencie prevádzkovateľa."
1410,304,62,D,"Odvodené z typu prevádzky, nie z ohlásenia o vzniku odpadu. Overiť podľa evidencie prevádzkovateľa."
1411,305,77,D,"Odvodené z typu prevádzky, nie z ohlásenia o vzniku odpadu. Overiť podľa evidencie prevádzkovateľa."
1412,305,78,D,"Odvodené z typu prevádzky, nie z ohlásenia o vzniku odpadu. Overiť podľa evidencie prevádzkovateľa."
1413,305,62,D,"Odvodené z typu prevádzky, nie z ohlásenia o vzniku odpadu. Overiť podľa evidencie prevádzkovateľa."
1414,306,77,D,"Odvodené z typu prevádzky, nie z ohlásenia o vzniku odpadu. Overiť podľa evidencie prevádzkovateľa."
1415,306,78,D,"Odvodené z typu prevádzky, nie z ohlásenia o vzniku odpadu. Overiť podľa evidencie prevádzkovateľa."
1416,306,82,D,"Odvodené z typu prevádzky, nie z ohlásenia o vzniku odpadu. Overiť podľa evidencie prevádzkovateľa."
1417,306,62,D,"Odvodené z typu prevádzky, nie z ohlásenia o vzniku odpadu. Overiť podľa evidencie prevádzkovateľa."
1418,307,77,D,"Odvodené z typu prevádzky, nie z ohlásenia o vzniku odpadu. Overiť podľa evidencie prevádzkovateľa."
1419,307,78,D,"Odvodené z typu prevádzky, nie z ohlásenia o vzniku odpadu. Overiť podľa evidencie prevádzkovateľa."
1420,307,82,D,"Odvodené z typu prevádzky, nie z ohlásenia o vzniku odpadu. Overiť podľa evidencie prevádzkovateľa."
1421,307,62,D,"Odvodené z typu prevádzky, nie z ohlásenia o vzniku odpadu. Overiť podľa evidencie prevádzkovateľa."
1422,308,77,D,"Odvodené z typu prevádzky, nie z ohlásenia o vzniku odpadu. Overiť podľa evidencie prevádzkovateľa."
1423,308,78,D,"Odvodené z typu prevádzky, nie z ohlásenia o vzniku odpadu. Overiť podľa evidencie prevádzkovateľa."
1424,308,81,D,"Odvodené z typu prevádzky, nie z ohlásenia o vzniku odpadu. Overiť podľa evidencie prevádzkovateľa."
1425,309,79,D,"Odvodené z typu prevádzky, nie z ohlásenia o vzniku odpadu. Overiť podľa evidencie prevádzkovateľa."
1426,309,78,D,"Odvodené z typu prevádzky, nie z ohlásenia o vzniku odpadu. Overiť podľa evidencie prevádzkovateľa."
1427,309,62,D,"Odvodené z typu prevádzky, nie z ohlásenia o vzniku odpadu. Overiť podľa evidencie prevádzkovateľa."
1428,310,79,D,"Odvodené z typu prevádzky, nie z ohlásenia o vzniku odpadu. Overiť podľa evidencie prevádzkovateľa."
1429,310,78,D,"Odvodené z typu prevádzky, nie z ohlásenia o vzniku odpadu. Overiť podľa evidencie prevádzkovateľa."
1430,310,62,D,"Odvodené z typu prevádzky, nie z ohlásenia o vzniku odpadu. Overiť podľa evidencie prevádzkovateľa."
1431,311,79,D,"Odvodené z typu prevádzky, nie z ohlásenia o vzniku odpadu. Overiť podľa evidencie prevádzkovateľa."
1432,311,78,D,"Odvodené z typu prevádzky, nie z ohlásenia o vzniku odpadu. Overiť podľa evidencie prevádzkovateľa."
1433,311,62,D,"Odvodené z typu prevádzky, nie z ohlásenia o vzniku odpadu. Overiť podľa evidencie prevádzkovateľa."
1434,312,79,D,"Odvodené z typu prevádzky, nie z ohlásenia o vzniku odpadu. Overiť podľa evidencie prevádzkovateľa."
1435,312,78,D,"Odvodené z typu prevádzky, nie z ohlásenia o vzniku odpadu. Overiť podľa evidencie prevádzkovateľa."
1436,312,62,D,"Odvodené z typu prevádzky, nie z ohlásenia o vzniku odpadu. Overiť podľa evidencie prevádzkovateľa."
1437,313,77,D,"Odvodené z typu prevádzky, nie z ohlásenia o vzniku odpadu. Overiť podľa evidencie prevádzkovateľa."
1438,313,78,D,"Odvodené z typu prevádzky, nie z ohlásenia o vzniku odpadu. Overiť podľa evidencie prevádzkovateľa."
1439,313,81,D,"Odvodené z typu prevádzky, nie z ohlásenia o vzniku odpadu. Overiť podľa evidencie prevádzkovateľa."
1440,313,62,D,"Odvodené z typu prevádzky, nie z ohlásenia o vzniku odpadu. Overiť podľa evidencie prevádzkovateľa."
1441,314,79,D,"Odvodené z typu prevádzky, nie z ohlásenia o vzniku odpadu. Overiť podľa evidencie prevádzkovateľa."
1442,314,78,D,"Odvodené z typu prevádzky, nie z ohlásenia o vzniku odpadu. Overiť podľa evidencie prevádzkovateľa."
1443,314,81,D,"Odvodené z typu prevádzky, nie z ohlásenia o vzniku odpadu. Overiť podľa evidencie prevádzkovateľa."
1444,315,22,D,"Odvodené z typu prevádzky, nie z ohlásenia o vzniku odpadu. Overiť podľa evidencie prevádzkovateľa."
1445,315,23,D,"Odvodené z typu prevádzky, nie z ohlásenia o vzniku odpadu. Overiť podľa evidencie prevádzkovateľa."
1446,315,24,D,"Odvodené z typu prevádzky, nie z ohlásenia o vzniku odpadu. Overiť podľa evidencie prevádzkovateľa."
1447,315,88,D,"Odvodené z typu prevádzky, nie z ohlásenia o vzniku odpadu. Overiť podľa evidencie prevádzkovateľa."
1448,315,91,D,"Odvodené z typu prevádzky, nie z ohlásenia o vzniku odpadu. Overiť podľa evidencie prevádzkovateľa."
1449,315,92,D,"Odvodené z typu prevádzky, nie z ohlásenia o vzniku odpadu. Overiť podľa evidencie prevádzkovateľa."
1450,316,22,D,"Odvodené z typu prevádzky, nie z ohlásenia o vzniku odpadu. Overiť podľa evidencie prevádzkovateľa."
1451,316,23,D,"Odvodené z typu prevádzky, nie z ohlásenia o vzniku odpadu. Overiť podľa evidencie prevádzkovateľa."
1452,316,24,D,"Odvodené z typu prevádzky, nie z ohlásenia o vzniku odpadu. Overiť podľa evidencie prevádzkovateľa."
1453,316,88,D,"Odvodené z typu prevádzky, nie z ohlásenia o vzniku odpadu. Overiť podľa evidencie prevádzkovateľa."
1454,316,91,D,"Odvodené z typu prevádzky, nie z ohlásenia o vzniku odpadu. Overiť podľa evidencie prevádzkovateľa."
1455,316,92,D,"Odvodené z typu prevádzky, nie z ohlásenia o vzniku odpadu. Overiť podľa evidencie prevádzkovateľa."
1456,317,22,D,"Odvodené z typu prevádzky, nie z ohlásenia o vzniku odpadu. Overiť podľa evidencie prevádzkovateľa."
1457,317,23,D,"Odvodené z typu prevádzky, nie z ohlásenia o vzniku odpadu. Overiť podľa evidencie prevádzkovateľa."
1458,317,24,D,"Odvodené z typu prevádzky, nie z ohlásenia o vzniku odpadu. Overiť podľa evidencie prevádzkovateľa."
1459,317,88,D,"Odvodené z typu prevádzky, nie z ohlásenia o vzniku odpadu. Overiť podľa evidencie prevádzkovateľa."
1460,317,91,D,"Odvodené z typu prevádzky, nie z ohlásenia o vzniku odpadu. Overiť podľa evidencie prevádzkovateľa."
1461,317,92,D,"Odvodené z typu prevádzky, nie z ohlásenia o vzniku odpadu. Overiť podľa evidencie prevádzkovateľa."
1462,318,80,D,"Odvodené z typu prevádzky, nie z ohlásenia o vzniku odpadu. Overiť podľa evidencie prevádzkovateľa."
1463,318,78,D,"Odvodené z typu prevádzky, nie z ohlásenia o vzniku odpadu. Overiť podľa evidencie prevádzkovateľa."
1464,318,81,D,"Odvodené z typu prevádzky, nie z ohlásenia o vzniku odpadu. Overiť podľa evidencie prevádzkovateľa."
1465,318,82,D,"Odvodené z typu prevádzky, nie z ohlásenia o vzniku odpadu. Overiť podľa evidencie prevádzkovateľa."
1466,318,70,D,"Odvodené z typu prevádzky, nie z ohlásenia o vzniku odpadu. Overiť podľa evidencie prevádzkovateľa."
1467,319,22,D,"Odvodené z typu prevádzky, nie z ohlásenia o vzniku odpadu. Overiť podľa evidencie prevádzkovateľa."
1468,319,23,D,"Odvodené z typu prevádzky, nie z ohlásenia o vzniku odpadu. Overiť podľa evidencie prevádzkovateľa."
1469,319,24,D,"Odvodené z typu prevádzky, nie z ohlásenia o vzniku odpadu. Overiť podľa evidencie prevádzkovateľa."
1470,319,88,D,"Odvodené z typu prevádzky, nie z ohlásenia o vzniku odpadu. Overiť podľa evidencie prevádzkovateľa."
1471,319,91,D,"Odvodené z typu prevádzky, nie z ohlásenia o vzniku odpadu. Overiť podľa evidencie prevádzkovateľa."
1472,319,92,D,"Odvodené z typu prevádzky, nie z ohlásenia o vzniku odpadu. Overiť podľa evidencie prevádzkovateľa."
1473,320,22,D,"Odvodené z typu prevádzky, nie z ohlásenia o vzniku odpadu. Overiť podľa evidencie prevádzkovateľa."
1474,320,23,D,"Odvodené z typu prevádzky, nie z ohlásenia o vzniku odpadu. Overiť podľa evidencie prevádzkovateľa."
1475,320,24,D,"Odvodené z typu prevádzky, nie z ohlásenia o vzniku odpadu. Overiť podľa evidencie prevádzkovateľa."
1476,320,88,D,"Odvodené z typu prevádzky, nie z ohlásenia o vzniku odpadu. Overiť podľa evidencie prevádzkovateľa."
1477,320,91,D,"Odvodené z typu prevádzky, nie z ohlásenia o vzniku odpadu. Overiť podľa evidencie prevádzkovateľa."
1478,320,92,D,"Odvodené z typu prevádzky, nie z ohlásenia o vzniku odpadu. Overiť podľa evidencie prevádzkovateľa."
1479,321,22,D,"Odvodené z typu prevádzky, nie z ohlásenia o vzniku odpadu. Overiť podľa evidencie prevádzkovateľa."
1480,321,23,D,"Odvodené z typu prevádzky, nie z ohlásenia o vzniku odpadu. Overiť podľa evidencie prevádzkovateľa."
1481,321,24,D,"Odvodené z typu prevádzky, nie z ohlásenia o vzniku odpadu. Overiť podľa evidencie prevádzkovateľa."
1482,321,88,D,"Odvodené z typu prevádzky, nie z ohlásenia o vzniku odpadu. Overiť podľa evidencie prevádzkovateľa."
1483,321,91,D,"Odvodené z typu prevádzky, nie z ohlásenia o vzniku odpadu. Overiť podľa evidencie prevádzkovateľa."
1484,321,92,D,"Odvodené z typu prevádzky, nie z ohlásenia o vzniku odpadu. Overiť podľa evidencie prevádzkovateľa."
1485,322,80,D,"Odvodené z typu prevádzky, nie z ohlásenia o vzniku odpadu. Overiť podľa evidencie prevádzkovateľa."
1486,322,78,D,"Odvodené z typu prevádzky, nie z ohlásenia o vzniku odpadu. Overiť podľa evidencie prevádzkovateľa."
1487,322,81,D,"Odvodené z typu prevádzky, nie z ohlásenia o vzniku odpadu. Overiť podľa evidencie prevádzkovateľa."
1488,322,70,D,"Odvodené z typu prevádzky, nie z ohlásenia o vzniku odpadu. Overiť podľa evidencie prevádzkovateľa."
1489,323,22,D,"Odvodené z typu prevádzky, nie z ohlásenia o vzniku odpadu. Overiť podľa evidencie prevádzkovateľa."
1490,323,23,D,"Odvodené z typu prevádzky, nie z ohlásenia o vzniku odpadu. Overiť podľa evidencie prevádzkovateľa."
1491,323,24,D,"Odvodené z typu prevádzky, nie z ohlásenia o vzniku odpadu. Overiť podľa evidencie prevádzkovateľa."
1492,323,88,D,"Odvodené z typu prevádzky, nie z ohlásenia o vzniku odpadu. Overiť podľa evidencie prevádzkovateľa."
1493,323,91,D,"Odvodené z typu prevádzky, nie z ohlásenia o vzniku odpadu. Overiť podľa evidencie prevádzkovateľa."
1494,323,92,D,"Odvodené z typu prevádzky, nie z ohlásenia o vzniku odpadu. Overiť podľa evidencie prevádzkovateľa."
1495,324,22,D,"Odvodené z typu prevádzky, nie z ohlásenia o vzniku odpadu. Overiť podľa evidencie prevádzkovateľa."
1496,324,23,D,"Odvodené z typu prevádzky, nie z ohlásenia o vzniku odpadu. Overiť podľa evidencie prevádzkovateľa."
1497,324,24,D,"Odvodené z typu prevádzky, nie z ohlásenia o vzniku odpadu. Overiť podľa evidencie prevádzkovateľa."
1498,324,88,D,"Odvodené z typu prevádzky, nie z ohlásenia o vzniku odpadu. Overiť podľa evidencie prevádzkovateľa."
1499,324,91,D,"Odvodené z typu prevádzky, nie z ohlásenia o vzniku odpadu. Overiť podľa evidencie prevádzkovateľa."
1500,324,92,D,"Odvodené z typu prevádzky, nie z ohlásenia o vzniku odpadu. Overiť podľa evidencie prevádzkovateľa."
1501,325,80,D,"Odvodené z typu prevádzky, nie z ohlásenia o vzniku odpadu. Overiť podľa evidencie prevádzkovateľa."
1502,325,78,D,"Odvodené z typu prevádzky, nie z ohlásenia o vzniku odpadu. Overiť podľa evidencie prevádzkovateľa."
1503,325,81,D,"Odvodené z typu prevádzky, nie z ohlásenia o vzniku odpadu. Overiť podľa evidencie prevádzkovateľa."
1504,325,70,D,"Odvodené z typu prevádzky, nie z ohlásenia o vzniku odpadu. Overiť podľa evidencie prevádzkovateľa."
1505,326,79,D,"Odvodené z typu prevádzky, nie z ohlásenia o vzniku odpadu. Overiť podľa evidencie prevádzkovateľa."
1506,326,78,D,"Odvodené z typu prevádzky, nie z ohlásenia o vzniku odpadu. Overiť podľa evidencie prevádzkovateľa."
1507,326,62,D,"Odvodené z typu prevádzky, nie z ohlásenia o vzniku odpadu. Overiť podľa evidencie prevádzkovateľa."
1508,327,79,D,"Odvodené z typu prevádzky, nie z ohlásenia o vzniku odpadu. Overiť podľa evidencie prevádzkovateľa."
1509,327,78,D,"Odvodené z typu prevádzky, nie z ohlásenia o vzniku odpadu. Overiť podľa evidencie prevádzkovateľa."
1510,327,62,D,"Odvodené z typu prevádzky, nie z ohlásenia o vzniku odpadu. Overiť podľa evidencie prevádzkovateľa."
1511,328,79,D,"Odvodené z typu prevádzky, nie z ohlásenia o vzniku odpadu. Overiť podľa evidencie prevádzkovateľa."
1512,328,78,D,"Odvodené z typu prevádzky, nie z ohlásenia o vzniku odpadu. Overiť podľa evidencie prevádzkovateľa."
1513,328,62,D,"Odvodené z typu prevádzky, nie z ohlásenia o vzniku odpadu. Overiť podľa evidencie prevádzkovateľa."
1514,329,47,D,"Odvodené z typu prevádzky, nie z ohlásenia o vzniku odpadu. Overiť podľa evidencie prevádzkovateľa."
1515,329,48,D,"Odvodené z typu prevádzky, nie z ohlásenia o vzniku odpadu. Overiť podľa evidencie prevádzkovateľa."
1516,329,49,D,"Odvodené z typu prevádzky, nie z ohlásenia o vzniku odpadu. Overiť podľa evidencie prevádzkovateľa."
1517,329,53,D,"Odvodené z typu prevádzky, nie z ohlásenia o vzniku odpadu. Overiť podľa evidencie prevádzkovateľa."
1518,329,51,D,"Odvodené z typu prevádzky, nie z ohlásenia o vzniku odpadu. Overiť podľa evidencie prevádzkovateľa."
1519,330,47,D,"Odvodené z typu prevádzky, nie z ohlásenia o vzniku odpadu. Overiť podľa evidencie prevádzkovateľa."
1520,330,48,D,"Odvodené z typu prevádzky, nie z ohlásenia o vzniku odpadu. Overiť podľa evidencie prevádzkovateľa."
1521,330,49,D,"Odvodené z typu prevádzky, nie z ohlásenia o vzniku odpadu. Overiť podľa evidencie prevádzkovateľa."
1522,330,53,D,"Odvodené z typu prevádzky, nie z ohlásenia o vzniku odpadu. Overiť podľa evidencie prevádzkovateľa."
1523,330,51,D,"Odvodené z typu prevádzky, nie z ohlásenia o vzniku odpadu. Overiť podľa evidencie prevádzkovateľa."
1524,331,63,D,"Odvodené z typu prevádzky, nie z ohlásenia o vzniku odpadu. Overiť podľa evidencie prevádzkovateľa."
1525,331,62,D,"Odvodené z typu prevádzky, nie z ohlásenia o vzniku odpadu. Overiť podľa evidencie prevádzkovateľa."
1526,331,64,D,"Odvodené z typu prevádzky, nie z ohlásenia o vzniku odpadu. Overiť podľa evidencie prevádzkovateľa."
1527,331,70,D,"Odvodené z typu prevádzky, nie z ohlásenia o vzniku odpadu. Overiť podľa evidencie prevádzkovateľa."
1528,331,66,D,"Odvodené z typu prevádzky, nie z ohlásenia o vzniku odpadu. Overiť podľa evidencie prevádzkovateľa."
1529,332,47,D,"Odvodené z typu prevádzky, nie z ohlásenia o vzniku odpadu. Overiť podľa evidencie prevádzkovateľa."
1530,332,48,D,"Odvodené z typu prevádzky, nie z ohlásenia o vzniku odpadu. Overiť podľa evidencie prevádzkovateľa."
1531,332,49,D,"Odvodené z typu prevádzky, nie z ohlásenia o vzniku odpadu. Overiť podľa evidencie prevádzkovateľa."
1532,332,53,D,"Odvodené z typu prevádzky, nie z ohlásenia o vzniku odpadu. Overiť podľa evidencie prevádzkovateľa."
1533,332,51,D,"Odvodené z typu prevádzky, nie z ohlásenia o vzniku odpadu. Overiť podľa evidencie prevádzkovateľa."
1534,333,43,D,"Odvodené z typu prevádzky, nie z ohlásenia o vzniku odpadu. Overiť podľa evidencie prevádzkovateľa."
1535,333,44,D,"Odvodené z typu prevádzky, nie z ohlásenia o vzniku odpadu. Overiť podľa evidencie prevádzkovateľa."
1536,333,52,D,"Odvodené z typu prevádzky, nie z ohlásenia o vzniku odpadu. Overiť podľa evidencie prevádzkovateľa."
1537,333,35,D,"Odvodené z typu prevádzky, nie z ohlásenia o vzniku odpadu. Overiť podľa evidencie prevádzkovateľa."
1538,334,7,D,"Odvodené z typu prevádzky, nie z ohlásenia o vzniku odpadu. Overiť podľa evidencie prevádzkovateľa."
1539,334,8,D,"Odvodené z typu prevádzky, nie z ohlásenia o vzniku odpadu. Overiť podľa evidencie prevádzkovateľa."
1540,334,9,D,"Odvodené z typu prevádzky, nie z ohlásenia o vzniku odpadu. Overiť podľa evidencie prevádzkovateľa."
1541,335,63,D,"Odvodené z typu prevádzky, nie z ohlásenia o vzniku odpadu. Overiť podľa evidencie prevádzkovateľa."
1542,335,62,D,"Odvodené z typu prevádzky, nie z ohlásenia o vzniku odpadu. Overiť podľa evidencie prevádzkovateľa."
1543,335,64,D,"Odvodené z typu prevádzky, nie z ohlásenia o vzniku odpadu. Overiť podľa evidencie prevádzkovateľa."
1544,335,70,D,"Odvodené z typu prevádzky, nie z ohlásenia o vzniku odpadu. Overiť podľa evidencie prevádzkovateľa."
1545,335,66,D,"Odvodené z typu prevádzky, nie z ohlásenia o vzniku odpadu. Overiť podľa evidencie prevádzkovateľa."
1546,336,38,D,"Odvodené z typu prevádzky, nie z ohlásenia o vzniku odpadu. Overiť podľa evidencie prevádzkovateľa."
1547,336,39,D,"Odvodené z typu prevádzky, nie z ohlásenia o vzniku odpadu. Overiť podľa evidencie prevádzkovateľa."
1548,337,54,D,"Odvodené z typu prevádzky, nie z ohlásenia o vzniku odpadu. Overiť podľa evidencie prevádzkovateľa."
1549,337,55,D,"Odvodené z typu prevádzky, nie z ohlásenia o vzniku odpadu. Overiť podľa evidencie prevádzkovateľa."
1550,337,57,D,"Odvodené z typu prevádzky, nie z ohlásenia o vzniku odpadu. Overiť podľa evidencie prevádzkovateľa."
1551,337,51,D,"Odvodené z typu prevádzky, nie z ohlásenia o vzniku odpadu. Overiť podľa evidencie prevádzkovateľa."
1552,337,58,D,"Odvodené z typu prevádzky, nie z ohlásenia o vzniku odpadu. Overiť podľa evidencie prevádzkovateľa."
1553,338,22,D,"Odvodené z typu prevádzky, nie z ohlásenia o vzniku odpadu. Overiť podľa evidencie prevádzkovateľa."
1554,338,23,D,"Odvodené z typu prevádzky, nie z ohlásenia o vzniku odpadu. Overiť podľa evidencie prevádzkovateľa."
1555,338,24,D,"Odvodené z typu prevádzky, nie z ohlásenia o vzniku odpadu. Overiť podľa evidencie prevádzkovateľa."
1556,338,88,D,"Odvodené z typu prevádzky, nie z ohlásenia o vzniku odpadu. Overiť podľa evidencie prevádzkovateľa."
1557,338,91,D,"Odvodené z typu prevádzky, nie z ohlásenia o vzniku odpadu. Overiť podľa evidencie prevádzkovateľa."
1558,338,92,D,"Odvodené z typu prevádzky, nie z ohlásenia o vzniku odpadu. Overiť podľa evidencie prevádzkovateľa."
1559,339,74,D,"Odvodené z typu prevádzky, nie z ohlásenia o vzniku odpadu. Overiť podľa evidencie prevádzkovateľa."
1560,339,71,D,"Odvodené z typu prevádzky, nie z ohlásenia o vzniku odpadu. Overiť podľa evidencie prevádzkovateľa."
1561,339,73,D,"Odvodené z typu prevádzky, nie z ohlásenia o vzniku odpadu. Overiť podľa evidencie prevádzkovateľa."
1562,339,60,D,"Odvodené z typu prevádzky, nie z ohlásenia o vzniku odpadu. Overiť podľa evidencie prevádzkovateľa."
1563,340,5,D,"Odvodené z typu prevádzky, nie z ohlásenia o vzniku odpadu. Overiť podľa evidencie prevádzkovateľa."
1564,340,6,D,"Odvodené z typu prevádzky, nie z ohlásenia o vzniku odpadu. Overiť podľa evidencie prevádzkovateľa."
1565,341,63,D,"Odvodené z typu prevádzky, nie z ohlásenia o vzniku odpadu. Overiť podľa evidencie prevádzkovateľa."
1566,341,62,D,"Odvodené z typu prevádzky, nie z ohlásenia o vzniku odpadu. Overiť podľa evidencie prevádzkovateľa."
1567,341,64,D,"Odvodené z typu prevádzky, nie z ohlásenia o vzniku odpadu. Overiť podľa evidencie prevádzkovateľa."
1568,341,70,D,"Odvodené z typu prevádzky, nie z ohlásenia o vzniku odpadu. Overiť podľa evidencie prevádzkovateľa."
1569,341,66,D,"Odvodené z typu prevádzky, nie z ohlásenia o vzniku odpadu. Overiť podľa evidencie prevádzkovateľa."
1570,342,47,D,"Odvodené z typu prevádzky, nie z ohlásenia o vzniku odpadu. Overiť podľa evidencie prevádzkovateľa."
1571,342,48,D,"Odvodené z typu prevádzky, nie z ohlásenia o vzniku odpadu. Overiť podľa evidencie prevádzkovateľa."
1572,342,49,D,"Odvodené z typu prevádzky, nie z ohlásenia o vzniku odpadu. Overiť podľa evidencie prevádzkovateľa."
1573,342,53,D,"Odvodené z typu prevádzky, nie z ohlásenia o vzniku odpadu. Overiť podľa evidencie prevádzkovateľa."
1574,342,51,D,"Odvodené z typu prevádzky, nie z ohlásenia o vzniku odpadu. Overiť podľa evidencie prevádzkovateľa."
1575,343,83,D,"Odvodené z typu prevádzky, nie z ohlásenia o vzniku odpadu. Overiť podľa evidencie prevádzkovateľa."
1576,343,84,D,"Odvodené z typu prevádzky, nie z ohlásenia o vzniku odpadu. Overiť podľa evidencie prevádzkovateľa."
1577,343,85,D,"Odvodené z typu prevádzky, nie z ohlásenia o vzniku odpadu. Overiť podľa evidencie prevádzkovateľa."
1578,343,86,D,"Odvodené z typu prevádzky, nie z ohlásenia o vzniku odpadu. Overiť podľa evidencie prevádzkovateľa."
1579,343,87,D,"Odvodené z typu prevádzky, nie z ohlásenia o vzniku odpadu. Overiť podľa evidencie prevádzkovateľa."
1580,344,14,D,"Odvodené z typu prevádzky, nie z ohlásenia o vzniku odpadu. Overiť podľa evidencie prevádzkovateľa."
1581,344,15,D,"Odvodené z typu prevádzky, nie z ohlásenia o vzniku odpadu. Overiť podľa evidencie prevádzkovateľa."
1582,344,46,D,"Odvodené z typu prevádzky, nie z ohlásenia o vzniku odpadu. Overiť podľa evidencie prevádzkovateľa."
1583,344,18,D,"Odvodené z typu prevádzky, nie z ohlásenia o vzniku odpadu. Overiť podľa evidencie prevádzkovateľa."
1584,345,80,D,"Odvodené z typu prevádzky, nie z ohlásenia o vzniku odpadu. Overiť podľa evidencie prevádzkovateľa."
1585,345,78,D,"Odvodené z typu prevádzky, nie z ohlásenia o vzniku odpadu. Overiť podľa evidencie prevádzkovateľa."
1586,345,81,D,"Odvodené z typu prevádzky, nie z ohlásenia o vzniku odpadu. Overiť podľa evidencie prevádzkovateľa."
1587,345,70,D,"Odvodené z typu prevádzky, nie z ohlásenia o vzniku odpadu. Overiť podľa evidencie prevádzkovateľa."
1588,346,80,D,"Odvodené z typu prevádzky, nie z ohlásenia o vzniku odpadu. Overiť podľa evidencie prevádzkovateľa."
1589,346,78,D,"Odvodené z typu prevádzky, nie z ohlásenia o vzniku odpadu. Overiť podľa evidencie prevádzkovateľa."
1590,346,81,D,"Odvodené z typu prevádzky, nie z ohlásenia o vzniku odpadu. Overiť podľa evidencie prevádzkovateľa."
1591,346,70,D,"Odvodené z typu prevádzky, nie z ohlásenia o vzniku odpadu. Overiť podľa evidencie prevádzkovateľa."
1592,347,80,D,"Odvodené z typu prevádzky, nie z ohlásenia o vzniku odpadu. Overiť podľa evidencie prevádzkovateľa."
1593,347,78,D,"Odvodené z typu prevádzky, nie z ohlásenia o vzniku odpadu. Overiť podľa evidencie prevádzkovateľa."
1594,347,81,D,"Odvodené z typu prevádzky, nie z ohlásenia o vzniku odpadu. Overiť podľa evidencie prevádzkovateľa."
1595,347,70,D,"Odvodené z typu prevádzky, nie z ohlásenia o vzniku odpadu. Overiť podľa evidencie prevádzkovateľa."
1596,348,22,D,"Odvodené z typu prevádzky, nie z ohlásenia o vzniku odpadu. Overiť podľa evidencie prevádzkovateľa."
1597,348,23,D,"Odvodené z typu prevádzky, nie z ohlásenia o vzniku odpadu. Overiť podľa evidencie prevádzkovateľa."
1598,348,24,D,"Odvodené z typu prevádzky, nie z ohlásenia o vzniku odpadu. Overiť podľa evidencie prevádzkovateľa."
1599,348,88,D,"Odvodené z typu prevádzky, nie z ohlásenia o vzniku odpadu. Overiť podľa evidencie prevádzkovateľa."
1600,348,91,D,"Odvodené z typu prevádzky, nie z ohlásenia o vzniku odpadu. Overiť podľa evidencie prevádzkovateľa."
1601,348,92,D,"Odvodené z typu prevádzky, nie z ohlásenia o vzniku odpadu. Overiť podľa evidencie prevádzkovateľa."
1602,349,80,D,"Odvodené z typu prevádzky, nie z ohlásenia o vzniku odpadu. Overiť podľa evidencie prevádzkovateľa."
1603,349,78,D,"Odvodené z typu prevádzky, nie z ohlásenia o vzniku odpadu. Overiť podľa evidencie prevádzkovateľa."
1604,349,81,D,"Odvodené z typu prevádzky, nie z ohlásenia o vzniku odpadu. Overiť podľa evidencie prevádzkovateľa."
1605,349,82,D,"Odvodené z typu prevádzky, nie z ohlásenia o vzniku odpadu. Overiť podľa evidencie prevádzkovateľa."
1606,349,70,D,"Odvodené z typu prevádzky, nie z ohlásenia o vzniku odpadu. Overiť podľa evidencie prevádzkovateľa."
1607,350,77,D,"Odvodené z typu prevádzky, nie z ohlásenia o vzniku odpadu. Overiť podľa evidencie prevádzkovateľa."
1608,350,78,D,"Odvodené z typu prevádzky, nie z ohlásenia o vzniku odpadu. Overiť podľa evidencie prevádzkovateľa."
1609,350,82,D,"Odvodené z typu prevádzky, nie z ohlásenia o vzniku odpadu. Overiť podľa evidencie prevádzkovateľa."
1610,350,62,D,"Odvodené z typu prevádzky, nie z ohlásenia o vzniku odpadu. Overiť podľa evidencie prevádzkovateľa."
1611,351,77,D,"Odvodené z typu prevádzky, nie z ohlásenia o vzniku odpadu. Overiť podľa evidencie prevádzkovateľa."
1612,351,78,D,"Odvodené z typu prevádzky, nie z ohlásenia o vzniku odpadu. Overiť podľa evidencie prevádzkovateľa."
1613,351,82,D,"Odvodené z typu prevádzky, nie z ohlásenia o vzniku odpadu. Overiť podľa evidencie prevádzkovateľa."
1614,351,62,D,"Odvodené z typu prevádzky, nie z ohlásenia o vzniku odpadu. Overiť podľa evidencie prevádzkovateľa."
1615,352,77,D,"Odvodené z typu prevádzky, nie z ohlásenia o vzniku odpadu. Overiť podľa evidencie prevádzkovateľa."
1616,352,78,D,"Odvodené z typu prevádzky, nie z ohlásenia o vzniku odpadu. Overiť podľa evidencie prevádzkovateľa."
1617,352,82,D,"Odvodené z typu prevádzky, nie z ohlásenia o vzniku odpadu. Overiť podľa evidencie prevádzkovateľa."
1618,352,62,D,"Odvodené z typu prevádzky, nie z ohlásenia o vzniku odpadu. Overiť podľa evidencie prevádzkovateľa."
1619,353,77,D,"Odvodené z typu prevádzky, nie z ohlásenia o vzniku odpadu. Overiť podľa evidencie prevádzkovateľa."
1620,353,78,D,"Odvodené z typu prevádzky, nie z ohlásenia o vzniku odpadu. Overiť podľa evidencie prevádzkovateľa."
1621,353,81,D,"Odvodené z typu prevádzky, nie z ohlásenia o vzniku odpadu. Overiť podľa evidencie prevádzkovateľa."
1622,354,77,D,"Odvodené z typu prevádzky, nie z ohlásenia o vzniku odpadu. Overiť podľa evidencie prevádzkovateľa."
1623,354,78,D,"Odvodené z typu prevádzky, nie z ohlásenia o vzniku odpadu. Overiť podľa evidencie prevádzkovateľa."
1624,354,81,D,"Odvodené z typu prevádzky, nie z ohlásenia o vzniku odpadu. Overiť podľa evidencie prevádzkovateľa."
1625,355,77,D,"Odvodené z typu prevádzky, nie z ohlásenia o vzniku odpadu. Overiť podľa evidencie prevádzkovateľa."
1626,355,78,D,"Odvodené z typu prevádzky, nie z ohlásenia o vzniku odpadu. Overiť podľa evidencie prevádzkovateľa."
1627,355,81,D,"Odvodené z typu prevádzky, nie z ohlásenia o vzniku odpadu. Overiť podľa evidencie prevádzkovateľa."
1628,356,77,D,"Odvodené z typu prevádzky, nie z ohlásenia o vzniku odpadu. Overiť podľa evidencie prevádzkovateľa."
1629,356,78,D,"Odvodené z typu prevádzky, nie z ohlásenia o vzniku odpadu. Overiť podľa evidencie prevádzkovateľa."
1630,356,82,D,"Odvodené z typu prevádzky, nie z ohlásenia o vzniku odpadu. Overiť podľa evidencie prevádzkovateľa."
1631,356,62,D,"Odvodené z typu prevádzky, nie z ohlásenia o vzniku odpadu. Overiť podľa evidencie prevádzkovateľa."
1632,357,77,D,"Odvodené z typu prevádzky, nie z ohlásenia o vzniku odpadu. Overiť podľa evidencie prevádzkovateľa."
1633,357,78,D,"Odvodené z typu prevádzky, nie z ohlásenia o vzniku odpadu. Overiť podľa evidencie prevádzkovateľa."
1634,357,82,D,"Odvodené z typu prevádzky, nie z ohlásenia o vzniku odpadu. Overiť podľa evidencie prevádzkovateľa."
1635,357,62,D,"Odvodené z typu prevádzky, nie z ohlásenia o vzniku odpadu. Overiť podľa evidencie prevádzkovateľa."
1636,358,77,D,"Odvodené z typu prevádzky, nie z ohlásenia o vzniku odpadu. Overiť podľa evidencie prevádzkovateľa."
1637,358,78,D,"Odvodené z typu prevádzky, nie z ohlásenia o vzniku odpadu. Overiť podľa evidencie prevádzkovateľa."
1638,358,81,D,"Odvodené z typu prevádzky, nie z ohlásenia o vzniku odpadu. Overiť podľa evidencie prevádzkovateľa."
1639,359,77,D,"Odvodené z typu prevádzky, nie z ohlásenia o vzniku odpadu. Overiť podľa evidencie prevádzkovateľa."
1640,359,78,D,"Odvodené z typu prevádzky, nie z ohlásenia o vzniku odpadu. Overiť podľa evidencie prevádzkovateľa."
1641,359,81,D,"Odvodené z typu prevádzky, nie z ohlásenia o vzniku odpadu. Overiť podľa evidencie prevádzkovateľa."
1642,360,77,D,"Odvodené z typu prevádzky, nie z ohlásenia o vzniku odpadu. Overiť podľa evidencie prevádzkovateľa."
1643,360,78,D,"Odvodené z typu prevádzky, nie z ohlásenia o vzniku odpadu. Overiť podľa evidencie prevádzkovateľa."
1644,360,82,D,"Odvodené z typu prevádzky, nie z ohlásenia o vzniku odpadu. Overiť podľa evidencie prevádzkovateľa."
1645,360,62,D,"Odvodené z typu prevádzky, nie z ohlásenia o vzniku odpadu. Overiť podľa evidencie prevádzkovateľa."
1646,361,77,D,"Odvodené z typu prevádzky, nie z ohlásenia o vzniku odpadu. Overiť podľa evidencie prevádzkovateľa."
1647,361,78,D,"Odvodené z typu prevádzky, nie z ohlásenia o vzniku odpadu. Overiť podľa evidencie prevádzkovateľa."
1648,361,82,D,"Odvodené z typu prevádzky, nie z ohlásenia o vzniku odpadu. Overiť podľa evidencie prevádzkovateľa."
1649,361,62,D,"Odvodené z typu prevádzky, nie z ohlásenia o vzniku odpadu. Overiť podľa evidencie prevádzkovateľa."
1650,362,77,D,"Odvodené z typu prevádzky, nie z ohlásenia o vzniku odpadu. Overiť podľa evidencie prevádzkovateľa."
1651,362,78,D,"Odvodené z typu prevádzky, nie z ohlásenia o vzniku odpadu. Overiť podľa evidencie prevádzkovateľa."
1652,362,62,D,"Odvodené z typu prevádzky, nie z ohlásenia o vzniku odpadu. Overiť podľa evidencie prevádzkovateľa."
1653,363,77,D,"Odvodené z typu prevádzky, nie z ohlásenia o vzniku odpadu. Overiť podľa evidencie prevádzkovateľa."
1654,363,78,D,"Odvodené z typu prevádzky, nie z ohlásenia o vzniku odpadu. Overiť podľa evidencie prevádzkovateľa."
1655,363,81,D,"Odvodené z typu prevádzky, nie z ohlásenia o vzniku odpadu. Overiť podľa evidencie prevádzkovateľa."
1656,363,62,D,"Odvodené z typu prevádzky, nie z ohlásenia o vzniku odpadu. Overiť podľa evidencie prevádzkovateľa."
1657,364,77,D,"Odvodené z typu prevádzky, nie z ohlásenia o vzniku odpadu. Overiť podľa evidencie prevádzkovateľa."
1658,364,78,D,"Odvodené z typu prevádzky, nie z ohlásenia o vzniku odpadu. Overiť podľa evidencie prevádzkovateľa."
1659,364,81,D,"Odvodené z typu prevádzky, nie z ohlásenia o vzniku odpadu. Overiť podľa evidencie prevádzkovateľa."
1660,364,62,D,"Odvodené z typu prevádzky, nie z ohlásenia o vzniku odpadu. Overiť podľa evidencie prevádzkovateľa."
1661,365,77,D,"Odvodené z typu prevádzky, nie z ohlásenia o vzniku odpadu. Overiť podľa evidencie prevádzkovateľa."
1662,365,78,D,"Odvodené z typu prevádzky, nie z ohlásenia o vzniku odpadu. Overiť podľa evidencie prevádzkovateľa."
1663,365,82,D,"Odvodené z typu prevádzky, nie z ohlásenia o vzniku odpadu. Overiť podľa evidencie prevádzkovateľa."
1664,365,62,D,"Odvodené z typu prevádzky, nie z ohlásenia o vzniku odpadu. Overiť podľa evidencie prevádzkovateľa."
1665,366,77,D,"Odvodené z typu prevádzky, nie z ohlásenia o vzniku odpadu. Overiť podľa evidencie prevádzkovateľa."
1666,366,78,D,"Odvodené z typu prevádzky, nie z ohlásenia o vzniku odpadu. Overiť podľa evidencie prevádzkovateľa."
1667,366,62,D,"Odvodené z typu prevádzky, nie z ohlásenia o vzniku odpadu. Overiť podľa evidencie prevádzkovateľa."
1668,367,79,D,"Odvodené z typu prevádzky, nie z ohlásenia o vzniku odpadu. Overiť podľa evidencie prevádzkovateľa."
1669,367,78,D,"Odvodené z typu prevádzky, nie z ohlásenia o vzniku odpadu. Overiť podľa evidencie prevádzkovateľa."
1670,367,81,D,"Odvodené z typu prevádzky, nie z ohlásenia o vzniku odpadu. Overiť podľa evidencie prevádzkovateľa."
1671,368,79,D,"Odvodené z typu prevádzky, nie z ohlásenia o vzniku odpadu. Overiť podľa evidencie prevádzkovateľa."
1672,368,78,D,"Odvodené z typu prevádzky, nie z ohlásenia o vzniku odpadu. Overiť podľa evidencie prevádzkovateľa."
1673,368,81,D,"Odvodené z typu prevádzky, nie z ohlásenia o vzniku odpadu. Overiť podľa evidencie prevádzkovateľa."
1674,369,79,D,"Odvodené z typu prevádzky, nie z ohlásenia o vzniku odpadu. Overiť podľa evidencie prevádzkovateľa."
1675,369,78,D,"Odvodené z typu prevádzky, nie z ohlásenia o vzniku odpadu. Overiť podľa evidencie prevádzkovateľa."
1676,369,62,D,"Odvodené z typu prevádzky, nie z ohlásenia o vzniku odpadu. Overiť podľa evidencie prevádzkovateľa."
1677,370,77,D,"Odvodené z typu prevádzky, nie z ohlásenia o vzniku odpadu. Overiť podľa evidencie prevádzkovateľa."
1678,370,78,D,"Odvodené z typu prevádzky, nie z ohlásenia o vzniku odpadu. Overiť podľa evidencie prevádzkovateľa."
1679,370,81,D,"Odvodené z typu prevádzky, nie z ohlásenia o vzniku odpadu. Overiť podľa evidencie prevádzkovateľa."
1680,370,62,D,"Odvodené z typu prevádzky, nie z ohlásenia o vzniku odpadu. Overiť podľa evidencie prevádzkovateľa."
1681,371,77,D,"Odvodené z typu prevádzky, nie z ohlásenia o vzniku odpadu. Overiť podľa evidencie prevádzkovateľa."
1682,371,78,D,"Odvodené z typu prevádzky, nie z ohlásenia o vzniku odpadu. Overiť podľa evidencie prevádzkovateľa."
1683,371,81,D,"Odvodené z typu prevádzky, nie z ohlásenia o vzniku odpadu. Overiť podľa evidencie prevádzkovateľa."
1684,371,62,D,"Odvodené z typu prevádzky, nie z ohlásenia o vzniku odpadu. Overiť podľa evidencie prevádzkovateľa."
1685,372,83,D,"Odvodené z typu prevádzky, nie z ohlásenia o vzniku odpadu. Overiť podľa evidencie prevádzkovateľa."
1686,372,84,D,"Odvodené z typu prevádzky, nie z ohlásenia o vzniku odpadu. Overiť podľa evidencie prevádzkovateľa."
1687,372,85,D,"Odvodené z typu prevádzky, nie z ohlásenia o vzniku odpadu. Overiť podľa evidencie prevádzkovateľa."
1688,372,86,D,"Odvodené z typu prevádzky, nie z ohlásenia o vzniku odpadu. Overiť podľa evidencie prevádzkovateľa."
1689,372,87,D,"Odvodené z typu prevádzky, nie z ohlásenia o vzniku odpadu. Overiť podľa evidencie prevádzkovateľa."
1690,373,1,D,"Odvodené z typu prevádzky, nie z ohlásenia o vzniku odpadu. Overiť podľa evidencie prevádzkovateľa."
1691,373,2,D,"Odvodené z typu prevádzky, nie z ohlásenia o vzniku odpadu. Overiť podľa evidencie prevádzkovateľa."
1692,373,3,D,"Odvodené z typu prevádzky, nie z ohlásenia o vzniku odpadu. Overiť podľa evidencie prevádzkovateľa."
1693,373,4,D,"Odvodené z typu prevádzky, nie z ohlásenia o vzniku odpadu. Overiť podľa evidencie prevádzkovateľa."
1694,374,36,D,"Odvodené z typu prevádzky, nie z ohlásenia o vzniku odpadu. Overiť podľa evidencie prevádzkovateľa."
1695,374,37,D,"Odvodené z typu prevádzky, nie z ohlásenia o vzniku odpadu. Overiť podľa evidencie prevádzkovateľa."
1696,374,53,D,"Odvodené z typu prevádzky, nie z ohlásenia o vzniku odpadu. Overiť podľa evidencie prevádzkovateľa."
1697,375,38,D,"Odvodené z typu prevádzky, nie z ohlásenia o vzniku odpadu. Overiť podľa evidencie prevádzkovateľa."
1698,375,39,D,"Odvodené z typu prevádzky, nie z ohlásenia o vzniku odpadu. Overiť podľa evidencie prevádzkovateľa."
1699,376,5,D,"Odvodené z typu prevádzky, nie z ohlásenia o vzniku odpadu. Overiť podľa evidencie prevádzkovateľa."
1700,376,6,D,"Odvodené z typu prevádzky, nie z ohlásenia o vzniku odpadu. Overiť podľa evidencie prevádzkovateľa."
1701,377,83,D,"Odvodené z typu prevádzky, nie z ohlásenia o vzniku odpadu. Overiť podľa evidencie prevádzkovateľa."
1702,377,84,D,"Odvodené z typu prevádzky, nie z ohlásenia o vzniku odpadu. Overiť podľa evidencie prevádzkovateľa."
1703,377,85,D,"Odvodené z typu prevádzky, nie z ohlásenia o vzniku odpadu. Overiť podľa evidencie prevádzkovateľa."
1704,377,86,D,"Odvodené z typu prevádzky, nie z ohlásenia o vzniku odpadu. Overiť podľa evidencie prevádzkovateľa."
1705,377,87,D,"Odvodené z typu prevádzky, nie z ohlásenia o vzniku odpadu. Overiť podľa evidencie prevádzkovateľa."
1706,377,81,D,"Odvodené z typu prevádzky, nie z ohlásenia o vzniku odpadu. Overiť podľa evidencie prevádzkovateľa."
1707,378,83,D,"Odvodené z typu prevádzky, nie z ohlásenia o vzniku odpadu. Overiť podľa evidencie prevádzkovateľa."
1708,378,84,D,"Odvodené z typu prevádzky, nie z ohlásenia o vzniku odpadu. Overiť podľa evidencie prevádzkovateľa."
1709,378,85,D,"Odvodené z typu prevádzky, nie z ohlásenia o vzniku odpadu. Overiť podľa evidencie prevádzkovateľa."
1710,378,86,D,"Odvodené z typu prevádzky, nie z ohlásenia o vzniku odpadu. Overiť podľa evidencie prevádzkovateľa."
1711,378,87,D,"Odvodené z typu prevádzky, nie z ohlásenia o vzniku odpadu. Overiť podľa evidencie prevádzkovateľa."
1712,378,81,D,"Odvodené z typu prevádzky, nie z ohlásenia o vzniku odpadu. Overiť podľa evidencie prevádzkovateľa."
1713,379,63,D,"Odvodené z typu prevádzky, nie z ohlásenia o vzniku odpadu. Overiť podľa evidencie prevádzkovateľa."
1714,379,62,D,"Odvodené z typu prevádzky, nie z ohlásenia o vzniku odpadu. Overiť podľa evidencie prevádzkovateľa."
1715,379,64,D,"Odvodené z typu prevádzky, nie z ohlásenia o vzniku odpadu. Overiť podľa evidencie prevádzkovateľa."
1716,379,70,D,"Odvodené z typu prevádzky, nie z ohlásenia o vzniku odpadu. Overiť podľa evidencie prevádzkovateľa."
1717,379,66,D,"Odvodené z typu prevádzky, nie z ohlásenia o vzniku odpadu. Overiť podľa evidencie prevádzkovateľa."
1718,380,21,D,"Odvodené z typu prevádzky, nie z ohlásenia o vzniku odpadu. Overiť podľa evidencie prevádzkovateľa."
1719,380,56,D,"Odvodené z typu prevádzky, nie z ohlásenia o vzniku odpadu. Overiť podľa evidencie prevádzkovateľa."
1720,380,20,D,"Odvodené z typu prevádzky, nie z ohlásenia o vzniku odpadu. Overiť podľa evidencie prevádzkovateľa."
1721,380,58,D,"Odvodené z typu prevádzky, nie z ohlásenia o vzniku odpadu. Overiť podľa evidencie prevádzkovateľa."
1722,380,88,D,"Odvodené z typu prevádzky, nie z ohlásenia o vzniku odpadu. Overiť podľa evidencie prevádzkovateľa."
1723,380,89,D,"Odvodené z typu prevádzky, nie z ohlásenia o vzniku odpadu. Overiť podľa evidencie prevádzkovateľa."
1724,381,14,D,"Odvodené z typu prevádzky, nie z ohlásenia o vzniku odpadu. Overiť podľa evidencie prevádzkovateľa."
1725,381,15,D,"Odvodené z typu prevádzky, nie z ohlásenia o vzniku odpadu. Overiť podľa evidencie prevádzkovateľa."
1726,381,16,D,"Odvodené z typu prevádzky, nie z ohlásenia o vzniku odpadu. Overiť podľa evidencie prevádzkovateľa."
1727,381,17,D,"Odvodené z typu prevádzky, nie z ohlásenia o vzniku odpadu. Overiť podľa evidencie prevádzkovateľa."
1728,381,18,D,"Odvodené z typu prevádzky, nie z ohlásenia o vzniku odpadu. Overiť podľa evidencie prevádzkovateľa."
1729,382,72,D,"Odvodené z typu prevádzky, nie z ohlásenia o vzniku odpadu. Overiť podľa evidencie prevádzkovateľa."
1730,382,71,D,"Odvodené z typu prevádzky, nie z ohlásenia o vzniku odpadu. Overiť podľa evidencie prevádzkovateľa."
1731,382,73,D,"Odvodené z typu prevádzky, nie z ohlásenia o vzniku odpadu. Overiť podľa evidencie prevádzkovateľa."
1732,383,69,D,"Odvodené z typu prevádzky, nie z ohlásenia o vzniku odpadu. Overiť podľa evidencie prevádzkovateľa."
1733,383,70,D,"Odvodené z typu prevádzky, nie z ohlásenia o vzniku odpadu. Overiť podľa evidencie prevádzkovateľa."
1734,384,34,D,"Odvodené z typu prevádzky, nie z ohlásenia o vzniku odpadu. Overiť podľa evidencie prevádzkovateľa."
1735,384,35,D,"Odvodené z typu prevádzky, nie z ohlásenia o vzniku odpadu. Overiť podľa evidencie prevádzkovateľa."
1736,385,22,D,"Odvodené z typu prevádzky, nie z ohlásenia o vzniku odpadu. Overiť podľa evidencie prevádzkovateľa."
1737,385,23,D,"Odvodené z typu prevádzky, nie z ohlásenia o vzniku odpadu. Overiť podľa evidencie prevádzkovateľa."
1738,385,24,D,"Odvodené z typu prevádzky, nie z ohlásenia o vzniku odpadu. Overiť podľa evidencie prevádzkovateľa."
1739,385,88,D,"Odvodené z typu prevádzky, nie z ohlásenia o vzniku odpadu. Overiť podľa evidencie prevádzkovateľa."
1740,385,91,D,"Odvodené z typu prevádzky, nie z ohlásenia o vzniku odpadu. Overiť podľa evidencie prevádzkovateľa."
1741,385,92,D,"Odvodené z typu prevádzky, nie z ohlásenia o vzniku odpadu. Overiť podľa evidencie prevádzkovateľa."
1742,386,80,D,"Odvodené z typu prevádzky, nie z ohlásenia o vzniku odpadu. Overiť podľa evidencie prevádzkovateľa."
1743,386,78,D,"Odvodené z typu prevádzky, nie z ohlásenia o vzniku odpadu. Overiť podľa evidencie prevádzkovateľa."
1744,386,81,D,"Odvodené z typu prevádzky, nie z ohlásenia o vzniku odpadu. Overiť podľa evidencie prevádzkovateľa."
1745,386,82,D,"Odvodené z typu prevádzky, nie z ohlásenia o vzniku odpadu. Overiť podľa evidencie prevádzkovateľa."
1746,386,70,D,"Odvodené z typu prevádzky, nie z ohlásenia o vzniku odpadu. Overiť podľa evidencie prevádzkovateľa."
1747,387,10,D,"Odvodené z typu prevádzky, nie z ohlásenia o vzniku odpadu. Overiť podľa evidencie prevádzkovateľa."
1748,387,45,D,"Odvodené z typu prevádzky, nie z ohlásenia o vzniku odpadu. Overiť podľa evidencie prevádzkovateľa."
1749,388,80,D,"Odvodené z typu prevádzky, nie z ohlásenia o vzniku odpadu. Overiť podľa evidencie prevádzkovateľa."
1750,388,78,D,"Odvodené z typu prevádzky, nie z ohlásenia o vzniku odpadu. Overiť podľa evidencie prevádzkovateľa."
1751,388,81,D,"Odvodené z typu prevádzky, nie z ohlásenia o vzniku odpadu. Overiť podľa evidencie prevádzkovateľa."
1752,388,82,D,"Odvodené z typu prevádzky, nie z ohlásenia o vzniku odpadu. Overiť podľa evidencie prevádzkovateľa."
1753,388,62,D,"Odvodené z typu prevádzky, nie z ohlásenia o vzniku odpadu. Overiť podľa evidencie prevádzkovateľa."
1754,389,10,D,"Odvodené z typu prevádzky, nie z ohlásenia o vzniku odpadu. Overiť podľa evidencie prevádzkovateľa."
1755,389,45,D,"Odvodené z typu prevádzky, nie z ohlásenia o vzniku odpadu. Overiť podľa evidencie prevádzkovateľa."
1756,390,7,D,"Odvodené z typu prevádzky, nie z ohlásenia o vzniku odpadu. Overiť podľa evidencie prevádzkovateľa."
1757,390,8,D,"Odvodené z typu prevádzky, nie z ohlásenia o vzniku odpadu. Overiť podľa evidencie prevádzkovateľa."
1758,390,9,D,"Odvodené z typu prevádzky, nie z ohlásenia o vzniku odpadu. Overiť podľa evidencie prevádzkovateľa."
1759,391,7,D,"Odvodené z typu prevádzky, nie z ohlásenia o vzniku odpadu. Overiť podľa evidencie prevádzkovateľa."
1760,391,8,D,"Odvodené z typu prevádzky, nie z ohlásenia o vzniku odpadu. Overiť podľa evidencie prevádzkovateľa."
1761,391,9,D,"Odvodené z typu prevádzky, nie z ohlásenia o vzniku odpadu. Overiť podľa evidencie prevádzkovateľa."
1762,392,43,D,"Odvodené z typu prevádzky, nie z ohlásenia o vzniku odpadu. Overiť podľa evidencie prevádzkovateľa."
1763,392,44,D,"Odvodené z typu prevádzky, nie z ohlásenia o vzniku odpadu. Overiť podľa evidencie prevádzkovateľa."
1764,392,52,D,"Odvodené z typu prevádzky, nie z ohlásenia o vzniku odpadu. Overiť podľa evidencie prevádzkovateľa."
1765,392,35,D,"Odvodené z typu prevádzky, nie z ohlásenia o vzniku odpadu. Overiť podľa evidencie prevádzkovateľa."
1766,393,1,D,"Odvodené z typu prevádzky, nie z ohlásenia o vzniku odpadu. Overiť podľa evidencie prevádzkovateľa."
1767,393,2,D,"Odvodené z typu prevádzky, nie z ohlásenia o vzniku odpadu. Overiť podľa evidencie prevádzkovateľa."
1768,393,3,D,"Odvodené z typu prevádzky, nie z ohlásenia o vzniku odpadu. Overiť podľa evidencie prevádzkovateľa."
1769,393,4,D,"Odvodené z typu prevádzky, nie z ohlásenia o vzniku odpadu. Overiť podľa evidencie prevádzkovateľa."
1770,394,36,D,"Odvodené z typu prevádzky, nie z ohlásenia o vzniku odpadu. Overiť podľa evidencie prevádzkovateľa."
1771,394,37,D,"Odvodené z typu prevádzky, nie z ohlásenia o vzniku odpadu. Overiť podľa evidencie prevádzkovateľa."
1772,394,53,D,"Odvodené z typu prevádzky, nie z ohlásenia o vzniku odpadu. Overiť podľa evidencie prevádzkovateľa."
1773,395,7,D,"Odvodené z typu prevádzky, nie z ohlásenia o vzniku odpadu. Overiť podľa evidencie prevádzkovateľa."
1774,395,8,D,"Odvodené z typu prevádzky, nie z ohlásenia o vzniku odpadu. Overiť podľa evidencie prevádzkovateľa."
1775,395,9,D,"Odvodené z typu prevádzky, nie z ohlásenia o vzniku odpadu. Overiť podľa evidencie prevádzkovateľa."
1776,396,54,D,"Odvodené z typu prevádzky, nie z ohlásenia o vzniku odpadu. Overiť podľa evidencie prevádzkovateľa."
1777,396,55,D,"Odvodené z typu prevádzky, nie z ohlásenia o vzniku odpadu. Overiť podľa evidencie prevádzkovateľa."
1778,396,57,D,"Odvodené z typu prevádzky, nie z ohlásenia o vzniku odpadu. Overiť podľa evidencie prevádzkovateľa."
1779,396,51,D,"Odvodené z typu prevádzky, nie z ohlásenia o vzniku odpadu. Overiť podľa evidencie prevádzkovateľa."
1780,396,58,D,"Odvodené z typu prevádzky, nie z ohlásenia o vzniku odpadu. Overiť podľa evidencie prevádzkovateľa."
1781,397,7,D,"Odvodené z typu prevádzky, nie z ohlásenia o vzniku odpadu. Overiť podľa evidencie prevádzkovateľa."
1782,397,8,D,"Odvodené z typu prevádzky, nie z ohlásenia o vzniku odpadu. Overiť podľa evidencie prevádzkovateľa."
1783,397,9,D,"Odvodené z typu prevádzky, nie z ohlásenia o vzniku odpadu. Overiť podľa evidencie prevádzkovateľa."
1784,398,77,D,"Odvodené z typu prevádzky, nie z ohlásenia o vzniku odpadu. Overiť podľa evidencie prevádzkovateľa."
1785,398,78,D,"Odvodené z typu prevádzky, nie z ohlásenia o vzniku odpadu. Overiť podľa evidencie prevádzkovateľa."
1786,398,82,D,"Odvodené z typu prevádzky, nie z ohlásenia o vzniku odpadu. Overiť podľa evidencie prevádzkovateľa."
1787,398,62,D,"Odvodené z typu prevádzky, nie z ohlásenia o vzniku odpadu. Overiť podľa evidencie prevádzkovateľa."
1788,399,77,D,"Odvodené z typu prevádzky, nie z ohlásenia o vzniku odpadu. Overiť podľa evidencie prevádzkovateľa."
1789,399,78,D,"Odvodené z typu prevádzky, nie z ohlásenia o vzniku odpadu. Overiť podľa evidencie prevádzkovateľa."
1790,399,82,D,"Odvodené z typu prevádzky, nie z ohlásenia o vzniku odpadu. Overiť podľa evidencie prevádzkovateľa."
1791,399,62,D,"Odvodené z typu prevádzky, nie z ohlásenia o vzniku odpadu. Overiť podľa evidencie prevádzkovateľa."
1792,400,77,D,"Odvodené z typu prevádzky, nie z ohlásenia o vzniku odpadu. Overiť podľa evidencie prevádzkovateľa."
1793,400,78,D,"Odvodené z typu prevádzky, nie z ohlásenia o vzniku odpadu. Overiť podľa evidencie prevádzkovateľa."
1794,400,82,D,"Odvodené z typu prevádzky, nie z ohlásenia o vzniku odpadu. Overiť podľa evidencie prevádzkovateľa."
1795,400,62,D,"Odvodené z typu prevádzky, nie z ohlásenia o vzniku odpadu. Overiť podľa evidencie prevádzkovateľa."
1796,401,72,D,"Odvodené z typu prevádzky, nie z ohlásenia o vzniku odpadu. Overiť podľa evidencie prevádzkovateľa."
1797,401,71,D,"Odvodené z typu prevádzky, nie z ohlásenia o vzniku odpadu. Overiť podľa evidencie prevádzkovateľa."
1798,401,73,D,"Odvodené z typu prevádzky, nie z ohlásenia o vzniku odpadu. Overiť podľa evidencie prevádzkovateľa."
1799,402,72,D,"Odvodené z typu prevádzky, nie z ohlásenia o vzniku odpadu. Overiť podľa evidencie prevádzkovateľa."
1800,402,71,D,"Odvodené z typu prevádzky, nie z ohlásenia o vzniku odpadu. Overiť podľa evidencie prevádzkovateľa."
1801,402,73,D,"Odvodené z typu prevádzky, nie z ohlásenia o vzniku odpadu. Overiť podľa evidencie prevádzkovateľa."
1802,403,83,D,"Odvodené z typu prevádzky, nie z ohlásenia o vzniku odpadu. Overiť podľa evidencie prevádzkovateľa."
1803,403,84,D,"Odvodené z typu prevádzky, nie z ohlásenia o vzniku odpadu. Overiť podľa evidencie prevádzkovateľa."
1804,403,85,D,"Odvodené z typu prevádzky, nie z ohlásenia o vzniku odpadu. Overiť podľa evidencie prevádzkovateľa."
1805,403,86,D,"Odvodené z typu prevádzky, nie z ohlásenia o vzniku odpadu. Overiť podľa evidencie prevádzkovateľa."
1806,403,87,D,"Odvodené z typu prevádzky, nie z ohlásenia o vzniku odpadu. Overiť podľa evidencie prevádzkovateľa."
1807,404,83,D,"Odvodené z typu prevádzky, nie z ohlásenia o vzniku odpadu. Overiť podľa evidencie prevádzkovateľa."
1808,404,84,D,"Odvodené z typu prevádzky, nie z ohlásenia o vzniku odpadu. Overiť podľa evidencie prevádzkovateľa."
1809,404,85,D,"Odvodené z typu prevádzky, nie z ohlásenia o vzniku odpadu. Overiť podľa evidencie prevádzkovateľa."
1810,404,86,D,"Odvodené z typu prevádzky, nie z ohlásenia o vzniku odpadu. Overiť podľa evidencie prevádzkovateľa."
1811,404,87,D,"Odvodené z typu prevádzky, nie z ohlásenia o vzniku odpadu. Overiť podľa evidencie prevádzkovateľa."
1812,405,54,D,"Odvodené z typu prevádzky, nie z ohlásenia o vzniku odpadu. Overiť podľa evidencie prevádzkovateľa."
1813,405,55,D,"Odvodené z typu prevádzky, nie z ohlásenia o vzniku odpadu. Overiť podľa evidencie prevádzkovateľa."
1814,405,57,D,"Odvodené z typu prevádzky, nie z ohlásenia o vzniku odpadu. Overiť podľa evidencie prevádzkovateľa."
1815,405,51,D,"Odvodené z typu prevádzky, nie z ohlásenia o vzniku odpadu. Overiť podľa evidencie prevádzkovateľa."
1816,405,58,D,"Odvodené z typu prevádzky, nie z ohlásenia o vzniku odpadu. Overiť podľa evidencie prevádzkovateľa."
1817,406,47,D,"Odvodené z typu prevádzky, nie z ohlásenia o vzniku odpadu. Overiť podľa evidencie prevádzkovateľa."
1818,406,48,D,"Odvodené z typu prevádzky, nie z ohlásenia o vzniku odpadu. Overiť podľa evidencie prevádzkovateľa."
1819,406,49,D,"Odvodené z typu prevádzky, nie z ohlásenia o vzniku odpadu. Overiť podľa evidencie prevádzkovateľa."
1820,406,53,D,"Odvodené z typu prevádzky, nie z ohlásenia o vzniku odpadu. Overiť podľa evidencie prevádzkovateľa."
1821,406,51,D,"Odvodené z typu prevádzky, nie z ohlásenia o vzniku odpadu. Overiť podľa evidencie prevádzkovateľa."
1822,407,14,D,"Odvodené z typu prevádzky, nie z ohlásenia o vzniku odpadu. Overiť podľa evidencie prevádzkovateľa."
1823,407,15,D,"Odvodené z typu prevádzky, nie z ohlásenia o vzniku odpadu. Overiť podľa evidencie prevádzkovateľa."
1824,407,46,D,"Odvodené z typu prevádzky, nie z ohlásenia o vzniku odpadu. Overiť podľa evidencie prevádzkovateľa."
1825,407,18,D,"Odvodené z typu prevádzky, nie z ohlásenia o vzniku odpadu. Overiť podľa evidencie prevádzkovateľa."
1826,408,21,D,"Odvodené z typu prevádzky, nie z ohlásenia o vzniku odpadu. Overiť podľa evidencie prevádzkovateľa."
1827,408,56,D,"Odvodené z typu prevádzky, nie z ohlásenia o vzniku odpadu. Overiť podľa evidencie prevádzkovateľa."
1828,408,20,D,"Odvodené z typu prevádzky, nie z ohlásenia o vzniku odpadu. Overiť podľa evidencie prevádzkovateľa."
1829,408,58,D,"Odvodené z typu prevádzky, nie z ohlásenia o vzniku odpadu. Overiť podľa evidencie prevádzkovateľa."
1830,408,88,D,"Odvodené z typu prevádzky, nie z ohlásenia o vzniku odpadu. Overiť podľa evidencie prevádzkovateľa."
1831,408,89,D,"Odvodené z typu prevádzky, nie z ohlásenia o vzniku odpadu. Overiť podľa evidencie prevádzkovateľa."
1832,409,38,D,"Odvodené z typu prevádzky, nie z ohlásenia o vzniku odpadu. Overiť podľa evidencie prevádzkovateľa."
1833,409,39,D,"Odvodené z typu prevádzky, nie z ohlásenia o vzniku odpadu. Overiť podľa evidencie prevádzkovateľa."
1834,410,38,D,"Odvodené z typu prevádzky, nie z ohlásenia o vzniku odpadu. Overiť podľa evidencie prevádzkovateľa."
1835,410,39,D,"Odvodené z typu prevádzky, nie z ohlásenia o vzniku odpadu. Overiť podľa evidencie prevádzkovateľa."
1836,411,1,D,"Odvodené z typu prevádzky, nie z ohlásenia o vzniku odpadu. Overiť podľa evidencie prevádzkovateľa."
1837,411,2,D,"Odvodené z typu prevádzky, nie z ohlásenia o vzniku odpadu. Overiť podľa evidencie prevádzkovateľa."
1838,411,3,D,"Odvodené z typu prevádzky, nie z ohlásenia o vzniku odpadu. Overiť podľa evidencie prevádzkovateľa."
1839,411,4,D,"Odvodené z typu prevádzky, nie z ohlásenia o vzniku odpadu. Overiť podľa evidencie prevádzkovateľa."
1840,412,69,D,"Odvodené z typu prevádzky, nie z ohlásenia o vzniku odpadu. Overiť podľa evidencie prevádzkovateľa."
1841,412,70,D,"Odvodené z typu prevádzky, nie z ohlásenia o vzniku odpadu. Overiť podľa evidencie prevádzkovateľa."
1842,413,59,D,"Odvodené z typu prevádzky, nie z ohlásenia o vzniku odpadu. Overiť podľa evidencie prevádzkovateľa."
1843,413,60,D,"Odvodené z typu prevádzky, nie z ohlásenia o vzniku odpadu. Overiť podľa evidencie prevádzkovateľa."
1844,413,61,D,"Odvodené z typu prevádzky, nie z ohlásenia o vzniku odpadu. Overiť podľa evidencie prevádzkovateľa."
1845,413,62,D,"Odvodené z typu prevádzky, nie z ohlásenia o vzniku odpadu. Overiť podľa evidencie prevádzkovateľa."
1846,413,65,D,"Odvodené z typu prevádzky, nie z ohlásenia o vzniku odpadu. Overiť podľa evidencie prevádzkovateľa."
1847,414,77,D,"Odvodené z typu prevádzky, nie z ohlásenia o vzniku odpadu. Overiť podľa evidencie prevádzkovateľa."
1848,414,78,D,"Odvodené z typu prevádzky, nie z ohlásenia o vzniku odpadu. Overiť podľa evidencie prevádzkovateľa."
1849,414,82,D,"Odvodené z typu prevádzky, nie z ohlásenia o vzniku odpadu. Overiť podľa evidencie prevádzkovateľa."
1850,414,62,D,"Odvodené z typu prevádzky, nie z ohlásenia o vzniku odpadu. Overiť podľa evidencie prevádzkovateľa."
1851,415,79,D,"Odvodené z typu prevádzky, nie z ohlásenia o vzniku odpadu. Overiť podľa evidencie prevádzkovateľa."
1852,415,78,D,"Odvodené z typu prevádzky, nie z ohlásenia o vzniku odpadu. Overiť podľa evidencie prevádzkovateľa."
1853,415,81,D,"Odvodené z typu prevádzky, nie z ohlásenia o vzniku odpadu. Overiť podľa evidencie prevádzkovateľa."
1854,416,79,D,"Odvodené z typu prevádzky, nie z ohlásenia o vzniku odpadu. Overiť podľa evidencie prevádzkovateľa."
1855,416,78,D,"Odvodené z typu prevádzky, nie z ohlásenia o vzniku odpadu. Overiť podľa evidencie prevádzkovateľa."
1856,416,81,D,"Odvodené z typu prevádzky, nie z ohlásenia o vzniku odpadu. Overiť podľa evidencie prevádzkovateľa."
1857,417,79,D,"Odvodené z typu prevádzky, nie z ohlásenia o vzniku odpadu. Overiť podľa evidencie prevádzkovateľa."
1858,417,78,D,"Odvodené z typu prevádzky, nie z ohlásenia o vzniku odpadu. Overiť podľa evidencie prevádzkovateľa."
1859,417,62,D,"Odvodené z typu prevádzky, nie z ohlásenia o vzniku odpadu. Overiť podľa evidencie prevádzkovateľa."
1860,418,77,D,"Odvodené z typu prevádzky, nie z ohlásenia o vzniku odpadu. Overiť podľa evidencie prevádzkovateľa."
1861,418,78,D,"Odvodené z typu prevádzky, nie z ohlásenia o vzniku odpadu. Overiť podľa evidencie prevádzkovateľa."
1862,418,82,D,"Odvodené z typu prevádzky, nie z ohlásenia o vzniku odpadu. Overiť podľa evidencie prevádzkovateľa."
1863,418,62,D,"Odvodené z typu prevádzky, nie z ohlásenia o vzniku odpadu. Overiť podľa evidencie prevádzkovateľa."
1864,419,77,D,"Odvodené z typu prevádzky, nie z ohlásenia o vzniku odpadu. Overiť podľa evidencie prevádzkovateľa."
1865,419,78,D,"Odvodené z typu prevádzky, nie z ohlásenia o vzniku odpadu. Overiť podľa evidencie prevádzkovateľa."
1866,419,82,D,"Odvodené z typu prevádzky, nie z ohlásenia o vzniku odpadu. Overiť podľa evidencie prevádzkovateľa."
1867,419,62,D,"Odvodené z typu prevádzky, nie z ohlásenia o vzniku odpadu. Overiť podľa evidencie prevádzkovateľa."
1868,420,77,D,"Odvodené z typu prevádzky, nie z ohlásenia o vzniku odpadu. Overiť podľa evidencie prevádzkovateľa."
1869,420,78,D,"Odvodené z typu prevádzky, nie z ohlásenia o vzniku odpadu. Overiť podľa evidencie prevádzkovateľa."
1870,420,81,D,"Odvodené z typu prevádzky, nie z ohlásenia o vzniku odpadu. Overiť podľa evidencie prevádzkovateľa."
1871,420,62,D,"Odvodené z typu prevádzky, nie z ohlásenia o vzniku odpadu. Overiť podľa evidencie prevádzkovateľa."
1872,421,77,D,"Odvodené z typu prevádzky, nie z ohlásenia o vzniku odpadu. Overiť podľa evidencie prevádzkovateľa."
1873,421,78,D,"Odvodené z typu prevádzky, nie z ohlásenia o vzniku odpadu. Overiť podľa evidencie prevádzkovateľa."
1874,421,82,D,"Odvodené z typu prevádzky, nie z ohlásenia o vzniku odpadu. Overiť podľa evidencie prevádzkovateľa."
1875,421,62,D,"Odvodené z typu prevádzky, nie z ohlásenia o vzniku odpadu. Overiť podľa evidencie prevádzkovateľa."
1876,422,77,D,"Odvodené z typu prevádzky, nie z ohlásenia o vzniku odpadu. Overiť podľa evidencie prevádzkovateľa."
1877,422,78,D,"Odvodené z typu prevádzky, nie z ohlásenia o vzniku odpadu. Overiť podľa evidencie prevádzkovateľa."
1878,422,81,D,"Odvodené z typu prevádzky, nie z ohlásenia o vzniku odpadu. Overiť podľa evidencie prevádzkovateľa."
1879,422,62,D,"Odvodené z typu prevádzky, nie z ohlásenia o vzniku odpadu. Overiť podľa evidencie prevádzkovateľa."
1880,423,79,D,"Odvodené z typu prevádzky, nie z ohlásenia o vzniku odpadu. Overiť podľa evidencie prevádzkovateľa."
1881,423,78,D,"Odvodené z typu prevádzky, nie z ohlásenia o vzniku odpadu. Overiť podľa evidencie prevádzkovateľa."
1882,423,62,D,"Odvodené z typu prevádzky, nie z ohlásenia o vzniku odpadu. Overiť podľa evidencie prevádzkovateľa."
1883,424,79,D,"Odvodené z typu prevádzky, nie z ohlásenia o vzniku odpadu. Overiť podľa evidencie prevádzkovateľa."
1884,424,78,D,"Odvodené z typu prevádzky, nie z ohlásenia o vzniku odpadu. Overiť podľa evidencie prevádzkovateľa."
1885,424,81,D,"Odvodené z typu prevádzky, nie z ohlásenia o vzniku odpadu. Overiť podľa evidencie prevádzkovateľa."
1886,425,77,D,"Odvodené z typu prevádzky, nie z ohlásenia o vzniku odpadu. Overiť podľa evidencie prevádzkovateľa."
1887,425,78,D,"Odvodené z typu prevádzky, nie z ohlásenia o vzniku odpadu. Overiť podľa evidencie prevádzkovateľa."
1888,425,82,D,"Odvodené z typu prevádzky, nie z ohlásenia o vzniku odpadu. Overiť podľa evidencie prevádzkovateľa."
1889,425,62,D,"Odvodené z typu prevádzky, nie z ohlásenia o vzniku odpadu. Overiť podľa evidencie prevádzkovateľa."
1890,426,77,D,"Odvodené z typu prevádzky, nie z ohlásenia o vzniku odpadu. Overiť podľa evidencie prevádzkovateľa."
1891,426,78,D,"Odvodené z typu prevádzky, nie z ohlásenia o vzniku odpadu. Overiť podľa evidencie prevádzkovateľa."
1892,426,82,D,"Odvodené z typu prevádzky, nie z ohlásenia o vzniku odpadu. Overiť podľa evidencie prevádzkovateľa."
1893,426,62,D,"Odvodené z typu prevádzky, nie z ohlásenia o vzniku odpadu. Overiť podľa evidencie prevádzkovateľa."
1894,427,77,D,"Odvodené z typu prevádzky, nie z ohlásenia o vzniku odpadu. Overiť podľa evidencie prevádzkovateľa."
1895,427,78,D,"Odvodené z typu prevádzky, nie z ohlásenia o vzniku odpadu. Overiť podľa evidencie prevádzkovateľa."
1896,427,62,D,"Odvodené z typu prevádzky, nie z ohlásenia o vzniku odpadu. Overiť podľa evidencie prevádzkovateľa."
1897,428,77,D,"Odvodené z typu prevádzky, nie z ohlásenia o vzniku odpadu. Overiť podľa evidencie prevádzkovateľa."
1898,428,78,D,"Odvodené z typu prevádzky, nie z ohlásenia o vzniku odpadu. Overiť podľa evidencie prevádzkovateľa."
1899,428,62,D,"Odvodené z typu prevádzky, nie z ohlásenia o vzniku odpadu. Overiť podľa evidencie prevádzkovateľa."
1900,429,77,D,"Odvodené z typu prevádzky, nie z ohlásenia o vzniku odpadu. Overiť podľa evidencie prevádzkovateľa."
1901,429,78,D,"Odvodené z typu prevádzky, nie z ohlásenia o vzniku odpadu. Overiť podľa evidencie prevádzkovateľa."
1902,429,62,D,"Odvodené z typu prevádzky, nie z ohlásenia o vzniku odpadu. Overiť podľa evidencie prevádzkovateľa."
1903,430,77,D,"Odvodené z typu prevádzky, nie z ohlásenia o vzniku odpadu. Overiť podľa evidencie prevádzkovateľa."
1904,430,78,D,"Odvodené z typu prevádzky, nie z ohlásenia o vzniku odpadu. Overiť podľa evidencie prevádzkovateľa."
1905,430,62,D,"Odvodené z typu prevádzky, nie z ohlásenia o vzniku odpadu. Overiť podľa evidencie prevádzkovateľa."
1906,431,77,D,"Odvodené z typu prevádzky, nie z ohlásenia o vzniku odpadu. Overiť podľa evidencie prevádzkovateľa."
1907,431,78,D,"Odvodené z typu prevádzky, nie z ohlásenia o vzniku odpadu. Overiť podľa evidencie prevádzkovateľa."
1908,431,62,D,"Odvodené z typu prevádzky, nie z ohlásenia o vzniku odpadu. Overiť podľa evidencie prevádzkovateľa."
1909,432,77,D,"Odvodené z typu prevádzky, nie z ohlásenia o vzniku odpadu. Overiť podľa evidencie prevádzkovateľa."
1910,432,78,D,"Odvodené z typu prevádzky, nie z ohlásenia o vzniku odpadu. Overiť podľa evidencie prevádzkovateľa."
1911,432,81,D,"Odvodené z typu prevádzky, nie z ohlásenia o vzniku odpadu. Overiť podľa evidencie prevádzkovateľa."
1912,432,62,D,"Odvodené z typu prevádzky, nie z ohlásenia o vzniku odpadu. Overiť podľa evidencie prevádzkovateľa."
1913,433,77,D,"Odvodené z typu prevádzky, nie z ohlásenia o vzniku odpadu. Overiť podľa evidencie prevádzkovateľa."
1914,433,78,D,"Odvodené z typu prevádzky, nie z ohlásenia o vzniku odpadu. Overiť podľa evidencie prevádzkovateľa."
1915,433,82,D,"Odvodené z typu prevádzky, nie z ohlásenia o vzniku odpadu. Overiť podľa evidencie prevádzkovateľa."
1916,433,62,D,"Odvodené z typu prevádzky, nie z ohlásenia o vzniku odpadu. Overiť podľa evidencie prevádzkovateľa."
1917,434,79,D,"Odvodené z typu prevádzky, nie z ohlásenia o vzniku odpadu. Overiť podľa evidencie prevádzkovateľa."
1918,434,78,D,"Odvodené z typu prevádzky, nie z ohlásenia o vzniku odpadu. Overiť podľa evidencie prevádzkovateľa."
1919,434,62,D,"Odvodené z typu prevádzky, nie z ohlásenia o vzniku odpadu. Overiť podľa evidencie prevádzkovateľa."
1920,435,79,D,"Odvodené z typu prevádzky, nie z ohlásenia o vzniku odpadu. Overiť podľa evidencie prevádzkovateľa."
1921,435,78,D,"Odvodené z typu prevádzky, nie z ohlásenia o vzniku odpadu. Overiť podľa evidencie prevádzkovateľa."
1922,435,81,D,"Odvodené z typu prevádzky, nie z ohlásenia o vzniku odpadu. Overiť podľa evidencie prevádzkovateľa."
1923,436,74,D,"Odvodené z typu prevádzky, nie z ohlásenia o vzniku odpadu. Overiť podľa evidencie prevádzkovateľa."
1924,436,71,D,"Odvodené z typu prevádzky, nie z ohlásenia o vzniku odpadu. Overiť podľa evidencie prevádzkovateľa."
1925,436,73,D,"Odvodené z typu prevádzky, nie z ohlásenia o vzniku odpadu. Overiť podľa evidencie prevádzkovateľa."
1926,436,60,D,"Odvodené z typu prevádzky, nie z ohlásenia o vzniku odpadu. Overiť podľa evidencie prevádzkovateľa."
1927,437,79,D,"Odvodené z typu prevádzky, nie z ohlásenia o vzniku odpadu. Overiť podľa evidencie prevádzkovateľa."
1928,437,78,D,"Odvodené z typu prevádzky, nie z ohlásenia o vzniku odpadu. Overiť podľa evidencie prevádzkovateľa."
1929,437,81,D,"Odvodené z typu prevádzky, nie z ohlásenia o vzniku odpadu. Overiť podľa evidencie prevádzkovateľa."
1930,438,5,D,"Odvodené z typu prevádzky, nie z ohlásenia o vzniku odpadu. Overiť podľa evidencie prevádzkovateľa."
1931,438,6,D,"Odvodené z typu prevádzky, nie z ohlásenia o vzniku odpadu. Overiť podľa evidencie prevádzkovateľa."
1932,439,80,D,"Odvodené z typu prevádzky, nie z ohlásenia o vzniku odpadu. Overiť podľa evidencie prevádzkovateľa."
1933,439,78,D,"Odvodené z typu prevádzky, nie z ohlásenia o vzniku odpadu. Overiť podľa evidencie prevádzkovateľa."
1934,439,81,D,"Odvodené z typu prevádzky, nie z ohlásenia o vzniku odpadu. Overiť podľa evidencie prevádzkovateľa."
1935,439,82,D,"Odvodené z typu prevádzky, nie z ohlásenia o vzniku odpadu. Overiť podľa evidencie prevádzkovateľa."
1936,439,70,D,"Odvodené z typu prevádzky, nie z ohlásenia o vzniku odpadu. Overiť podľa evidencie prevádzkovateľa."
1937,440,75,D,"Odvodené z typu prevádzky, nie z ohlásenia o vzniku odpadu. Overiť podľa evidencie prevádzkovateľa."
1938,440,76,D,"Odvodené z typu prevádzky, nie z ohlásenia o vzniku odpadu. Overiť podľa evidencie prevádzkovateľa."
1939,440,71,D,"Odvodené z typu prevádzky, nie z ohlásenia o vzniku odpadu. Overiť podľa evidencie prevádzkovateľa."
1940,441,43,D,"Odvodené z typu prevádzky, nie z ohlásenia o vzniku odpadu. Overiť podľa evidencie prevádzkovateľa."
1941,441,44,D,"Odvodené z typu prevádzky, nie z ohlásenia o vzniku odpadu. Overiť podľa evidencie prevádzkovateľa."
1942,441,52,D,"Odvodené z typu prevádzky, nie z ohlásenia o vzniku odpadu. Overiť podľa evidencie prevádzkovateľa."
1943,441,35,D,"Odvodené z typu prevádzky, nie z ohlásenia o vzniku odpadu. Overiť podľa evidencie prevádzkovateľa."
1944,442,43,D,"Odvodené z typu prevádzky, nie z ohlásenia o vzniku odpadu. Overiť podľa evidencie prevádzkovateľa."
1945,442,44,D,"Odvodené z typu prevádzky, nie z ohlásenia o vzniku odpadu. Overiť podľa evidencie prevádzkovateľa."
1946,442,52,D,"Odvodené z typu prevádzky, nie z ohlásenia o vzniku odpadu. Overiť podľa evidencie prevádzkovateľa."
1947,442,35,D,"Odvodené z typu prevádzky, nie z ohlásenia o vzniku odpadu. Overiť podľa evidencie prevádzkovateľa."
1948,443,59,D,"Odvodené z typu prevádzky, nie z ohlásenia o vzniku odpadu. Overiť podľa evidencie prevádzkovateľa."
1949,443,60,D,"Odvodené z typu prevádzky, nie z ohlásenia o vzniku odpadu. Overiť podľa evidencie prevádzkovateľa."
1950,443,61,D,"Odvodené z typu prevádzky, nie z ohlásenia o vzniku odpadu. Overiť podľa evidencie prevádzkovateľa."
1951,443,62,D,"Odvodené z typu prevádzky, nie z ohlásenia o vzniku odpadu. Overiť podľa evidencie prevádzkovateľa."
1952,443,65,D,"Odvodené z typu prevádzky, nie z ohlásenia o vzniku odpadu. Overiť podľa evidencie prevádzkovateľa."
1953,444,69,D,"Odvodené z typu prevádzky, nie z ohlásenia o vzniku odpadu. Overiť podľa evidencie prevádzkovateľa."
1954,444,70,D,"Odvodené z typu prevádzky, nie z ohlásenia o vzniku odpadu. Overiť podľa evidencie prevádzkovateľa."
1955,445,10,D,"Odvodené z typu prevádzky, nie z ohlásenia o vzniku odpadu. Overiť podľa evidencie prevádzkovateľa."
1956,445,45,D,"Odvodené z typu prevádzky, nie z ohlásenia o vzniku odpadu. Overiť podľa evidencie prevádzkovateľa."
1957,446,10,D,"Odvodené z typu prevádzky, nie z ohlásenia o vzniku odpadu. Overiť podľa evidencie prevádzkovateľa."
1958,446,45,D,"Odvodené z typu prevádzky, nie z ohlásenia o vzniku odpadu. Overiť podľa evidencie prevádzkovateľa."
1959,447,72,D,"Odvodené z typu prevádzky, nie z ohlásenia o vzniku odpadu. Overiť podľa evidencie prevádzkovateľa."
1960,447,71,D,"Odvodené z typu prevádzky, nie z ohlásenia o vzniku odpadu. Overiť podľa evidencie prevádzkovateľa."
1961,447,73,D,"Odvodené z typu prevádzky, nie z ohlásenia o vzniku odpadu. Overiť podľa evidencie prevádzkovateľa."
1962,448,69,D,"Odvodené z typu prevádzky, nie z ohlásenia o vzniku odpadu. Overiť podľa evidencie prevádzkovateľa."
1963,448,70,D,"Odvodené z typu prevádzky, nie z ohlásenia o vzniku odpadu. Overiť podľa evidencie prevádzkovateľa."
1964,449,5,D,"Odvodené z typu prevádzky, nie z ohlásenia o vzniku odpadu. Overiť podľa evidencie prevádzkovateľa."
1965,449,6,D,"Odvodené z typu prevádzky, nie z ohlásenia o vzniku odpadu. Overiť podľa evidencie prevádzkovateľa."
1966,450,69,D,"Odvodené z typu prevádzky, nie z ohlásenia o vzniku odpadu. Overiť podľa evidencie prevádzkovateľa."
1967,450,70,D,"Odvodené z typu prevádzky, nie z ohlásenia o vzniku odpadu. Overiť podľa evidencie prevádzkovateľa."
1968,451,7,D,"Odvodené z typu prevádzky, nie z ohlásenia o vzniku odpadu. Overiť podľa evidencie prevádzkovateľa."
1969,451,8,D,"Odvodené z typu prevádzky, nie z ohlásenia o vzniku odpadu. Overiť podľa evidencie prevádzkovateľa."
1970,451,9,D,"Odvodené z typu prevádzky, nie z ohlásenia o vzniku odpadu. Overiť podľa evidencie prevádzkovateľa."
1971,452,72,D,"Odvodené z typu prevádzky, nie z ohlásenia o vzniku odpadu. Overiť podľa evidencie prevádzkovateľa."
1972,452,71,D,"Odvodené z typu prevádzky, nie z ohlásenia o vzniku odpadu. Overiť podľa evidencie prevádzkovateľa."
1973,452,73,D,"Odvodené z typu prevádzky, nie z ohlásenia o vzniku odpadu. Overiť podľa evidencie prevádzkovateľa."
1974,453,7,D,"Odvodené z typu prevádzky, nie z ohlásenia o vzniku odpadu. Overiť podľa evidencie prevádzkovateľa."
1975,453,8,D,"Odvodené z typu prevádzky, nie z ohlásenia o vzniku odpadu. Overiť podľa evidencie prevádzkovateľa."
1976,453,9,D,"Odvodené z typu prevádzky, nie z ohlásenia o vzniku odpadu. Overiť podľa evidencie prevádzkovateľa."
1977,454,80,D,"Odvodené z typu prevádzky, nie z ohlásenia o vzniku odpadu. Overiť podľa evidencie prevádzkovateľa."
1978,454,78,D,"Odvodené z typu prevádzky, nie z ohlásenia o vzniku odpadu. Overiť podľa evidencie prevádzkovateľa."
1979,454,81,D,"Odvodené z typu prevádzky, nie z ohlásenia o vzniku odpadu. Overiť podľa evidencie prevádzkovateľa."
1980,454,82,D,"Odvodené z typu prevádzky, nie z ohlásenia o vzniku odpadu. Overiť podľa evidencie prevádzkovateľa."
1981,454,70,D,"Odvodené z typu prevádzky, nie z ohlásenia o vzniku odpadu. Overiť podľa evidencie prevádzkovateľa."
1982,455,80,D,"Odvodené z typu prevádzky, nie z ohlásenia o vzniku odpadu. Overiť podľa evidencie prevádzkovateľa."
1983,455,78,D,"Odvodené z typu prevádzky, nie z ohlásenia o vzniku odpadu. Overiť podľa evidencie prevádzkovateľa."
1984,455,81,D,"Odvodené z typu prevádzky, nie z ohlásenia o vzniku odpadu. Overiť podľa evidencie prevádzkovateľa."
1985,455,82,D,"Odvodené z typu prevádzky, nie z ohlásenia o vzniku odpadu. Overiť podľa evidencie prevádzkovateľa."
1986,455,62,D,"Odvodené z typu prevádzky, nie z ohlásenia o vzniku odpadu. Overiť podľa evidencie prevádzkovateľa."
1987,456,80,D,"Odvodené z typu prevádzky, nie z ohlásenia o vzniku odpadu. Overiť podľa evidencie prevádzkovateľa."
1988,456,78,D,"Odvodené z typu prevádzky, nie z ohlásenia o vzniku odpadu. Overiť podľa evidencie prevádzkovateľa."
1989,456,81,D,"Odvodené z typu prevádzky, nie z ohlásenia o vzniku odpadu. Overiť podľa evidencie prevádzkovateľa."
1990,456,82,D,"Odvodené z typu prevádzky, nie z ohlásenia o vzniku odpadu. Overiť podľa evidencie prevádzkovateľa."
1991,456,62,D,"Odvodené z typu prevádzky, nie z ohlásenia o vzniku odpadu. Overiť podľa evidencie prevádzkovateľa."
1992,457,80,D,"Odvodené z typu prevádzky, nie z ohlásenia o vzniku odpadu. Overiť podľa evidencie prevádzkovateľa."
1993,457,78,D,"Odvodené z typu prevádzky, nie z ohlásenia o vzniku odpadu. Overiť podľa evidencie prevádzkovateľa."
1994,457,81,D,"Odvodené z typu prevádzky, nie z ohlásenia o vzniku odpadu. Overiť podľa evidencie prevádzkovateľa."
1995,457,82,D,"Odvodené z typu prevádzky, nie z ohlásenia o vzniku odpadu. Overiť podľa evidencie prevádzkovateľa."
1996,457,62,D,"Odvodené z typu prevádzky, nie z ohlásenia o vzniku odpadu. Overiť podľa evidencie prevádzkovateľa."
1997,458,10,D,"Odvodené z typu prevádzky, nie z ohlásenia o vzniku odpadu. Overiť podľa evidencie prevádzkovateľa."
1998,458,45,D,"Odvodené z typu prevádzky, nie z ohlásenia o vzniku odpadu. Overiť podľa evidencie prevádzkovateľa."
1999,459,80,D,"Odvodené z typu prevádzky, nie z ohlásenia o vzniku odpadu. Overiť podľa evidencie prevádzkovateľa."
2000,459,78,D,"Odvodené z typu prevádzky, nie z ohlásenia o vzniku odpadu. Overiť podľa evidencie prevádzkovateľa."
2001,459,81,D,"Odvodené z typu prevádzky, nie z ohlásenia o vzniku odpadu. Overiť podľa evidencie prevádzkovateľa."
2002,459,82,D,"Odvodené z typu prevádzky, nie z ohlásenia o vzniku odpadu. Overiť podľa evidencie prevádzkovateľa."
2003,459,62,D,"Odvodené z typu prevádzky, nie z ohlásenia o vzniku odpadu. Overiť podľa evidencie prevádzkovateľa."
2004,460,59,D,"Odvodené z typu prevádzky, nie z ohlásenia o vzniku odpadu. Overiť podľa evidencie prevádzkovateľa."
2005,460,60,D,"Odvodené z typu prevádzky, nie z ohlásenia o vzniku odpadu. Overiť podľa evidencie prevádzkovateľa."
2006,460,61,D,"Odvodené z typu prevádzky, nie z ohlásenia o vzniku odpadu. Overiť podľa evidencie prevádzkovateľa."
2007,460,62,D,"Odvodené z typu prevádzky, nie z ohlásenia o vzniku odpadu. Overiť podľa evidencie prevádzkovateľa."
2008,460,65,D,"Odvodené z typu prevádzky, nie z ohlásenia o vzniku odpadu. Overiť podľa evidencie prevádzkovateľa."
2009,461,36,D,"Odvodené z typu prevádzky, nie z ohlásenia o vzniku odpadu. Overiť podľa evidencie prevádzkovateľa."
2010,461,37,D,"Odvodené z typu prevádzky, nie z ohlásenia o vzniku odpadu. Overiť podľa evidencie prevádzkovateľa."
2011,461,53,D,"Odvodené z typu prevádzky, nie z ohlásenia o vzniku odpadu. Overiť podľa evidencie prevádzkovateľa."
2012,462,25,D,"Odvodené z typu prevádzky, nie z ohlásenia o vzniku odpadu. Overiť podľa evidencie prevádzkovateľa."
2013,462,26,D,"Odvodené z typu prevádzky, nie z ohlásenia o vzniku odpadu. Overiť podľa evidencie prevádzkovateľa."
2014,463,25,D,"Odvodené z typu prevádzky, nie z ohlásenia o vzniku odpadu. Overiť podľa evidencie prevádzkovateľa."
2015,463,26,D,"Odvodené z typu prevádzky, nie z ohlásenia o vzniku odpadu. Overiť podľa evidencie prevádzkovateľa."
2016,464,47,D,"Odvodené z typu prevádzky, nie z ohlásenia o vzniku odpadu. Overiť podľa evidencie prevádzkovateľa."
2017,464,48,D,"Odvodené z typu prevádzky, nie z ohlásenia o vzniku odpadu. Overiť podľa evidencie prevádzkovateľa."
2018,464,49,D,"Odvodené z typu prevádzky, nie z ohlásenia o vzniku odpadu. Overiť podľa evidencie prevádzkovateľa."
2019,464,53,D,"Odvodené z typu prevádzky, nie z ohlásenia o vzniku odpadu. Overiť podľa evidencie prevádzkovateľa."
2020,464,51,D,"Odvodené z typu prevádzky, nie z ohlásenia o vzniku odpadu. Overiť podľa evidencie prevádzkovateľa."
2021,465,47,D,"Odvodené z typu prevádzky, nie z ohlásenia o vzniku odpadu. Overiť podľa evidencie prevádzkovateľa."
2022,465,48,D,"Odvodené z typu prevádzky, nie z ohlásenia o vzniku odpadu. Overiť podľa evidencie prevádzkovateľa."
2023,465,49,D,"Odvodené z typu prevádzky, nie z ohlásenia o vzniku odpadu. Overiť podľa evidencie prevádzkovateľa."
2024,465,51,D,"Odvodené z typu prevádzky, nie z ohlásenia o vzniku odpadu. Overiť podľa evidencie prevádzkovateľa."
2025,465,54,D,"Odvodené z typu prevádzky, nie z ohlásenia o vzniku odpadu. Overiť podľa evidencie prevádzkovateľa."
2026,465,55,D,"Odvodené z typu prevádzky, nie z ohlásenia o vzniku odpadu. Overiť podľa evidencie prevádzkovateľa."
2027,465,53,D,"Odvodené z typu prevádzky, nie z ohlásenia o vzniku odpadu. Overiť podľa evidencie prevádzkovateľa."
2028,465,50,D,"Odvodené z typu prevádzky, nie z ohlásenia o vzniku odpadu. Overiť podľa evidencie prevádzkovateľa."
2029,466,80,D,"Odvodené z typu prevádzky, nie z ohlásenia o vzniku odpadu. Overiť podľa evidencie prevádzkovateľa."
2030,466,78,D,"Odvodené z typu prevádzky, nie z ohlásenia o vzniku odpadu. Overiť podľa evidencie prevádzkovateľa."
2031,466,81,D,"Odvodené z typu prevádzky, nie z ohlásenia o vzniku odpadu. Overiť podľa evidencie prevádzkovateľa."
2032,466,82,D,"Odvodené z typu prevádzky, nie z ohlásenia o vzniku odpadu. Overiť podľa evidencie prevádzkovateľa."
2033,466,62,D,"Odvodené z typu prevádzky, nie z ohlásenia o vzniku odpadu. Overiť podľa evidencie prevádzkovateľa."
2034,467,36,D,"Odvodené z typu prevádzky, nie z ohlásenia o vzniku odpadu. Overiť podľa evidencie prevádzkovateľa."
2035,467,37,D,"Odvodené z typu prevádzky, nie z ohlásenia o vzniku odpadu. Overiť podľa evidencie prevádzkovateľa."
2036,467,53,D,"Odvodené z typu prevádzky, nie z ohlásenia o vzniku odpadu. Overiť podľa evidencie prevádzkovateľa."
2037,468,80,D,"Odvodené z typu prevádzky, nie z ohlásenia o vzniku odpadu. Overiť podľa evidencie prevádzkovateľa."
2038,468,78,D,"Odvodené z typu prevádzky, nie z ohlásenia o vzniku odpadu. Overiť podľa evidencie prevádzkovateľa."
2039,468,81,D,"Odvodené z typu prevádzky, nie z ohlásenia o vzniku odpadu. Overiť podľa evidencie prevádzkovateľa."
2040,468,82,D,"Odvodené z typu prevádzky, nie z ohlásenia o vzniku odpadu. Overiť podľa evidencie prevádzkovateľa."
2041,468,62,D,"Odvodené z typu prevádzky, nie z ohlásenia o vzniku odpadu. Overiť podľa evidencie prevádzkovateľa."
2042,469,80,D,"Odvodené z typu prevádzky, nie z ohlásenia o vzniku odpadu. Overiť podľa evidencie prevádzkovateľa."
2043,469,78,D,"Odvodené z typu prevádzky, nie z ohlásenia o vzniku odpadu. Overiť podľa evidencie prevádzkovateľa."
2044,469,81,D,"Odvodené z typu prevádzky, nie z ohlásenia o vzniku odpadu. Overiť podľa evidencie prevádzkovateľa."
2045,469,82,D,"Odvodené z typu prevádzky, nie z ohlásenia o vzniku odpadu. Overiť podľa evidencie prevádzkovateľa."
2046,469,62,D,"Odvodené z typu prevádzky, nie z ohlásenia o vzniku odpadu. Overiť podľa evidencie prevádzkovateľa."
2047,470,22,D,"Odvodené z typu prevádzky, nie z ohlásenia o vzniku odpadu. Overiť podľa evidencie prevádzkovateľa."
2048,470,23,D,"Odvodené z typu prevádzky, nie z ohlásenia o vzniku odpadu. Overiť podľa evidencie prevádzkovateľa."
2049,470,24,D,"Odvodené z typu prevádzky, nie z ohlásenia o vzniku odpadu. Overiť podľa evidencie prevádzkovateľa."
2050,470,88,D,"Odvodené z typu prevádzky, nie z ohlásenia o vzniku odpadu. Overiť podľa evidencie prevádzkovateľa."
2051,470,91,D,"Odvodené z typu prevádzky, nie z ohlásenia o vzniku odpadu. Overiť podľa evidencie prevádzkovateľa."
2052,470,92,D,"Odvodené z typu prevádzky, nie z ohlásenia o vzniku odpadu. Overiť podľa evidencie prevádzkovateľa."
2053,471,14,D,"Odvodené z typu prevádzky, nie z ohlásenia o vzniku odpadu. Overiť podľa evidencie prevádzkovateľa."
2054,471,15,D,"Odvodené z typu prevádzky, nie z ohlásenia o vzniku odpadu. Overiť podľa evidencie prevádzkovateľa."
2055,471,16,D,"Odvodené z typu prevádzky, nie z ohlásenia o vzniku odpadu. Overiť podľa evidencie prevádzkovateľa."
2056,471,17,D,"Odvodené z typu prevádzky, nie z ohlásenia o vzniku odpadu. Overiť podľa evidencie prevádzkovateľa."
2057,471,18,D,"Odvodené z typu prevádzky, nie z ohlásenia o vzniku odpadu. Overiť podľa evidencie prevádzkovateľa."
2058,472,79,D,"Odvodené z typu prevádzky, nie z ohlásenia o vzniku odpadu. Overiť podľa evidencie prevádzkovateľa."
2059,472,78,D,"Odvodené z typu prevádzky, nie z ohlásenia o vzniku odpadu. Overiť podľa evidencie prevádzkovateľa."
2060,472,81,D,"Odvodené z typu prevádzky, nie z ohlásenia o vzniku odpadu. Overiť podľa evidencie prevádzkovateľa."
2061,473,69,D,"Odvodené z typu prevádzky, nie z ohlásenia o vzniku odpadu. Overiť podľa evidencie prevádzkovateľa."
2062,473,70,D,"Odvodené z typu prevádzky, nie z ohlásenia o vzniku odpadu. Overiť podľa evidencie prevádzkovateľa."
2063,474,79,D,"Odvodené z typu prevádzky, nie z ohlásenia o vzniku odpadu. Overiť podľa evidencie prevádzkovateľa."
2064,474,78,D,"Odvodené z typu prevádzky, nie z ohlásenia o vzniku odpadu. Overiť podľa evidencie prevádzkovateľa."
2065,474,81,D,"Odvodené z typu prevádzky, nie z ohlásenia o vzniku odpadu. Overiť podľa evidencie prevádzkovateľa."
2066,475,1,D,"Odvodené z typu prevádzky, nie z ohlásenia o vzniku odpadu. Overiť podľa evidencie prevádzkovateľa."
2067,475,2,D,"Odvodené z typu prevádzky, nie z ohlásenia o vzniku odpadu. Overiť podľa evidencie prevádzkovateľa."
2068,475,3,D,"Odvodené z typu prevádzky, nie z ohlásenia o vzniku odpadu. Overiť podľa evidencie prevádzkovateľa."
2069,475,4,D,"Odvodené z typu prevádzky, nie z ohlásenia o vzniku odpadu. Overiť podľa evidencie prevádzkovateľa."
2070,476,21,D,"Odvodené z typu prevádzky, nie z ohlásenia o vzniku odpadu. Overiť podľa evidencie prevádzkovateľa."
2071,476,56,D,"Odvodené z typu prevádzky, nie z ohlásenia o vzniku odpadu. Overiť podľa evidencie prevádzkovateľa."
2072,476,20,D,"Odvodené z typu prevádzky, nie z ohlásenia o vzniku odpadu. Overiť podľa evidencie prevádzkovateľa."
2073,476,58,D,"Odvodené z typu prevádzky, nie z ohlásenia o vzniku odpadu. Overiť podľa evidencie prevádzkovateľa."
2074,476,88,D,"Odvodené z typu prevádzky, nie z ohlásenia o vzniku odpadu. Overiť podľa evidencie prevádzkovateľa."
2075,476,89,D,"Odvodené z typu prevádzky, nie z ohlásenia o vzniku odpadu. Overiť podľa evidencie prevádzkovateľa."
2076,477,72,D,"Odvodené z typu prevádzky, nie z ohlásenia o vzniku odpadu. Overiť podľa evidencie prevádzkovateľa."
2077,477,71,D,"Odvodené z typu prevádzky, nie z ohlásenia o vzniku odpadu. Overiť podľa evidencie prevádzkovateľa."
2078,477,73,D,"Odvodené z typu prevádzky, nie z ohlásenia o vzniku odpadu. Overiť podľa evidencie prevádzkovateľa."
2079,478,59,D,"Odvodené z typu prevádzky, nie z ohlásenia o vzniku odpadu. Overiť podľa evidencie prevádzkovateľa."
2080,478,60,D,"Odvodené z typu prevádzky, nie z ohlásenia o vzniku odpadu. Overiť podľa evidencie prevádzkovateľa."
2081,478,61,D,"Odvodené z typu prevádzky, nie z ohlásenia o vzniku odpadu. Overiť podľa evidencie prevádzkovateľa."
2082,478,62,D,"Odvodené z typu prevádzky, nie z ohlásenia o vzniku odpadu. Overiť podľa evidencie prevádzkovateľa."
2083,478,65,D,"Odvodené z typu prevádzky, nie z ohlásenia o vzniku odpadu. Overiť podľa evidencie prevádzkovateľa."
2084,479,80,D,"Odvodené z typu prevádzky, nie z ohlásenia o vzniku odpadu. Overiť podľa evidencie prevádzkovateľa."
2085,479,78,D,"Odvodené z typu prevádzky, nie z ohlásenia o vzniku odpadu. Overiť podľa evidencie prevádzkovateľa."
2086,479,81,D,"Odvodené z typu prevádzky, nie z ohlásenia o vzniku odpadu. Overiť podľa evidencie prevádzkovateľa."
2087,479,82,D,"Odvodené z typu prevádzky, nie z ohlásenia o vzniku odpadu. Overiť podľa evidencie prevádzkovateľa."
2088,479,70,D,"Odvodené z typu prevádzky, nie z ohlásenia o vzniku odpadu. Overiť podľa evidencie prevádzkovateľa."
2089,480,38,D,"Odvodené z typu prevádzky, nie z ohlásenia o vzniku odpadu. Overiť podľa evidencie prevádzkovateľa."
2090,480,39,D,"Odvodené z typu prevádzky, nie z ohlásenia o vzniku odpadu. Overiť podľa evidencie prevádzkovateľa."
2091,481,72,D,"Odvodené z typu prevádzky, nie z ohlásenia o vzniku odpadu. Overiť podľa evidencie prevádzkovateľa."
2092,481,71,D,"Odvodené z typu prevádzky, nie z ohlásenia o vzniku odpadu. Overiť podľa evidencie prevádzkovateľa."
2093,481,73,D,"Odvodené z typu prevádzky, nie z ohlásenia o vzniku odpadu. Overiť podľa evidencie prevádzkovateľa."
2094,482,21,D,"Odvodené z typu prevádzky, nie z ohlásenia o vzniku odpadu. Overiť podľa evidencie prevádzkovateľa."
2095,482,56,D,"Odvodené z typu prevádzky, nie z ohlásenia o vzniku odpadu. Overiť podľa evidencie prevádzkovateľa."
2096,482,20,D,"Odvodené z typu prevádzky, nie z ohlásenia o vzniku odpadu. Overiť podľa evidencie prevádzkovateľa."
2097,482,58,D,"Odvodené z typu prevádzky, nie z ohlásenia o vzniku odpadu. Overiť podľa evidencie prevádzkovateľa."
2098,482,88,D,"Odvodené z typu prevádzky, nie z ohlásenia o vzniku odpadu. Overiť podľa evidencie prevádzkovateľa."
2099,482,89,D,"Odvodené z typu prevádzky, nie z ohlásenia o vzniku odpadu. Overiť podľa evidencie prevádzkovateľa."
2100,483,25,D,"Odvodené z typu prevádzky, nie z ohlásenia o vzniku odpadu. Overiť podľa evidencie prevádzkovateľa."
2101,483,26,D,"Odvodené z typu prevádzky, nie z ohlásenia o vzniku odpadu. Overiť podľa evidencie prevádzkovateľa."
2102,484,25,D,"Odvodené z typu prevádzky, nie z ohlásenia o vzniku odpadu. Overiť podľa evidencie prevádzkovateľa."
2103,484,26,D,"Odvodené z typu prevádzky, nie z ohlásenia o vzniku odpadu. Overiť podľa evidencie prevádzkovateľa."
2104,485,72,D,"Odvodené z typu prevádzky, nie z ohlásenia o vzniku odpadu. Overiť podľa evidencie prevádzkovateľa."
2105,485,71,D,"Odvodené z typu prevádzky, nie z ohlásenia o vzniku odpadu. Overiť podľa evidencie prevádzkovateľa."
2106,485,73,D,"Odvodené z typu prevádzky, nie z ohlásenia o vzniku odpadu. Overiť podľa evidencie prevádzkovateľa."
2107,486,19,D,"Odvodené z typu prevádzky, nie z ohlásenia o vzniku odpadu. Overiť podľa evidencie prevádzkovateľa."
2108,486,20,D,"Odvodené z typu prevádzky, nie z ohlásenia o vzniku odpadu. Overiť podľa evidencie prevádzkovateľa."
2109,486,22,D,"Odvodené z typu prevádzky, nie z ohlásenia o vzniku odpadu. Overiť podľa evidencie prevádzkovateľa."
2110,486,23,D,"Odvodené z typu prevádzky, nie z ohlásenia o vzniku odpadu. Overiť podľa evidencie prevádzkovateľa."
2111,486,24,D,"Odvodené z typu prevádzky, nie z ohlásenia o vzniku odpadu. Overiť podľa evidencie prevádzkovateľa."
2112,486,88,D,"Odvodené z typu prevádzky, nie z ohlásenia o vzniku odpadu. Overiť podľa evidencie prevádzkovateľa."
2113,486,89,D,"Odvodené z typu prevádzky, nie z ohlásenia o vzniku odpadu. Overiť podľa evidencie prevádzkovateľa."
2114,486,90,D,"Odvodené z typu prevádzky, nie z ohlásenia o vzniku odpadu. Overiť podľa evidencie prevádzkovateľa."
2115,486,91,D,"Odvodené z typu prevádzky, nie z ohlásenia o vzniku odpadu. Overiť podľa evidencie prevádzkovateľa."
2116,487,38,D,"Odvodené z typu prevádzky, nie z ohlásenia o vzniku odpadu. Overiť podľa evidencie prevádzkovateľa."
2117,487,39,D,"Odvodené z typu prevádzky, nie z ohlásenia o vzniku odpadu. Overiť podľa evidencie prevádzkovateľa."
2118,488,74,D,"Odvodené z typu prevádzky, nie z ohlásenia o vzniku odpadu. Overiť podľa evidencie prevádzkovateľa."
2119,488,71,D,"Odvodené z typu prevádzky, nie z ohlásenia o vzniku odpadu. Overiť podľa evidencie prevádzkovateľa."
2120,488,73,D,"Odvodené z typu prevádzky, nie z ohlásenia o vzniku odpadu. Overiť podľa evidencie prevádzkovateľa."
2121,488,60,D,"Odvodené z typu prevádzky, nie z ohlásenia o vzniku odpadu. Overiť podľa evidencie prevádzkovateľa."
2122,489,1,D,"Odvodené z typu prevádzky, nie z ohlásenia o vzniku odpadu. Overiť podľa evidencie prevádzkovateľa."
2123,489,2,D,"Odvodené z typu prevádzky, nie z ohlásenia o vzniku odpadu. Overiť podľa evidencie prevádzkovateľa."
2124,489,3,D,"Odvodené z typu prevádzky, nie z ohlásenia o vzniku odpadu. Overiť podľa evidencie prevádzkovateľa."
2125,489,4,D,"Odvodené z typu prevádzky, nie z ohlásenia o vzniku odpadu. Overiť podľa evidencie prevádzkovateľa."
2126,490,63,D,"Odvodené z typu prevádzky, nie z ohlásenia o vzniku odpadu. Overiť podľa evidencie prevádzkovateľa."
2127,490,62,D,"Odvodené z typu prevádzky, nie z ohlásenia o vzniku odpadu. Overiť podľa evidencie prevádzkovateľa."
2128,490,64,D,"Odvodené z typu prevádzky, nie z ohlásenia o vzniku odpadu. Overiť podľa evidencie prevádzkovateľa."
2129,490,70,D,"Odvodené z typu prevádzky, nie z ohlásenia o vzniku odpadu. Overiť podľa evidencie prevádzkovateľa."
2130,490,66,D,"Odvodené z typu prevádzky, nie z ohlásenia o vzniku odpadu. Overiť podľa evidencie prevádzkovateľa."
2131,491,38,D,"Odvodené z typu prevádzky, nie z ohlásenia o vzniku odpadu. Overiť podľa evidencie prevádzkovateľa."
2132,491,39,D,"Odvodené z typu prevádzky, nie z ohlásenia o vzniku odpadu. Overiť podľa evidencie prevádzkovateľa."
2133,492,1,D,"Odvodené z typu prevádzky, nie z ohlásenia o vzniku odpadu. Overiť podľa evidencie prevádzkovateľa."
2134,492,2,D,"Odvodené z typu prevádzky, nie z ohlásenia o vzniku odpadu. Overiť podľa evidencie prevádzkovateľa."
2135,492,3,D,"Odvodené z typu prevádzky, nie z ohlásenia o vzniku odpadu. Overiť podľa evidencie prevádzkovateľa."
2136,492,4,D,"Odvodené z typu prevádzky, nie z ohlásenia o vzniku odpadu. Overiť podľa evidencie prevádzkovateľa."
2137,493,69,D,"Odvodené z typu prevádzky, nie z ohlásenia o vzniku odpadu. Overiť podľa evidencie prevádzkovateľa."
2138,493,70,D,"Odvodené z typu prevádzky, nie z ohlásenia o vzniku odpadu. Overiť podľa evidencie prevádzkovateľa."
2139,494,74,D,"Odvodené z typu prevádzky, nie z ohlásenia o vzniku odpadu. Overiť podľa evidencie prevádzkovateľa."
2140,494,71,D,"Odvodené z typu prevádzky, nie z ohlásenia o vzniku odpadu. Overiť podľa evidencie prevádzkovateľa."
2141,494,73,D,"Odvodené z typu prevádzky, nie z ohlásenia o vzniku odpadu. Overiť podľa evidencie prevádzkovateľa."
2142,494,60,D,"Odvodené z typu prevádzky, nie z ohlásenia o vzniku odpadu. Overiť podľa evidencie prevádzkovateľa."
2143,495,5,D,"Odvodené z typu prevádzky, nie z ohlásenia o vzniku odpadu. Overiť podľa evidencie prevádzkovateľa."
2144,495,6,D,"Odvodené z typu prevádzky, nie z ohlásenia o vzniku odpadu. Overiť podľa evidencie prevádzkovateľa."
2145,496,21,D,"Odvodené z typu prevádzky, nie z ohlásenia o vzniku odpadu. Overiť podľa evidencie prevádzkovateľa."
2146,496,56,D,"Odvodené z typu prevádzky, nie z ohlásenia o vzniku odpadu. Overiť podľa evidencie prevádzkovateľa."
2147,496,20,D,"Odvodené z typu prevádzky, nie z ohlásenia o vzniku odpadu. Overiť podľa evidencie prevádzkovateľa."
2148,496,58,D,"Odvodené z typu prevádzky, nie z ohlásenia o vzniku odpadu. Overiť podľa evidencie prevádzkovateľa."
2149,496,88,D,"Odvodené z typu prevádzky, nie z ohlásenia o vzniku odpadu. Overiť podľa evidencie prevádzkovateľa."
2150,496,89,D,"Odvodené z typu prevádzky, nie z ohlásenia o vzniku odpadu. Overiť podľa evidencie prevádzkovateľa."
2151,497,22,D,"Odvodené z typu prevádzky, nie z ohlásenia o vzniku odpadu. Overiť podľa evidencie prevádzkovateľa."
2152,497,23,D,"Odvodené z typu prevádzky, nie z ohlásenia o vzniku odpadu. Overiť podľa evidencie prevádzkovateľa."
2153,497,24,D,"Odvodené z typu prevádzky, nie z ohlásenia o vzniku odpadu. Overiť podľa evidencie prevádzkovateľa."
2154,497,88,D,"Odvodené z typu prevádzky, nie z ohlásenia o vzniku odpadu. Overiť podľa evidencie prevádzkovateľa."
2155,497,91,D,"Odvodené z typu prevádzky, nie z ohlásenia o vzniku odpadu. Overiť podľa evidencie prevádzkovateľa."
2156,497,92,D,"Odvodené z typu prevádzky, nie z ohlásenia o vzniku odpadu. Overiť podľa evidencie prevádzkovateľa."
2157,498,79,D,"Odvodené z typu prevádzky, nie z ohlásenia o vzniku odpadu. Overiť podľa evidencie prevádzkovateľa."
2158,498,78,D,"Odvodené z typu prevádzky, nie z ohlásenia o vzniku odpadu. Overiť podľa evidencie prevádzkovateľa."
2159,498,81,D,"Odvodené z typu prevádzky, nie z ohlásenia o vzniku odpadu. Overiť podľa evidencie prevádzkovateľa."
2160,499,79,D,"Odvodené z typu prevádzky, nie z ohlásenia o vzniku odpadu. Overiť podľa evidencie prevádzkovateľa."
2161,499,78,D,"Odvodené z typu prevádzky, nie z ohlásenia o vzniku odpadu. Overiť podľa evidencie prevádzkovateľa."
2162,499,81,D,"Odvodené z typu prevádzky, nie z ohlásenia o vzniku odpadu. Overiť podľa evidencie prevádzkovateľa."
2163,500,54,D,"Odvodené z typu prevádzky, nie z ohlásenia o vzniku odpadu. Overiť podľa evidencie prevádzkovateľa."
2164,500,55,D,"Odvodené z typu prevádzky, nie z ohlásenia o vzniku odpadu. Overiť podľa evidencie prevádzkovateľa."
2165,500,57,D,"Odvodené z typu prevádzky, nie z ohlásenia o vzniku odpadu. Overiť podľa evidencie prevádzkovateľa."
2166,500,51,D,"Odvodené z typu prevádzky, nie z ohlásenia o vzniku odpadu. Overiť podľa evidencie prevádzkovateľa."
2167,500,58,D,"Odvodené z typu prevádzky, nie z ohlásenia o vzniku odpadu. Overiť podľa evidencie prevádzkovateľa."
2168,501,83,D,"Odvodené z typu prevádzky, nie z ohlásenia o vzniku odpadu. Overiť podľa evidencie prevádzkovateľa."
2169,501,84,D,"Odvodené z typu prevádzky, nie z ohlásenia o vzniku odpadu. Overiť podľa evidencie prevádzkovateľa."
2170,501,85,D,"Odvodené z typu prevádzky, nie z ohlásenia o vzniku odpadu. Overiť podľa evidencie prevádzkovateľa."
2171,501,86,D,"Odvodené z typu prevádzky, nie z ohlásenia o vzniku odpadu. Overiť podľa evidencie prevádzkovateľa."
2172,501,87,D,"Odvodené z typu prevádzky, nie z ohlásenia o vzniku odpadu. Overiť podľa evidencie prevádzkovateľa."
2173,502,47,D,"Odvodené z typu prevádzky, nie z ohlásenia o vzniku odpadu. Overiť podľa evidencie prevádzkovateľa."
2174,502,48,D,"Odvodené z typu prevádzky, nie z ohlásenia o vzniku odpadu. Overiť podľa evidencie prevádzkovateľa."
2175,502,49,D,"Odvodené z typu prevádzky, nie z ohlásenia o vzniku odpadu. Overiť podľa evidencie prevádzkovateľa."
2176,502,53,D,"Odvodené z typu prevádzky, nie z ohlásenia o vzniku odpadu. Overiť podľa evidencie prevádzkovateľa."
2177,502,51,D,"Odvodené z typu prevádzky, nie z ohlásenia o vzniku odpadu. Overiť podľa evidencie prevádzkovateľa."
2178,503,38,D,"Odvodené z typu prevádzky, nie z ohlásenia o vzniku odpadu. Overiť podľa evidencie prevádzkovateľa."
2179,503,39,D,"Odvodené z typu prevádzky, nie z ohlásenia o vzniku odpadu. Overiť podľa evidencie prevádzkovateľa."
2180,504,72,D,"Odvodené z typu prevádzky, nie z ohlásenia o vzniku odpadu. Overiť podľa evidencie prevádzkovateľa."
2181,504,71,D,"Odvodené z typu prevádzky, nie z ohlásenia o vzniku odpadu. Overiť podľa evidencie prevádzkovateľa."
2182,504,73,D,"Odvodené z typu prevádzky, nie z ohlásenia o vzniku odpadu. Overiť podľa evidencie prevádzkovateľa."
2183,505,5,D,"Odvodené z typu prevádzky, nie z ohlásenia o vzniku odpadu. Overiť podľa evidencie prevádzkovateľa."
2184,505,6,D,"Odvodené z typu prevádzky, nie z ohlásenia o vzniku odpadu. Overiť podľa evidencie prevádzkovateľa."
2185,506,72,D,"Odvodené z typu prevádzky, nie z ohlásenia o vzniku odpadu. Overiť podľa evidencie prevádzkovateľa."
2186,506,71,D,"Odvodené z typu prevádzky, nie z ohlásenia o vzniku odpadu. Overiť podľa evidencie prevádzkovateľa."
2187,506,73,D,"Odvodené z typu prevádzky, nie z ohlásenia o vzniku odpadu. Overiť podľa evidencie prevádzkovateľa."
2188,507,69,D,"Odvodené z typu prevádzky, nie z ohlásenia o vzniku odpadu. Overiť podľa evidencie prevádzkovateľa."
2189,507,70,D,"Odvodené z typu prevádzky, nie z ohlásenia o vzniku odpadu. Overiť podľa evidencie prevádzkovateľa."
2190,508,14,D,"Odvodené z typu prevádzky, nie z ohlásenia o vzniku odpadu. Overiť podľa evidencie prevádzkovateľa."
2191,508,15,D,"Odvodené z typu prevádzky, nie z ohlásenia o vzniku odpadu. Overiť podľa evidencie prevádzkovateľa."
2192,508,16,D,"Odvodené z typu prevádzky, nie z ohlásenia o vzniku odpadu. Overiť podľa evidencie prevádzkovateľa."
2193,508,17,D,"Odvodené z typu prevádzky, nie z ohlásenia o vzniku odpadu. Overiť podľa evidencie prevádzkovateľa."
2194,508,18,D,"Odvodené z typu prevádzky, nie z ohlásenia o vzniku odpadu. Overiť podľa evidencie prevádzkovateľa."
2195,509,14,D,"Odvodené z typu prevádzky, nie z ohlásenia o vzniku odpadu. Overiť podľa evidencie prevádzkovateľa."
2196,509,15,D,"Odvodené z typu prevádzky, nie z ohlásenia o vzniku odpadu. Overiť podľa evidencie prevádzkovateľa."
2197,509,16,D,"Odvodené z typu prevádzky, nie z ohlásenia o vzniku odpadu. Overiť podľa evidencie prevádzkovateľa."
2198,509,17,D,"Odvodené z typu prevádzky, nie z ohlásenia o vzniku odpadu. Overiť podľa evidencie prevádzkovateľa."
2199,509,18,D,"Odvodené z typu prevádzky, nie z ohlásenia o vzniku odpadu. Overiť podľa evidencie prevádzkovateľa."
2200,510,7,D,"Odvodené z typu prevádzky, nie z ohlásenia o vzniku odpadu. Overiť podľa evidencie prevádzkovateľa."
2201,510,8,D,"Odvodené z typu prevádzky, nie z ohlásenia o vzniku odpadu. Overiť podľa evidencie prevádzkovateľa."
2202,510,9,D,"Odvodené z typu prevádzky, nie z ohlásenia o vzniku odpadu. Overiť podľa evidencie prevádzkovateľa."
2203,511,7,D,"Odvodené z typu prevádzky, nie z ohlásenia o vzniku odpadu. Overiť podľa evidencie prevádzkovateľa."
2204,511,8,D,"Odvodené z typu prevádzky, nie z ohlásenia o vzniku odpadu. Overiť podľa evidencie prevádzkovateľa."
2205,511,9,D,"Odvodené z typu prevádzky, nie z ohlásenia o vzniku odpadu. Overiť podľa evidencie prevádzkovateľa."
2206,512,47,D,"Odvodené z typu prevádzky, nie z ohlásenia o vzniku odpadu. Overiť podľa evidencie prevádzkovateľa."
2207,512,48,D,"Odvodené z typu prevádzky, nie z ohlásenia o vzniku odpadu. Overiť podľa evidencie prevádzkovateľa."
2208,512,49,D,"Odvodené z typu prevádzky, nie z ohlásenia o vzniku odpadu. Overiť podľa evidencie prevádzkovateľa."
2209,512,53,D,"Odvodené z typu prevádzky, nie z ohlásenia o vzniku odpadu. Overiť podľa evidencie prevádzkovateľa."
2210,512,51,D,"Odvodené z typu prevádzky, nie z ohlásenia o vzniku odpadu. Overiť podľa evidencie prevádzkovateľa."
2211,513,80,D,"Odvodené z typu prevádzky, nie z ohlásenia o vzniku odpadu. Overiť podľa evidencie prevádzkovateľa."
2212,513,78,D,"Odvodené z typu prevádzky, nie z ohlásenia o vzniku odpadu. Overiť podľa evidencie prevádzkovateľa."
2213,513,81,D,"Odvodené z typu prevádzky, nie z ohlásenia o vzniku odpadu. Overiť podľa evidencie prevádzkovateľa."
2214,513,82,D,"Odvodené z typu prevádzky, nie z ohlásenia o vzniku odpadu. Overiť podľa evidencie prevádzkovateľa."
2215,513,62,D,"Odvodené z typu prevádzky, nie z ohlásenia o vzniku odpadu. Overiť podľa evidencie prevádzkovateľa."
2216,514,21,D,"Odvodené z typu prevádzky, nie z ohlásenia o vzniku odpadu. Overiť podľa evidencie prevádzkovateľa."
2217,514,56,D,"Odvodené z typu prevádzky, nie z ohlásenia o vzniku odpadu. Overiť podľa evidencie prevádzkovateľa."
2218,514,20,D,"Odvodené z typu prevádzky, nie z ohlásenia o vzniku odpadu. Overiť podľa evidencie prevádzkovateľa."
2219,514,58,D,"Odvodené z typu prevádzky, nie z ohlásenia o vzniku odpadu. Overiť podľa evidencie prevádzkovateľa."
2220,514,88,D,"Odvodené z typu prevádzky, nie z ohlásenia o vzniku odpadu. Overiť podľa evidencie prevádzkovateľa."
2221,514,89,D,"Odvodené z typu prevádzky, nie z ohlásenia o vzniku odpadu. Overiť podľa evidencie prevádzkovateľa."
2222,515,80,D,"Odvodené z typu prevádzky, nie z ohlásenia o vzniku odpadu. Overiť podľa evidencie prevádzkovateľa."
2223,515,78,D,"Odvodené z typu prevádzky, nie z ohlásenia o vzniku odpadu. Overiť podľa evidencie prevádzkovateľa."
2224,515,81,D,"Odvodené z typu prevádzky, nie z ohlásenia o vzniku odpadu. Overiť podľa evidencie prevádzkovateľa."
2225,515,70,D,"Odvodené z typu prevádzky, nie z ohlásenia o vzniku odpadu. Overiť podľa evidencie prevádzkovateľa."
2226,516,74,D,"Odvodené z typu prevádzky, nie z ohlásenia o vzniku odpadu. Overiť podľa evidencie prevádzkovateľa."
2227,516,71,D,"Odvodené z typu prevádzky, nie z ohlásenia o vzniku odpadu. Overiť podľa evidencie prevádzkovateľa."
2228,516,73,D,"Odvodené z typu prevádzky, nie z ohlásenia o vzniku odpadu. Overiť podľa evidencie prevádzkovateľa."
2229,516,60,D,"Odvodené z typu prevádzky, nie z ohlásenia o vzniku odpadu. Overiť podľa evidencie prevádzkovateľa."
2230,517,7,D,"Odvodené z typu prevádzky, nie z ohlásenia o vzniku odpadu. Overiť podľa evidencie prevádzkovateľa."
2231,517,8,D,"Odvodené z typu prevádzky, nie z ohlásenia o vzniku odpadu. Overiť podľa evidencie prevádzkovateľa."
2232,517,9,D,"Odvodené z typu prevádzky, nie z ohlásenia o vzniku odpadu. Overiť podľa evidencie prevádzkovateľa."
2233,518,79,D,"Odvodené z typu prevádzky, nie z ohlásenia o vzniku odpadu. Overiť podľa evidencie prevádzkovateľa."
2234,518,78,D,"Odvodené z typu prevádzky, nie z ohlásenia o vzniku odpadu. Overiť podľa evidencie prevádzkovateľa."
2235,518,81,D,"Odvodené z typu prevádzky, nie z ohlásenia o vzniku odpadu. Overiť podľa evidencie prevádzkovateľa."
2236,519,79,D,"Odvodené z typu prevádzky, nie z ohlásenia o vzniku odpadu. Overiť podľa evidencie prevádzkovateľa."
2237,519,78,D,"Odvodené z typu prevádzky, nie z ohlásenia o vzniku odpadu. Overiť podľa evidencie prevádzkovateľa."
2238,519,81,D,"Odvodené z typu prevádzky, nie z ohlásenia o vzniku odpadu. Overiť podľa evidencie prevádzkovateľa."
2239,520,79,D,"Odvodené z typu prevádzky, nie z ohlásenia o vzniku odpadu. Overiť podľa evidencie prevádzkovateľa."
2240,520,78,D,"Odvodené z typu prevádzky, nie z ohlásenia o vzniku odpadu. Overiť podľa evidencie prevádzkovateľa."
2241,520,81,D,"Odvodené z typu prevádzky, nie z ohlásenia o vzniku odpadu. Overiť podľa evidencie prevádzkovateľa."
2242,521,79,D,"Odvodené z typu prevádzky, nie z ohlásenia o vzniku odpadu. Overiť podľa evidencie prevádzkovateľa."
2243,521,78,D,"Odvodené z typu prevádzky, nie z ohlásenia o vzniku odpadu. Overiť podľa evidencie prevádzkovateľa."
2244,521,81,D,"Odvodené z typu prevádzky, nie z ohlásenia o vzniku odpadu. Overiť podľa evidencie prevádzkovateľa."
2245,522,67,D,"Odvodené z typu prevádzky, nie z ohlásenia o vzniku odpadu. Overiť podľa evidencie prevádzkovateľa."
2246,522,48,D,"Odvodené z typu prevádzky, nie z ohlásenia o vzniku odpadu. Overiť podľa evidencie prevádzkovateľa."
2247,522,55,D,"Odvodené z typu prevádzky, nie z ohlásenia o vzniku odpadu. Overiť podľa evidencie prevádzkovateľa."
2248,523,14,D,"Odvodené z typu prevádzky, nie z ohlásenia o vzniku odpadu. Overiť podľa evidencie prevádzkovateľa."
2249,523,15,D,"Odvodené z typu prevádzky, nie z ohlásenia o vzniku odpadu. Overiť podľa evidencie prevádzkovateľa."
2250,523,16,D,"Odvodené z typu prevádzky, nie z ohlásenia o vzniku odpadu. Overiť podľa evidencie prevádzkovateľa."
2251,523,17,D,"Odvodené z typu prevádzky, nie z ohlásenia o vzniku odpadu. Overiť podľa evidencie prevádzkovateľa."
2252,523,18,D,"Odvodené z typu prevádzky, nie z ohlásenia o vzniku odpadu. Overiť podľa evidencie prevádzkovateľa."
2253,524,80,D,"Odvodené z typu prevádzky, nie z ohlásenia o vzniku odpadu. Overiť podľa evidencie prevádzkovateľa."
2254,524,78,D,"Odvodené z typu prevádzky, nie z ohlásenia o vzniku odpadu. Overiť podľa evidencie prevádzkovateľa."
2255,524,81,D,"Odvodené z typu prevádzky, nie z ohlásenia o vzniku odpadu. Overiť podľa evidencie prevádzkovateľa."
2256,524,82,D,"Odvodené z typu prevádzky, nie z ohlásenia o vzniku odpadu. Overiť podľa evidencie prevádzkovateľa."
2257,524,62,D,"Odvodené z typu prevádzky, nie z ohlásenia o vzniku odpadu. Overiť podľa evidencie prevádzkovateľa."
2258,525,72,D,"Odvodené z typu prevádzky, nie z ohlásenia o vzniku odpadu. Overiť podľa evidencie prevádzkovateľa."
2259,525,71,D,"Odvodené z typu prevádzky, nie z ohlásenia o vzniku odpadu. Overiť podľa evidencie prevádzkovateľa."
2260,525,73,D,"Odvodené z typu prevádzky, nie z ohlásenia o vzniku odpadu. Overiť podľa evidencie prevádzkovateľa."
2261,526,80,D,"Odvodené z typu prevádzky, nie z ohlásenia o vzniku odpadu. Overiť podľa evidencie prevádzkovateľa."
2262,526,78,D,"Odvodené z typu prevádzky, nie z ohlásenia o vzniku odpadu. Overiť podľa evidencie prevádzkovateľa."
2263,526,81,D,"Odvodené z typu prevádzky, nie z ohlásenia o vzniku odpadu. Overiť podľa evidencie prevádzkovateľa."
2264,526,82,D,"Odvodené z typu prevádzky, nie z ohlásenia o vzniku odpadu. Overiť podľa evidencie prevádzkovateľa."
2265,526,62,D,"Odvodené z typu prevádzky, nie z ohlásenia o vzniku odpadu. Overiť podľa evidencie prevádzkovateľa."
2266,527,7,D,"Odvodené z typu prevádzky, nie z ohlásenia o vzniku odpadu. Overiť podľa evidencie prevádzkovateľa."
2267,527,8,D,"Odvodené z typu prevádzky, nie z ohlásenia o vzniku odpadu. Overiť podľa evidencie prevádzkovateľa."
2268,527,9,D,"Odvodené z typu prevádzky, nie z ohlásenia o vzniku odpadu. Overiť podľa evidencie prevádzkovateľa."
2269,528,38,D,"Odvodené z typu prevádzky, nie z ohlásenia o vzniku odpadu. Overiť podľa evidencie prevádzkovateľa."
2270,528,39,D,"Odvodené z typu prevádzky, nie z ohlásenia o vzniku odpadu. Overiť podľa evidencie prevádzkovateľa."
2271,529,38,D,"Odvodené z typu prevádzky, nie z ohlásenia o vzniku odpadu. Overiť podľa evidencie prevádzkovateľa."
2272,529,39,D,"Odvodené z typu prevádzky, nie z ohlásenia o vzniku odpadu. Overiť podľa evidencie prevádzkovateľa."
2273,530,74,D,"Odvodené z typu prevádzky, nie z ohlásenia o vzniku odpadu. Overiť podľa evidencie prevádzkovateľa."
2274,530,71,D,"Odvodené z typu prevádzky, nie z ohlásenia o vzniku odpadu. Overiť podľa evidencie prevádzkovateľa."
2275,530,73,D,"Odvodené z typu prevádzky, nie z ohlásenia o vzniku odpadu. Overiť podľa evidencie prevádzkovateľa."
2276,530,60,D,"Odvodené z typu prevádzky, nie z ohlásenia o vzniku odpadu. Overiť podľa evidencie prevádzkovateľa."
2277,531,14,D,"Odvodené z typu prevádzky, nie z ohlásenia o vzniku odpadu. Overiť podľa evidencie prevádzkovateľa."
2278,531,15,D,"Odvodené z typu prevádzky, nie z ohlásenia o vzniku odpadu. Overiť podľa evidencie prevádzkovateľa."
2279,531,16,D,"Odvodené z typu prevádzky, nie z ohlásenia o vzniku odpadu. Overiť podľa evidencie prevádzkovateľa."
2280,531,17,D,"Odvodené z typu prevádzky, nie z ohlásenia o vzniku odpadu. Overiť podľa evidencie prevádzkovateľa."
2281,531,18,D,"Odvodené z typu prevádzky, nie z ohlásenia o vzniku odpadu. Overiť podľa evidencie prevádzkovateľa."
2282,532,72,D,"Odvodené z typu prevádzky, nie z ohlásenia o vzniku odpadu. Overiť podľa evidencie prevádzkovateľa."
2283,532,71,D,"Odvodené z typu prevádzky, nie z ohlásenia o vzniku odpadu. Overiť podľa evidencie prevádzkovateľa."
2284,532,73,D,"Odvodené z typu prevádzky, nie z ohlásenia o vzniku odpadu. Overiť podľa evidencie prevádzkovateľa."
2285,533,38,D,"Odvodené z typu prevádzky, nie z ohlásenia o vzniku odpadu. Overiť podľa evidencie prevádzkovateľa."
2286,533,39,D,"Odvodené z typu prevádzky, nie z ohlásenia o vzniku odpadu. Overiť podľa evidencie prevádzkovateľa."
2287,534,77,D,"Odvodené z typu prevádzky, nie z ohlásenia o vzniku odpadu. Overiť podľa evidencie prevádzkovateľa."
2288,534,78,D,"Odvodené z typu prevádzky, nie z ohlásenia o vzniku odpadu. Overiť podľa evidencie prevádzkovateľa."
2289,534,81,D,"Odvodené z typu prevádzky, nie z ohlásenia o vzniku odpadu. Overiť podľa evidencie prevádzkovateľa."
2290,534,62,D,"Odvodené z typu prevádzky, nie z ohlásenia o vzniku odpadu. Overiť podľa evidencie prevádzkovateľa."
2291,535,7,D,"Odvodené z typu prevádzky, nie z ohlásenia o vzniku odpadu. Overiť podľa evidencie prevádzkovateľa."
2292,535,8,D,"Odvodené z typu prevádzky, nie z ohlásenia o vzniku odpadu. Overiť podľa evidencie prevádzkovateľa."
2293,535,9,D,"Odvodené z typu prevádzky, nie z ohlásenia o vzniku odpadu. Overiť podľa evidencie prevádzkovateľa."
2294,536,34,D,"Odvodené z typu prevádzky, nie z ohlásenia o vzniku odpadu. Overiť podľa evidencie prevádzkovateľa."
2295,536,35,D,"Odvodené z typu prevádzky, nie z ohlásenia o vzniku odpadu. Overiť podľa evidencie prevádzkovateľa."
2296,537,69,D,"Odvodené z typu prevádzky, nie z ohlásenia o vzniku odpadu. Overiť podľa evidencie prevádzkovateľa."
2297,537,70,D,"Odvodené z typu prevádzky, nie z ohlásenia o vzniku odpadu. Overiť podľa evidencie prevádzkovateľa."
2298,538,69,D,"Odvodené z typu prevádzky, nie z ohlásenia o vzniku odpadu. Overiť podľa evidencie prevádzkovateľa."
2299,538,70,D,"Odvodené z typu prevádzky, nie z ohlásenia o vzniku odpadu. Overiť podľa evidencie prevádzkovateľa."
2300,539,69,D,"Odvodené z typu prevádzky, nie z ohlásenia o vzniku odpadu. Overiť podľa evidencie prevádzkovateľa."
2301,539,70,D,"Odvodené z typu prevádzky, nie z ohlásenia o vzniku odpadu. Overiť podľa evidencie prevádzkovateľa."
2302,540,69,D,"Odvodené z typu prevádzky, nie z ohlásenia o vzniku odpadu. Overiť podľa evidencie prevádzkovateľa."
2303,540,70,D,"Odvodené z typu prevádzky, nie z ohlásenia o vzniku odpadu. Overiť podľa evidencie prevádzkovateľa."
2304,541,69,D,"Odvodené z typu prevádzky, nie z ohlásenia o vzniku odpadu. Overiť podľa evidencie prevádzkovateľa."
2305,541,70,D,"Odvodené z typu prevádzky, nie z ohlásenia o vzniku odpadu. Overiť podľa evidencie prevádzkovateľa."
2306,542,69,D,"Odvodené z typu prevádzky, nie z ohlásenia o vzniku odpadu. Overiť podľa evidencie prevádzkovateľa."
2307,542,70,D,"Odvodené z typu prevádzky, nie z ohlásenia o vzniku odpadu. Overiť podľa evidencie prevádzkovateľa."
2308,543,38,D,"Odvodené z typu prevádzky, nie z ohlásenia o vzniku odpadu. Overiť podľa evidencie prevádzkovateľa."
2309,543,39,D,"Odvodené z typu prevádzky, nie z ohlásenia o vzniku odpadu. Overiť podľa evidencie prevádzkovateľa."
2310,544,54,D,"Odvodené z typu prevádzky, nie z ohlásenia o vzniku odpadu. Overiť podľa evidencie prevádzkovateľa."
2311,544,55,D,"Odvodené z typu prevádzky, nie z ohlásenia o vzniku odpadu. Overiť podľa evidencie prevádzkovateľa."
2312,544,57,D,"Odvodené z typu prevádzky, nie z ohlásenia o vzniku odpadu. Overiť podľa evidencie prevádzkovateľa."
2313,544,51,D,"Odvodené z typu prevádzky, nie z ohlásenia o vzniku odpadu. Overiť podľa evidencie prevádzkovateľa."
2314,544,58,D,"Odvodené z typu prevádzky, nie z ohlásenia o vzniku odpadu. Overiť podľa evidencie prevádzkovateľa."
2315,545,79,D,"Odvodené z typu prevádzky, nie z ohlásenia o vzniku odpadu. Overiť podľa evidencie prevádzkovateľa."
2316,545,78,D,"Odvodené z typu prevádzky, nie z ohlásenia o vzniku odpadu. Overiť podľa evidencie prevádzkovateľa."
2317,545,81,D,"Odvodené z typu prevádzky, nie z ohlásenia o vzniku odpadu. Overiť podľa evidencie prevádzkovateľa."
2318,546,47,D,"Odvodené z typu prevádzky, nie z ohlásenia o vzniku odpadu. Overiť podľa evidencie prevádzkovateľa."
2319,546,48,D,"Odvodené z typu prevádzky, nie z ohlásenia o vzniku odpadu. Overiť podľa evidencie prevádzkovateľa."
2320,546,49,D,"Odvodené z typu prevádzky, nie z ohlásenia o vzniku odpadu. Overiť podľa evidencie prevádzkovateľa."
2321,546,51,D,"Odvodené z typu prevádzky, nie z ohlásenia o vzniku odpadu. Overiť podľa evidencie prevádzkovateľa."
2322,546,54,D,"Odvodené z typu prevádzky, nie z ohlásenia o vzniku odpadu. Overiť podľa evidencie prevádzkovateľa."
2323,546,55,D,"Odvodené z typu prevádzky, nie z ohlásenia o vzniku odpadu. Overiť podľa evidencie prevádzkovateľa."
2324,546,53,D,"Odvodené z typu prevádzky, nie z ohlásenia o vzniku odpadu. Overiť podľa evidencie prevádzkovateľa."
2325,546,50,D,"Odvodené z typu prevádzky, nie z ohlásenia o vzniku odpadu. Overiť podľa evidencie prevádzkovateľa."
2326,547,69,D,"Odvodené z typu prevádzky, nie z ohlásenia o vzniku odpadu. Overiť podľa evidencie prevádzkovateľa."
2327,547,70,D,"Odvodené z typu prevádzky, nie z ohlásenia o vzniku odpadu. Overiť podľa evidencie prevádzkovateľa."
2328,548,47,D,"Odvodené z typu prevádzky, nie z ohlásenia o vzniku odpadu. Overiť podľa evidencie prevádzkovateľa."
2329,548,48,D,"Odvodené z typu prevádzky, nie z ohlásenia o vzniku odpadu. Overiť podľa evidencie prevádzkovateľa."
2330,548,49,D,"Odvodené z typu prevádzky, nie z ohlásenia o vzniku odpadu. Overiť podľa evidencie prevádzkovateľa."
2331,548,53,D,"Odvodené z typu prevádzky, nie z ohlásenia o vzniku odpadu. Overiť podľa evidencie prevádzkovateľa."
2332,548,51,D,"Odvodené z typu prevádzky, nie z ohlásenia o vzniku odpadu. Overiť podľa evidencie prevádzkovateľa."
2333,549,80,D,"Odvodené z typu prevádzky, nie z ohlásenia o vzniku odpadu. Overiť podľa evidencie prevádzkovateľa."
2334,549,78,D,"Odvodené z typu prevádzky, nie z ohlásenia o vzniku odpadu. Overiť podľa evidencie prevádzkovateľa."
2335,549,81,D,"Odvodené z typu prevádzky, nie z ohlásenia o vzniku odpadu. Overiť podľa evidencie prevádzkovateľa."
2336,549,82,D,"Odvodené z typu prevádzky, nie z ohlásenia o vzniku odpadu. Overiť podľa evidencie prevádzkovateľa."
2337,549,70,D,"Odvodené z typu prevádzky, nie z ohlásenia o vzniku odpadu. Overiť podľa evidencie prevádzkovateľa."
2338,550,1,D,"Odvodené z typu prevádzky, nie z ohlásenia o vzniku odpadu. Overiť podľa evidencie prevádzkovateľa."
2339,550,2,D,"Odvodené z typu prevádzky, nie z ohlásenia o vzniku odpadu. Overiť podľa evidencie prevádzkovateľa."
2340,550,3,D,"Odvodené z typu prevádzky, nie z ohlásenia o vzniku odpadu. Overiť podľa evidencie prevádzkovateľa."
2341,550,4,D,"Odvodené z typu prevádzky, nie z ohlásenia o vzniku odpadu. Overiť podľa evidencie prevádzkovateľa."
2342,551,1,D,"Odvodené z typu prevádzky, nie z ohlásenia o vzniku odpadu. Overiť podľa evidencie prevádzkovateľa."
2343,551,2,D,"Odvodené z typu prevádzky, nie z ohlásenia o vzniku odpadu. Overiť podľa evidencie prevádzkovateľa."
2344,551,3,D,"Odvodené z typu prevádzky, nie z ohlásenia o vzniku odpadu. Overiť podľa evidencie prevádzkovateľa."
2345,551,4,D,"Odvodené z typu prevádzky, nie z ohlásenia o vzniku odpadu. Overiť podľa evidencie prevádzkovateľa."
2346,552,38,D,"Odvodené z typu prevádzky, nie z ohlásenia o vzniku odpadu. Overiť podľa evidencie prevádzkovateľa."
2347,552,39,D,"Odvodené z typu prevádzky, nie z ohlásenia o vzniku odpadu. Overiť podľa evidencie prevádzkovateľa."
2348,553,7,D,"Odvodené z typu prevádzky, nie z ohlásenia o vzniku odpadu. Overiť podľa evidencie prevádzkovateľa."
2349,553,8,D,"Odvodené z typu prevádzky, nie z ohlásenia o vzniku odpadu. Overiť podľa evidencie prevádzkovateľa."
2350,553,9,D,"Odvodené z typu prevádzky, nie z ohlásenia o vzniku odpadu. Overiť podľa evidencie prevádzkovateľa."
2351,554,1,D,"Odvodené z typu prevádzky, nie z ohlásenia o vzniku odpadu. Overiť podľa evidencie prevádzkovateľa."
2352,554,2,D,"Odvodené z typu prevádzky, nie z ohlásenia o vzniku odpadu. Overiť podľa evidencie prevádzkovateľa."
2353,554,3,D,"Odvodené z typu prevádzky, nie z ohlásenia o vzniku odpadu. Overiť podľa evidencie prevádzkovateľa."
2354,554,4,D,"Odvodené z typu prevádzky, nie z ohlásenia o vzniku odpadu. Overiť podľa evidencie prevádzkovateľa."
2355,555,7,D,"Odvodené z typu prevádzky, nie z ohlásenia o vzniku odpadu. Overiť podľa evidencie prevádzkovateľa."
2356,555,8,D,"Odvodené z typu prevádzky, nie z ohlásenia o vzniku odpadu. Overiť podľa evidencie prevádzkovateľa."
2357,555,9,D,"Odvodené z typu prevádzky, nie z ohlásenia o vzniku odpadu. Overiť podľa evidencie prevádzkovateľa."
2358,556,38,D,"Odvodené z typu prevádzky, nie z ohlásenia o vzniku odpadu. Overiť podľa evidencie prevádzkovateľa."
2359,556,39,D,"Odvodené z typu prevádzky, nie z ohlásenia o vzniku odpadu. Overiť podľa evidencie prevádzkovateľa."
2360,557,21,D,"Odvodené z typu prevádzky, nie z ohlásenia o vzniku odpadu. Overiť podľa evidencie prevádzkovateľa."
2361,557,56,D,"Odvodené z typu prevádzky, nie z ohlásenia o vzniku odpadu. Overiť podľa evidencie prevádzkovateľa."
2362,557,20,D,"Odvodené z typu prevádzky, nie z ohlásenia o vzniku odpadu. Overiť podľa evidencie prevádzkovateľa."
2363,557,58,D,"Odvodené z typu prevádzky, nie z ohlásenia o vzniku odpadu. Overiť podľa evidencie prevádzkovateľa."
2364,557,88,D,"Odvodené z typu prevádzky, nie z ohlásenia o vzniku odpadu. Overiť podľa evidencie prevádzkovateľa."
2365,557,89,D,"Odvodené z typu prevádzky, nie z ohlásenia o vzniku odpadu. Overiť podľa evidencie prevádzkovateľa."
2366,558,43,D,"Odvodené z typu prevádzky, nie z ohlásenia o vzniku odpadu. Overiť podľa evidencie prevádzkovateľa."
2367,558,44,D,"Odvodené z typu prevádzky, nie z ohlásenia o vzniku odpadu. Overiť podľa evidencie prevádzkovateľa."
2368,558,52,D,"Odvodené z typu prevádzky, nie z ohlásenia o vzniku odpadu. Overiť podľa evidencie prevádzkovateľa."
2369,558,35,D,"Odvodené z typu prevádzky, nie z ohlásenia o vzniku odpadu. Overiť podľa evidencie prevádzkovateľa."
2370,559,80,D,"Odvodené z typu prevádzky, nie z ohlásenia o vzniku odpadu. Overiť podľa evidencie prevádzkovateľa."
2371,559,78,D,"Odvodené z typu prevádzky, nie z ohlásenia o vzniku odpadu. Overiť podľa evidencie prevádzkovateľa."
2372,559,81,D,"Odvodené z typu prevádzky, nie z ohlásenia o vzniku odpadu. Overiť podľa evidencie prevádzkovateľa."
2373,559,82,D,"Odvodené z typu prevádzky, nie z ohlásenia o vzniku odpadu. Overiť podľa evidencie prevádzkovateľa."
2374,559,62,D,"Odvodené z typu prevádzky, nie z ohlásenia o vzniku odpadu. Overiť podľa evidencie prevádzkovateľa."
2375,560,80,D,"Odvodené z typu prevádzky, nie z ohlásenia o vzniku odpadu. Overiť podľa evidencie prevádzkovateľa."
2376,560,78,D,"Odvodené z typu prevádzky, nie z ohlásenia o vzniku odpadu. Overiť podľa evidencie prevádzkovateľa."
2377,560,81,D,"Odvodené z typu prevádzky, nie z ohlásenia o vzniku odpadu. Overiť podľa evidencie prevádzkovateľa."
2378,560,82,D,"Odvodené z typu prevádzky, nie z ohlásenia o vzniku odpadu. Overiť podľa evidencie prevádzkovateľa."
2379,560,70,D,"Odvodené z typu prevádzky, nie z ohlásenia o vzniku odpadu. Overiť podľa evidencie prevádzkovateľa."
2380,561,80,D,"Odvodené z typu prevádzky, nie z ohlásenia o vzniku odpadu. Overiť podľa evidencie prevádzkovateľa."
2381,561,78,D,"Odvodené z typu prevádzky, nie z ohlásenia o vzniku odpadu. Overiť podľa evidencie prevádzkovateľa."
2382,561,81,D,"Odvodené z typu prevádzky, nie z ohlásenia o vzniku odpadu. Overiť podľa evidencie prevádzkovateľa."
2383,561,82,D,"Odvodené z typu prevádzky, nie z ohlásenia o vzniku odpadu. Overiť podľa evidencie prevádzkovateľa."
2384,561,70,D,"Odvodené z typu prevádzky, nie z ohlásenia o vzniku odpadu. Overiť podľa evidencie prevádzkovateľa."
2385,562,77,D,"Odvodené z typu prevádzky, nie z ohlásenia o vzniku odpadu. Overiť podľa evidencie prevádzkovateľa."
2386,562,78,D,"Odvodené z typu prevádzky, nie z ohlásenia o vzniku odpadu. Overiť podľa evidencie prevádzkovateľa."
2387,562,81,D,"Odvodené z typu prevádzky, nie z ohlásenia o vzniku odpadu. Overiť podľa evidencie prevádzkovateľa."
2388,562,62,D,"Odvodené z typu prevádzky, nie z ohlásenia o vzniku odpadu. Overiť podľa evidencie prevádzkovateľa."
2389,563,77,D,"Odvodené z typu prevádzky, nie z ohlásenia o vzniku odpadu. Overiť podľa evidencie prevádzkovateľa."
2390,563,78,D,"Odvodené z typu prevádzky, nie z ohlásenia o vzniku odpadu. Overiť podľa evidencie prevádzkovateľa."
2391,563,82,D,"Odvodené z typu prevádzky, nie z ohlásenia o vzniku odpadu. Overiť podľa evidencie prevádzkovateľa."
2392,563,62,D,"Odvodené z typu prevádzky, nie z ohlásenia o vzniku odpadu. Overiť podľa evidencie prevádzkovateľa."
2393,564,77,D,"Odvodené z typu prevádzky, nie z ohlásenia o vzniku odpadu. Overiť podľa evidencie prevádzkovateľa."
2394,564,78,D,"Odvodené z typu prevádzky, nie z ohlásenia o vzniku odpadu. Overiť podľa evidencie prevádzkovateľa."
2395,564,82,D,"Odvodené z typu prevádzky, nie z ohlásenia o vzniku odpadu. Overiť podľa evidencie prevádzkovateľa."
2396,564,62,D,"Odvodené z typu prevádzky, nie z ohlásenia o vzniku odpadu. Overiť podľa evidencie prevádzkovateľa."
2397,565,77,D,"Odvodené z typu prevádzky, nie z ohlásenia o vzniku odpadu. Overiť podľa evidencie prevádzkovateľa."
2398,565,78,D,"Odvodené z typu prevádzky, nie z ohlásenia o vzniku odpadu. Overiť podľa evidencie prevádzkovateľa."
2399,565,82,D,"Odvodené z typu prevádzky, nie z ohlásenia o vzniku odpadu. Overiť podľa evidencie prevádzkovateľa."
2400,565,62,D,"Odvodené z typu prevádzky, nie z ohlásenia o vzniku odpadu. Overiť podľa evidencie prevádzkovateľa."
2401,566,77,D,"Odvodené z typu prevádzky, nie z ohlásenia o vzniku odpadu. Overiť podľa evidencie prevádzkovateľa."
2402,566,78,D,"Odvodené z typu prevádzky, nie z ohlásenia o vzniku odpadu. Overiť podľa evidencie prevádzkovateľa."
2403,566,82,D,"Odvodené z typu prevádzky, nie z ohlásenia o vzniku odpadu. Overiť podľa evidencie prevádzkovateľa."
2404,566,62,D,"Odvodené z typu prevádzky, nie z ohlásenia o vzniku odpadu. Overiť podľa evidencie prevádzkovateľa."
2405,567,77,D,"Odvodené z typu prevádzky, nie z ohlásenia o vzniku odpadu. Overiť podľa evidencie prevádzkovateľa."
2406,567,78,D,"Odvodené z typu prevádzky, nie z ohlásenia o vzniku odpadu. Overiť podľa evidencie prevádzkovateľa."
2407,567,82,D,"Odvodené z typu prevádzky, nie z ohlásenia o vzniku odpadu. Overiť podľa evidencie prevádzkovateľa."
2408,567,62,D,"Odvodené z typu prevádzky, nie z ohlásenia o vzniku odpadu. Overiť podľa evidencie prevádzkovateľa."
2409,568,77,D,"Odvodené z typu prevádzky, nie z ohlásenia o vzniku odpadu. Overiť podľa evidencie prevádzkovateľa."
2410,568,78,D,"Odvodené z typu prevádzky, nie z ohlásenia o vzniku odpadu. Overiť podľa evidencie prevádzkovateľa."
2411,568,82,D,"Odvodené z typu prevádzky, nie z ohlásenia o vzniku odpadu. Overiť podľa evidencie prevádzkovateľa."
2412,568,62,D,"Odvodené z typu prevádzky, nie z ohlásenia o vzniku odpadu. Overiť podľa evidencie prevádzkovateľa."
2413,569,77,D,"Odvodené z typu prevádzky, nie z ohlásenia o vzniku odpadu. Overiť podľa evidencie prevádzkovateľa."
2414,569,78,D,"Odvodené z typu prevádzky, nie z ohlásenia o vzniku odpadu. Overiť podľa evidencie prevádzkovateľa."
2415,569,82,D,"Odvodené z typu prevádzky, nie z ohlásenia o vzniku odpadu. Overiť podľa evidencie prevádzkovateľa."
2416,569,62,D,"Odvodené z typu prevádzky, nie z ohlásenia o vzniku odpadu. Overiť podľa evidencie prevádzkovateľa."
2417,570,77,D,"Odvodené z typu prevádzky, nie z ohlásenia o vzniku odpadu. Overiť podľa evidencie prevádzkovateľa."
2418,570,78,D,"Odvodené z typu prevádzky, nie z ohlásenia o vzniku odpadu. Overiť podľa evidencie prevádzkovateľa."
2419,570,82,D,"Odvodené z typu prevádzky, nie z ohlásenia o vzniku odpadu. Overiť podľa evidencie prevádzkovateľa."
2420,570,62,D,"Odvodené z typu prevádzky, nie z ohlásenia o vzniku odpadu. Overiť podľa evidencie prevádzkovateľa."
2421,571,77,D,"Odvodené z typu prevádzky, nie z ohlásenia o vzniku odpadu. Overiť podľa evidencie prevádzkovateľa."
2422,571,78,D,"Odvodené z typu prevádzky, nie z ohlásenia o vzniku odpadu. Overiť podľa evidencie prevádzkovateľa."
2423,571,81,D,"Odvodené z typu prevádzky, nie z ohlásenia o vzniku odpadu. Overiť podľa evidencie prevádzkovateľa."
2424,572,77,D,"Odvodené z typu prevádzky, nie z ohlásenia o vzniku odpadu. Overiť podľa evidencie prevádzkovateľa."
2425,572,78,D,"Odvodené z typu prevádzky, nie z ohlásenia o vzniku odpadu. Overiť podľa evidencie prevádzkovateľa."
2426,572,62,D,"Odvodené z typu prevádzky, nie z ohlásenia o vzniku odpadu. Overiť podľa evidencie prevádzkovateľa."
2427,573,77,D,"Odvodené z typu prevádzky, nie z ohlásenia o vzniku odpadu. Overiť podľa evidencie prevádzkovateľa."
2428,573,78,D,"Odvodené z typu prevádzky, nie z ohlásenia o vzniku odpadu. Overiť podľa evidencie prevádzkovateľa."
2429,573,62,D,"Odvodené z typu prevádzky, nie z ohlásenia o vzniku odpadu. Overiť podľa evidencie prevádzkovateľa."
2430,574,77,D,"Odvodené z typu prevádzky, nie z ohlásenia o vzniku odpadu. Overiť podľa evidencie prevádzkovateľa."
2431,574,78,D,"Odvodené z typu prevádzky, nie z ohlásenia o vzniku odpadu. Overiť podľa evidencie prevádzkovateľa."
2432,574,62,D,"Odvodené z typu prevádzky, nie z ohlásenia o vzniku odpadu. Overiť podľa evidencie prevádzkovateľa."
2433,575,77,D,"Odvodené z typu prevádzky, nie z ohlásenia o vzniku odpadu. Overiť podľa evidencie prevádzkovateľa."
2434,575,78,D,"Odvodené z typu prevádzky, nie z ohlásenia o vzniku odpadu. Overiť podľa evidencie prevádzkovateľa."
2435,575,62,D,"Odvodené z typu prevádzky, nie z ohlásenia o vzniku odpadu. Overiť podľa evidencie prevádzkovateľa."
2436,576,79,D,"Odvodené z typu prevádzky, nie z ohlásenia o vzniku odpadu. Overiť podľa evidencie prevádzkovateľa."
2437,576,78,D,"Odvodené z typu prevádzky, nie z ohlásenia o vzniku odpadu. Overiť podľa evidencie prevádzkovateľa."
2438,576,62,D,"Odvodené z typu prevádzky, nie z ohlásenia o vzniku odpadu. Overiť podľa evidencie prevádzkovateľa."
2439,577,77,D,"Odvodené z typu prevádzky, nie z ohlásenia o vzniku odpadu. Overiť podľa evidencie prevádzkovateľa."
2440,577,78,D,"Odvodené z typu prevádzky, nie z ohlásenia o vzniku odpadu. Overiť podľa evidencie prevádzkovateľa."
2441,577,82,D,"Odvodené z typu prevádzky, nie z ohlásenia o vzniku odpadu. Overiť podľa evidencie prevádzkovateľa."
2442,577,62,D,"Odvodené z typu prevádzky, nie z ohlásenia o vzniku odpadu. Overiť podľa evidencie prevádzkovateľa."
2443,578,77,D,"Odvodené z typu prevádzky, nie z ohlásenia o vzniku odpadu. Overiť podľa evidencie prevádzkovateľa."
2444,578,78,D,"Odvodené z typu prevádzky, nie z ohlásenia o vzniku odpadu. Overiť podľa evidencie prevádzkovateľa."
2445,578,82,D,"Odvodené z typu prevádzky, nie z ohlásenia o vzniku odpadu. Overiť podľa evidencie prevádzkovateľa."
2446,578,62,D,"Odvodené z typu prevádzky, nie z ohlásenia o vzniku odpadu. Overiť podľa evidencie prevádzkovateľa."
2447,579,77,D,"Odvodené z typu prevádzky, nie z ohlásenia o vzniku odpadu. Overiť podľa evidencie prevádzkovateľa."
2448,579,78,D,"Odvodené z typu prevádzky, nie z ohlásenia o vzniku odpadu. Overiť podľa evidencie prevádzkovateľa."
2449,579,82,D,"Odvodené z typu prevádzky, nie z ohlásenia o vzniku odpadu. Overiť podľa evidencie prevádzkovateľa."
2450,579,62,D,"Odvodené z typu prevádzky, nie z ohlásenia o vzniku odpadu. Overiť podľa evidencie prevádzkovateľa."
2451,580,77,D,"Odvodené z typu prevádzky, nie z ohlásenia o vzniku odpadu. Overiť podľa evidencie prevádzkovateľa."
2452,580,78,D,"Odvodené z typu prevádzky, nie z ohlásenia o vzniku odpadu. Overiť podľa evidencie prevádzkovateľa."
2453,580,82,D,"Odvodené z typu prevádzky, nie z ohlásenia o vzniku odpadu. Overiť podľa evidencie prevádzkovateľa."
2454,580,62,D,"Odvodené z typu prevádzky, nie z ohlásenia o vzniku odpadu. Overiť podľa evidencie prevádzkovateľa."
2455,581,77,D,"Odvodené z typu prevádzky, nie z ohlásenia o vzniku odpadu. Overiť podľa evidencie prevádzkovateľa."
2456,581,78,D,"Odvodené z typu prevádzky, nie z ohlásenia o vzniku odpadu. Overiť podľa evidencie prevádzkovateľa."
2457,581,82,D,"Odvodené z typu prevádzky, nie z ohlásenia o vzniku odpadu. Overiť podľa evidencie prevádzkovateľa."
2458,581,62,D,"Odvodené z typu prevádzky, nie z ohlásenia o vzniku odpadu. Overiť podľa evidencie prevádzkovateľa."
2459,582,77,D,"Odvodené z typu prevádzky, nie z ohlásenia o vzniku odpadu. Overiť podľa evidencie prevádzkovateľa."
2460,582,78,D,"Odvodené z typu prevádzky, nie z ohlásenia o vzniku odpadu. Overiť podľa evidencie prevádzkovateľa."
2461,582,82,D,"Odvodené z typu prevádzky, nie z ohlásenia o vzniku odpadu. Overiť podľa evidencie prevádzkovateľa."
2462,582,62,D,"Odvodené z typu prevádzky, nie z ohlásenia o vzniku odpadu. Overiť podľa evidencie prevádzkovateľa."
2463,583,77,D,"Odvodené z typu prevádzky, nie z ohlásenia o vzniku odpadu. Overiť podľa evidencie prevádzkovateľa."
2464,583,78,D,"Odvodené z typu prevádzky, nie z ohlásenia o vzniku odpadu. Overiť podľa evidencie prevádzkovateľa."
2465,583,82,D,"Odvodené z typu prevádzky, nie z ohlásenia o vzniku odpadu. Overiť podľa evidencie prevádzkovateľa."
2466,583,62,D,"Odvodené z typu prevádzky, nie z ohlásenia o vzniku odpadu. Overiť podľa evidencie prevádzkovateľa."
2467,584,77,D,"Odvodené z typu prevádzky, nie z ohlásenia o vzniku odpadu. Overiť podľa evidencie prevádzkovateľa."
2468,584,78,D,"Odvodené z typu prevádzky, nie z ohlásenia o vzniku odpadu. Overiť podľa evidencie prevádzkovateľa."
2469,584,82,D,"Odvodené z typu prevádzky, nie z ohlásenia o vzniku odpadu. Overiť podľa evidencie prevádzkovateľa."
2470,584,62,D,"Odvodené z typu prevádzky, nie z ohlásenia o vzniku odpadu. Overiť podľa evidencie prevádzkovateľa."
2471,585,77,D,"Odvodené z typu prevádzky, nie z ohlásenia o vzniku odpadu. Overiť podľa evidencie prevádzkovateľa."
2472,585,78,D,"Odvodené z typu prevádzky, nie z ohlásenia o vzniku odpadu. Overiť podľa evidencie prevádzkovateľa."
2473,585,82,D,"Odvodené z typu prevádzky, nie z ohlásenia o vzniku odpadu. Overiť podľa evidencie prevádzkovateľa."
2474,585,62,D,"Odvodené z typu prevádzky, nie z ohlásenia o vzniku odpadu. Overiť podľa evidencie prevádzkovateľa."
2475,586,77,D,"Odvodené z typu prevádzky, nie z ohlásenia o vzniku odpadu. Overiť podľa evidencie prevádzkovateľa."
2476,586,78,D,"Odvodené z typu prevádzky, nie z ohlásenia o vzniku odpadu. Overiť podľa evidencie prevádzkovateľa."
2477,586,82,D,"Odvodené z typu prevádzky, nie z ohlásenia o vzniku odpadu. Overiť podľa evidencie prevádzkovateľa."
2478,586,62,D,"Odvodené z typu prevádzky, nie z ohlásenia o vzniku odpadu. Overiť podľa evidencie prevádzkovateľa."
2479,587,77,D,"Odvodené z typu prevádzky, nie z ohlásenia o vzniku odpadu. Overiť podľa evidencie prevádzkovateľa."
2480,587,78,D,"Odvodené z typu prevádzky, nie z ohlásenia o vzniku odpadu. Overiť podľa evidencie prevádzkovateľa."
2481,587,82,D,"Odvodené z typu prevádzky, nie z ohlásenia o vzniku odpadu. Overiť podľa evidencie prevádzkovateľa."
2482,587,62,D,"Odvodené z typu prevádzky, nie z ohlásenia o vzniku odpadu. Overiť podľa evidencie prevádzkovateľa."
2483,588,77,D,"Odvodené z typu prevádzky, nie z ohlásenia o vzniku odpadu. Overiť podľa evidencie prevádzkovateľa."
2484,588,78,D,"Odvodené z typu prevádzky, nie z ohlásenia o vzniku odpadu. Overiť podľa evidencie prevádzkovateľa."
2485,588,62,D,"Odvodené z typu prevádzky, nie z ohlásenia o vzniku odpadu. Overiť podľa evidencie prevádzkovateľa."
2486,589,77,D,"Odvodené z typu prevádzky, nie z ohlásenia o vzniku odpadu. Overiť podľa evidencie prevádzkovateľa."
2487,589,78,D,"Odvodené z typu prevádzky, nie z ohlásenia o vzniku odpadu. Overiť podľa evidencie prevádzkovateľa."
2488,589,62,D,"Odvodené z typu prevádzky, nie z ohlásenia o vzniku odpadu. Overiť podľa evidencie prevádzkovateľa."
2489,590,77,D,"Odvodené z typu prevádzky, nie z ohlásenia o vzniku odpadu. Overiť podľa evidencie prevádzkovateľa."
2490,590,78,D,"Odvodené z typu prevádzky, nie z ohlásenia o vzniku odpadu. Overiť podľa evidencie prevádzkovateľa."
2491,590,62,D,"Odvodené z typu prevádzky, nie z ohlásenia o vzniku odpadu. Overiť podľa evidencie prevádzkovateľa."
2492,591,77,D,"Odvodené z typu prevádzky, nie z ohlásenia o vzniku odpadu. Overiť podľa evidencie prevádzkovateľa."
2493,591,78,D,"Odvodené z typu prevádzky, nie z ohlásenia o vzniku odpadu. Overiť podľa evidencie prevádzkovateľa."
2494,591,62,D,"Odvodené z typu prevádzky, nie z ohlásenia o vzniku odpadu. Overiť podľa evidencie prevádzkovateľa."
2495,592,77,D,"Odvodené z typu prevádzky, nie z ohlásenia o vzniku odpadu. Overiť podľa evidencie prevádzkovateľa."
2496,592,78,D,"Odvodené z typu prevádzky, nie z ohlásenia o vzniku odpadu. Overiť podľa evidencie prevádzkovateľa."
2497,592,62,D,"Odvodené z typu prevádzky, nie z ohlásenia o vzniku odpadu. Overiť podľa evidencie prevádzkovateľa."
2498,593,77,D,"Odvodené z typu prevádzky, nie z ohlásenia o vzniku odpadu. Overiť podľa evidencie prevádzkovateľa."
2499,593,78,D,"Odvodené z typu prevádzky, nie z ohlásenia o vzniku odpadu. Overiť podľa evidencie prevádzkovateľa."
2500,593,62,D,"Odvodené z typu prevádzky, nie z ohlásenia o vzniku odpadu. Overiť podľa evidencie prevádzkovateľa."
2501,594,77,D,"Odvodené z typu prevádzky, nie z ohlásenia o vzniku odpadu. Overiť podľa evidencie prevádzkovateľa."
2502,594,78,D,"Odvodené z typu prevádzky, nie z ohlásenia o vzniku odpadu. Overiť podľa evidencie prevádzkovateľa."
2503,594,81,D,"Odvodené z typu prevádzky, nie z ohlásenia o vzniku odpadu. Overiť podľa evidencie prevádzkovateľa."
2504,595,77,D,"Odvodené z typu prevádzky, nie z ohlásenia o vzniku odpadu. Overiť podľa evidencie prevádzkovateľa."
2505,595,78,D,"Odvodené z typu prevádzky, nie z ohlásenia o vzniku odpadu. Overiť podľa evidencie prevádzkovateľa."
2506,595,82,D,"Odvodené z typu prevádzky, nie z ohlásenia o vzniku odpadu. Overiť podľa evidencie prevádzkovateľa."
2507,595,62,D,"Odvodené z typu prevádzky, nie z ohlásenia o vzniku odpadu. Overiť podľa evidencie prevádzkovateľa."
2508,596,77,D,"Odvodené z typu prevádzky, nie z ohlásenia o vzniku odpadu. Overiť podľa evidencie prevádzkovateľa."
2509,596,78,D,"Odvodené z typu prevádzky, nie z ohlásenia o vzniku odpadu. Overiť podľa evidencie prevádzkovateľa."
2510,596,62,D,"Odvodené z typu prevádzky, nie z ohlásenia o vzniku odpadu. Overiť podľa evidencie prevádzkovateľa."
2511,597,77,D,"Odvodené z typu prevádzky, nie z ohlásenia o vzniku odpadu. Overiť podľa evidencie prevádzkovateľa."
2512,597,78,D,"Odvodené z typu prevádzky, nie z ohlásenia o vzniku odpadu. Overiť podľa evidencie prevádzkovateľa."
2513,597,81,D,"Odvodené z typu prevádzky, nie z ohlásenia o vzniku odpadu. Overiť podľa evidencie prevádzkovateľa."
2514,598,77,D,"Odvodené z typu prevádzky, nie z ohlásenia o vzniku odpadu. Overiť podľa evidencie prevádzkovateľa."
2515,598,78,D,"Odvodené z typu prevádzky, nie z ohlásenia o vzniku odpadu. Overiť podľa evidencie prevádzkovateľa."
2516,598,62,D,"Odvodené z typu prevádzky, nie z ohlásenia o vzniku odpadu. Overiť podľa evidencie prevádzkovateľa."
2517,599,77,D,"Odvodené z typu prevádzky, nie z ohlásenia o vzniku odpadu. Overiť podľa evidencie prevádzkovateľa."
2518,599,78,D,"Odvodené z typu prevádzky, nie z ohlásenia o vzniku odpadu. Overiť podľa evidencie prevádzkovateľa."
2519,599,82,D,"Odvodené z typu prevádzky, nie z ohlásenia o vzniku odpadu. Overiť podľa evidencie prevádzkovateľa."
2520,599,62,D,"Odvodené z typu prevádzky, nie z ohlásenia o vzniku odpadu. Overiť podľa evidencie prevádzkovateľa."
2521,600,77,D,"Odvodené z typu prevádzky, nie z ohlásenia o vzniku odpadu. Overiť podľa evidencie prevádzkovateľa."
2522,600,78,D,"Odvodené z typu prevádzky, nie z ohlásenia o vzniku odpadu. Overiť podľa evidencie prevádzkovateľa."
2523,600,62,D,"Odvodené z typu prevádzky, nie z ohlásenia o vzniku odpadu. Overiť podľa evidencie prevádzkovateľa."
2524,601,77,D,"Odvodené z typu prevádzky, nie z ohlásenia o vzniku odpadu. Overiť podľa evidencie prevádzkovateľa."
2525,601,78,D,"Odvodené z typu prevádzky, nie z ohlásenia o vzniku odpadu. Overiť podľa evidencie prevádzkovateľa."
2526,601,82,D,"Odvodené z typu prevádzky, nie z ohlásenia o vzniku odpadu. Overiť podľa evidencie prevádzkovateľa."
2527,601,62,D,"Odvodené z typu prevádzky, nie z ohlásenia o vzniku odpadu. Overiť podľa evidencie prevádzkovateľa."
2528,602,77,D,"Odvodené z typu prevádzky, nie z ohlásenia o vzniku odpadu. Overiť podľa evidencie prevádzkovateľa."
2529,602,78,D,"Odvodené z typu prevádzky, nie z ohlásenia o vzniku odpadu. Overiť podľa evidencie prevádzkovateľa."
2530,602,82,D,"Odvodené z typu prevádzky, nie z ohlásenia o vzniku odpadu. Overiť podľa evidencie prevádzkovateľa."
2531,602,62,D,"Odvodené z typu prevádzky, nie z ohlásenia o vzniku odpadu. Overiť podľa evidencie prevádzkovateľa."
2532,603,77,D,"Odvodené z typu prevádzky, nie z ohlásenia o vzniku odpadu. Overiť podľa evidencie prevádzkovateľa."
2533,603,78,D,"Odvodené z typu prevádzky, nie z ohlásenia o vzniku odpadu. Overiť podľa evidencie prevádzkovateľa."
2534,603,82,D,"Odvodené z typu prevádzky, nie z ohlásenia o vzniku odpadu. Overiť podľa evidencie prevádzkovateľa."
2535,603,62,D,"Odvodené z typu prevádzky, nie z ohlásenia o vzniku odpadu. Overiť podľa evidencie prevádzkovateľa."
2536,604,77,D,"Odvodené z typu prevádzky, nie z ohlásenia o vzniku odpadu. Overiť podľa evidencie prevádzkovateľa."
2537,604,78,D,"Odvodené z typu prevádzky, nie z ohlásenia o vzniku odpadu. Overiť podľa evidencie prevádzkovateľa."
2538,604,82,D,"Odvodené z typu prevádzky, nie z ohlásenia o vzniku odpadu. Overiť podľa evidencie prevádzkovateľa."
2539,604,62,D,"Odvodené z typu prevádzky, nie z ohlásenia o vzniku odpadu. Overiť podľa evidencie prevádzkovateľa."
2540,605,77,D,"Odvodené z typu prevádzky, nie z ohlásenia o vzniku odpadu. Overiť podľa evidencie prevádzkovateľa."
2541,605,78,D,"Odvodené z typu prevádzky, nie z ohlásenia o vzniku odpadu. Overiť podľa evidencie prevádzkovateľa."
2542,605,62,D,"Odvodené z typu prevádzky, nie z ohlásenia o vzniku odpadu. Overiť podľa evidencie prevádzkovateľa."
2543,606,77,D,"Odvodené z typu prevádzky, nie z ohlásenia o vzniku odpadu. Overiť podľa evidencie prevádzkovateľa."
2544,606,78,D,"Odvodené z typu prevádzky, nie z ohlásenia o vzniku odpadu. Overiť podľa evidencie prevádzkovateľa."
2545,606,82,D,"Odvodené z typu prevádzky, nie z ohlásenia o vzniku odpadu. Overiť podľa evidencie prevádzkovateľa."
2546,606,62,D,"Odvodené z typu prevádzky, nie z ohlásenia o vzniku odpadu. Overiť podľa evidencie prevádzkovateľa."
2547,607,77,D,"Odvodené z typu prevádzky, nie z ohlásenia o vzniku odpadu. Overiť podľa evidencie prevádzkovateľa."
2548,607,78,D,"Odvodené z typu prevádzky, nie z ohlásenia o vzniku odpadu. Overiť podľa evidencie prevádzkovateľa."
2549,607,62,D,"Odvodené z typu prevádzky, nie z ohlásenia o vzniku odpadu. Overiť podľa evidencie prevádzkovateľa."
2550,608,77,D,"Odvodené z typu prevádzky, nie z ohlásenia o vzniku odpadu. Overiť podľa evidencie prevádzkovateľa."
2551,608,78,D,"Odvodené z typu prevádzky, nie z ohlásenia o vzniku odpadu. Overiť podľa evidencie prevádzkovateľa."
2552,608,81,D,"Odvodené z typu prevádzky, nie z ohlásenia o vzniku odpadu. Overiť podľa evidencie prevádzkovateľa."
2553,608,62,D,"Odvodené z typu prevádzky, nie z ohlásenia o vzniku odpadu. Overiť podľa evidencie prevádzkovateľa."
2554,609,77,D,"Odvodené z typu prevádzky, nie z ohlásenia o vzniku odpadu. Overiť podľa evidencie prevádzkovateľa."
2555,609,78,D,"Odvodené z typu prevádzky, nie z ohlásenia o vzniku odpadu. Overiť podľa evidencie prevádzkovateľa."
2556,609,81,D,"Odvodené z typu prevádzky, nie z ohlásenia o vzniku odpadu. Overiť podľa evidencie prevádzkovateľa."
2557,609,62,D,"Odvodené z typu prevádzky, nie z ohlásenia o vzniku odpadu. Overiť podľa evidencie prevádzkovateľa."
2558,610,77,D,"Odvodené z typu prevádzky, nie z ohlásenia o vzniku odpadu. Overiť podľa evidencie prevádzkovateľa."
2559,610,78,D,"Odvodené z typu prevádzky, nie z ohlásenia o vzniku odpadu. Overiť podľa evidencie prevádzkovateľa."
2560,610,82,D,"Odvodené z typu prevádzky, nie z ohlásenia o vzniku odpadu. Overiť podľa evidencie prevádzkovateľa."
2561,610,62,D,"Odvodené z typu prevádzky, nie z ohlásenia o vzniku odpadu. Overiť podľa evidencie prevádzkovateľa."
2562,611,79,D,"Odvodené z typu prevádzky, nie z ohlásenia o vzniku odpadu. Overiť podľa evidencie prevádzkovateľa."
2563,611,78,D,"Odvodené z typu prevádzky, nie z ohlásenia o vzniku odpadu. Overiť podľa evidencie prevádzkovateľa."
2564,611,81,D,"Odvodené z typu prevádzky, nie z ohlásenia o vzniku odpadu. Overiť podľa evidencie prevádzkovateľa."
2565,612,79,D,"Odvodené z typu prevádzky, nie z ohlásenia o vzniku odpadu. Overiť podľa evidencie prevádzkovateľa."
2566,612,78,D,"Odvodené z typu prevádzky, nie z ohlásenia o vzniku odpadu. Overiť podľa evidencie prevádzkovateľa."
2567,612,81,D,"Odvodené z typu prevádzky, nie z ohlásenia o vzniku odpadu. Overiť podľa evidencie prevádzkovateľa."
2568,613,77,D,"Odvodené z typu prevádzky, nie z ohlásenia o vzniku odpadu. Overiť podľa evidencie prevádzkovateľa."
2569,613,78,D,"Odvodené z typu prevádzky, nie z ohlásenia o vzniku odpadu. Overiť podľa evidencie prevádzkovateľa."
2570,613,81,D,"Odvodené z typu prevádzky, nie z ohlásenia o vzniku odpadu. Overiť podľa evidencie prevádzkovateľa."
2571,614,79,D,"Odvodené z typu prevádzky, nie z ohlásenia o vzniku odpadu. Overiť podľa evidencie prevádzkovateľa."
2572,614,78,D,"Odvodené z typu prevádzky, nie z ohlásenia o vzniku odpadu. Overiť podľa evidencie prevádzkovateľa."
2573,614,62,D,"Odvodené z typu prevádzky, nie z ohlásenia o vzniku odpadu. Overiť podľa evidencie prevádzkovateľa."
2574,615,77,D,"Odvodené z typu prevádzky, nie z ohlásenia o vzniku odpadu. Overiť podľa evidencie prevádzkovateľa."
2575,615,78,D,"Odvodené z typu prevádzky, nie z ohlásenia o vzniku odpadu. Overiť podľa evidencie prevádzkovateľa."
2576,615,62,D,"Odvodené z typu prevádzky, nie z ohlásenia o vzniku odpadu. Overiť podľa evidencie prevádzkovateľa."
2577,616,77,D,"Odvodené z typu prevádzky, nie z ohlásenia o vzniku odpadu. Overiť podľa evidencie prevádzkovateľa."
2578,616,78,D,"Odvodené z typu prevádzky, nie z ohlásenia o vzniku odpadu. Overiť podľa evidencie prevádzkovateľa."
2579,616,62,D,"Odvodené z typu prevádzky, nie z ohlásenia o vzniku odpadu. Overiť podľa evidencie prevádzkovateľa."
2580,617,77,D,"Odvodené z typu prevádzky, nie z ohlásenia o vzniku odpadu. Overiť podľa evidencie prevádzkovateľa."
2581,617,78,D,"Odvodené z typu prevádzky, nie z ohlásenia o vzniku odpadu. Overiť podľa evidencie prevádzkovateľa."
2582,617,62,D,"Odvodené z typu prevádzky, nie z ohlásenia o vzniku odpadu. Overiť podľa evidencie prevádzkovateľa."
2583,618,77,D,"Odvodené z typu prevádzky, nie z ohlásenia o vzniku odpadu. Overiť podľa evidencie prevádzkovateľa."
2584,618,78,D,"Odvodené z typu prevádzky, nie z ohlásenia o vzniku odpadu. Overiť podľa evidencie prevádzkovateľa."
2585,618,62,D,"Odvodené z typu prevádzky, nie z ohlásenia o vzniku odpadu. Overiť podľa evidencie prevádzkovateľa."
2586,619,77,D,"Odvodené z typu prevádzky, nie z ohlásenia o vzniku odpadu. Overiť podľa evidencie prevádzkovateľa."
2587,619,78,D,"Odvodené z typu prevádzky, nie z ohlásenia o vzniku odpadu. Overiť podľa evidencie prevádzkovateľa."
2588,619,62,D,"Odvodené z typu prevádzky, nie z ohlásenia o vzniku odpadu. Overiť podľa evidencie prevádzkovateľa."
2589,620,77,D,"Odvodené z typu prevádzky, nie z ohlásenia o vzniku odpadu. Overiť podľa evidencie prevádzkovateľa."
2590,620,78,D,"Odvodené z typu prevádzky, nie z ohlásenia o vzniku odpadu. Overiť podľa evidencie prevádzkovateľa."
2591,620,62,D,"Odvodené z typu prevádzky, nie z ohlásenia o vzniku odpadu. Overiť podľa evidencie prevádzkovateľa."
2592,621,77,D,"Odvodené z typu prevádzky, nie z ohlásenia o vzniku odpadu. Overiť podľa evidencie prevádzkovateľa."
2593,621,78,D,"Odvodené z typu prevádzky, nie z ohlásenia o vzniku odpadu. Overiť podľa evidencie prevádzkovateľa."
2594,621,81,D,"Odvodené z typu prevádzky, nie z ohlásenia o vzniku odpadu. Overiť podľa evidencie prevádzkovateľa."
2595,621,62,D,"Odvodené z typu prevádzky, nie z ohlásenia o vzniku odpadu. Overiť podľa evidencie prevádzkovateľa."
2596,622,77,D,"Odvodené z typu prevádzky, nie z ohlásenia o vzniku odpadu. Overiť podľa evidencie prevádzkovateľa."
2597,622,78,D,"Odvodené z typu prevádzky, nie z ohlásenia o vzniku odpadu. Overiť podľa evidencie prevádzkovateľa."
2598,622,62,D,"Odvodené z typu prevádzky, nie z ohlásenia o vzniku odpadu. Overiť podľa evidencie prevádzkovateľa."
2599,623,79,D,"Odvodené z typu prevádzky, nie z ohlásenia o vzniku odpadu. Overiť podľa evidencie prevádzkovateľa."
2600,623,78,D,"Odvodené z typu prevádzky, nie z ohlásenia o vzniku odpadu. Overiť podľa evidencie prevádzkovateľa."
2601,623,62,D,"Odvodené z typu prevádzky, nie z ohlásenia o vzniku odpadu. Overiť podľa evidencie prevádzkovateľa."
2602,624,77,D,"Odvodené z typu prevádzky, nie z ohlásenia o vzniku odpadu. Overiť podľa evidencie prevádzkovateľa."
2603,624,78,D,"Odvodené z typu prevádzky, nie z ohlásenia o vzniku odpadu. Overiť podľa evidencie prevádzkovateľa."
2604,624,81,D,"Odvodené z typu prevádzky, nie z ohlásenia o vzniku odpadu. Overiť podľa evidencie prevádzkovateľa."
2605,624,62,D,"Odvodené z typu prevádzky, nie z ohlásenia o vzniku odpadu. Overiť podľa evidencie prevádzkovateľa."
2606,625,77,D,"Odvodené z typu prevádzky, nie z ohlásenia o vzniku odpadu. Overiť podľa evidencie prevádzkovateľa."
2607,625,78,D,"Odvodené z typu prevádzky, nie z ohlásenia o vzniku odpadu. Overiť podľa evidencie prevádzkovateľa."
2608,625,81,D,"Odvodené z typu prevádzky, nie z ohlásenia o vzniku odpadu. Overiť podľa evidencie prevádzkovateľa."
2609,625,62,D,"Odvodené z typu prevádzky, nie z ohlásenia o vzniku odpadu. Overiť podľa evidencie prevádzkovateľa."
2610,626,77,D,"Odvodené z typu prevádzky, nie z ohlásenia o vzniku odpadu. Overiť podľa evidencie prevádzkovateľa."
2611,626,78,D,"Odvodené z typu prevádzky, nie z ohlásenia o vzniku odpadu. Overiť podľa evidencie prevádzkovateľa."
2612,626,81,D,"Odvodené z typu prevádzky, nie z ohlásenia o vzniku odpadu. Overiť podľa evidencie prevádzkovateľa."
2613,626,62,D,"Odvodené z typu prevádzky, nie z ohlásenia o vzniku odpadu. Overiť podľa evidencie prevádzkovateľa."
2614,627,77,D,"Odvodené z typu prevádzky, nie z ohlásenia o vzniku odpadu. Overiť podľa evidencie prevádzkovateľa."
2615,627,78,D,"Odvodené z typu prevádzky, nie z ohlásenia o vzniku odpadu. Overiť podľa evidencie prevádzkovateľa."
2616,627,81,D,"Odvodené z typu prevádzky, nie z ohlásenia o vzniku odpadu. Overiť podľa evidencie prevádzkovateľa."
2617,627,62,D,"Odvodené z typu prevádzky, nie z ohlásenia o vzniku odpadu. Overiť podľa evidencie prevádzkovateľa."
2618,628,77,D,"Odvodené z typu prevádzky, nie z ohlásenia o vzniku odpadu. Overiť podľa evidencie prevádzkovateľa."
2619,628,78,D,"Odvodené z typu prevádzky, nie z ohlásenia o vzniku odpadu. Overiť podľa evidencie prevádzkovateľa."
2620,628,62,D,"Odvodené z typu prevádzky, nie z ohlásenia o vzniku odpadu. Overiť podľa evidencie prevádzkovateľa."
2621,629,77,D,"Odvodené z typu prevádzky, nie z ohlásenia o vzniku odpadu. Overiť podľa evidencie prevádzkovateľa."
2622,629,78,D,"Odvodené z typu prevádzky, nie z ohlásenia o vzniku odpadu. Overiť podľa evidencie prevádzkovateľa."
2623,629,81,D,"Odvodené z typu prevádzky, nie z ohlásenia o vzniku odpadu. Overiť podľa evidencie prevádzkovateľa."
2624,630,80,D,"Odvodené z typu prevádzky, nie z ohlásenia o vzniku odpadu. Overiť podľa evidencie prevádzkovateľa."
2625,630,78,D,"Odvodené z typu prevádzky, nie z ohlásenia o vzniku odpadu. Overiť podľa evidencie prevádzkovateľa."
2626,630,81,D,"Odvodené z typu prevádzky, nie z ohlásenia o vzniku odpadu. Overiť podľa evidencie prevádzkovateľa."
2627,630,70,D,"Odvodené z typu prevádzky, nie z ohlásenia o vzniku odpadu. Overiť podľa evidencie prevádzkovateľa."
2628,631,79,D,"Odvodené z typu prevádzky, nie z ohlásenia o vzniku odpadu. Overiť podľa evidencie prevádzkovateľa."
2629,631,78,D,"Odvodené z typu prevádzky, nie z ohlásenia o vzniku odpadu. Overiť podľa evidencie prevádzkovateľa."
2630,631,81,D,"Odvodené z typu prevádzky, nie z ohlásenia o vzniku odpadu. Overiť podľa evidencie prevádzkovateľa."
2631,632,77,D,"Odvodené z typu prevádzky, nie z ohlásenia o vzniku odpadu. Overiť podľa evidencie prevádzkovateľa."
2632,632,78,D,"Odvodené z typu prevádzky, nie z ohlásenia o vzniku odpadu. Overiť podľa evidencie prevádzkovateľa."
2633,632,62,D,"Odvodené z typu prevádzky, nie z ohlásenia o vzniku odpadu. Overiť podľa evidencie prevádzkovateľa."
2634,633,77,D,"Odvodené z typu prevádzky, nie z ohlásenia o vzniku odpadu. Overiť podľa evidencie prevádzkovateľa."
2635,633,78,D,"Odvodené z typu prevádzky, nie z ohlásenia o vzniku odpadu. Overiť podľa evidencie prevádzkovateľa."
2636,633,81,D,"Odvodené z typu prevádzky, nie z ohlásenia o vzniku odpadu. Overiť podľa evidencie prevádzkovateľa."
2637,633,62,D,"Odvodené z typu prevádzky, nie z ohlásenia o vzniku odpadu. Overiť podľa evidencie prevádzkovateľa."
2638,634,77,D,"Odvodené z typu prevádzky, nie z ohlásenia o vzniku odpadu. Overiť podľa evidencie prevádzkovateľa."
2639,634,78,D,"Odvodené z typu prevádzky, nie z ohlásenia o vzniku odpadu. Overiť podľa evidencie prevádzkovateľa."
2640,634,62,D,"Odvodené z typu prevádzky, nie z ohlásenia o vzniku odpadu. Overiť podľa evidencie prevádzkovateľa."
2641,635,77,D,"Odvodené z typu prevádzky, nie z ohlásenia o vzniku odpadu. Overiť podľa evidencie prevádzkovateľa."
2642,635,78,D,"Odvodené z typu prevádzky, nie z ohlásenia o vzniku odpadu. Overiť podľa evidencie prevádzkovateľa."
2643,635,62,D,"Odvodené z typu prevádzky, nie z ohlásenia o vzniku odpadu. Overiť podľa evidencie prevádzkovateľa."
2644,636,77,D,"Odvodené z typu prevádzky, nie z ohlásenia o vzniku odpadu. Overiť podľa evidencie prevádzkovateľa."
2645,636,78,D,"Odvodené z typu prevádzky, nie z ohlásenia o vzniku odpadu. Overiť podľa evidencie prevádzkovateľa."
2646,636,62,D,"Odvodené z typu prevádzky, nie z ohlásenia o vzniku odpadu. Overiť podľa evidencie prevádzkovateľa."
2647,637,79,D,"Odvodené z typu prevádzky, nie z ohlásenia o vzniku odpadu. Overiť podľa evidencie prevádzkovateľa."
2648,637,78,D,"Odvodené z typu prevádzky, nie z ohlásenia o vzniku odpadu. Overiť podľa evidencie prevádzkovateľa."
2649,637,81,D,"Odvodené z typu prevádzky, nie z ohlásenia o vzniku odpadu. Overiť podľa evidencie prevádzkovateľa."
2650,638,79,D,"Odvodené z typu prevádzky, nie z ohlásenia o vzniku odpadu. Overiť podľa evidencie prevádzkovateľa."
2651,638,78,D,"Odvodené z typu prevádzky, nie z ohlásenia o vzniku odpadu. Overiť podľa evidencie prevádzkovateľa."
2652,638,62,D,"Odvodené z typu prevádzky, nie z ohlásenia o vzniku odpadu. Overiť podľa evidencie prevádzkovateľa."
2653,639,79,D,"Odvodené z typu prevádzky, nie z ohlásenia o vzniku odpadu. Overiť podľa evidencie prevádzkovateľa."
2654,639,78,D,"Odvodené z typu prevádzky, nie z ohlásenia o vzniku odpadu. Overiť podľa evidencie prevádzkovateľa."
2655,639,62,D,"Odvodené z typu prevádzky, nie z ohlásenia o vzniku odpadu. Overiť podľa evidencie prevádzkovateľa."
2656,640,79,D,"Odvodené z typu prevádzky, nie z ohlásenia o vzniku odpadu. Overiť podľa evidencie prevádzkovateľa."
2657,640,78,D,"Odvodené z typu prevádzky, nie z ohlásenia o vzniku odpadu. Overiť podľa evidencie prevádzkovateľa."
2658,640,62,D,"Odvodené z typu prevádzky, nie z ohlásenia o vzniku odpadu. Overiť podľa evidencie prevádzkovateľa."
2659,641,79,D,"Odvodené z typu prevádzky, nie z ohlásenia o vzniku odpadu. Overiť podľa evidencie prevádzkovateľa."
2660,641,78,D,"Odvodené z typu prevádzky, nie z ohlásenia o vzniku odpadu. Overiť podľa evidencie prevádzkovateľa."
2661,641,62,D,"Odvodené z typu prevádzky, nie z ohlásenia o vzniku odpadu. Overiť podľa evidencie prevádzkovateľa."
2662,642,77,D,"Odvodené z typu prevádzky, nie z ohlásenia o vzniku odpadu. Overiť podľa evidencie prevádzkovateľa."
2663,642,78,D,"Odvodené z typu prevádzky, nie z ohlásenia o vzniku odpadu. Overiť podľa evidencie prevádzkovateľa."
2664,642,82,D,"Odvodené z typu prevádzky, nie z ohlásenia o vzniku odpadu. Overiť podľa evidencie prevádzkovateľa."
2665,642,62,D,"Odvodené z typu prevádzky, nie z ohlásenia o vzniku odpadu. Overiť podľa evidencie prevádzkovateľa."
2666,643,77,D,"Odvodené z typu prevádzky, nie z ohlásenia o vzniku odpadu. Overiť podľa evidencie prevádzkovateľa."
2667,643,78,D,"Odvodené z typu prevádzky, nie z ohlásenia o vzniku odpadu. Overiť podľa evidencie prevádzkovateľa."
2668,643,62,D,"Odvodené z typu prevádzky, nie z ohlásenia o vzniku odpadu. Overiť podľa evidencie prevádzkovateľa."
2669,644,22,D,"Odvodené z typu prevádzky, nie z ohlásenia o vzniku odpadu. Overiť podľa evidencie prevádzkovateľa."
2670,644,23,D,"Odvodené z typu prevádzky, nie z ohlásenia o vzniku odpadu. Overiť podľa evidencie prevádzkovateľa."
2671,644,24,D,"Odvodené z typu prevádzky, nie z ohlásenia o vzniku odpadu. Overiť podľa evidencie prevádzkovateľa."
2672,644,88,D,"Odvodené z typu prevádzky, nie z ohlásenia o vzniku odpadu. Overiť podľa evidencie prevádzkovateľa."
2673,644,91,D,"Odvodené z typu prevádzky, nie z ohlásenia o vzniku odpadu. Overiť podľa evidencie prevádzkovateľa."
2674,644,92,D,"Odvodené z typu prevádzky, nie z ohlásenia o vzniku odpadu. Overiť podľa evidencie prevádzkovateľa."
2675,645,22,D,"Odvodené z typu prevádzky, nie z ohlásenia o vzniku odpadu. Overiť podľa evidencie prevádzkovateľa."
2676,645,23,D,"Odvodené z typu prevádzky, nie z ohlásenia o vzniku odpadu. Overiť podľa evidencie prevádzkovateľa."
2677,645,24,D,"Odvodené z typu prevádzky, nie z ohlásenia o vzniku odpadu. Overiť podľa evidencie prevádzkovateľa."
2678,645,88,D,"Odvodené z typu prevádzky, nie z ohlásenia o vzniku odpadu. Overiť podľa evidencie prevádzkovateľa."
2679,645,91,D,"Odvodené z typu prevádzky, nie z ohlásenia o vzniku odpadu. Overiť podľa evidencie prevádzkovateľa."
2680,645,92,D,"Odvodené z typu prevádzky, nie z ohlásenia o vzniku odpadu. Overiť podľa evidencie prevádzkovateľa."
2681,646,22,D,"Odvodené z typu prevádzky, nie z ohlásenia o vzniku odpadu. Overiť podľa evidencie prevádzkovateľa."
2682,646,23,D,"Odvodené z typu prevádzky, nie z ohlásenia o vzniku odpadu. Overiť podľa evidencie prevádzkovateľa."
2683,646,24,D,"Odvodené z typu prevádzky, nie z ohlásenia o vzniku odpadu. Overiť podľa evidencie prevádzkovateľa."
2684,646,88,D,"Odvodené z typu prevádzky, nie z ohlásenia o vzniku odpadu. Overiť podľa evidencie prevádzkovateľa."
2685,646,91,D,"Odvodené z typu prevádzky, nie z ohlásenia o vzniku odpadu. Overiť podľa evidencie prevádzkovateľa."
2686,646,92,D,"Odvodené z typu prevádzky, nie z ohlásenia o vzniku odpadu. Overiť podľa evidencie prevádzkovateľa."
2687,647,80,D,"Odvodené z typu prevádzky, nie z ohlásenia o vzniku odpadu. Overiť podľa evidencie prevádzkovateľa."
2688,647,78,D,"Odvodené z typu prevádzky, nie z ohlásenia o vzniku odpadu. Overiť podľa evidencie prevádzkovateľa."
2689,647,81,D,"Odvodené z typu prevádzky, nie z ohlásenia o vzniku odpadu. Overiť podľa evidencie prevádzkovateľa."
2690,647,70,D,"Odvodené z typu prevádzky, nie z ohlásenia o vzniku odpadu. Overiť podľa evidencie prevádzkovateľa."
2691,648,22,D,"Odvodené z typu prevádzky, nie z ohlásenia o vzniku odpadu. Overiť podľa evidencie prevádzkovateľa."
2692,648,23,D,"Odvodené z typu prevádzky, nie z ohlásenia o vzniku odpadu. Overiť podľa evidencie prevádzkovateľa."
2693,648,24,D,"Odvodené z typu prevádzky, nie z ohlásenia o vzniku odpadu. Overiť podľa evidencie prevádzkovateľa."
2694,648,88,D,"Odvodené z typu prevádzky, nie z ohlásenia o vzniku odpadu. Overiť podľa evidencie prevádzkovateľa."
2695,648,91,D,"Odvodené z typu prevádzky, nie z ohlásenia o vzniku odpadu. Overiť podľa evidencie prevádzkovateľa."
2696,648,92,D,"Odvodené z typu prevádzky, nie z ohlásenia o vzniku odpadu. Overiť podľa evidencie prevádzkovateľa."
2697,649,80,D,"Odvodené z typu prevádzky, nie z ohlásenia o vzniku odpadu. Overiť podľa evidencie prevádzkovateľa."
2698,649,78,D,"Odvodené z typu prevádzky, nie z ohlásenia o vzniku odpadu. Overiť podľa evidencie prevádzkovateľa."
2699,649,81,D,"Odvodené z typu prevádzky, nie z ohlásenia o vzniku odpadu. Overiť podľa evidencie prevádzkovateľa."
2700,649,70,D,"Odvodené z typu prevádzky, nie z ohlásenia o vzniku odpadu. Overiť podľa evidencie prevádzkovateľa."
2701,650,80,D,"Odvodené z typu prevádzky, nie z ohlásenia o vzniku odpadu. Overiť podľa evidencie prevádzkovateľa."
2702,650,78,D,"Odvodené z typu prevádzky, nie z ohlásenia o vzniku odpadu. Overiť podľa evidencie prevádzkovateľa."
2703,650,81,D,"Odvodené z typu prevádzky, nie z ohlásenia o vzniku odpadu. Overiť podľa evidencie prevádzkovateľa."
2704,650,70,D,"Odvodené z typu prevádzky, nie z ohlásenia o vzniku odpadu. Overiť podľa evidencie prevádzkovateľa."
2705,651,80,D,"Odvodené z typu prevádzky, nie z ohlásenia o vzniku odpadu. Overiť podľa evidencie prevádzkovateľa."
2706,651,78,D,"Odvodené z typu prevádzky, nie z ohlásenia o vzniku odpadu. Overiť podľa evidencie prevádzkovateľa."
2707,651,81,D,"Odvodené z typu prevádzky, nie z ohlásenia o vzniku odpadu. Overiť podľa evidencie prevádzkovateľa."
2708,651,82,D,"Odvodené z typu prevádzky, nie z ohlásenia o vzniku odpadu. Overiť podľa evidencie prevádzkovateľa."
2709,651,70,D,"Odvodené z typu prevádzky, nie z ohlásenia o vzniku odpadu. Overiť podľa evidencie prevádzkovateľa."
2710,652,22,D,"Odvodené z typu prevádzky, nie z ohlásenia o vzniku odpadu. Overiť podľa evidencie prevádzkovateľa."
2711,652,23,D,"Odvodené z typu prevádzky, nie z ohlásenia o vzniku odpadu. Overiť podľa evidencie prevádzkovateľa."
2712,652,24,D,"Odvodené z typu prevádzky, nie z ohlásenia o vzniku odpadu. Overiť podľa evidencie prevádzkovateľa."
2713,652,88,D,"Odvodené z typu prevádzky, nie z ohlásenia o vzniku odpadu. Overiť podľa evidencie prevádzkovateľa."
2714,652,91,D,"Odvodené z typu prevádzky, nie z ohlásenia o vzniku odpadu. Overiť podľa evidencie prevádzkovateľa."
2715,652,92,D,"Odvodené z typu prevádzky, nie z ohlásenia o vzniku odpadu. Overiť podľa evidencie prevádzkovateľa."
2716,653,77,D,"Odvodené z typu prevádzky, nie z ohlásenia o vzniku odpadu. Overiť podľa evidencie prevádzkovateľa."
2717,653,78,D,"Odvodené z typu prevádzky, nie z ohlásenia o vzniku odpadu. Overiť podľa evidencie prevádzkovateľa."
2718,653,81,D,"Odvodené z typu prevádzky, nie z ohlásenia o vzniku odpadu. Overiť podľa evidencie prevádzkovateľa."
2719,653,62,D,"Odvodené z typu prevádzky, nie z ohlásenia o vzniku odpadu. Overiť podľa evidencie prevádzkovateľa."
2720,654,79,D,"Odvodené z typu prevádzky, nie z ohlásenia o vzniku odpadu. Overiť podľa evidencie prevádzkovateľa."
2721,654,78,D,"Odvodené z typu prevádzky, nie z ohlásenia o vzniku odpadu. Overiť podľa evidencie prevádzkovateľa."
2722,654,62,D,"Odvodené z typu prevádzky, nie z ohlásenia o vzniku odpadu. Overiť podľa evidencie prevádzkovateľa."
2723,655,77,D,"Odvodené z typu prevádzky, nie z ohlásenia o vzniku odpadu. Overiť podľa evidencie prevádzkovateľa."
2724,655,78,D,"Odvodené z typu prevádzky, nie z ohlásenia o vzniku odpadu. Overiť podľa evidencie prevádzkovateľa."
2725,655,81,D,"Odvodené z typu prevádzky, nie z ohlásenia o vzniku odpadu. Overiť podľa evidencie prevádzkovateľa."
2726,655,62,D,"Odvodené z typu prevádzky, nie z ohlásenia o vzniku odpadu. Overiť podľa evidencie prevádzkovateľa."
2727,656,77,D,"Odvodené z typu prevádzky, nie z ohlásenia o vzniku odpadu. Overiť podľa evidencie prevádzkovateľa."
2728,656,78,D,"Odvodené z typu prevádzky, nie z ohlásenia o vzniku odpadu. Overiť podľa evidencie prevádzkovateľa."
2729,656,62,D,"Odvodené z typu prevádzky, nie z ohlásenia o vzniku odpadu. Overiť podľa evidencie prevádzkovateľa."
2730,657,77,D,"Odvodené z typu prevádzky, nie z ohlásenia o vzniku odpadu. Overiť podľa evidencie prevádzkovateľa."
2731,657,78,D,"Odvodené z typu prevádzky, nie z ohlásenia o vzniku odpadu. Overiť podľa evidencie prevádzkovateľa."
2732,657,81,D,"Odvodené z typu prevádzky, nie z ohlásenia o vzniku odpadu. Overiť podľa evidencie prevádzkovateľa."
2733,657,62,D,"Odvodené z typu prevádzky, nie z ohlásenia o vzniku odpadu. Overiť podľa evidencie prevádzkovateľa."
2734,658,79,D,"Odvodené z typu prevádzky, nie z ohlásenia o vzniku odpadu. Overiť podľa evidencie prevádzkovateľa."
2735,658,78,D,"Odvodené z typu prevádzky, nie z ohlásenia o vzniku odpadu. Overiť podľa evidencie prevádzkovateľa."
2736,658,62,D,"Odvodené z typu prevádzky, nie z ohlásenia o vzniku odpadu. Overiť podľa evidencie prevádzkovateľa."
2737,659,77,D,"Odvodené z typu prevádzky, nie z ohlásenia o vzniku odpadu. Overiť podľa evidencie prevádzkovateľa."
2738,659,78,D,"Odvodené z typu prevádzky, nie z ohlásenia o vzniku odpadu. Overiť podľa evidencie prevádzkovateľa."
2739,659,62,D,"Odvodené z typu prevádzky, nie z ohlásenia o vzniku odpadu. Overiť podľa evidencie prevádzkovateľa."
2740,660,79,D,"Odvodené z typu prevádzky, nie z ohlásenia o vzniku odpadu. Overiť podľa evidencie prevádzkovateľa."
2741,660,78,D,"Odvodené z typu prevádzky, nie z ohlásenia o vzniku odpadu. Overiť podľa evidencie prevádzkovateľa."
2742,660,62,D,"Odvodené z typu prevádzky, nie z ohlásenia o vzniku odpadu. Overiť podľa evidencie prevádzkovateľa."
2743,661,77,D,"Odvodené z typu prevádzky, nie z ohlásenia o vzniku odpadu. Overiť podľa evidencie prevádzkovateľa."
2744,661,78,D,"Odvodené z typu prevádzky, nie z ohlásenia o vzniku odpadu. Overiť podľa evidencie prevádzkovateľa."
2745,661,81,D,"Odvodené z typu prevádzky, nie z ohlásenia o vzniku odpadu. Overiť podľa evidencie prevádzkovateľa."
2746,661,62,D,"Odvodené z typu prevádzky, nie z ohlásenia o vzniku odpadu. Overiť podľa evidencie prevádzkovateľa."
2747,662,77,D,"Odvodené z typu prevádzky, nie z ohlásenia o vzniku odpadu. Overiť podľa evidencie prevádzkovateľa."
2748,662,78,D,"Odvodené z typu prevádzky, nie z ohlásenia o vzniku odpadu. Overiť podľa evidencie prevádzkovateľa."
2749,662,81,D,"Odvodené z typu prevádzky, nie z ohlásenia o vzniku odpadu. Overiť podľa evidencie prevádzkovateľa."
2750,662,62,D,"Odvodené z typu prevádzky, nie z ohlásenia o vzniku odpadu. Overiť podľa evidencie prevádzkovateľa."
2751,663,79,D,"Odvodené z typu prevádzky, nie z ohlásenia o vzniku odpadu. Overiť podľa evidencie prevádzkovateľa."
2752,663,78,D,"Odvodené z typu prevádzky, nie z ohlásenia o vzniku odpadu. Overiť podľa evidencie prevádzkovateľa."
2753,663,62,D,"Odvodené z typu prevádzky, nie z ohlásenia o vzniku odpadu. Overiť podľa evidencie prevádzkovateľa."
2754,664,77,D,"Odvodené z typu prevádzky, nie z ohlásenia o vzniku odpadu. Overiť podľa evidencie prevádzkovateľa."
2755,664,78,D,"Odvodené z typu prevádzky, nie z ohlásenia o vzniku odpadu. Overiť podľa evidencie prevádzkovateľa."
2756,664,62,D,"Odvodené z typu prevádzky, nie z ohlásenia o vzniku odpadu. Overiť podľa evidencie prevádzkovateľa."
2757,665,77,D,"Odvodené z typu prevádzky, nie z ohlásenia o vzniku odpadu. Overiť podľa evidencie prevádzkovateľa."
2758,665,78,D,"Odvodené z typu prevádzky, nie z ohlásenia o vzniku odpadu. Overiť podľa evidencie prevádzkovateľa."
2759,665,81,D,"Odvodené z typu prevádzky, nie z ohlásenia o vzniku odpadu. Overiť podľa evidencie prevádzkovateľa."
2760,665,62,D,"Odvodené z typu prevádzky, nie z ohlásenia o vzniku odpadu. Overiť podľa evidencie prevádzkovateľa."
2761,666,77,D,"Odvodené z typu prevádzky, nie z ohlásenia o vzniku odpadu. Overiť podľa evidencie prevádzkovateľa."
2762,666,78,D,"Odvodené z typu prevádzky, nie z ohlásenia o vzniku odpadu. Overiť podľa evidencie prevádzkovateľa."
2763,666,81,D,"Odvodené z typu prevádzky, nie z ohlásenia o vzniku odpadu. Overiť podľa evidencie prevádzkovateľa."
2764,666,62,D,"Odvodené z typu prevádzky, nie z ohlásenia o vzniku odpadu. Overiť podľa evidencie prevádzkovateľa."
2765,667,77,D,"Odvodené z typu prevádzky, nie z ohlásenia o vzniku odpadu. Overiť podľa evidencie prevádzkovateľa."
2766,667,78,D,"Odvodené z typu prevádzky, nie z ohlásenia o vzniku odpadu. Overiť podľa evidencie prevádzkovateľa."
2767,667,81,D,"Odvodené z typu prevádzky, nie z ohlásenia o vzniku odpadu. Overiť podľa evidencie prevádzkovateľa."
2768,667,62,D,"Odvodené z typu prevádzky, nie z ohlásenia o vzniku odpadu. Overiť podľa evidencie prevádzkovateľa."
2769,668,79,D,"Odvodené z typu prevádzky, nie z ohlásenia o vzniku odpadu. Overiť podľa evidencie prevádzkovateľa."
2770,668,78,D,"Odvodené z typu prevádzky, nie z ohlásenia o vzniku odpadu. Overiť podľa evidencie prevádzkovateľa."
2771,668,62,D,"Odvodené z typu prevádzky, nie z ohlásenia o vzniku odpadu. Overiť podľa evidencie prevádzkovateľa."
2772,669,79,D,"Odvodené z typu prevádzky, nie z ohlásenia o vzniku odpadu. Overiť podľa evidencie prevádzkovateľa."
2773,669,78,D,"Odvodené z typu prevádzky, nie z ohlásenia o vzniku odpadu. Overiť podľa evidencie prevádzkovateľa."
2774,669,62,D,"Odvodené z typu prevádzky, nie z ohlásenia o vzniku odpadu. Overiť podľa evidencie prevádzkovateľa."
2775,670,79,D,"Odvodené z typu prevádzky, nie z ohlásenia o vzniku odpadu. Overiť podľa evidencie prevádzkovateľa."
2776,670,78,D,"Odvodené z typu prevádzky, nie z ohlásenia o vzniku odpadu. Overiť podľa evidencie prevádzkovateľa."
2777,670,62,D,"Odvodené z typu prevádzky, nie z ohlásenia o vzniku odpadu. Overiť podľa evidencie prevádzkovateľa."
2778,671,79,D,"Odvodené z typu prevádzky, nie z ohlásenia o vzniku odpadu. Overiť podľa evidencie prevádzkovateľa."
2779,671,78,D,"Odvodené z typu prevádzky, nie z ohlásenia o vzniku odpadu. Overiť podľa evidencie prevádzkovateľa."
2780,671,62,D,"Odvodené z typu prevádzky, nie z ohlásenia o vzniku odpadu. Overiť podľa evidencie prevádzkovateľa."
2781,672,77,D,"Odvodené z typu prevádzky, nie z ohlásenia o vzniku odpadu. Overiť podľa evidencie prevádzkovateľa."
2782,672,78,D,"Odvodené z typu prevádzky, nie z ohlásenia o vzniku odpadu. Overiť podľa evidencie prevádzkovateľa."
2783,672,81,D,"Odvodené z typu prevádzky, nie z ohlásenia o vzniku odpadu. Overiť podľa evidencie prevádzkovateľa."
2784,672,62,D,"Odvodené z typu prevádzky, nie z ohlásenia o vzniku odpadu. Overiť podľa evidencie prevádzkovateľa."
2785,673,77,D,"Odvodené z typu prevádzky, nie z ohlásenia o vzniku odpadu. Overiť podľa evidencie prevádzkovateľa."
2786,673,78,D,"Odvodené z typu prevádzky, nie z ohlásenia o vzniku odpadu. Overiť podľa evidencie prevádzkovateľa."
2787,673,81,D,"Odvodené z typu prevádzky, nie z ohlásenia o vzniku odpadu. Overiť podľa evidencie prevádzkovateľa."
2788,673,62,D,"Odvodené z typu prevádzky, nie z ohlásenia o vzniku odpadu. Overiť podľa evidencie prevádzkovateľa."
2789,674,77,D,"Odvodené z typu prevádzky, nie z ohlásenia o vzniku odpadu. Overiť podľa evidencie prevádzkovateľa."
2790,674,78,D,"Odvodené z typu prevádzky, nie z ohlásenia o vzniku odpadu. Overiť podľa evidencie prevádzkovateľa."
2791,674,62,D,"Odvodené z typu prevádzky, nie z ohlásenia o vzniku odpadu. Overiť podľa evidencie prevádzkovateľa."
2792,675,79,D,"Odvodené z typu prevádzky, nie z ohlásenia o vzniku odpadu. Overiť podľa evidencie prevádzkovateľa."
2793,675,78,D,"Odvodené z typu prevádzky, nie z ohlásenia o vzniku odpadu. Overiť podľa evidencie prevádzkovateľa."
2794,675,62,D,"Odvodené z typu prevádzky, nie z ohlásenia o vzniku odpadu. Overiť podľa evidencie prevádzkovateľa."
2795,676,77,D,"Odvodené z typu prevádzky, nie z ohlásenia o vzniku odpadu. Overiť podľa evidencie prevádzkovateľa."
2796,676,78,D,"Odvodené z typu prevádzky, nie z ohlásenia o vzniku odpadu. Overiť podľa evidencie prevádzkovateľa."
2797,676,62,D,"Odvodené z typu prevádzky, nie z ohlásenia o vzniku odpadu. Overiť podľa evidencie prevádzkovateľa."
2798,677,79,D,"Odvodené z typu prevádzky, nie z ohlásenia o vzniku odpadu. Overiť podľa evidencie prevádzkovateľa."
2799,677,78,D,"Odvodené z typu prevádzky, nie z ohlásenia o vzniku odpadu. Overiť podľa evidencie prevádzkovateľa."
2800,677,62,D,"Odvodené z typu prevádzky, nie z ohlásenia o vzniku odpadu. Overiť podľa evidencie prevádzkovateľa."
2801,678,77,D,"Odvodené z typu prevádzky, nie z ohlásenia o vzniku odpadu. Overiť podľa evidencie prevádzkovateľa."
2802,678,78,D,"Odvodené z typu prevádzky, nie z ohlásenia o vzniku odpadu. Overiť podľa evidencie prevádzkovateľa."
2803,678,81,D,"Odvodené z typu prevádzky, nie z ohlásenia o vzniku odpadu. Overiť podľa evidencie prevádzkovateľa."
2804,678,62,D,"Odvodené z typu prevádzky, nie z ohlásenia o vzniku odpadu. Overiť podľa evidencie prevádzkovateľa."
2805,679,77,D,"Odvodené z typu prevádzky, nie z ohlásenia o vzniku odpadu. Overiť podľa evidencie prevádzkovateľa."
2806,679,78,D,"Odvodené z typu prevádzky, nie z ohlásenia o vzniku odpadu. Overiť podľa evidencie prevádzkovateľa."
2807,679,62,D,"Odvodené z typu prevádzky, nie z ohlásenia o vzniku odpadu. Overiť podľa evidencie prevádzkovateľa."
2808,680,77,D,"Odvodené z typu prevádzky, nie z ohlásenia o vzniku odpadu. Overiť podľa evidencie prevádzkovateľa."
2809,680,78,D,"Odvodené z typu prevádzky, nie z ohlásenia o vzniku odpadu. Overiť podľa evidencie prevádzkovateľa."
2810,680,81,D,"Odvodené z typu prevádzky, nie z ohlásenia o vzniku odpadu. Overiť podľa evidencie prevádzkovateľa."
2811,681,77,D,"Odvodené z typu prevádzky, nie z ohlásenia o vzniku odpadu. Overiť podľa evidencie prevádzkovateľa."
2812,681,78,D,"Odvodené z typu prevádzky, nie z ohlásenia o vzniku odpadu. Overiť podľa evidencie prevádzkovateľa."
2813,681,81,D,"Odvodené z typu prevádzky, nie z ohlásenia o vzniku odpadu. Overiť podľa evidencie prevádzkovateľa."
2814,681,62,D,"Odvodené z typu prevádzky, nie z ohlásenia o vzniku odpadu. Overiť podľa evidencie prevádzkovateľa."
2815,682,77,D,"Odvodené z typu prevádzky, nie z ohlásenia o vzniku odpadu. Overiť podľa evidencie prevádzkovateľa."
2816,682,78,D,"Odvodené z typu prevádzky, nie z ohlásenia o vzniku odpadu. Overiť podľa evidencie prevádzkovateľa."
2817,682,81,D,"Odvodené z typu prevádzky, nie z ohlásenia o vzniku odpadu. Overiť podľa evidencie prevádzkovateľa."
2818,683,77,D,"Odvodené z typu prevádzky, nie z ohlásenia o vzniku odpadu. Overiť podľa evidencie prevádzkovateľa."
2819,683,78,D,"Odvodené z typu prevádzky, nie z ohlásenia o vzniku odpadu. Overiť podľa evidencie prevádzkovateľa."
2820,683,81,D,"Odvodené z typu prevádzky, nie z ohlásenia o vzniku odpadu. Overiť podľa evidencie prevádzkovateľa."
2821,683,62,D,"Odvodené z typu prevádzky, nie z ohlásenia o vzniku odpadu. Overiť podľa evidencie prevádzkovateľa."
2822,684,77,D,"Odvodené z typu prevádzky, nie z ohlásenia o vzniku odpadu. Overiť podľa evidencie prevádzkovateľa."
2823,684,78,D,"Odvodené z typu prevádzky, nie z ohlásenia o vzniku odpadu. Overiť podľa evidencie prevádzkovateľa."
2824,684,81,D,"Odvodené z typu prevádzky, nie z ohlásenia o vzniku odpadu. Overiť podľa evidencie prevádzkovateľa."
2825,684,62,D,"Odvodené z typu prevádzky, nie z ohlásenia o vzniku odpadu. Overiť podľa evidencie prevádzkovateľa."
2826,685,77,D,"Odvodené z typu prevádzky, nie z ohlásenia o vzniku odpadu. Overiť podľa evidencie prevádzkovateľa."
2827,685,78,D,"Odvodené z typu prevádzky, nie z ohlásenia o vzniku odpadu. Overiť podľa evidencie prevádzkovateľa."
2828,685,81,D,"Odvodené z typu prevádzky, nie z ohlásenia o vzniku odpadu. Overiť podľa evidencie prevádzkovateľa."
2829,685,62,D,"Odvodené z typu prevádzky, nie z ohlásenia o vzniku odpadu. Overiť podľa evidencie prevádzkovateľa."
2830,686,79,D,"Odvodené z typu prevádzky, nie z ohlásenia o vzniku odpadu. Overiť podľa evidencie prevádzkovateľa."
2831,686,78,D,"Odvodené z typu prevádzky, nie z ohlásenia o vzniku odpadu. Overiť podľa evidencie prevádzkovateľa."
2832,686,62,D,"Odvodené z typu prevádzky, nie z ohlásenia o vzniku odpadu. Overiť podľa evidencie prevádzkovateľa."
2833,687,77,D,"Odvodené z typu prevádzky, nie z ohlásenia o vzniku odpadu. Overiť podľa evidencie prevádzkovateľa."
2834,687,78,D,"Odvodené z typu prevádzky, nie z ohlásenia o vzniku odpadu. Overiť podľa evidencie prevádzkovateľa."
2835,687,81,D,"Odvodené z typu prevádzky, nie z ohlásenia o vzniku odpadu. Overiť podľa evidencie prevádzkovateľa."
2836,688,77,D,"Odvodené z typu prevádzky, nie z ohlásenia o vzniku odpadu. Overiť podľa evidencie prevádzkovateľa."
2837,688,78,D,"Odvodené z typu prevádzky, nie z ohlásenia o vzniku odpadu. Overiť podľa evidencie prevádzkovateľa."
2838,688,81,D,"Odvodené z typu prevádzky, nie z ohlásenia o vzniku odpadu. Overiť podľa evidencie prevádzkovateľa."
2839,689,77,D,"Odvodené z typu prevádzky, nie z ohlásenia o vzniku odpadu. Overiť podľa evidencie prevádzkovateľa."
2840,689,78,D,"Odvodené z typu prevádzky, nie z ohlásenia o vzniku odpadu. Overiť podľa evidencie prevádzkovateľa."
2841,689,62,D,"Odvodené z typu prevádzky, nie z ohlásenia o vzniku odpadu. Overiť podľa evidencie prevádzkovateľa."
2842,690,77,D,"Odvodené z typu prevádzky, nie z ohlásenia o vzniku odpadu. Overiť podľa evidencie prevádzkovateľa."
2843,690,78,D,"Odvodené z typu prevádzky, nie z ohlásenia o vzniku odpadu. Overiť podľa evidencie prevádzkovateľa."
2844,690,62,D,"Odvodené z typu prevádzky, nie z ohlásenia o vzniku odpadu. Overiť podľa evidencie prevádzkovateľa."
2845,691,77,D,"Odvodené z typu prevádzky, nie z ohlásenia o vzniku odpadu. Overiť podľa evidencie prevádzkovateľa."
2846,691,78,D,"Odvodené z typu prevádzky, nie z ohlásenia o vzniku odpadu. Overiť podľa evidencie prevádzkovateľa."
2847,691,81,D,"Odvodené z typu prevádzky, nie z ohlásenia o vzniku odpadu. Overiť podľa evidencie prevádzkovateľa."
2848,691,62,D,"Odvodené z typu prevádzky, nie z ohlásenia o vzniku odpadu. Overiť podľa evidencie prevádzkovateľa."
2849,692,77,D,"Odvodené z typu prevádzky, nie z ohlásenia o vzniku odpadu. Overiť podľa evidencie prevádzkovateľa."
2850,692,78,D,"Odvodené z typu prevádzky, nie z ohlásenia o vzniku odpadu. Overiť podľa evidencie prevádzkovateľa."
2851,692,62,D,"Odvodené z typu prevádzky, nie z ohlásenia o vzniku odpadu. Overiť podľa evidencie prevádzkovateľa."
2852,693,77,D,"Odvodené z typu prevádzky, nie z ohlásenia o vzniku odpadu. Overiť podľa evidencie prevádzkovateľa."
2853,693,78,D,"Odvodené z typu prevádzky, nie z ohlásenia o vzniku odpadu. Overiť podľa evidencie prevádzkovateľa."
2854,693,81,D,"Odvodené z typu prevádzky, nie z ohlásenia o vzniku odpadu. Overiť podľa evidencie prevádzkovateľa."
2855,694,77,D,"Odvodené z typu prevádzky, nie z ohlásenia o vzniku odpadu. Overiť podľa evidencie prevádzkovateľa."
2856,694,78,D,"Odvodené z typu prevádzky, nie z ohlásenia o vzniku odpadu. Overiť podľa evidencie prevádzkovateľa."
2857,694,62,D,"Odvodené z typu prevádzky, nie z ohlásenia o vzniku odpadu. Overiť podľa evidencie prevádzkovateľa."
2858,695,79,D,"Odvodené z typu prevádzky, nie z ohlásenia o vzniku odpadu. Overiť podľa evidencie prevádzkovateľa."
2859,695,78,D,"Odvodené z typu prevádzky, nie z ohlásenia o vzniku odpadu. Overiť podľa evidencie prevádzkovateľa."
2860,695,62,D,"Odvodené z typu prevádzky, nie z ohlásenia o vzniku odpadu. Overiť podľa evidencie prevádzkovateľa."
2861,696,79,D,"Odvodené z typu prevádzky, nie z ohlásenia o vzniku odpadu. Overiť podľa evidencie prevádzkovateľa."
2862,696,78,D,"Odvodené z typu prevádzky, nie z ohlásenia o vzniku odpadu. Overiť podľa evidencie prevádzkovateľa."
2863,696,62,D,"Odvodené z typu prevádzky, nie z ohlásenia o vzniku odpadu. Overiť podľa evidencie prevádzkovateľa."
2864,697,79,D,"Odvodené z typu prevádzky, nie z ohlásenia o vzniku odpadu. Overiť podľa evidencie prevádzkovateľa."
2865,697,78,D,"Odvodené z typu prevádzky, nie z ohlásenia o vzniku odpadu. Overiť podľa evidencie prevádzkovateľa."
2866,697,62,D,"Odvodené z typu prevádzky, nie z ohlásenia o vzniku odpadu. Overiť podľa evidencie prevádzkovateľa."
2867,698,79,D,"Odvodené z typu prevádzky, nie z ohlásenia o vzniku odpadu. Overiť podľa evidencie prevádzkovateľa."
2868,698,78,D,"Odvodené z typu prevádzky, nie z ohlásenia o vzniku odpadu. Overiť podľa evidencie prevádzkovateľa."
2869,698,62,D,"Odvodené z typu prevádzky, nie z ohlásenia o vzniku odpadu. Overiť podľa evidencie prevádzkovateľa."
2870,699,77,D,"Odvodené z typu prevádzky, nie z ohlásenia o vzniku odpadu. Overiť podľa evidencie prevádzkovateľa."
2871,699,78,D,"Odvodené z typu prevádzky, nie z ohlásenia o vzniku odpadu. Overiť podľa evidencie prevádzkovateľa."
2872,699,81,D,"Odvodené z typu prevádzky, nie z ohlásenia o vzniku odpadu. Overiť podľa evidencie prevádzkovateľa."
2873,699,62,D,"Odvodené z typu prevádzky, nie z ohlásenia o vzniku odpadu. Overiť podľa evidencie prevádzkovateľa."
2874,700,79,D,"Odvodené z typu prevádzky, nie z ohlásenia o vzniku odpadu. Overiť podľa evidencie prevádzkovateľa."
2875,700,78,D,"Odvodené z typu prevádzky, nie z ohlásenia o vzniku odpadu. Overiť podľa evidencie prevádzkovateľa."
2876,700,62,D,"Odvodené z typu prevádzky, nie z ohlásenia o vzniku odpadu. Overiť podľa evidencie prevádzkovateľa."
2877,701,77,D,"Odvodené z typu prevádzky, nie z ohlásenia o vzniku odpadu. Overiť podľa evidencie prevádzkovateľa."
2878,701,78,D,"Odvodené z typu prevádzky, nie z ohlásenia o vzniku odpadu. Overiť podľa evidencie prevádzkovateľa."
2879,701,62,D,"Odvodené z typu prevádzky, nie z ohlásenia o vzniku odpadu. Overiť podľa evidencie prevádzkovateľa."
2880,702,80,D,"Odvodené z typu prevádzky, nie z ohlásenia o vzniku odpadu. Overiť podľa evidencie prevádzkovateľa."
2881,702,78,D,"Odvodené z typu prevádzky, nie z ohlásenia o vzniku odpadu. Overiť podľa evidencie prevádzkovateľa."
2882,702,81,D,"Odvodené z typu prevádzky, nie z ohlásenia o vzniku odpadu. Overiť podľa evidencie prevádzkovateľa."
2883,702,82,D,"Odvodené z typu prevádzky, nie z ohlásenia o vzniku odpadu. Overiť podľa evidencie prevádzkovateľa."
2884,702,70,D,"Odvodené z typu prevádzky, nie z ohlásenia o vzniku odpadu. Overiť podľa evidencie prevádzkovateľa."
2885,703,74,D,"Odvodené z typu prevádzky, nie z ohlásenia o vzniku odpadu. Overiť podľa evidencie prevádzkovateľa."
2886,703,71,D,"Odvodené z typu prevádzky, nie z ohlásenia o vzniku odpadu. Overiť podľa evidencie prevádzkovateľa."
2887,703,73,D,"Odvodené z typu prevádzky, nie z ohlásenia o vzniku odpadu. Overiť podľa evidencie prevádzkovateľa."
2888,703,60,D,"Odvodené z typu prevádzky, nie z ohlásenia o vzniku odpadu. Overiť podľa evidencie prevádzkovateľa."
2889,704,80,D,"Odvodené z typu prevádzky, nie z ohlásenia o vzniku odpadu. Overiť podľa evidencie prevádzkovateľa."
2890,704,78,D,"Odvodené z typu prevádzky, nie z ohlásenia o vzniku odpadu. Overiť podľa evidencie prevádzkovateľa."
2891,704,81,D,"Odvodené z typu prevádzky, nie z ohlásenia o vzniku odpadu. Overiť podľa evidencie prevádzkovateľa."
2892,704,82,D,"Odvodené z typu prevádzky, nie z ohlásenia o vzniku odpadu. Overiť podľa evidencie prevádzkovateľa."
2893,704,70,D,"Odvodené z typu prevádzky, nie z ohlásenia o vzniku odpadu. Overiť podľa evidencie prevádzkovateľa."
2894,705,63,D,"Odvodené z typu prevádzky, nie z ohlásenia o vzniku odpadu. Overiť podľa evidencie prevádzkovateľa."
2895,705,62,D,"Odvodené z typu prevádzky, nie z ohlásenia o vzniku odpadu. Overiť podľa evidencie prevádzkovateľa."
2896,705,64,D,"Odvodené z typu prevádzky, nie z ohlásenia o vzniku odpadu. Overiť podľa evidencie prevádzkovateľa."
2897,705,70,D,"Odvodené z typu prevádzky, nie z ohlásenia o vzniku odpadu. Overiť podľa evidencie prevádzkovateľa."
2898,705,66,D,"Odvodené z typu prevádzky, nie z ohlásenia o vzniku odpadu. Overiť podľa evidencie prevádzkovateľa."
2899,706,31,D,"Odvodené z typu prevádzky, nie z ohlásenia o vzniku odpadu. Overiť podľa evidencie prevádzkovateľa."
2900,706,32,D,"Odvodené z typu prevádzky, nie z ohlásenia o vzniku odpadu. Overiť podľa evidencie prevádzkovateľa."
2901,706,33,D,"Odvodené z typu prevádzky, nie z ohlásenia o vzniku odpadu. Overiť podľa evidencie prevádzkovateľa."
2902,707,14,D,"Odvodené z typu prevádzky, nie z ohlásenia o vzniku odpadu. Overiť podľa evidencie prevádzkovateľa."
2903,707,15,D,"Odvodené z typu prevádzky, nie z ohlásenia o vzniku odpadu. Overiť podľa evidencie prevádzkovateľa."
2904,707,46,D,"Odvodené z typu prevádzky, nie z ohlásenia o vzniku odpadu. Overiť podľa evidencie prevádzkovateľa."
2905,707,18,D,"Odvodené z typu prevádzky, nie z ohlásenia o vzniku odpadu. Overiť podľa evidencie prevádzkovateľa."
2906,708,38,D,"Odvodené z typu prevádzky, nie z ohlásenia o vzniku odpadu. Overiť podľa evidencie prevádzkovateľa."
2907,708,39,D,"Odvodené z typu prevádzky, nie z ohlásenia o vzniku odpadu. Overiť podľa evidencie prevádzkovateľa."
2908,709,38,D,"Odvodené z typu prevádzky, nie z ohlásenia o vzniku odpadu. Overiť podľa evidencie prevádzkovateľa."
2909,709,39,D,"Odvodené z typu prevádzky, nie z ohlásenia o vzniku odpadu. Overiť podľa evidencie prevádzkovateľa."
2910,710,63,D,"Odvodené z typu prevádzky, nie z ohlásenia o vzniku odpadu. Overiť podľa evidencie prevádzkovateľa."
2911,710,62,D,"Odvodené z typu prevádzky, nie z ohlásenia o vzniku odpadu. Overiť podľa evidencie prevádzkovateľa."
2912,710,64,D,"Odvodené z typu prevádzky, nie z ohlásenia o vzniku odpadu. Overiť podľa evidencie prevádzkovateľa."
2913,710,70,D,"Odvodené z typu prevádzky, nie z ohlásenia o vzniku odpadu. Overiť podľa evidencie prevádzkovateľa."
2914,710,66,D,"Odvodené z typu prevádzky, nie z ohlásenia o vzniku odpadu. Overiť podľa evidencie prevádzkovateľa."
2915,711,38,D,"Odvodené z typu prevádzky, nie z ohlásenia o vzniku odpadu. Overiť podľa evidencie prevádzkovateľa."
2916,711,39,D,"Odvodené z typu prevádzky, nie z ohlásenia o vzniku odpadu. Overiť podľa evidencie prevádzkovateľa."
2917,712,79,D,"Odvodené z typu prevádzky, nie z ohlásenia o vzniku odpadu. Overiť podľa evidencie prevádzkovateľa."
2918,712,78,D,"Odvodené z typu prevádzky, nie z ohlásenia o vzniku odpadu. Overiť podľa evidencie prevádzkovateľa."
2919,712,81,D,"Odvodené z typu prevádzky, nie z ohlásenia o vzniku odpadu. Overiť podľa evidencie prevádzkovateľa."
2920,713,14,D,"Odvodené z typu prevádzky, nie z ohlásenia o vzniku odpadu. Overiť podľa evidencie prevádzkovateľa."
2921,713,15,D,"Odvodené z typu prevádzky, nie z ohlásenia o vzniku odpadu. Overiť podľa evidencie prevádzkovateľa."
2922,713,46,D,"Odvodené z typu prevádzky, nie z ohlásenia o vzniku odpadu. Overiť podľa evidencie prevádzkovateľa."
2923,713,18,D,"Odvodené z typu prevádzky, nie z ohlásenia o vzniku odpadu. Overiť podľa evidencie prevádzkovateľa."
2924,714,80,D,"Odvodené z typu prevádzky, nie z ohlásenia o vzniku odpadu. Overiť podľa evidencie prevádzkovateľa."
2925,714,78,D,"Odvodené z typu prevádzky, nie z ohlásenia o vzniku odpadu. Overiť podľa evidencie prevádzkovateľa."
2926,714,81,D,"Odvodené z typu prevádzky, nie z ohlásenia o vzniku odpadu. Overiť podľa evidencie prevádzkovateľa."
2927,714,82,D,"Odvodené z typu prevádzky, nie z ohlásenia o vzniku odpadu. Overiť podľa evidencie prevádzkovateľa."
2928,714,62,D,"Odvodené z typu prevádzky, nie z ohlásenia o vzniku odpadu. Overiť podľa evidencie prevádzkovateľa."
2929,715,22,D,"Odvodené z typu prevádzky, nie z ohlásenia o vzniku odpadu. Overiť podľa evidencie prevádzkovateľa."
2930,715,23,D,"Odvodené z typu prevádzky, nie z ohlásenia o vzniku odpadu. Overiť podľa evidencie prevádzkovateľa."
2931,715,24,D,"Odvodené z typu prevádzky, nie z ohlásenia o vzniku odpadu. Overiť podľa evidencie prevádzkovateľa."
2932,715,88,D,"Odvodené z typu prevádzky, nie z ohlásenia o vzniku odpadu. Overiť podľa evidencie prevádzkovateľa."
2933,715,91,D,"Odvodené z typu prevádzky, nie z ohlásenia o vzniku odpadu. Overiť podľa evidencie prevádzkovateľa."
2934,715,92,D,"Odvodené z typu prevádzky, nie z ohlásenia o vzniku odpadu. Overiť podľa evidencie prevádzkovateľa."
2935,716,14,D,"Odvodené z typu prevádzky, nie z ohlásenia o vzniku odpadu. Overiť podľa evidencie prevádzkovateľa."
2936,716,15,D,"Odvodené z typu prevádzky, nie z ohlásenia o vzniku odpadu. Overiť podľa evidencie prevádzkovateľa."
2937,716,16,D,"Odvodené z typu prevádzky, nie z ohlásenia o vzniku odpadu. Overiť podľa evidencie prevádzkovateľa."
2938,716,17,D,"Odvodené z typu prevádzky, nie z ohlásenia o vzniku odpadu. Overiť podľa evidencie prevádzkovateľa."
2939,716,18,D,"Odvodené z typu prevádzky, nie z ohlásenia o vzniku odpadu. Overiť podľa evidencie prevádzkovateľa."
2940,717,14,D,"Odvodené z typu prevádzky, nie z ohlásenia o vzniku odpadu. Overiť podľa evidencie prevádzkovateľa."
2941,717,15,D,"Odvodené z typu prevádzky, nie z ohlásenia o vzniku odpadu. Overiť podľa evidencie prevádzkovateľa."
2942,717,16,D,"Odvodené z typu prevádzky, nie z ohlásenia o vzniku odpadu. Overiť podľa evidencie prevádzkovateľa."
2943,717,17,D,"Odvodené z typu prevádzky, nie z ohlásenia o vzniku odpadu. Overiť podľa evidencie prevádzkovateľa."
2944,717,18,D,"Odvodené z typu prevádzky, nie z ohlásenia o vzniku odpadu. Overiť podľa evidencie prevádzkovateľa."
2945,718,14,D,"Odvodené z typu prevádzky, nie z ohlásenia o vzniku odpadu. Overiť podľa evidencie prevádzkovateľa."
2946,718,15,D,"Odvodené z typu prevádzky, nie z ohlásenia o vzniku odpadu. Overiť podľa evidencie prevádzkovateľa."
2947,718,16,D,"Odvodené z typu prevádzky, nie z ohlásenia o vzniku odpadu. Overiť podľa evidencie prevádzkovateľa."
2948,718,17,D,"Odvodené z typu prevádzky, nie z ohlásenia o vzniku odpadu. Overiť podľa evidencie prevádzkovateľa."
2949,718,18,D,"Odvodené z typu prevádzky, nie z ohlásenia o vzniku odpadu. Overiť podľa evidencie prevádzkovateľa."
2950,719,22,D,"Odvodené z typu prevádzky, nie z ohlásenia o vzniku odpadu. Overiť podľa evidencie prevádzkovateľa."
2951,719,23,D,"Odvodené z typu prevádzky, nie z ohlásenia o vzniku odpadu. Overiť podľa evidencie prevádzkovateľa."
2952,719,24,D,"Odvodené z typu prevádzky, nie z ohlásenia o vzniku odpadu. Overiť podľa evidencie prevádzkovateľa."
2953,719,88,D,"Odvodené z typu prevádzky, nie z ohlásenia o vzniku odpadu. Overiť podľa evidencie prevádzkovateľa."
2954,719,91,D,"Odvodené z typu prevádzky, nie z ohlásenia o vzniku odpadu. Overiť podľa evidencie prevádzkovateľa."
2955,719,92,D,"Odvodené z typu prevádzky, nie z ohlásenia o vzniku odpadu. Overiť podľa evidencie prevádzkovateľa."
2956,720,38,D,"Odvodené z typu prevádzky, nie z ohlásenia o vzniku odpadu. Overiť podľa evidencie prevádzkovateľa."
2957,720,39,D,"Odvodené z typu prevádzky, nie z ohlásenia o vzniku odpadu. Overiť podľa evidencie prevádzkovateľa."
2958,721,38,D,"Odvodené z typu prevádzky, nie z ohlásenia o vzniku odpadu. Overiť podľa evidencie prevádzkovateľa."
2959,721,39,D,"Odvodené z typu prevádzky, nie z ohlásenia o vzniku odpadu. Overiť podľa evidencie prevádzkovateľa."
2960,722,38,D,"Odvodené z typu prevádzky, nie z ohlásenia o vzniku odpadu. Overiť podľa evidencie prevádzkovateľa."
2961,722,39,D,"Odvodené z typu prevádzky, nie z ohlásenia o vzniku odpadu. Overiť podľa evidencie prevádzkovateľa."
2962,723,54,D,"Odvodené z typu prevádzky, nie z ohlásenia o vzniku odpadu. Overiť podľa evidencie prevádzkovateľa."
2963,723,55,D,"Odvodené z typu prevádzky, nie z ohlásenia o vzniku odpadu. Overiť podľa evidencie prevádzkovateľa."
2964,723,57,D,"Odvodené z typu prevádzky, nie z ohlásenia o vzniku odpadu. Overiť podľa evidencie prevádzkovateľa."
2965,723,51,D,"Odvodené z typu prevádzky, nie z ohlásenia o vzniku odpadu. Overiť podľa evidencie prevádzkovateľa."
2966,723,58,D,"Odvodené z typu prevádzky, nie z ohlásenia o vzniku odpadu. Overiť podľa evidencie prevádzkovateľa."
2967,724,38,D,"Odvodené z typu prevádzky, nie z ohlásenia o vzniku odpadu. Overiť podľa evidencie prevádzkovateľa."
2968,724,39,D,"Odvodené z typu prevádzky, nie z ohlásenia o vzniku odpadu. Overiť podľa evidencie prevádzkovateľa."
2969,725,38,D,"Odvodené z typu prevádzky, nie z ohlásenia o vzniku odpadu. Overiť podľa evidencie prevádzkovateľa."
2970,725,39,D,"Odvodené z typu prevádzky, nie z ohlásenia o vzniku odpadu. Overiť podľa evidencie prevádzkovateľa."
2971,726,38,D,"Odvodené z typu prevádzky, nie z ohlásenia o vzniku odpadu. Overiť podľa evidencie prevádzkovateľa."
2972,726,39,D,"Odvodené z typu prevádzky, nie z ohlásenia o vzniku odpadu. Overiť podľa evidencie prevádzkovateľa."
2973,727,31,D,"Odvodené z typu prevádzky, nie z ohlásenia o vzniku odpadu. Overiť podľa evidencie prevádzkovateľa."
2974,727,32,D,"Odvodené z typu prevádzky, nie z ohlásenia o vzniku odpadu. Overiť podľa evidencie prevádzkovateľa."
2975,727,33,D,"Odvodené z typu prevádzky, nie z ohlásenia o vzniku odpadu. Overiť podľa evidencie prevádzkovateľa."
2976,728,47,D,"Odvodené z typu prevádzky, nie z ohlásenia o vzniku odpadu. Overiť podľa evidencie prevádzkovateľa."
2977,728,48,D,"Odvodené z typu prevádzky, nie z ohlásenia o vzniku odpadu. Overiť podľa evidencie prevádzkovateľa."
2978,728,49,D,"Odvodené z typu prevádzky, nie z ohlásenia o vzniku odpadu. Overiť podľa evidencie prevádzkovateľa."
2979,728,53,D,"Odvodené z typu prevádzky, nie z ohlásenia o vzniku odpadu. Overiť podľa evidencie prevádzkovateľa."
2980,728,51,D,"Odvodené z typu prevádzky, nie z ohlásenia o vzniku odpadu. Overiť podľa evidencie prevádzkovateľa."
2981,729,38,D,"Odvodené z typu prevádzky, nie z ohlásenia o vzniku odpadu. Overiť podľa evidencie prevádzkovateľa."
2982,729,39,D,"Odvodené z typu prevádzky, nie z ohlásenia o vzniku odpadu. Overiť podľa evidencie prevádzkovateľa."
2983,730,38,D,"Odvodené z typu prevádzky, nie z ohlásenia o vzniku odpadu. Overiť podľa evidencie prevádzkovateľa."
2984,730,39,D,"Odvodené z typu prevádzky, nie z ohlásenia o vzniku odpadu. Overiť podľa evidencie prevádzkovateľa."
2985,731,1,D,"Odvodené z typu prevádzky, nie z ohlásenia o vzniku odpadu. Overiť podľa evidencie prevádzkovateľa."
2986,731,2,D,"Odvodené z typu prevádzky, nie z ohlásenia o vzniku odpadu. Overiť podľa evidencie prevádzkovateľa."
2987,731,3,D,"Odvodené z typu prevádzky, nie z ohlásenia o vzniku odpadu. Overiť podľa evidencie prevádzkovateľa."
2988,731,4,D,"Odvodené z typu prevádzky, nie z ohlásenia o vzniku odpadu. Overiť podľa evidencie prevádzkovateľa."
2989,732,79,D,"Odvodené z typu prevádzky, nie z ohlásenia o vzniku odpadu. Overiť podľa evidencie prevádzkovateľa."
2990,732,78,D,"Odvodené z typu prevádzky, nie z ohlásenia o vzniku odpadu. Overiť podľa evidencie prevádzkovateľa."
2991,732,81,D,"Odvodené z typu prevádzky, nie z ohlásenia o vzniku odpadu. Overiť podľa evidencie prevádzkovateľa."
2992,733,79,D,"Odvodené z typu prevádzky, nie z ohlásenia o vzniku odpadu. Overiť podľa evidencie prevádzkovateľa."
2993,733,78,D,"Odvodené z typu prevádzky, nie z ohlásenia o vzniku odpadu. Overiť podľa evidencie prevádzkovateľa."
2994,733,81,D,"Odvodené z typu prevádzky, nie z ohlásenia o vzniku odpadu. Overiť podľa evidencie prevádzkovateľa."
2995,734,79,D,"Odvodené z typu prevádzky, nie z ohlásenia o vzniku odpadu. Overiť podľa evidencie prevádzkovateľa."
2996,734,78,D,"Odvodené z typu prevádzky, nie z ohlásenia o vzniku odpadu. Overiť podľa evidencie prevádzkovateľa."
2997,734,81,D,"Odvodené z typu prevádzky, nie z ohlásenia o vzniku odpadu. Overiť podľa evidencie prevádzkovateľa."
2998,735,7,D,"Odvodené z typu prevádzky, nie z ohlásenia o vzniku odpadu. Overiť podľa evidencie prevádzkovateľa."
2999,735,8,D,"Odvodené z typu prevádzky, nie z ohlásenia o vzniku odpadu. Overiť podľa evidencie prevádzkovateľa."
3000,735,9,D,"Odvodené z typu prevádzky, nie z ohlásenia o vzniku odpadu. Overiť podľa evidencie prevádzkovateľa."
3001,736,38,D,"Odvodené z typu prevádzky, nie z ohlásenia o vzniku odpadu. Overiť podľa evidencie prevádzkovateľa."
3002,736,39,D,"Odvodené z typu prevádzky, nie z ohlásenia o vzniku odpadu. Overiť podľa evidencie prevádzkovateľa."
3003,737,63,D,"Odvodené z typu prevádzky, nie z ohlásenia o vzniku odpadu. Overiť podľa evidencie prevádzkovateľa."
3004,737,62,D,"Odvodené z typu prevádzky, nie z ohlásenia o vzniku odpadu. Overiť podľa evidencie prevádzkovateľa."
3005,737,64,D,"Odvodené z typu prevádzky, nie z ohlásenia o vzniku odpadu. Overiť podľa evidencie prevádzkovateľa."
3006,737,70,D,"Odvodené z typu prevádzky, nie z ohlásenia o vzniku odpadu. Overiť podľa evidencie prevádzkovateľa."
3007,737,66,D,"Odvodené z typu prevádzky, nie z ohlásenia o vzniku odpadu. Overiť podľa evidencie prevádzkovateľa."
3008,738,59,D,"Odvodené z typu prevádzky, nie z ohlásenia o vzniku odpadu. Overiť podľa evidencie prevádzkovateľa."
3009,738,60,D,"Odvodené z typu prevádzky, nie z ohlásenia o vzniku odpadu. Overiť podľa evidencie prevádzkovateľa."
3010,738,61,D,"Odvodené z typu prevádzky, nie z ohlásenia o vzniku odpadu. Overiť podľa evidencie prevádzkovateľa."
3011,738,62,D,"Odvodené z typu prevádzky, nie z ohlásenia o vzniku odpadu. Overiť podľa evidencie prevádzkovateľa."
3012,738,65,D,"Odvodené z typu prevádzky, nie z ohlásenia o vzniku odpadu. Overiť podľa evidencie prevádzkovateľa."
3013,739,79,D,"Odvodené z typu prevádzky, nie z ohlásenia o vzniku odpadu. Overiť podľa evidencie prevádzkovateľa."
3014,739,78,D,"Odvodené z typu prevádzky, nie z ohlásenia o vzniku odpadu. Overiť podľa evidencie prevádzkovateľa."
3015,739,81,D,"Odvodené z typu prevádzky, nie z ohlásenia o vzniku odpadu. Overiť podľa evidencie prevádzkovateľa."
3016,740,22,D,"Odvodené z typu prevádzky, nie z ohlásenia o vzniku odpadu. Overiť podľa evidencie prevádzkovateľa."
3017,740,23,D,"Odvodené z typu prevádzky, nie z ohlásenia o vzniku odpadu. Overiť podľa evidencie prevádzkovateľa."
3018,740,24,D,"Odvodené z typu prevádzky, nie z ohlásenia o vzniku odpadu. Overiť podľa evidencie prevádzkovateľa."
3019,740,88,D,"Odvodené z typu prevádzky, nie z ohlásenia o vzniku odpadu. Overiť podľa evidencie prevádzkovateľa."
3020,740,91,D,"Odvodené z typu prevádzky, nie z ohlásenia o vzniku odpadu. Overiť podľa evidencie prevádzkovateľa."
3021,740,92,D,"Odvodené z typu prevádzky, nie z ohlásenia o vzniku odpadu. Overiť podľa evidencie prevádzkovateľa."
3022,741,80,D,"Odvodené z typu prevádzky, nie z ohlásenia o vzniku odpadu. Overiť podľa evidencie prevádzkovateľa."
3023,741,78,D,"Odvodené z typu prevádzky, nie z ohlásenia o vzniku odpadu. Overiť podľa evidencie prevádzkovateľa."
3024,741,81,D,"Odvodené z typu prevádzky, nie z ohlásenia o vzniku odpadu. Overiť podľa evidencie prevádzkovateľa."
3025,741,82,D,"Odvodené z typu prevádzky, nie z ohlásenia o vzniku odpadu. Overiť podľa evidencie prevádzkovateľa."
3026,741,70,D,"Odvodené z typu prevádzky, nie z ohlásenia o vzniku odpadu. Overiť podľa evidencie prevádzkovateľa."
3027,742,69,D,"Odvodené z typu prevádzky, nie z ohlásenia o vzniku odpadu. Overiť podľa evidencie prevádzkovateľa."
3028,742,70,D,"Odvodené z typu prevádzky, nie z ohlásenia o vzniku odpadu. Overiť podľa evidencie prevádzkovateľa."
3029,743,80,D,"Odvodené z typu prevádzky, nie z ohlásenia o vzniku odpadu. Overiť podľa evidencie prevádzkovateľa."
3030,743,78,D,"Odvodené z typu prevádzky, nie z ohlásenia o vzniku odpadu. Overiť podľa evidencie prevádzkovateľa."
3031,743,81,D,"Odvodené z typu prevádzky, nie z ohlásenia o vzniku odpadu. Overiť podľa evidencie prevádzkovateľa."
3032,743,82,D,"Odvodené z typu prevádzky, nie z ohlásenia o vzniku odpadu. Overiť podľa evidencie prevádzkovateľa."
3033,743,70,D,"Odvodené z typu prevádzky, nie z ohlásenia o vzniku odpadu. Overiť podľa evidencie prevádzkovateľa."
3034,744,14,D,"Odvodené z typu prevádzky, nie z ohlásenia o vzniku odpadu. Overiť podľa evidencie prevádzkovateľa."
3035,744,15,D,"Odvodené z typu prevádzky, nie z ohlásenia o vzniku odpadu. Overiť podľa evidencie prevádzkovateľa."
3036,744,16,D,"Odvodené z typu prevádzky, nie z ohlásenia o vzniku odpadu. Overiť podľa evidencie prevádzkovateľa."
3037,744,17,D,"Odvodené z typu prevádzky, nie z ohlásenia o vzniku odpadu. Overiť podľa evidencie prevádzkovateľa."
3038,744,18,D,"Odvodené z typu prevádzky, nie z ohlásenia o vzniku odpadu. Overiť podľa evidencie prevádzkovateľa."
3039,745,80,D,"Odvodené z typu prevádzky, nie z ohlásenia o vzniku odpadu. Overiť podľa evidencie prevádzkovateľa."
3040,745,78,D,"Odvodené z typu prevádzky, nie z ohlásenia o vzniku odpadu. Overiť podľa evidencie prevádzkovateľa."
3041,745,81,D,"Odvodené z typu prevádzky, nie z ohlásenia o vzniku odpadu. Overiť podľa evidencie prevádzkovateľa."
3042,745,70,D,"Odvodené z typu prevádzky, nie z ohlásenia o vzniku odpadu. Overiť podľa evidencie prevádzkovateľa."
3043,746,1,D,"Odvodené z typu prevádzky, nie z ohlásenia o vzniku odpadu. Overiť podľa evidencie prevádzkovateľa."
3044,746,2,D,"Odvodené z typu prevádzky, nie z ohlásenia o vzniku odpadu. Overiť podľa evidencie prevádzkovateľa."
3045,746,3,D,"Odvodené z typu prevádzky, nie z ohlásenia o vzniku odpadu. Overiť podľa evidencie prevádzkovateľa."
3046,746,4,D,"Odvodené z typu prevádzky, nie z ohlásenia o vzniku odpadu. Overiť podľa evidencie prevádzkovateľa."
3047,747,80,D,"Odvodené z typu prevádzky, nie z ohlásenia o vzniku odpadu. Overiť podľa evidencie prevádzkovateľa."
3048,747,78,D,"Odvodené z typu prevádzky, nie z ohlásenia o vzniku odpadu. Overiť podľa evidencie prevádzkovateľa."
3049,747,81,D,"Odvodené z typu prevádzky, nie z ohlásenia o vzniku odpadu. Overiť podľa evidencie prevádzkovateľa."
3050,747,82,D,"Odvodené z typu prevádzky, nie z ohlásenia o vzniku odpadu. Overiť podľa evidencie prevádzkovateľa."
3051,747,62,D,"Odvodené z typu prevádzky, nie z ohlásenia o vzniku odpadu. Overiť podľa evidencie prevádzkovateľa."
3052,748,38,D,"Odvodené z typu prevádzky, nie z ohlásenia o vzniku odpadu. Overiť podľa evidencie prevádzkovateľa."
3053,748,39,D,"Odvodené z typu prevádzky, nie z ohlásenia o vzniku odpadu. Overiť podľa evidencie prevádzkovateľa."
3054,749,59,D,"Odvodené z typu prevádzky, nie z ohlásenia o vzniku odpadu. Overiť podľa evidencie prevádzkovateľa."
3055,749,60,D,"Odvodené z typu prevádzky, nie z ohlásenia o vzniku odpadu. Overiť podľa evidencie prevádzkovateľa."
3056,749,61,D,"Odvodené z typu prevádzky, nie z ohlásenia o vzniku odpadu. Overiť podľa evidencie prevádzkovateľa."
3057,749,62,D,"Odvodené z typu prevádzky, nie z ohlásenia o vzniku odpadu. Overiť podľa evidencie prevádzkovateľa."
3058,749,65,D,"Odvodené z typu prevádzky, nie z ohlásenia o vzniku odpadu. Overiť podľa evidencie prevádzkovateľa."
3059,750,79,D,"Odvodené z typu prevádzky, nie z ohlásenia o vzniku odpadu. Overiť podľa evidencie prevádzkovateľa."
3060,750,78,D,"Odvodené z typu prevádzky, nie z ohlásenia o vzniku odpadu. Overiť podľa evidencie prevádzkovateľa."
3061,750,81,D,"Odvodené z typu prevádzky, nie z ohlásenia o vzniku odpadu. Overiť podľa evidencie prevádzkovateľa."
3062,751,77,D,"Odvodené z typu prevádzky, nie z ohlásenia o vzniku odpadu. Overiť podľa evidencie prevádzkovateľa."
3063,751,78,D,"Odvodené z typu prevádzky, nie z ohlásenia o vzniku odpadu. Overiť podľa evidencie prevádzkovateľa."
3064,751,81,D,"Odvodené z typu prevádzky, nie z ohlásenia o vzniku odpadu. Overiť podľa evidencie prevádzkovateľa."
3065,751,62,D,"Odvodené z typu prevádzky, nie z ohlásenia o vzniku odpadu. Overiť podľa evidencie prevádzkovateľa."
3066,752,21,D,"Odvodené z typu prevádzky, nie z ohlásenia o vzniku odpadu. Overiť podľa evidencie prevádzkovateľa."
3067,752,56,D,"Odvodené z typu prevádzky, nie z ohlásenia o vzniku odpadu. Overiť podľa evidencie prevádzkovateľa."
3068,752,20,D,"Odvodené z typu prevádzky, nie z ohlásenia o vzniku odpadu. Overiť podľa evidencie prevádzkovateľa."
3069,752,58,D,"Odvodené z typu prevádzky, nie z ohlásenia o vzniku odpadu. Overiť podľa evidencie prevádzkovateľa."
3070,752,88,D,"Odvodené z typu prevádzky, nie z ohlásenia o vzniku odpadu. Overiť podľa evidencie prevádzkovateľa."
3071,752,89,D,"Odvodené z typu prevádzky, nie z ohlásenia o vzniku odpadu. Overiť podľa evidencie prevádzkovateľa."
3072,753,67,D,"Odvodené z typu prevádzky, nie z ohlásenia o vzniku odpadu. Overiť podľa evidencie prevádzkovateľa."
3073,753,48,D,"Odvodené z typu prevádzky, nie z ohlásenia o vzniku odpadu. Overiť podľa evidencie prevádzkovateľa."
3074,753,55,D,"Odvodené z typu prevádzky, nie z ohlásenia o vzniku odpadu. Overiť podľa evidencie prevádzkovateľa."
3075,754,80,D,"Odvodené z typu prevádzky, nie z ohlásenia o vzniku odpadu. Overiť podľa evidencie prevádzkovateľa."
3076,754,78,D,"Odvodené z typu prevádzky, nie z ohlásenia o vzniku odpadu. Overiť podľa evidencie prevádzkovateľa."
3077,754,81,D,"Odvodené z typu prevádzky, nie z ohlásenia o vzniku odpadu. Overiť podľa evidencie prevádzkovateľa."
3078,754,70,D,"Odvodené z typu prevádzky, nie z ohlásenia o vzniku odpadu. Overiť podľa evidencie prevádzkovateľa."
3079,755,7,D,"Odvodené z typu prevádzky, nie z ohlásenia o vzniku odpadu. Overiť podľa evidencie prevádzkovateľa."
3080,755,8,D,"Odvodené z typu prevádzky, nie z ohlásenia o vzniku odpadu. Overiť podľa evidencie prevádzkovateľa."
3081,755,9,D,"Odvodené z typu prevádzky, nie z ohlásenia o vzniku odpadu. Overiť podľa evidencie prevádzkovateľa."
3082,756,7,D,"Odvodené z typu prevádzky, nie z ohlásenia o vzniku odpadu. Overiť podľa evidencie prevádzkovateľa."
3083,756,8,D,"Odvodené z typu prevádzky, nie z ohlásenia o vzniku odpadu. Overiť podľa evidencie prevádzkovateľa."
3084,756,9,D,"Odvodené z typu prevádzky, nie z ohlásenia o vzniku odpadu. Overiť podľa evidencie prevádzkovateľa."
3085,757,47,D,"Odvodené z typu prevádzky, nie z ohlásenia o vzniku odpadu. Overiť podľa evidencie prevádzkovateľa."
3086,757,48,D,"Odvodené z typu prevádzky, nie z ohlásenia o vzniku odpadu. Overiť podľa evidencie prevádzkovateľa."
3087,757,49,D,"Odvodené z typu prevádzky, nie z ohlásenia o vzniku odpadu. Overiť podľa evidencie prevádzkovateľa."
3088,757,53,D,"Odvodené z typu prevádzky, nie z ohlásenia o vzniku odpadu. Overiť podľa evidencie prevádzkovateľa."
3089,757,51,D,"Odvodené z typu prevádzky, nie z ohlásenia o vzniku odpadu. Overiť podľa evidencie prevádzkovateľa."
3090,758,67,D,"Odvodené z typu prevádzky, nie z ohlásenia o vzniku odpadu. Overiť podľa evidencie prevádzkovateľa."
3091,758,48,D,"Odvodené z typu prevádzky, nie z ohlásenia o vzniku odpadu. Overiť podľa evidencie prevádzkovateľa."
3092,758,55,D,"Odvodené z typu prevádzky, nie z ohlásenia o vzniku odpadu. Overiť podľa evidencie prevádzkovateľa."
3093,759,80,D,"Odvodené z typu prevádzky, nie z ohlásenia o vzniku odpadu. Overiť podľa evidencie prevádzkovateľa."
3094,759,78,D,"Odvodené z typu prevádzky, nie z ohlásenia o vzniku odpadu. Overiť podľa evidencie prevádzkovateľa."
3095,759,81,D,"Odvodené z typu prevádzky, nie z ohlásenia o vzniku odpadu. Overiť podľa evidencie prevádzkovateľa."
3096,759,82,D,"Odvodené z typu prevádzky, nie z ohlásenia o vzniku odpadu. Overiť podľa evidencie prevádzkovateľa."
3097,759,62,D,"Odvodené z typu prevádzky, nie z ohlásenia o vzniku odpadu. Overiť podľa evidencie prevádzkovateľa."
3098,760,80,D,"Odvodené z typu prevádzky, nie z ohlásenia o vzniku odpadu. Overiť podľa evidencie prevádzkovateľa."
3099,760,78,D,"Odvodené z typu prevádzky, nie z ohlásenia o vzniku odpadu. Overiť podľa evidencie prevádzkovateľa."
3100,760,81,D,"Odvodené z typu prevádzky, nie z ohlásenia o vzniku odpadu. Overiť podľa evidencie prevádzkovateľa."
3101,760,82,D,"Odvodené z typu prevádzky, nie z ohlásenia o vzniku odpadu. Overiť podľa evidencie prevádzkovateľa."
3102,760,70,D,"Odvodené z typu prevádzky, nie z ohlásenia o vzniku odpadu. Overiť podľa evidencie prevádzkovateľa."
3103,761,67,D,"Odvodené z typu prevádzky, nie z ohlásenia o vzniku odpadu. Overiť podľa evidencie prevádzkovateľa."
3104,761,48,D,"Odvodené z typu prevádzky, nie z ohlásenia o vzniku odpadu. Overiť podľa evidencie prevádzkovateľa."
3105,761,55,D,"Odvodené z typu prevádzky, nie z ohlásenia o vzniku odpadu. Overiť podľa evidencie prevádzkovateľa."
3106,762,7,D,"Odvodené z typu prevádzky, nie z ohlásenia o vzniku odpadu. Overiť podľa evidencie prevádzkovateľa."
3107,762,8,D,"Odvodené z typu prevádzky, nie z ohlásenia o vzniku odpadu. Overiť podľa evidencie prevádzkovateľa."
3108,762,9,D,"Odvodené z typu prevádzky, nie z ohlásenia o vzniku odpadu. Overiť podľa evidencie prevádzkovateľa."
3109,763,1,D,"Odvodené z typu prevádzky, nie z ohlásenia o vzniku odpadu. Overiť podľa evidencie prevádzkovateľa."
3110,763,2,D,"Odvodené z typu prevádzky, nie z ohlásenia o vzniku odpadu. Overiť podľa evidencie prevádzkovateľa."
3111,763,3,D,"Odvodené z typu prevádzky, nie z ohlásenia o vzniku odpadu. Overiť podľa evidencie prevádzkovateľa."
3112,763,4,D,"Odvodené z typu prevádzky, nie z ohlásenia o vzniku odpadu. Overiť podľa evidencie prevádzkovateľa."
3113,764,72,D,"Odvodené z typu prevádzky, nie z ohlásenia o vzniku odpadu. Overiť podľa evidencie prevádzkovateľa."
3114,764,71,D,"Odvodené z typu prevádzky, nie z ohlásenia o vzniku odpadu. Overiť podľa evidencie prevádzkovateľa."
3115,764,73,D,"Odvodené z typu prevádzky, nie z ohlásenia o vzniku odpadu. Overiť podľa evidencie prevádzkovateľa."
3116,765,79,D,"Odvodené z typu prevádzky, nie z ohlásenia o vzniku odpadu. Overiť podľa evidencie prevádzkovateľa."
3117,765,78,D,"Odvodené z typu prevádzky, nie z ohlásenia o vzniku odpadu. Overiť podľa evidencie prevádzkovateľa."
3118,765,81,D,"Odvodené z typu prevádzky, nie z ohlásenia o vzniku odpadu. Overiť podľa evidencie prevádzkovateľa."
3119,766,25,D,"Odvodené z typu prevádzky, nie z ohlásenia o vzniku odpadu. Overiť podľa evidencie prevádzkovateľa."
3120,766,26,D,"Odvodené z typu prevádzky, nie z ohlásenia o vzniku odpadu. Overiť podľa evidencie prevádzkovateľa."
3121,767,80,D,"Odvodené z typu prevádzky, nie z ohlásenia o vzniku odpadu. Overiť podľa evidencie prevádzkovateľa."
3122,767,78,D,"Odvodené z typu prevádzky, nie z ohlásenia o vzniku odpadu. Overiť podľa evidencie prevádzkovateľa."
3123,767,81,D,"Odvodené z typu prevádzky, nie z ohlásenia o vzniku odpadu. Overiť podľa evidencie prevádzkovateľa."
3124,767,82,D,"Odvodené z typu prevádzky, nie z ohlásenia o vzniku odpadu. Overiť podľa evidencie prevádzkovateľa."
3125,767,62,D,"Odvodené z typu prevádzky, nie z ohlásenia o vzniku odpadu. Overiť podľa evidencie prevádzkovateľa."
3126,768,67,D,"Odvodené z typu prevádzky, nie z ohlásenia o vzniku odpadu. Overiť podľa evidencie prevádzkovateľa."
3127,768,48,D,"Odvodené z typu prevádzky, nie z ohlásenia o vzniku odpadu. Overiť podľa evidencie prevádzkovateľa."
3128,768,55,D,"Odvodené z typu prevádzky, nie z ohlásenia o vzniku odpadu. Overiť podľa evidencie prevádzkovateľa."
3129,769,22,D,"Odvodené z typu prevádzky, nie z ohlásenia o vzniku odpadu. Overiť podľa evidencie prevádzkovateľa."
3130,769,23,D,"Odvodené z typu prevádzky, nie z ohlásenia o vzniku odpadu. Overiť podľa evidencie prevádzkovateľa."
3131,769,24,D,"Odvodené z typu prevádzky, nie z ohlásenia o vzniku odpadu. Overiť podľa evidencie prevádzkovateľa."
3132,769,88,D,"Odvodené z typu prevádzky, nie z ohlásenia o vzniku odpadu. Overiť podľa evidencie prevádzkovateľa."
3133,769,91,D,"Odvodené z typu prevádzky, nie z ohlásenia o vzniku odpadu. Overiť podľa evidencie prevádzkovateľa."
3134,769,92,D,"Odvodené z typu prevádzky, nie z ohlásenia o vzniku odpadu. Overiť podľa evidencie prevádzkovateľa."
3135,770,19,D,"Odvodené z typu prevádzky, nie z ohlásenia o vzniku odpadu. Overiť podľa evidencie prevádzkovateľa."
3136,770,20,D,"Odvodené z typu prevádzky, nie z ohlásenia o vzniku odpadu. Overiť podľa evidencie prevádzkovateľa."
3137,770,22,D,"Odvodené z typu prevádzky, nie z ohlásenia o vzniku odpadu. Overiť podľa evidencie prevádzkovateľa."
3138,770,23,D,"Odvodené z typu prevádzky, nie z ohlásenia o vzniku odpadu. Overiť podľa evidencie prevádzkovateľa."
3139,770,24,D,"Odvodené z typu prevádzky, nie z ohlásenia o vzniku odpadu. Overiť podľa evidencie prevádzkovateľa."
3140,770,88,D,"Odvodené z typu prevádzky, nie z ohlásenia o vzniku odpadu. Overiť podľa evidencie prevádzkovateľa."
3141,770,89,D,"Odvodené z typu prevádzky, nie z ohlásenia o vzniku odpadu. Overiť podľa evidencie prevádzkovateľa."
3142,770,90,D,"Odvodené z typu prevádzky, nie z ohlásenia o vzniku odpadu. Overiť podľa evidencie prevádzkovateľa."
3143,770,91,D,"Odvodené z typu prevádzky, nie z ohlásenia o vzniku odpadu. Overiť podľa evidencie prevádzkovateľa."
3144,771,79,D,"Odvodené z typu prevádzky, nie z ohlásenia o vzniku odpadu. Overiť podľa evidencie prevádzkovateľa."
3145,771,78,D,"Odvodené z typu prevádzky, nie z ohlásenia o vzniku odpadu. Overiť podľa evidencie prevádzkovateľa."
3146,771,62,D,"Odvodené z typu prevádzky, nie z ohlásenia o vzniku odpadu. Overiť podľa evidencie prevádzkovateľa."
3147,772,79,D,"Odvodené z typu prevádzky, nie z ohlásenia o vzniku odpadu. Overiť podľa evidencie prevádzkovateľa."
3148,772,78,D,"Odvodené z typu prevádzky, nie z ohlásenia o vzniku odpadu. Overiť podľa evidencie prevádzkovateľa."
3149,772,81,D,"Odvodené z typu prevádzky, nie z ohlásenia o vzniku odpadu. Overiť podľa evidencie prevádzkovateľa."
3150,773,79,D,"Odvodené z typu prevádzky, nie z ohlásenia o vzniku odpadu. Overiť podľa evidencie prevádzkovateľa."
3151,773,78,D,"Odvodené z typu prevádzky, nie z ohlásenia o vzniku odpadu. Overiť podľa evidencie prevádzkovateľa."
3152,773,62,D,"Odvodené z typu prevádzky, nie z ohlásenia o vzniku odpadu. Overiť podľa evidencie prevádzkovateľa."
3153,774,79,D,"Odvodené z typu prevádzky, nie z ohlásenia o vzniku odpadu. Overiť podľa evidencie prevádzkovateľa."
3154,774,78,D,"Odvodené z typu prevádzky, nie z ohlásenia o vzniku odpadu. Overiť podľa evidencie prevádzkovateľa."
3155,774,81,D,"Odvodené z typu prevádzky, nie z ohlásenia o vzniku odpadu. Overiť podľa evidencie prevádzkovateľa."
3156,775,79,D,"Odvodené z typu prevádzky, nie z ohlásenia o vzniku odpadu. Overiť podľa evidencie prevádzkovateľa."
3157,775,78,D,"Odvodené z typu prevádzky, nie z ohlásenia o vzniku odpadu. Overiť podľa evidencie prevádzkovateľa."
3158,775,62,D,"Odvodené z typu prevádzky, nie z ohlásenia o vzniku odpadu. Overiť podľa evidencie prevádzkovateľa."
3159,776,79,D,"Odvodené z typu prevádzky, nie z ohlásenia o vzniku odpadu. Overiť podľa evidencie prevádzkovateľa."
3160,776,78,D,"Odvodené z typu prevádzky, nie z ohlásenia o vzniku odpadu. Overiť podľa evidencie prevádzkovateľa."
3161,776,62,D,"Odvodené z typu prevádzky, nie z ohlásenia o vzniku odpadu. Overiť podľa evidencie prevádzkovateľa."
3162,777,79,D,"Odvodené z typu prevádzky, nie z ohlásenia o vzniku odpadu. Overiť podľa evidencie prevádzkovateľa."
3163,777,78,D,"Odvodené z typu prevádzky, nie z ohlásenia o vzniku odpadu. Overiť podľa evidencie prevádzkovateľa."
3164,777,62,D,"Odvodené z typu prevádzky, nie z ohlásenia o vzniku odpadu. Overiť podľa evidencie prevádzkovateľa."
3165,778,79,D,"Odvodené z typu prevádzky, nie z ohlásenia o vzniku odpadu. Overiť podľa evidencie prevádzkovateľa."
3166,778,78,D,"Odvodené z typu prevádzky, nie z ohlásenia o vzniku odpadu. Overiť podľa evidencie prevádzkovateľa."
3167,778,62,D,"Odvodené z typu prevádzky, nie z ohlásenia o vzniku odpadu. Overiť podľa evidencie prevádzkovateľa."
3168,779,79,D,"Odvodené z typu prevádzky, nie z ohlásenia o vzniku odpadu. Overiť podľa evidencie prevádzkovateľa."
3169,779,78,D,"Odvodené z typu prevádzky, nie z ohlásenia o vzniku odpadu. Overiť podľa evidencie prevádzkovateľa."
3170,779,62,D,"Odvodené z typu prevádzky, nie z ohlásenia o vzniku odpadu. Overiť podľa evidencie prevádzkovateľa."
3171,780,79,D,"Odvodené z typu prevádzky, nie z ohlásenia o vzniku odpadu. Overiť podľa evidencie prevádzkovateľa."
3172,780,78,D,"Odvodené z typu prevádzky, nie z ohlásenia o vzniku odpadu. Overiť podľa evidencie prevádzkovateľa."
3173,780,62,D,"Odvodené z typu prevádzky, nie z ohlásenia o vzniku odpadu. Overiť podľa evidencie prevádzkovateľa."
3174,781,79,D,"Odvodené z typu prevádzky, nie z ohlásenia o vzniku odpadu. Overiť podľa evidencie prevádzkovateľa."
3175,781,78,D,"Odvodené z typu prevádzky, nie z ohlásenia o vzniku odpadu. Overiť podľa evidencie prevádzkovateľa."
3176,781,62,D,"Odvodené z typu prevádzky, nie z ohlásenia o vzniku odpadu. Overiť podľa evidencie prevádzkovateľa."
3177,782,80,D,"Odvodené z typu prevádzky, nie z ohlásenia o vzniku odpadu. Overiť podľa evidencie prevádzkovateľa."
3178,782,78,D,"Odvodené z typu prevádzky, nie z ohlásenia o vzniku odpadu. Overiť podľa evidencie prevádzkovateľa."
3179,782,81,D,"Odvodené z typu prevádzky, nie z ohlásenia o vzniku odpadu. Overiť podľa evidencie prevádzkovateľa."
3180,782,82,D,"Odvodené z typu prevádzky, nie z ohlásenia o vzniku odpadu. Overiť podľa evidencie prevádzkovateľa."
3181,782,62,D,"Odvodené z typu prevádzky, nie z ohlásenia o vzniku odpadu. Overiť podľa evidencie prevádzkovateľa."
3182,783,7,D,"Odvodené z typu prevádzky, nie z ohlásenia o vzniku odpadu. Overiť podľa evidencie prevádzkovateľa."
3183,783,8,D,"Odvodené z typu prevádzky, nie z ohlásenia o vzniku odpadu. Overiť podľa evidencie prevádzkovateľa."
3184,783,9,D,"Odvodené z typu prevádzky, nie z ohlásenia o vzniku odpadu. Overiť podľa evidencie prevádzkovateľa."
3185,784,80,D,"Odvodené z typu prevádzky, nie z ohlásenia o vzniku odpadu. Overiť podľa evidencie prevádzkovateľa."
3186,784,78,D,"Odvodené z typu prevádzky, nie z ohlásenia o vzniku odpadu. Overiť podľa evidencie prevádzkovateľa."
3187,784,81,D,"Odvodené z typu prevádzky, nie z ohlásenia o vzniku odpadu. Overiť podľa evidencie prevádzkovateľa."
3188,784,82,D,"Odvodené z typu prevádzky, nie z ohlásenia o vzniku odpadu. Overiť podľa evidencie prevádzkovateľa."
3189,784,62,D,"Odvodené z typu prevádzky, nie z ohlásenia o vzniku odpadu. Overiť podľa evidencie prevádzkovateľa."
3190,785,47,D,"Odvodené z typu prevádzky, nie z ohlásenia o vzniku odpadu. Overiť podľa evidencie prevádzkovateľa."
3191,785,48,D,"Odvodené z typu prevádzky, nie z ohlásenia o vzniku odpadu. Overiť podľa evidencie prevádzkovateľa."
3192,785,49,D,"Odvodené z typu prevádzky, nie z ohlásenia o vzniku odpadu. Overiť podľa evidencie prevádzkovateľa."
3193,785,53,D,"Odvodené z typu prevádzky, nie z ohlásenia o vzniku odpadu. Overiť podľa evidencie prevádzkovateľa."
3194,785,51,D,"Odvodené z typu prevádzky, nie z ohlásenia o vzniku odpadu. Overiť podľa evidencie prevádzkovateľa."
3195,786,7,D,"Odvodené z typu prevádzky, nie z ohlásenia o vzniku odpadu. Overiť podľa evidencie prevádzkovateľa."
3196,786,8,D,"Odvodené z typu prevádzky, nie z ohlásenia o vzniku odpadu. Overiť podľa evidencie prevádzkovateľa."
3197,786,9,D,"Odvodené z typu prevádzky, nie z ohlásenia o vzniku odpadu. Overiť podľa evidencie prevádzkovateľa."
3198,787,80,D,"Odvodené z typu prevádzky, nie z ohlásenia o vzniku odpadu. Overiť podľa evidencie prevádzkovateľa."
3199,787,78,D,"Odvodené z typu prevádzky, nie z ohlásenia o vzniku odpadu. Overiť podľa evidencie prevádzkovateľa."
3200,787,81,D,"Odvodené z typu prevádzky, nie z ohlásenia o vzniku odpadu. Overiť podľa evidencie prevádzkovateľa."
3201,787,82,D,"Odvodené z typu prevádzky, nie z ohlásenia o vzniku odpadu. Overiť podľa evidencie prevádzkovateľa."
3202,787,70,D,"Odvodené z typu prevádzky, nie z ohlásenia o vzniku odpadu. Overiť podľa evidencie prevádzkovateľa."
3203,788,54,D,"Odvodené z typu prevádzky, nie z ohlásenia o vzniku odpadu. Overiť podľa evidencie prevádzkovateľa."
3204,788,55,D,"Odvodené z typu prevádzky, nie z ohlásenia o vzniku odpadu. Overiť podľa evidencie prevádzkovateľa."
3205,788,57,D,"Odvodené z typu prevádzky, nie z ohlásenia o vzniku odpadu. Overiť podľa evidencie prevádzkovateľa."
3206,788,51,D,"Odvodené z typu prevádzky, nie z ohlásenia o vzniku odpadu. Overiť podľa evidencie prevádzkovateľa."
3207,788,58,D,"Odvodené z typu prevádzky, nie z ohlásenia o vzniku odpadu. Overiť podľa evidencie prevádzkovateľa."
3208,789,80,D,"Odvodené z typu prevádzky, nie z ohlásenia o vzniku odpadu. Overiť podľa evidencie prevádzkovateľa."
3209,789,78,D,"Odvodené z typu prevádzky, nie z ohlásenia o vzniku odpadu. Overiť podľa evidencie prevádzkovateľa."
3210,789,81,D,"Odvodené z typu prevádzky, nie z ohlásenia o vzniku odpadu. Overiť podľa evidencie prevádzkovateľa."
3211,789,82,D,"Odvodené z typu prevádzky, nie z ohlásenia o vzniku odpadu. Overiť podľa evidencie prevádzkovateľa."
3212,789,70,D,"Odvodené z typu prevádzky, nie z ohlásenia o vzniku odpadu. Overiť podľa evidencie prevádzkovateľa."
3213,790,67,D,"Odvodené z typu prevádzky, nie z ohlásenia o vzniku odpadu. Overiť podľa evidencie prevádzkovateľa."
3214,790,48,D,"Odvodené z typu prevádzky, nie z ohlásenia o vzniku odpadu. Overiť podľa evidencie prevádzkovateľa."
3215,790,55,D,"Odvodené z typu prevádzky, nie z ohlásenia o vzniku odpadu. Overiť podľa evidencie prevádzkovateľa."
3216,791,80,D,"Odvodené z typu prevádzky, nie z ohlásenia o vzniku odpadu. Overiť podľa evidencie prevádzkovateľa."
3217,791,78,D,"Odvodené z typu prevádzky, nie z ohlásenia o vzniku odpadu. Overiť podľa evidencie prevádzkovateľa."
3218,791,81,D,"Odvodené z typu prevádzky, nie z ohlásenia o vzniku odpadu. Overiť podľa evidencie prevádzkovateľa."
3219,791,70,D,"Odvodené z typu prevádzky, nie z ohlásenia o vzniku odpadu. Overiť podľa evidencie prevádzkovateľa."
3220,792,22,D,"Odvodené z typu prevádzky, nie z ohlásenia o vzniku odpadu. Overiť podľa evidencie prevádzkovateľa."
3221,792,23,D,"Odvodené z typu prevádzky, nie z ohlásenia o vzniku odpadu. Overiť podľa evidencie prevádzkovateľa."
3222,792,24,D,"Odvodené z typu prevádzky, nie z ohlásenia o vzniku odpadu. Overiť podľa evidencie prevádzkovateľa."
3223,792,88,D,"Odvodené z typu prevádzky, nie z ohlásenia o vzniku odpadu. Overiť podľa evidencie prevádzkovateľa."
3224,792,91,D,"Odvodené z typu prevádzky, nie z ohlásenia o vzniku odpadu. Overiť podľa evidencie prevádzkovateľa."
3225,792,92,D,"Odvodené z typu prevádzky, nie z ohlásenia o vzniku odpadu. Overiť podľa evidencie prevádzkovateľa."
3226,793,38,D,"Odvodené z typu prevádzky, nie z ohlásenia o vzniku odpadu. Overiť podľa evidencie prevádzkovateľa."
3227,793,39,D,"Odvodené z typu prevádzky, nie z ohlásenia o vzniku odpadu. Overiť podľa evidencie prevádzkovateľa."
3228,794,79,D,"Odvodené z typu prevádzky, nie z ohlásenia o vzniku odpadu. Overiť podľa evidencie prevádzkovateľa."
3229,794,78,D,"Odvodené z typu prevádzky, nie z ohlásenia o vzniku odpadu. Overiť podľa evidencie prevádzkovateľa."
3230,794,81,D,"Odvodené z typu prevádzky, nie z ohlásenia o vzniku odpadu. Overiť podľa evidencie prevádzkovateľa."
3231,795,54,D,"Odvodené z typu prevádzky, nie z ohlásenia o vzniku odpadu. Overiť podľa evidencie prevádzkovateľa."
3232,795,55,D,"Odvodené z typu prevádzky, nie z ohlásenia o vzniku odpadu. Overiť podľa evidencie prevádzkovateľa."
3233,795,57,D,"Odvodené z typu prevádzky, nie z ohlásenia o vzniku odpadu. Overiť podľa evidencie prevádzkovateľa."
3234,795,51,D,"Odvodené z typu prevádzky, nie z ohlásenia o vzniku odpadu. Overiť podľa evidencie prevádzkovateľa."
3235,795,58,D,"Odvodené z typu prevádzky, nie z ohlásenia o vzniku odpadu. Overiť podľa evidencie prevádzkovateľa."
3236,796,67,D,"Odvodené z typu prevádzky, nie z ohlásenia o vzniku odpadu. Overiť podľa evidencie prevádzkovateľa."
3237,796,48,D,"Odvodené z typu prevádzky, nie z ohlásenia o vzniku odpadu. Overiť podľa evidencie prevádzkovateľa."
3238,796,55,D,"Odvodené z typu prevádzky, nie z ohlásenia o vzniku odpadu. Overiť podľa evidencie prevádzkovateľa."
3239,797,67,D,"Odvodené z typu prevádzky, nie z ohlásenia o vzniku odpadu. Overiť podľa evidencie prevádzkovateľa."
3240,797,48,D,"Odvodené z typu prevádzky, nie z ohlásenia o vzniku odpadu. Overiť podľa evidencie prevádzkovateľa."
3241,797,55,D,"Odvodené z typu prevádzky, nie z ohlásenia o vzniku odpadu. Overiť podľa evidencie prevádzkovateľa."
3242,798,67,D,"Odvodené z typu prevádzky, nie z ohlásenia o vzniku odpadu. Overiť podľa evidencie prevádzkovateľa."
3243,798,48,D,"Odvodené z typu prevádzky, nie z ohlásenia o vzniku odpadu. Overiť podľa evidencie prevádzkovateľa."
3244,798,55,D,"Odvodené z typu prevádzky, nie z ohlásenia o vzniku odpadu. Overiť podľa evidencie prevádzkovateľa."
3245,799,1,D,"Odvodené z typu prevádzky, nie z ohlásenia o vzniku odpadu. Overiť podľa evidencie prevádzkovateľa."
3246,799,2,D,"Odvodené z typu prevádzky, nie z ohlásenia o vzniku odpadu. Overiť podľa evidencie prevádzkovateľa."
3247,799,3,D,"Odvodené z typu prevádzky, nie z ohlásenia o vzniku odpadu. Overiť podľa evidencie prevádzkovateľa."
3248,799,4,D,"Odvodené z typu prevádzky, nie z ohlásenia o vzniku odpadu. Overiť podľa evidencie prevádzkovateľa."
3249,800,63,D,"Odvodené z typu prevádzky, nie z ohlásenia o vzniku odpadu. Overiť podľa evidencie prevádzkovateľa."
3250,800,62,D,"Odvodené z typu prevádzky, nie z ohlásenia o vzniku odpadu. Overiť podľa evidencie prevádzkovateľa."
3251,800,64,D,"Odvodené z typu prevádzky, nie z ohlásenia o vzniku odpadu. Overiť podľa evidencie prevádzkovateľa."
3252,800,70,D,"Odvodené z typu prevádzky, nie z ohlásenia o vzniku odpadu. Overiť podľa evidencie prevádzkovateľa."
3253,800,66,D,"Odvodené z typu prevádzky, nie z ohlásenia o vzniku odpadu. Overiť podľa evidencie prevádzkovateľa."
3254,801,72,D,"Odvodené z typu prevádzky, nie z ohlásenia o vzniku odpadu. Overiť podľa evidencie prevádzkovateľa."
3255,801,71,D,"Odvodené z typu prevádzky, nie z ohlásenia o vzniku odpadu. Overiť podľa evidencie prevádzkovateľa."
3256,801,73,D,"Odvodené z typu prevádzky, nie z ohlásenia o vzniku odpadu. Overiť podľa evidencie prevádzkovateľa."
3257,802,22,D,"Odvodené z typu prevádzky, nie z ohlásenia o vzniku odpadu. Overiť podľa evidencie prevádzkovateľa."
3258,802,23,D,"Odvodené z typu prevádzky, nie z ohlásenia o vzniku odpadu. Overiť podľa evidencie prevádzkovateľa."
3259,802,24,D,"Odvodené z typu prevádzky, nie z ohlásenia o vzniku odpadu. Overiť podľa evidencie prevádzkovateľa."
3260,802,88,D,"Odvodené z typu prevádzky, nie z ohlásenia o vzniku odpadu. Overiť podľa evidencie prevádzkovateľa."
3261,802,91,D,"Odvodené z typu prevádzky, nie z ohlásenia o vzniku odpadu. Overiť podľa evidencie prevádzkovateľa."
3262,802,92,D,"Odvodené z typu prevádzky, nie z ohlásenia o vzniku odpadu. Overiť podľa evidencie prevádzkovateľa."
3263,803,80,D,"Odvodené z typu prevádzky, nie z ohlásenia o vzniku odpadu. Overiť podľa evidencie prevádzkovateľa."
3264,803,78,D,"Odvodené z typu prevádzky, nie z ohlásenia o vzniku odpadu. Overiť podľa evidencie prevádzkovateľa."
3265,803,81,D,"Odvodené z typu prevádzky, nie z ohlásenia o vzniku odpadu. Overiť podľa evidencie prevádzkovateľa."
3266,803,82,D,"Odvodené z typu prevádzky, nie z ohlásenia o vzniku odpadu. Overiť podľa evidencie prevádzkovateľa."
3267,803,70,D,"Odvodené z typu prevádzky, nie z ohlásenia o vzniku odpadu. Overiť podľa evidencie prevádzkovateľa."
3268,804,22,D,"Odvodené z typu prevádzky, nie z ohlásenia o vzniku odpadu. Overiť podľa evidencie prevádzkovateľa."
3269,804,23,D,"Odvodené z typu prevádzky, nie z ohlásenia o vzniku odpadu. Overiť podľa evidencie prevádzkovateľa."
3270,804,24,D,"Odvodené z typu prevádzky, nie z ohlásenia o vzniku odpadu. Overiť podľa evidencie prevádzkovateľa."
3271,804,88,D,"Odvodené z typu prevádzky, nie z ohlásenia o vzniku odpadu. Overiť podľa evidencie prevádzkovateľa."
3272,804,91,D,"Odvodené z typu prevádzky, nie z ohlásenia o vzniku odpadu. Overiť podľa evidencie prevádzkovateľa."
3273,804,92,D,"Odvodené z typu prevádzky, nie z ohlásenia o vzniku odpadu. Overiť podľa evidencie prevádzkovateľa."
3274,805,10,D,"Odvodené z typu prevádzky, nie z ohlásenia o vzniku odpadu. Overiť podľa evidencie prevádzkovateľa."
3275,805,45,D,"Odvodené z typu prevádzky, nie z ohlásenia o vzniku odpadu. Overiť podľa evidencie prevádzkovateľa."
3276,806,67,D,"Odvodené z typu prevádzky, nie z ohlásenia o vzniku odpadu. Overiť podľa evidencie prevádzkovateľa."
3277,806,48,D,"Odvodené z typu prevádzky, nie z ohlásenia o vzniku odpadu. Overiť podľa evidencie prevádzkovateľa."
3278,806,55,D,"Odvodené z typu prevádzky, nie z ohlásenia o vzniku odpadu. Overiť podľa evidencie prevádzkovateľa."
3279,807,14,D,"Odvodené z typu prevádzky, nie z ohlásenia o vzniku odpadu. Overiť podľa evidencie prevádzkovateľa."
3280,807,15,D,"Odvodené z typu prevádzky, nie z ohlásenia o vzniku odpadu. Overiť podľa evidencie prevádzkovateľa."
3281,807,46,D,"Odvodené z typu prevádzky, nie z ohlásenia o vzniku odpadu. Overiť podľa evidencie prevádzkovateľa."
3282,807,18,D,"Odvodené z typu prevádzky, nie z ohlásenia o vzniku odpadu. Overiť podľa evidencie prevádzkovateľa."
3283,808,54,D,"Odvodené z typu prevádzky, nie z ohlásenia o vzniku odpadu. Overiť podľa evidencie prevádzkovateľa."
3284,808,55,D,"Odvodené z typu prevádzky, nie z ohlásenia o vzniku odpadu. Overiť podľa evidencie prevádzkovateľa."
3285,808,57,D,"Odvodené z typu prevádzky, nie z ohlásenia o vzniku odpadu. Overiť podľa evidencie prevádzkovateľa."
3286,808,51,D,"Odvodené z typu prevádzky, nie z ohlásenia o vzniku odpadu. Overiť podľa evidencie prevádzkovateľa."
3287,808,58,D,"Odvodené z typu prevádzky, nie z ohlásenia o vzniku odpadu. Overiť podľa evidencie prevádzkovateľa."
3288,809,80,D,"Odvodené z typu prevádzky, nie z ohlásenia o vzniku odpadu. Overiť podľa evidencie prevádzkovateľa."
3289,809,78,D,"Odvodené z typu prevádzky, nie z ohlásenia o vzniku odpadu. Overiť podľa evidencie prevádzkovateľa."
3290,809,81,D,"Odvodené z typu prevádzky, nie z ohlásenia o vzniku odpadu. Overiť podľa evidencie prevádzkovateľa."
3291,809,82,D,"Odvodené z typu prevádzky, nie z ohlásenia o vzniku odpadu. Overiť podľa evidencie prevádzkovateľa."
3292,809,70,D,"Odvodené z typu prevádzky, nie z ohlásenia o vzniku odpadu. Overiť podľa evidencie prevádzkovateľa."
3293,810,14,D,"Odvodené z typu prevádzky, nie z ohlásenia o vzniku odpadu. Overiť podľa evidencie prevádzkovateľa."
3294,810,15,D,"Odvodené z typu prevádzky, nie z ohlásenia o vzniku odpadu. Overiť podľa evidencie prevádzkovateľa."
3295,810,46,D,"Odvodené z typu prevádzky, nie z ohlásenia o vzniku odpadu. Overiť podľa evidencie prevádzkovateľa."
3296,810,18,D,"Odvodené z typu prevádzky, nie z ohlásenia o vzniku odpadu. Overiť podľa evidencie prevádzkovateľa."
3297,811,38,D,"Odvodené z typu prevádzky, nie z ohlásenia o vzniku odpadu. Overiť podľa evidencie prevádzkovateľa."
3298,811,39,D,"Odvodené z typu prevádzky, nie z ohlásenia o vzniku odpadu. Overiť podľa evidencie prevádzkovateľa."
3299,812,38,D,"Odvodené z typu prevádzky, nie z ohlásenia o vzniku odpadu. Overiť podľa evidencie prevádzkovateľa."
3300,812,39,D,"Odvodené z typu prevádzky, nie z ohlásenia o vzniku odpadu. Overiť podľa evidencie prevádzkovateľa."
3301,813,80,D,"Odvodené z typu prevádzky, nie z ohlásenia o vzniku odpadu. Overiť podľa evidencie prevádzkovateľa."
3302,813,78,D,"Odvodené z typu prevádzky, nie z ohlásenia o vzniku odpadu. Overiť podľa evidencie prevádzkovateľa."
3303,813,81,D,"Odvodené z typu prevádzky, nie z ohlásenia o vzniku odpadu. Overiť podľa evidencie prevádzkovateľa."
3304,813,82,D,"Odvodené z typu prevádzky, nie z ohlásenia o vzniku odpadu. Overiť podľa evidencie prevádzkovateľa."
3305,813,70,D,"Odvodené z typu prevádzky, nie z ohlásenia o vzniku odpadu. Overiť podľa evidencie prevádzkovateľa."
3306,814,14,D,"Odvodené z typu prevádzky, nie z ohlásenia o vzniku odpadu. Overiť podľa evidencie prevádzkovateľa."
3307,814,15,D,"Odvodené z typu prevádzky, nie z ohlásenia o vzniku odpadu. Overiť podľa evidencie prevádzkovateľa."
3308,814,46,D,"Odvodené z typu prevádzky, nie z ohlásenia o vzniku odpadu. Overiť podľa evidencie prevádzkovateľa."
3309,814,18,D,"Odvodené z typu prevádzky, nie z ohlásenia o vzniku odpadu. Overiť podľa evidencie prevádzkovateľa."
3310,815,47,D,"Odvodené z typu prevádzky, nie z ohlásenia o vzniku odpadu. Overiť podľa evidencie prevádzkovateľa."
3311,815,48,D,"Odvodené z typu prevádzky, nie z ohlásenia o vzniku odpadu. Overiť podľa evidencie prevádzkovateľa."
3312,815,49,D,"Odvodené z typu prevádzky, nie z ohlásenia o vzniku odpadu. Overiť podľa evidencie prevádzkovateľa."
3313,815,53,D,"Odvodené z typu prevádzky, nie z ohlásenia o vzniku odpadu. Overiť podľa evidencie prevádzkovateľa."
3314,815,51,D,"Odvodené z typu prevádzky, nie z ohlásenia o vzniku odpadu. Overiť podľa evidencie prevádzkovateľa."
3315,816,54,D,"Odvodené z typu prevádzky, nie z ohlásenia o vzniku odpadu. Overiť podľa evidencie prevádzkovateľa."
3316,816,55,D,"Odvodené z typu prevádzky, nie z ohlásenia o vzniku odpadu. Overiť podľa evidencie prevádzkovateľa."
3317,816,57,D,"Odvodené z typu prevádzky, nie z ohlásenia o vzniku odpadu. Overiť podľa evidencie prevádzkovateľa."
3318,816,51,D,"Odvodené z typu prevádzky, nie z ohlásenia o vzniku odpadu. Overiť podľa evidencie prevádzkovateľa."
3319,816,58,D,"Odvodené z typu prevádzky, nie z ohlásenia o vzniku odpadu. Overiť podľa evidencie prevádzkovateľa."
3320,817,21,D,"Odvodené z typu prevádzky, nie z ohlásenia o vzniku odpadu. Overiť podľa evidencie prevádzkovateľa."
3321,817,56,D,"Odvodené z typu prevádzky, nie z ohlásenia o vzniku odpadu. Overiť podľa evidencie prevádzkovateľa."
3322,817,20,D,"Odvodené z typu prevádzky, nie z ohlásenia o vzniku odpadu. Overiť podľa evidencie prevádzkovateľa."
3323,817,58,D,"Odvodené z typu prevádzky, nie z ohlásenia o vzniku odpadu. Overiť podľa evidencie prevádzkovateľa."
3324,817,88,D,"Odvodené z typu prevádzky, nie z ohlásenia o vzniku odpadu. Overiť podľa evidencie prevádzkovateľa."
3325,817,89,D,"Odvodené z typu prevádzky, nie z ohlásenia o vzniku odpadu. Overiť podľa evidencie prevádzkovateľa."
3326,818,47,D,"Odvodené z typu prevádzky, nie z ohlásenia o vzniku odpadu. Overiť podľa evidencie prevádzkovateľa."
3327,818,48,D,"Odvodené z typu prevádzky, nie z ohlásenia o vzniku odpadu. Overiť podľa evidencie prevádzkovateľa."
3328,818,49,D,"Odvodené z typu prevádzky, nie z ohlásenia o vzniku odpadu. Overiť podľa evidencie prevádzkovateľa."
3329,818,53,D,"Odvodené z typu prevádzky, nie z ohlásenia o vzniku odpadu. Overiť podľa evidencie prevádzkovateľa."
3330,818,51,D,"Odvodené z typu prevádzky, nie z ohlásenia o vzniku odpadu. Overiť podľa evidencie prevádzkovateľa."
3331,819,67,D,"Odvodené z typu prevádzky, nie z ohlásenia o vzniku odpadu. Overiť podľa evidencie prevádzkovateľa."
3332,819,48,D,"Odvodené z typu prevádzky, nie z ohlásenia o vzniku odpadu. Overiť podľa evidencie prevádzkovateľa."
3333,819,55,D,"Odvodené z typu prevádzky, nie z ohlásenia o vzniku odpadu. Overiť podľa evidencie prevádzkovateľa."
3334,820,72,D,"Odvodené z typu prevádzky, nie z ohlásenia o vzniku odpadu. Overiť podľa evidencie prevádzkovateľa."
3335,820,71,D,"Odvodené z typu prevádzky, nie z ohlásenia o vzniku odpadu. Overiť podľa evidencie prevádzkovateľa."
3336,820,73,D,"Odvodené z typu prevádzky, nie z ohlásenia o vzniku odpadu. Overiť podľa evidencie prevádzkovateľa."
3337,821,43,D,"Odvodené z typu prevádzky, nie z ohlásenia o vzniku odpadu. Overiť podľa evidencie prevádzkovateľa."
3338,821,44,D,"Odvodené z typu prevádzky, nie z ohlásenia o vzniku odpadu. Overiť podľa evidencie prevádzkovateľa."
3339,821,52,D,"Odvodené z typu prevádzky, nie z ohlásenia o vzniku odpadu. Overiť podľa evidencie prevádzkovateľa."
3340,821,35,D,"Odvodené z typu prevádzky, nie z ohlásenia o vzniku odpadu. Overiť podľa evidencie prevádzkovateľa."
3341,822,38,D,"Odvodené z typu prevádzky, nie z ohlásenia o vzniku odpadu. Overiť podľa evidencie prevádzkovateľa."
3342,822,39,D,"Odvodené z typu prevádzky, nie z ohlásenia o vzniku odpadu. Overiť podľa evidencie prevádzkovateľa."
3343,823,25,D,"Odvodené z typu prevádzky, nie z ohlásenia o vzniku odpadu. Overiť podľa evidencie prevádzkovateľa."
3344,823,26,D,"Odvodené z typu prevádzky, nie z ohlásenia o vzniku odpadu. Overiť podľa evidencie prevádzkovateľa."
3345,824,54,D,"Odvodené z typu prevádzky, nie z ohlásenia o vzniku odpadu. Overiť podľa evidencie prevádzkovateľa."
3346,824,55,D,"Odvodené z typu prevádzky, nie z ohlásenia o vzniku odpadu. Overiť podľa evidencie prevádzkovateľa."
3347,824,57,D,"Odvodené z typu prevádzky, nie z ohlásenia o vzniku odpadu. Overiť podľa evidencie prevádzkovateľa."
3348,824,51,D,"Odvodené z typu prevádzky, nie z ohlásenia o vzniku odpadu. Overiť podľa evidencie prevádzkovateľa."
3349,824,58,D,"Odvodené z typu prevádzky, nie z ohlásenia o vzniku odpadu. Overiť podľa evidencie prevádzkovateľa."
3350,825,47,D,"Odvodené z typu prevádzky, nie z ohlásenia o vzniku odpadu. Overiť podľa evidencie prevádzkovateľa."
3351,825,48,D,"Odvodené z typu prevádzky, nie z ohlásenia o vzniku odpadu. Overiť podľa evidencie prevádzkovateľa."
3352,825,49,D,"Odvodené z typu prevádzky, nie z ohlásenia o vzniku odpadu. Overiť podľa evidencie prevádzkovateľa."
3353,825,53,D,"Odvodené z typu prevádzky, nie z ohlásenia o vzniku odpadu. Overiť podľa evidencie prevádzkovateľa."
3354,825,51,D,"Odvodené z typu prevádzky, nie z ohlásenia o vzniku odpadu. Overiť podľa evidencie prevádzkovateľa."
3355,826,38,D,"Odvodené z typu prevádzky, nie z ohlásenia o vzniku odpadu. Overiť podľa evidencie prevádzkovateľa."
3356,826,39,D,"Odvodené z typu prevádzky, nie z ohlásenia o vzniku odpadu. Overiť podľa evidencie prevádzkovateľa."
3357,827,38,D,"Odvodené z typu prevádzky, nie z ohlásenia o vzniku odpadu. Overiť podľa evidencie prevádzkovateľa."
3358,827,39,D,"Odvodené z typu prevádzky, nie z ohlásenia o vzniku odpadu. Overiť podľa evidencie prevádzkovateľa."
3359,828,38,D,"Odvodené z typu prevádzky, nie z ohlásenia o vzniku odpadu. Overiť podľa evidencie prevádzkovateľa."
3360,828,39,D,"Odvodené z typu prevádzky, nie z ohlásenia o vzniku odpadu. Overiť podľa evidencie prevádzkovateľa."
3361,829,72,D,"Odvodené z typu prevádzky, nie z ohlásenia o vzniku odpadu. Overiť podľa evidencie prevádzkovateľa."
3362,829,71,D,"Odvodené z typu prevádzky, nie z ohlásenia o vzniku odpadu. Overiť podľa evidencie prevádzkovateľa."
3363,829,73,D,"Odvodené z typu prevádzky, nie z ohlásenia o vzniku odpadu. Overiť podľa evidencie prevádzkovateľa."
3364,830,59,D,"Odvodené z typu prevádzky, nie z ohlásenia o vzniku odpadu. Overiť podľa evidencie prevádzkovateľa."
3365,830,60,D,"Odvodené z typu prevádzky, nie z ohlásenia o vzniku odpadu. Overiť podľa evidencie prevádzkovateľa."
3366,830,61,D,"Odvodené z typu prevádzky, nie z ohlásenia o vzniku odpadu. Overiť podľa evidencie prevádzkovateľa."
3367,830,62,D,"Odvodené z typu prevádzky, nie z ohlásenia o vzniku odpadu. Overiť podľa evidencie prevádzkovateľa."
3368,830,65,D,"Odvodené z typu prevádzky, nie z ohlásenia o vzniku odpadu. Overiť podľa evidencie prevádzkovateľa."
3369,831,47,D,"Odvodené z typu prevádzky, nie z ohlásenia o vzniku odpadu. Overiť podľa evidencie prevádzkovateľa."
3370,831,48,D,"Odvodené z typu prevádzky, nie z ohlásenia o vzniku odpadu. Overiť podľa evidencie prevádzkovateľa."
3371,831,49,D,"Odvodené z typu prevádzky, nie z ohlásenia o vzniku odpadu. Overiť podľa evidencie prevádzkovateľa."
3372,831,53,D,"Odvodené z typu prevádzky, nie z ohlásenia o vzniku odpadu. Overiť podľa evidencie prevádzkovateľa."
3373,831,51,D,"Odvodené z typu prevádzky, nie z ohlásenia o vzniku odpadu. Overiť podľa evidencie prevádzkovateľa."
3374,832,47,D,"Odvodené z typu prevádzky, nie z ohlásenia o vzniku odpadu. Overiť podľa evidencie prevádzkovateľa."
3375,832,48,D,"Odvodené z typu prevádzky, nie z ohlásenia o vzniku odpadu. Overiť podľa evidencie prevádzkovateľa."
3376,832,49,D,"Odvodené z typu prevádzky, nie z ohlásenia o vzniku odpadu. Overiť podľa evidencie prevádzkovateľa."
3377,832,53,D,"Odvodené z typu prevádzky, nie z ohlásenia o vzniku odpadu. Overiť podľa evidencie prevádzkovateľa."
3378,832,51,D,"Odvodené z typu prevádzky, nie z ohlásenia o vzniku odpadu. Overiť podľa evidencie prevádzkovateľa."
3379,833,80,D,"Odvodené z typu prevádzky, nie z ohlásenia o vzniku odpadu. Overiť podľa evidencie prevádzkovateľa."
3380,833,78,D,"Odvodené z typu prevádzky, nie z ohlásenia o vzniku odpadu. Overiť podľa evidencie prevádzkovateľa."
3381,833,81,D,"Odvodené z typu prevádzky, nie z ohlásenia o vzniku odpadu. Overiť podľa evidencie prevádzkovateľa."
3382,833,82,D,"Odvodené z typu prevádzky, nie z ohlásenia o vzniku odpadu. Overiť podľa evidencie prevádzkovateľa."
3383,833,62,D,"Odvodené z typu prevádzky, nie z ohlásenia o vzniku odpadu. Overiť podľa evidencie prevádzkovateľa."
3384,834,54,D,"Odvodené z typu prevádzky, nie z ohlásenia o vzniku odpadu. Overiť podľa evidencie prevádzkovateľa."
3385,834,55,D,"Odvodené z typu prevádzky, nie z ohlásenia o vzniku odpadu. Overiť podľa evidencie prevádzkovateľa."
3386,834,57,D,"Odvodené z typu prevádzky, nie z ohlásenia o vzniku odpadu. Overiť podľa evidencie prevádzkovateľa."
3387,834,51,D,"Odvodené z typu prevádzky, nie z ohlásenia o vzniku odpadu. Overiť podľa evidencie prevádzkovateľa."
3388,834,58,D,"Odvodené z typu prevádzky, nie z ohlásenia o vzniku odpadu. Overiť podľa evidencie prevádzkovateľa."
3389,835,69,D,"Odvodené z typu prevádzky, nie z ohlásenia o vzniku odpadu. Overiť podľa evidencie prevádzkovateľa."
3390,835,70,D,"Odvodené z typu prevádzky, nie z ohlásenia o vzniku odpadu. Overiť podľa evidencie prevádzkovateľa."
3391,836,36,D,"Odvodené z typu prevádzky, nie z ohlásenia o vzniku odpadu. Overiť podľa evidencie prevádzkovateľa."
3392,836,37,D,"Odvodené z typu prevádzky, nie z ohlásenia o vzniku odpadu. Overiť podľa evidencie prevádzkovateľa."
3393,836,53,D,"Odvodené z typu prevádzky, nie z ohlásenia o vzniku odpadu. Overiť podľa evidencie prevádzkovateľa."
3394,837,54,D,"Odvodené z typu prevádzky, nie z ohlásenia o vzniku odpadu. Overiť podľa evidencie prevádzkovateľa."
3395,837,55,D,"Odvodené z typu prevádzky, nie z ohlásenia o vzniku odpadu. Overiť podľa evidencie prevádzkovateľa."
3396,837,57,D,"Odvodené z typu prevádzky, nie z ohlásenia o vzniku odpadu. Overiť podľa evidencie prevádzkovateľa."
3397,837,51,D,"Odvodené z typu prevádzky, nie z ohlásenia o vzniku odpadu. Overiť podľa evidencie prevádzkovateľa."
3398,837,58,D,"Odvodené z typu prevádzky, nie z ohlásenia o vzniku odpadu. Overiť podľa evidencie prevádzkovateľa."
3399,838,67,D,"Odvodené z typu prevádzky, nie z ohlásenia o vzniku odpadu. Overiť podľa evidencie prevádzkovateľa."
3400,838,48,D,"Odvodené z typu prevádzky, nie z ohlásenia o vzniku odpadu. Overiť podľa evidencie prevádzkovateľa."
3401,838,55,D,"Odvodené z typu prevádzky, nie z ohlásenia o vzniku odpadu. Overiť podľa evidencie prevádzkovateľa."
3402,839,80,D,"Odvodené z typu prevádzky, nie z ohlásenia o vzniku odpadu. Overiť podľa evidencie prevádzkovateľa."
3403,839,78,D,"Odvodené z typu prevádzky, nie z ohlásenia o vzniku odpadu. Overiť podľa evidencie prevádzkovateľa."
3404,839,81,D,"Odvodené z typu prevádzky, nie z ohlásenia o vzniku odpadu. Overiť podľa evidencie prevádzkovateľa."
3405,839,82,D,"Odvodené z typu prevádzky, nie z ohlásenia o vzniku odpadu. Overiť podľa evidencie prevádzkovateľa."
3406,839,62,D,"Odvodené z typu prevádzky, nie z ohlásenia o vzniku odpadu. Overiť podľa evidencie prevádzkovateľa."
3407,840,22,D,"Odvodené z typu prevádzky, nie z ohlásenia o vzniku odpadu. Overiť podľa evidencie prevádzkovateľa."
3408,840,23,D,"Odvodené z typu prevádzky, nie z ohlásenia o vzniku odpadu. Overiť podľa evidencie prevádzkovateľa."
3409,840,24,D,"Odvodené z typu prevádzky, nie z ohlásenia o vzniku odpadu. Overiť podľa evidencie prevádzkovateľa."
3410,840,88,D,"Odvodené z typu prevádzky, nie z ohlásenia o vzniku odpadu. Overiť podľa evidencie prevádzkovateľa."
3411,840,91,D,"Odvodené z typu prevádzky, nie z ohlásenia o vzniku odpadu. Overiť podľa evidencie prevádzkovateľa."
3412,840,92,D,"Odvodené z typu prevádzky, nie z ohlásenia o vzniku odpadu. Overiť podľa evidencie prevádzkovateľa."
3413,841,11,D,"Odvodené z typu prevádzky, nie z ohlásenia o vzniku odpadu. Overiť podľa evidencie prevádzkovateľa."
3414,841,12,D,"Odvodené z typu prevádzky, nie z ohlásenia o vzniku odpadu. Overiť podľa evidencie prevádzkovateľa."
3415,841,52,D,"Odvodené z typu prevádzky, nie z ohlásenia o vzniku odpadu. Overiť podľa evidencie prevádzkovateľa."
3416,842,59,D,"Odvodené z typu prevádzky, nie z ohlásenia o vzniku odpadu. Overiť podľa evidencie prevádzkovateľa."
3417,842,60,D,"Odvodené z typu prevádzky, nie z ohlásenia o vzniku odpadu. Overiť podľa evidencie prevádzkovateľa."
3418,842,61,D,"Odvodené z typu prevádzky, nie z ohlásenia o vzniku odpadu. Overiť podľa evidencie prevádzkovateľa."
3419,842,62,D,"Odvodené z typu prevádzky, nie z ohlásenia o vzniku odpadu. Overiť podľa evidencie prevádzkovateľa."
3420,842,65,D,"Odvodené z typu prevádzky, nie z ohlásenia o vzniku odpadu. Overiť podľa evidencie prevádzkovateľa."
3421,843,80,D,"Odvodené z typu prevádzky, nie z ohlásenia o vzniku odpadu. Overiť podľa evidencie prevádzkovateľa."
3422,843,78,D,"Odvodené z typu prevádzky, nie z ohlásenia o vzniku odpadu. Overiť podľa evidencie prevádzkovateľa."
3423,843,81,D,"Odvodené z typu prevádzky, nie z ohlásenia o vzniku odpadu. Overiť podľa evidencie prevádzkovateľa."
3424,843,82,D,"Odvodené z typu prevádzky, nie z ohlásenia o vzniku odpadu. Overiť podľa evidencie prevádzkovateľa."
3425,843,70,D,"Odvodené z typu prevádzky, nie z ohlásenia o vzniku odpadu. Overiť podľa evidencie prevádzkovateľa."
3426,844,38,D,"Odvodené z typu prevádzky, nie z ohlásenia o vzniku odpadu. Overiť podľa evidencie prevádzkovateľa."
3427,844,39,D,"Odvodené z typu prevádzky, nie z ohlásenia o vzniku odpadu. Overiť podľa evidencie prevádzkovateľa."
3428,845,7,D,"Odvodené z typu prevádzky, nie z ohlásenia o vzniku odpadu. Overiť podľa evidencie prevádzkovateľa."
3429,845,8,D,"Odvodené z typu prevádzky, nie z ohlásenia o vzniku odpadu. Overiť podľa evidencie prevádzkovateľa."
3430,845,9,D,"Odvodené z typu prevádzky, nie z ohlásenia o vzniku odpadu. Overiť podľa evidencie prevádzkovateľa."
3431,846,54,D,"Odvodené z typu prevádzky, nie z ohlásenia o vzniku odpadu. Overiť podľa evidencie prevádzkovateľa."
3432,846,55,D,"Odvodené z typu prevádzky, nie z ohlásenia o vzniku odpadu. Overiť podľa evidencie prevádzkovateľa."
3433,846,57,D,"Odvodené z typu prevádzky, nie z ohlásenia o vzniku odpadu. Overiť podľa evidencie prevádzkovateľa."
3434,846,51,D,"Odvodené z typu prevádzky, nie z ohlásenia o vzniku odpadu. Overiť podľa evidencie prevádzkovateľa."
3435,846,58,D,"Odvodené z typu prevádzky, nie z ohlásenia o vzniku odpadu. Overiť podľa evidencie prevádzkovateľa."
3436,847,43,D,"Odvodené z typu prevádzky, nie z ohlásenia o vzniku odpadu. Overiť podľa evidencie prevádzkovateľa."
3437,847,44,D,"Odvodené z typu prevádzky, nie z ohlásenia o vzniku odpadu. Overiť podľa evidencie prevádzkovateľa."
3438,847,52,D,"Odvodené z typu prevádzky, nie z ohlásenia o vzniku odpadu. Overiť podľa evidencie prevádzkovateľa."
3439,847,35,D,"Odvodené z typu prevádzky, nie z ohlásenia o vzniku odpadu. Overiť podľa evidencie prevádzkovateľa."
3440,848,25,D,"Odvodené z typu prevádzky, nie z ohlásenia o vzniku odpadu. Overiť podľa evidencie prevádzkovateľa."
3441,848,26,D,"Odvodené z typu prevádzky, nie z ohlásenia o vzniku odpadu. Overiť podľa evidencie prevádzkovateľa."
3442,849,54,D,"Odvodené z typu prevádzky, nie z ohlásenia o vzniku odpadu. Overiť podľa evidencie prevádzkovateľa."
3443,849,55,D,"Odvodené z typu prevádzky, nie z ohlásenia o vzniku odpadu. Overiť podľa evidencie prevádzkovateľa."
3444,849,57,D,"Odvodené z typu prevádzky, nie z ohlásenia o vzniku odpadu. Overiť podľa evidencie prevádzkovateľa."
3445,849,51,D,"Odvodené z typu prevádzky, nie z ohlásenia o vzniku odpadu. Overiť podľa evidencie prevádzkovateľa."
3446,849,58,D,"Odvodené z typu prevádzky, nie z ohlásenia o vzniku odpadu. Overiť podľa evidencie prevádzkovateľa."
3447,850,72,D,"Odvodené z typu prevádzky, nie z ohlásenia o vzniku odpadu. Overiť podľa evidencie prevádzkovateľa."
3448,850,71,D,"Odvodené z typu prevádzky, nie z ohlásenia o vzniku odpadu. Overiť podľa evidencie prevádzkovateľa."
3449,850,73,D,"Odvodené z typu prevádzky, nie z ohlásenia o vzniku odpadu. Overiť podľa evidencie prevádzkovateľa."
3450,851,67,D,"Odvodené z typu prevádzky, nie z ohlásenia o vzniku odpadu. Overiť podľa evidencie prevádzkovateľa."
3451,851,48,D,"Odvodené z typu prevádzky, nie z ohlásenia o vzniku odpadu. Overiť podľa evidencie prevádzkovateľa."
3452,851,55,D,"Odvodené z typu prevádzky, nie z ohlásenia o vzniku odpadu. Overiť podľa evidencie prevádzkovateľa."
3453,852,22,D,"Odvodené z typu prevádzky, nie z ohlásenia o vzniku odpadu. Overiť podľa evidencie prevádzkovateľa."
3454,852,23,D,"Odvodené z typu prevádzky, nie z ohlásenia o vzniku odpadu. Overiť podľa evidencie prevádzkovateľa."
3455,852,24,D,"Odvodené z typu prevádzky, nie z ohlásenia o vzniku odpadu. Overiť podľa evidencie prevádzkovateľa."
3456,852,88,D,"Odvodené z typu prevádzky, nie z ohlásenia o vzniku odpadu. Overiť podľa evidencie prevádzkovateľa."
3457,852,91,D,"Odvodené z typu prevádzky, nie z ohlásenia o vzniku odpadu. Overiť podľa evidencie prevádzkovateľa."
3458,852,92,D,"Odvodené z typu prevádzky, nie z ohlásenia o vzniku odpadu. Overiť podľa evidencie prevádzkovateľa."
3459,853,43,D,"Odvodené z typu prevádzky, nie z ohlásenia o vzniku odpadu. Overiť podľa evidencie prevádzkovateľa."
3460,853,44,D,"Odvodené z typu prevádzky, nie z ohlásenia o vzniku odpadu. Overiť podľa evidencie prevádzkovateľa."
3461,853,52,D,"Odvodené z typu prevádzky, nie z ohlásenia o vzniku odpadu. Overiť podľa evidencie prevádzkovateľa."
3462,853,35,D,"Odvodené z typu prevádzky, nie z ohlásenia o vzniku odpadu. Overiť podľa evidencie prevádzkovateľa."
3463,854,5,D,"Odvodené z typu prevádzky, nie z ohlásenia o vzniku odpadu. Overiť podľa evidencie prevádzkovateľa."
3464,854,6,D,"Odvodené z typu prevádzky, nie z ohlásenia o vzniku odpadu. Overiť podľa evidencie prevádzkovateľa."
3465,855,21,D,"Odvodené z typu prevádzky, nie z ohlásenia o vzniku odpadu. Overiť podľa evidencie prevádzkovateľa."
3466,855,56,D,"Odvodené z typu prevádzky, nie z ohlásenia o vzniku odpadu. Overiť podľa evidencie prevádzkovateľa."
3467,855,20,D,"Odvodené z typu prevádzky, nie z ohlásenia o vzniku odpadu. Overiť podľa evidencie prevádzkovateľa."
3468,855,58,D,"Odvodené z typu prevádzky, nie z ohlásenia o vzniku odpadu. Overiť podľa evidencie prevádzkovateľa."
3469,855,88,D,"Odvodené z typu prevádzky, nie z ohlásenia o vzniku odpadu. Overiť podľa evidencie prevádzkovateľa."
3470,855,89,D,"Odvodené z typu prevádzky, nie z ohlásenia o vzniku odpadu. Overiť podľa evidencie prevádzkovateľa."
3471,856,79,D,"Odvodené z typu prevádzky, nie z ohlásenia o vzniku odpadu. Overiť podľa evidencie prevádzkovateľa."
3472,856,78,D,"Odvodené z typu prevádzky, nie z ohlásenia o vzniku odpadu. Overiť podľa evidencie prevádzkovateľa."
3473,856,81,D,"Odvodené z typu prevádzky, nie z ohlásenia o vzniku odpadu. Overiť podľa evidencie prevádzkovateľa."
3474,857,79,D,"Odvodené z typu prevádzky, nie z ohlásenia o vzniku odpadu. Overiť podľa evidencie prevádzkovateľa."
3475,857,78,D,"Odvodené z typu prevádzky, nie z ohlásenia o vzniku odpadu. Overiť podľa evidencie prevádzkovateľa."
3476,857,81,D,"Odvodené z typu prevádzky, nie z ohlásenia o vzniku odpadu. Overiť podľa evidencie prevádzkovateľa."
3477,858,79,D,"Odvodené z typu prevádzky, nie z ohlásenia o vzniku odpadu. Overiť podľa evidencie prevádzkovateľa."
3478,858,78,D,"Odvodené z typu prevádzky, nie z ohlásenia o vzniku odpadu. Overiť podľa evidencie prevádzkovateľa."
3479,858,81,D,"Odvodené z typu prevádzky, nie z ohlásenia o vzniku odpadu. Overiť podľa evidencie prevádzkovateľa."
3480,859,79,D,"Odvodené z typu prevádzky, nie z ohlásenia o vzniku odpadu. Overiť podľa evidencie prevádzkovateľa."
3481,859,78,D,"Odvodené z typu prevádzky, nie z ohlásenia o vzniku odpadu. Overiť podľa evidencie prevádzkovateľa."
3482,859,81,D,"Odvodené z typu prevádzky, nie z ohlásenia o vzniku odpadu. Overiť podľa evidencie prevádzkovateľa."
3483,860,74,D,"Odvodené z typu prevádzky, nie z ohlásenia o vzniku odpadu. Overiť podľa evidencie prevádzkovateľa."
3484,860,71,D,"Odvodené z typu prevádzky, nie z ohlásenia o vzniku odpadu. Overiť podľa evidencie prevádzkovateľa."
3485,860,73,D,"Odvodené z typu prevádzky, nie z ohlásenia o vzniku odpadu. Overiť podľa evidencie prevádzkovateľa."
3486,860,60,D,"Odvodené z typu prevádzky, nie z ohlásenia o vzniku odpadu. Overiť podľa evidencie prevádzkovateľa."
3487,861,72,D,"Odvodené z typu prevádzky, nie z ohlásenia o vzniku odpadu. Overiť podľa evidencie prevádzkovateľa."
3488,861,71,D,"Odvodené z typu prevádzky, nie z ohlásenia o vzniku odpadu. Overiť podľa evidencie prevádzkovateľa."
3489,861,73,D,"Odvodené z typu prevádzky, nie z ohlásenia o vzniku odpadu. Overiť podľa evidencie prevádzkovateľa."
3490,862,72,D,"Odvodené z typu prevádzky, nie z ohlásenia o vzniku odpadu. Overiť podľa evidencie prevádzkovateľa."
3491,862,71,D,"Odvodené z typu prevádzky, nie z ohlásenia o vzniku odpadu. Overiť podľa evidencie prevádzkovateľa."
3492,862,73,D,"Odvodené z typu prevádzky, nie z ohlásenia o vzniku odpadu. Overiť podľa evidencie prevádzkovateľa."
3493,863,77,D,"Odvodené z typu prevádzky, nie z ohlásenia o vzniku odpadu. Overiť podľa evidencie prevádzkovateľa."
3494,863,78,D,"Odvodené z typu prevádzky, nie z ohlásenia o vzniku odpadu. Overiť podľa evidencie prevádzkovateľa."
3495,863,81,D,"Odvodené z typu prevádzky, nie z ohlásenia o vzniku odpadu. Overiť podľa evidencie prevádzkovateľa."
3496,863,62,D,"Odvodené z typu prevádzky, nie z ohlásenia o vzniku odpadu. Overiť podľa evidencie prevádzkovateľa."
3497,864,7,D,"Odvodené z typu prevádzky, nie z ohlásenia o vzniku odpadu. Overiť podľa evidencie prevádzkovateľa."
3498,864,8,D,"Odvodené z typu prevádzky, nie z ohlásenia o vzniku odpadu. Overiť podľa evidencie prevádzkovateľa."
3499,864,9,D,"Odvodené z typu prevádzky, nie z ohlásenia o vzniku odpadu. Overiť podľa evidencie prevádzkovateľa."
3500,865,19,D,"Odvodené z typu prevádzky, nie z ohlásenia o vzniku odpadu. Overiť podľa evidencie prevádzkovateľa."
3501,865,20,D,"Odvodené z typu prevádzky, nie z ohlásenia o vzniku odpadu. Overiť podľa evidencie prevádzkovateľa."
3502,865,22,D,"Odvodené z typu prevádzky, nie z ohlásenia o vzniku odpadu. Overiť podľa evidencie prevádzkovateľa."
3503,865,23,D,"Odvodené z typu prevádzky, nie z ohlásenia o vzniku odpadu. Overiť podľa evidencie prevádzkovateľa."
3504,865,24,D,"Odvodené z typu prevádzky, nie z ohlásenia o vzniku odpadu. Overiť podľa evidencie prevádzkovateľa."
3505,865,88,D,"Odvodené z typu prevádzky, nie z ohlásenia o vzniku odpadu. Overiť podľa evidencie prevádzkovateľa."
3506,865,89,D,"Odvodené z typu prevádzky, nie z ohlásenia o vzniku odpadu. Overiť podľa evidencie prevádzkovateľa."
3507,865,90,D,"Odvodené z typu prevádzky, nie z ohlásenia o vzniku odpadu. Overiť podľa evidencie prevádzkovateľa."
3508,865,91,D,"Odvodené z typu prevádzky, nie z ohlásenia o vzniku odpadu. Overiť podľa evidencie prevádzkovateľa."
3509,866,38,D,"Odvodené z typu prevádzky, nie z ohlásenia o vzniku odpadu. Overiť podľa evidencie prevádzkovateľa."
3510,866,39,D,"Odvodené z typu prevádzky, nie z ohlásenia o vzniku odpadu. Overiť podľa evidencie prevádzkovateľa."
3511,867,36,D,"Odvodené z typu prevádzky, nie z ohlásenia o vzniku odpadu. Overiť podľa evidencie prevádzkovateľa."
3512,867,37,D,"Odvodené z typu prevádzky, nie z ohlásenia o vzniku odpadu. Overiť podľa evidencie prevádzkovateľa."
3513,867,53,D,"Odvodené z typu prevádzky, nie z ohlásenia o vzniku odpadu. Overiť podľa evidencie prevádzkovateľa."
3514,868,80,D,"Odvodené z typu prevádzky, nie z ohlásenia o vzniku odpadu. Overiť podľa evidencie prevádzkovateľa."
3515,868,78,D,"Odvodené z typu prevádzky, nie z ohlásenia o vzniku odpadu. Overiť podľa evidencie prevádzkovateľa."
3516,868,81,D,"Odvodené z typu prevádzky, nie z ohlásenia o vzniku odpadu. Overiť podľa evidencie prevádzkovateľa."
3517,868,82,D,"Odvodené z typu prevádzky, nie z ohlásenia o vzniku odpadu. Overiť podľa evidencie prevádzkovateľa."
3518,868,70,D,"Odvodené z typu prevádzky, nie z ohlásenia o vzniku odpadu. Overiť podľa evidencie prevádzkovateľa."
3519,869,47,D,"Odvodené z typu prevádzky, nie z ohlásenia o vzniku odpadu. Overiť podľa evidencie prevádzkovateľa."
3520,869,48,D,"Odvodené z typu prevádzky, nie z ohlásenia o vzniku odpadu. Overiť podľa evidencie prevádzkovateľa."
3521,869,49,D,"Odvodené z typu prevádzky, nie z ohlásenia o vzniku odpadu. Overiť podľa evidencie prevádzkovateľa."
3522,869,53,D,"Odvodené z typu prevádzky, nie z ohlásenia o vzniku odpadu. Overiť podľa evidencie prevádzkovateľa."
3523,869,51,D,"Odvodené z typu prevádzky, nie z ohlásenia o vzniku odpadu. Overiť podľa evidencie prevádzkovateľa."
3524,870,38,D,"Odvodené z typu prevádzky, nie z ohlásenia o vzniku odpadu. Overiť podľa evidencie prevádzkovateľa."
3525,870,39,D,"Odvodené z typu prevádzky, nie z ohlásenia o vzniku odpadu. Overiť podľa evidencie prevádzkovateľa."
3526,871,38,D,"Odvodené z typu prevádzky, nie z ohlásenia o vzniku odpadu. Overiť podľa evidencie prevádzkovateľa."
3527,871,39,D,"Odvodené z typu prevádzky, nie z ohlásenia o vzniku odpadu. Overiť podľa evidencie prevádzkovateľa."
3528,872,80,D,"Odvodené z typu prevádzky, nie z ohlásenia o vzniku odpadu. Overiť podľa evidencie prevádzkovateľa."
3529,872,78,D,"Odvodené z typu prevádzky, nie z ohlásenia o vzniku odpadu. Overiť podľa evidencie prevádzkovateľa."
3530,872,81,D,"Odvodené z typu prevádzky, nie z ohlásenia o vzniku odpadu. Overiť podľa evidencie prevádzkovateľa."
3531,872,82,D,"Odvodené z typu prevádzky, nie z ohlásenia o vzniku odpadu. Overiť podľa evidencie prevádzkovateľa."
3532,872,62,D,"Odvodené z typu prevádzky, nie z ohlásenia o vzniku odpadu. Overiť podľa evidencie prevádzkovateľa."
3533,873,80,D,"Odvodené z typu prevádzky, nie z ohlásenia o vzniku odpadu. Overiť podľa evidencie prevádzkovateľa."
3534,873,78,D,"Odvodené z typu prevádzky, nie z ohlásenia o vzniku odpadu. Overiť podľa evidencie prevádzkovateľa."
3535,873,81,D,"Odvodené z typu prevádzky, nie z ohlásenia o vzniku odpadu. Overiť podľa evidencie prevádzkovateľa."
3536,873,70,D,"Odvodené z typu prevádzky, nie z ohlásenia o vzniku odpadu. Overiť podľa evidencie prevádzkovateľa."
3537,874,31,D,"Odvodené z typu prevádzky, nie z ohlásenia o vzniku odpadu. Overiť podľa evidencie prevádzkovateľa."
3538,874,32,D,"Odvodené z typu prevádzky, nie z ohlásenia o vzniku odpadu. Overiť podľa evidencie prevádzkovateľa."
3539,874,33,D,"Odvodené z typu prevádzky, nie z ohlásenia o vzniku odpadu. Overiť podľa evidencie prevádzkovateľa."
3540,875,14,D,"Odvodené z typu prevádzky, nie z ohlásenia o vzniku odpadu. Overiť podľa evidencie prevádzkovateľa."
3541,875,15,D,"Odvodené z typu prevádzky, nie z ohlásenia o vzniku odpadu. Overiť podľa evidencie prevádzkovateľa."
3542,875,16,D,"Odvodené z typu prevádzky, nie z ohlásenia o vzniku odpadu. Overiť podľa evidencie prevádzkovateľa."
3543,875,17,D,"Odvodené z typu prevádzky, nie z ohlásenia o vzniku odpadu. Overiť podľa evidencie prevádzkovateľa."
3544,875,18,D,"Odvodené z typu prevádzky, nie z ohlásenia o vzniku odpadu. Overiť podľa evidencie prevádzkovateľa."
3545,876,1,D,"Odvodené z typu prevádzky, nie z ohlásenia o vzniku odpadu. Overiť podľa evidencie prevádzkovateľa."
3546,876,2,D,"Odvodené z typu prevádzky, nie z ohlásenia o vzniku odpadu. Overiť podľa evidencie prevádzkovateľa."
3547,876,3,D,"Odvodené z typu prevádzky, nie z ohlásenia o vzniku odpadu. Overiť podľa evidencie prevádzkovateľa."
3548,876,4,D,"Odvodené z typu prevádzky, nie z ohlásenia o vzniku odpadu. Overiť podľa evidencie prevádzkovateľa."
3549,877,80,D,"Odvodené z typu prevádzky, nie z ohlásenia o vzniku odpadu. Overiť podľa evidencie prevádzkovateľa."
3550,877,78,D,"Odvodené z typu prevádzky, nie z ohlásenia o vzniku odpadu. Overiť podľa evidencie prevádzkovateľa."
3551,877,81,D,"Odvodené z typu prevádzky, nie z ohlásenia o vzniku odpadu. Overiť podľa evidencie prevádzkovateľa."
3552,877,82,D,"Odvodené z typu prevádzky, nie z ohlásenia o vzniku odpadu. Overiť podľa evidencie prevádzkovateľa."
3553,877,70,D,"Odvodené z typu prevádzky, nie z ohlásenia o vzniku odpadu. Overiť podľa evidencie prevádzkovateľa."
3554,878,22,D,"Odvodené z typu prevádzky, nie z ohlásenia o vzniku odpadu. Overiť podľa evidencie prevádzkovateľa."
3555,878,23,D,"Odvodené z typu prevádzky, nie z ohlásenia o vzniku odpadu. Overiť podľa evidencie prevádzkovateľa."
3556,878,24,D,"Odvodené z typu prevádzky, nie z ohlásenia o vzniku odpadu. Overiť podľa evidencie prevádzkovateľa."
3557,878,88,D,"Odvodené z typu prevádzky, nie z ohlásenia o vzniku odpadu. Overiť podľa evidencie prevádzkovateľa."
3558,878,91,D,"Odvodené z typu prevádzky, nie z ohlásenia o vzniku odpadu. Overiť podľa evidencie prevádzkovateľa."
3559,878,92,D,"Odvodené z typu prevádzky, nie z ohlásenia o vzniku odpadu. Overiť podľa evidencie prevádzkovateľa."
3560,879,38,D,"Odvodené z typu prevádzky, nie z ohlásenia o vzniku odpadu. Overiť podľa evidencie prevádzkovateľa."
3561,879,39,D,"Odvodené z typu prevádzky, nie z ohlásenia o vzniku odpadu. Overiť podľa evidencie prevádzkovateľa."
3562,880,72,D,"Odvodené z typu prevádzky, nie z ohlásenia o vzniku odpadu. Overiť podľa evidencie prevádzkovateľa."
3563,880,71,D,"Odvodené z typu prevádzky, nie z ohlásenia o vzniku odpadu. Overiť podľa evidencie prevádzkovateľa."
3564,880,73,D,"Odvodené z typu prevádzky, nie z ohlásenia o vzniku odpadu. Overiť podľa evidencie prevádzkovateľa."
3565,881,80,D,"Odvodené z typu prevádzky, nie z ohlásenia o vzniku odpadu. Overiť podľa evidencie prevádzkovateľa."
3566,881,78,D,"Odvodené z typu prevádzky, nie z ohlásenia o vzniku odpadu. Overiť podľa evidencie prevádzkovateľa."
3567,881,81,D,"Odvodené z typu prevádzky, nie z ohlásenia o vzniku odpadu. Overiť podľa evidencie prevádzkovateľa."
3568,881,82,D,"Odvodené z typu prevádzky, nie z ohlásenia o vzniku odpadu. Overiť podľa evidencie prevádzkovateľa."
3569,881,70,D,"Odvodené z typu prevádzky, nie z ohlásenia o vzniku odpadu. Overiť podľa evidencie prevádzkovateľa."
3570,882,54,D,"Odvodené z typu prevádzky, nie z ohlásenia o vzniku odpadu. Overiť podľa evidencie prevádzkovateľa."
3571,882,55,D,"Odvodené z typu prevádzky, nie z ohlásenia o vzniku odpadu. Overiť podľa evidencie prevádzkovateľa."
3572,882,57,D,"Odvodené z typu prevádzky, nie z ohlásenia o vzniku odpadu. Overiť podľa evidencie prevádzkovateľa."
3573,882,51,D,"Odvodené z typu prevádzky, nie z ohlásenia o vzniku odpadu. Overiť podľa evidencie prevádzkovateľa."
3574,882,58,D,"Odvodené z typu prevádzky, nie z ohlásenia o vzniku odpadu. Overiť podľa evidencie prevádzkovateľa."
3575,883,38,D,"Odvodené z typu prevádzky, nie z ohlásenia o vzniku odpadu. Overiť podľa evidencie prevádzkovateľa."
3576,883,39,D,"Odvodené z typu prevádzky, nie z ohlásenia o vzniku odpadu. Overiť podľa evidencie prevádzkovateľa."
3577,884,54,D,"Odvodené z typu prevádzky, nie z ohlásenia o vzniku odpadu. Overiť podľa evidencie prevádzkovateľa."
3578,884,55,D,"Odvodené z typu prevádzky, nie z ohlásenia o vzniku odpadu. Overiť podľa evidencie prevádzkovateľa."
3579,884,57,D,"Odvodené z typu prevádzky, nie z ohlásenia o vzniku odpadu. Overiť podľa evidencie prevádzkovateľa."
3580,884,51,D,"Odvodené z typu prevádzky, nie z ohlásenia o vzniku odpadu. Overiť podľa evidencie prevádzkovateľa."
3581,884,58,D,"Odvodené z typu prevádzky, nie z ohlásenia o vzniku odpadu. Overiť podľa evidencie prevádzkovateľa."
3582,885,80,D,"Odvodené z typu prevádzky, nie z ohlásenia o vzniku odpadu. Overiť podľa evidencie prevádzkovateľa."
3583,885,78,D,"Odvodené z typu prevádzky, nie z ohlásenia o vzniku odpadu. Overiť podľa evidencie prevádzkovateľa."
3584,885,81,D,"Odvodené z typu prevádzky, nie z ohlásenia o vzniku odpadu. Overiť podľa evidencie prevádzkovateľa."
3585,885,82,D,"Odvodené z typu prevádzky, nie z ohlásenia o vzniku odpadu. Overiť podľa evidencie prevádzkovateľa."
3586,885,70,D,"Odvodené z typu prevádzky, nie z ohlásenia o vzniku odpadu. Overiť podľa evidencie prevádzkovateľa."
3587,886,7,D,"Odvodené z typu prevádzky, nie z ohlásenia o vzniku odpadu. Overiť podľa evidencie prevádzkovateľa."
3588,886,8,D,"Odvodené z typu prevádzky, nie z ohlásenia o vzniku odpadu. Overiť podľa evidencie prevádzkovateľa."
3589,886,9,D,"Odvodené z typu prevádzky, nie z ohlásenia o vzniku odpadu. Overiť podľa evidencie prevádzkovateľa."
3590,887,72,D,"Odvodené z typu prevádzky, nie z ohlásenia o vzniku odpadu. Overiť podľa evidencie prevádzkovateľa."
3591,887,71,D,"Odvodené z typu prevádzky, nie z ohlásenia o vzniku odpadu. Overiť podľa evidencie prevádzkovateľa."
3592,887,73,D,"Odvodené z typu prevádzky, nie z ohlásenia o vzniku odpadu. Overiť podľa evidencie prevádzkovateľa."
3593,888,1,D,"Odvodené z typu prevádzky, nie z ohlásenia o vzniku odpadu. Overiť podľa evidencie prevádzkovateľa."
3594,888,2,D,"Odvodené z typu prevádzky, nie z ohlásenia o vzniku odpadu. Overiť podľa evidencie prevádzkovateľa."
3595,888,3,D,"Odvodené z typu prevádzky, nie z ohlásenia o vzniku odpadu. Overiť podľa evidencie prevádzkovateľa."
3596,888,4,D,"Odvodené z typu prevádzky, nie z ohlásenia o vzniku odpadu. Overiť podľa evidencie prevádzkovateľa."
3597,889,54,D,"Odvodené z typu prevádzky, nie z ohlásenia o vzniku odpadu. Overiť podľa evidencie prevádzkovateľa."
3598,889,55,D,"Odvodené z typu prevádzky, nie z ohlásenia o vzniku odpadu. Overiť podľa evidencie prevádzkovateľa."
3599,889,57,D,"Odvodené z typu prevádzky, nie z ohlásenia o vzniku odpadu. Overiť podľa evidencie prevádzkovateľa."
3600,889,51,D,"Odvodené z typu prevádzky, nie z ohlásenia o vzniku odpadu. Overiť podľa evidencie prevádzkovateľa."
3601,889,58,D,"Odvodené z typu prevádzky, nie z ohlásenia o vzniku odpadu. Overiť podľa evidencie prevádzkovateľa."
3602,890,21,D,"Odvodené z typu prevádzky, nie z ohlásenia o vzniku odpadu. Overiť podľa evidencie prevádzkovateľa."
3603,890,56,D,"Odvodené z typu prevádzky, nie z ohlásenia o vzniku odpadu. Overiť podľa evidencie prevádzkovateľa."
3604,890,20,D,"Odvodené z typu prevádzky, nie z ohlásenia o vzniku odpadu. Overiť podľa evidencie prevádzkovateľa."
3605,890,58,D,"Odvodené z typu prevádzky, nie z ohlásenia o vzniku odpadu. Overiť podľa evidencie prevádzkovateľa."
3606,890,88,D,"Odvodené z typu prevádzky, nie z ohlásenia o vzniku odpadu. Overiť podľa evidencie prevádzkovateľa."
3607,890,89,D,"Odvodené z typu prevádzky, nie z ohlásenia o vzniku odpadu. Overiť podľa evidencie prevádzkovateľa."
3608,891,22,D,"Odvodené z typu prevádzky, nie z ohlásenia o vzniku odpadu. Overiť podľa evidencie prevádzkovateľa."
3609,891,23,D,"Odvodené z typu prevádzky, nie z ohlásenia o vzniku odpadu. Overiť podľa evidencie prevádzkovateľa."
3610,891,24,D,"Odvodené z typu prevádzky, nie z ohlásenia o vzniku odpadu. Overiť podľa evidencie prevádzkovateľa."
3611,891,88,D,"Odvodené z typu prevádzky, nie z ohlásenia o vzniku odpadu. Overiť podľa evidencie prevádzkovateľa."
3612,891,91,D,"Odvodené z typu prevádzky, nie z ohlásenia o vzniku odpadu. Overiť podľa evidencie prevádzkovateľa."
3613,891,92,D,"Odvodené z typu prevádzky, nie z ohlásenia o vzniku odpadu. Overiť podľa evidencie prevádzkovateľa."
3614,892,1,D,"Odvodené z typu prevádzky, nie z ohlásenia o vzniku odpadu. Overiť podľa evidencie prevádzkovateľa."
3615,892,2,D,"Odvodené z typu prevádzky, nie z ohlásenia o vzniku odpadu. Overiť podľa evidencie prevádzkovateľa."
3616,892,3,D,"Odvodené z typu prevádzky, nie z ohlásenia o vzniku odpadu. Overiť podľa evidencie prevádzkovateľa."
3617,892,4,D,"Odvodené z typu prevádzky, nie z ohlásenia o vzniku odpadu. Overiť podľa evidencie prevádzkovateľa."
3618,893,54,D,"Odvodené z typu prevádzky, nie z ohlásenia o vzniku odpadu. Overiť podľa evidencie prevádzkovateľa."
3619,893,55,D,"Odvodené z typu prevádzky, nie z ohlásenia o vzniku odpadu. Overiť podľa evidencie prevádzkovateľa."
3620,893,57,D,"Odvodené z typu prevádzky, nie z ohlásenia o vzniku odpadu. Overiť podľa evidencie prevádzkovateľa."
3621,893,51,D,"Odvodené z typu prevádzky, nie z ohlásenia o vzniku odpadu. Overiť podľa evidencie prevádzkovateľa."
3622,893,58,D,"Odvodené z typu prevádzky, nie z ohlásenia o vzniku odpadu. Overiť podľa evidencie prevádzkovateľa."
3623,894,40,D,"Odvodené z typu prevádzky, nie z ohlásenia o vzniku odpadu. Overiť podľa evidencie prevádzkovateľa."
3624,894,42,D,"Odvodené z typu prevádzky, nie z ohlásenia o vzniku odpadu. Overiť podľa evidencie prevádzkovateľa."
3625,895,38,D,"Odvodené z typu prevádzky, nie z ohlásenia o vzniku odpadu. Overiť podľa evidencie prevádzkovateľa."
3626,895,39,D,"Odvodené z typu prevádzky, nie z ohlásenia o vzniku odpadu. Overiť podľa evidencie prevádzkovateľa."
3627,896,11,D,"Odvodené z typu prevádzky, nie z ohlásenia o vzniku odpadu. Overiť podľa evidencie prevádzkovateľa."
3628,896,12,D,"Odvodené z typu prevádzky, nie z ohlásenia o vzniku odpadu. Overiť podľa evidencie prevádzkovateľa."
3629,896,52,D,"Odvodené z typu prevádzky, nie z ohlásenia o vzniku odpadu. Overiť podľa evidencie prevádzkovateľa."
3630,897,47,D,"Odvodené z typu prevádzky, nie z ohlásenia o vzniku odpadu. Overiť podľa evidencie prevádzkovateľa."
3631,897,48,D,"Odvodené z typu prevádzky, nie z ohlásenia o vzniku odpadu. Overiť podľa evidencie prevádzkovateľa."
3632,897,49,D,"Odvodené z typu prevádzky, nie z ohlásenia o vzniku odpadu. Overiť podľa evidencie prevádzkovateľa."
3633,897,53,D,"Odvodené z typu prevádzky, nie z ohlásenia o vzniku odpadu. Overiť podľa evidencie prevádzkovateľa."
3634,897,51,D,"Odvodené z typu prevádzky, nie z ohlásenia o vzniku odpadu. Overiť podľa evidencie prevádzkovateľa."
3635,898,54,D,"Odvodené z typu prevádzky, nie z ohlásenia o vzniku odpadu. Overiť podľa evidencie prevádzkovateľa."
3636,898,55,D,"Odvodené z typu prevádzky, nie z ohlásenia o vzniku odpadu. Overiť podľa evidencie prevádzkovateľa."
3637,898,57,D,"Odvodené z typu prevádzky, nie z ohlásenia o vzniku odpadu. Overiť podľa evidencie prevádzkovateľa."
3638,898,51,D,"Odvodené z typu prevádzky, nie z ohlásenia o vzniku odpadu. Overiť podľa evidencie prevádzkovateľa."
3639,898,58,D,"Odvodené z typu prevádzky, nie z ohlásenia o vzniku odpadu. Overiť podľa evidencie prevádzkovateľa."
3640,899,54,D,"Odvodené z typu prevádzky, nie z ohlásenia o vzniku odpadu. Overiť podľa evidencie prevádzkovateľa."
3641,899,55,D,"Odvodené z typu prevádzky, nie z ohlásenia o vzniku odpadu. Overiť podľa evidencie prevádzkovateľa."
3642,899,57,D,"Odvodené z typu prevádzky, nie z ohlásenia o vzniku odpadu. Overiť podľa evidencie prevádzkovateľa."
3643,899,51,D,"Odvodené z typu prevádzky, nie z ohlásenia o vzniku odpadu. Overiť podľa evidencie prevádzkovateľa."
3644,899,58,D,"Odvodené z typu prevádzky, nie z ohlásenia o vzniku odpadu. Overiť podľa evidencie prevádzkovateľa."
3645,900,22,D,"Odvodené z typu prevádzky, nie z ohlásenia o vzniku odpadu. Overiť podľa evidencie prevádzkovateľa."
3646,900,23,D,"Odvodené z typu prevádzky, nie z ohlásenia o vzniku odpadu. Overiť podľa evidencie prevádzkovateľa."
3647,900,24,D,"Odvodené z typu prevádzky, nie z ohlásenia o vzniku odpadu. Overiť podľa evidencie prevádzkovateľa."
3648,900,88,D,"Odvodené z typu prevádzky, nie z ohlásenia o vzniku odpadu. Overiť podľa evidencie prevádzkovateľa."
3649,900,91,D,"Odvodené z typu prevádzky, nie z ohlásenia o vzniku odpadu. Overiť podľa evidencie prevádzkovateľa."
3650,900,92,D,"Odvodené z typu prevádzky, nie z ohlásenia o vzniku odpadu. Overiť podľa evidencie prevádzkovateľa."
3651,901,7,D,"Odvodené z typu prevádzky, nie z ohlásenia o vzniku odpadu. Overiť podľa evidencie prevádzkovateľa."
3652,901,8,D,"Odvodené z typu prevádzky, nie z ohlásenia o vzniku odpadu. Overiť podľa evidencie prevádzkovateľa."
3653,901,9,D,"Odvodené z typu prevádzky, nie z ohlásenia o vzniku odpadu. Overiť podľa evidencie prevádzkovateľa."
3654,902,21,D,"Odvodené z typu prevádzky, nie z ohlásenia o vzniku odpadu. Overiť podľa evidencie prevádzkovateľa."
3655,902,56,D,"Odvodené z typu prevádzky, nie z ohlásenia o vzniku odpadu. Overiť podľa evidencie prevádzkovateľa."
3656,902,20,D,"Odvodené z typu prevádzky, nie z ohlásenia o vzniku odpadu. Overiť podľa evidencie prevádzkovateľa."
3657,902,58,D,"Odvodené z typu prevádzky, nie z ohlásenia o vzniku odpadu. Overiť podľa evidencie prevádzkovateľa."
3658,902,88,D,"Odvodené z typu prevádzky, nie z ohlásenia o vzniku odpadu. Overiť podľa evidencie prevádzkovateľa."
3659,902,89,D,"Odvodené z typu prevádzky, nie z ohlásenia o vzniku odpadu. Overiť podľa evidencie prevádzkovateľa."
3660,903,59,D,"Odvodené z typu prevádzky, nie z ohlásenia o vzniku odpadu. Overiť podľa evidencie prevádzkovateľa."
3661,903,60,D,"Odvodené z typu prevádzky, nie z ohlásenia o vzniku odpadu. Overiť podľa evidencie prevádzkovateľa."
3662,903,61,D,"Odvodené z typu prevádzky, nie z ohlásenia o vzniku odpadu. Overiť podľa evidencie prevádzkovateľa."
3663,903,62,D,"Odvodené z typu prevádzky, nie z ohlásenia o vzniku odpadu. Overiť podľa evidencie prevádzkovateľa."
3664,903,65,D,"Odvodené z typu prevádzky, nie z ohlásenia o vzniku odpadu. Overiť podľa evidencie prevádzkovateľa."
3665,904,54,D,"Odvodené z typu prevádzky, nie z ohlásenia o vzniku odpadu. Overiť podľa evidencie prevádzkovateľa."
3666,904,55,D,"Odvodené z typu prevádzky, nie z ohlásenia o vzniku odpadu. Overiť podľa evidencie prevádzkovateľa."
3667,904,57,D,"Odvodené z typu prevádzky, nie z ohlásenia o vzniku odpadu. Overiť podľa evidencie prevádzkovateľa."
3668,904,51,D,"Odvodené z typu prevádzky, nie z ohlásenia o vzniku odpadu. Overiť podľa evidencie prevádzkovateľa."
3669,904,58,D,"Odvodené z typu prevádzky, nie z ohlásenia o vzniku odpadu. Overiť podľa evidencie prevádzkovateľa."
3670,905,54,D,"Odvodené z typu prevádzky, nie z ohlásenia o vzniku odpadu. Overiť podľa evidencie prevádzkovateľa."
3671,905,55,D,"Odvodené z typu prevádzky, nie z ohlásenia o vzniku odpadu. Overiť podľa evidencie prevádzkovateľa."
3672,905,57,D,"Odvodené z typu prevádzky, nie z ohlásenia o vzniku odpadu. Overiť podľa evidencie prevádzkovateľa."
3673,905,51,D,"Odvodené z typu prevádzky, nie z ohlásenia o vzniku odpadu. Overiť podľa evidencie prevádzkovateľa."
3674,905,58,D,"Odvodené z typu prevádzky, nie z ohlásenia o vzniku odpadu. Overiť podľa evidencie prevádzkovateľa."
3675,906,7,D,"Odvodené z typu prevádzky, nie z ohlásenia o vzniku odpadu. Overiť podľa evidencie prevádzkovateľa."
3676,906,8,D,"Odvodené z typu prevádzky, nie z ohlásenia o vzniku odpadu. Overiť podľa evidencie prevádzkovateľa."
3677,906,9,D,"Odvodené z typu prevádzky, nie z ohlásenia o vzniku odpadu. Overiť podľa evidencie prevádzkovateľa."
3678,907,7,D,"Odvodené z typu prevádzky, nie z ohlásenia o vzniku odpadu. Overiť podľa evidencie prevádzkovateľa."
3679,907,8,D,"Odvodené z typu prevádzky, nie z ohlásenia o vzniku odpadu. Overiť podľa evidencie prevádzkovateľa."
3680,907,9,D,"Odvodené z typu prevádzky, nie z ohlásenia o vzniku odpadu. Overiť podľa evidencie prevádzkovateľa."
3681,908,80,D,"Odvodené z typu prevádzky, nie z ohlásenia o vzniku odpadu. Overiť podľa evidencie prevádzkovateľa."
3682,908,78,D,"Odvodené z typu prevádzky, nie z ohlásenia o vzniku odpadu. Overiť podľa evidencie prevádzkovateľa."
3683,908,81,D,"Odvodené z typu prevádzky, nie z ohlásenia o vzniku odpadu. Overiť podľa evidencie prevádzkovateľa."
3684,908,82,D,"Odvodené z typu prevádzky, nie z ohlásenia o vzniku odpadu. Overiť podľa evidencie prevádzkovateľa."
3685,908,62,D,"Odvodené z typu prevádzky, nie z ohlásenia o vzniku odpadu. Overiť podľa evidencie prevádzkovateľa."
3686,909,1,D,"Odvodené z typu prevádzky, nie z ohlásenia o vzniku odpadu. Overiť podľa evidencie prevádzkovateľa."
3687,909,2,D,"Odvodené z typu prevádzky, nie z ohlásenia o vzniku odpadu. Overiť podľa evidencie prevádzkovateľa."
3688,909,3,D,"Odvodené z typu prevádzky, nie z ohlásenia o vzniku odpadu. Overiť podľa evidencie prevádzkovateľa."
3689,909,4,D,"Odvodené z typu prevádzky, nie z ohlásenia o vzniku odpadu. Overiť podľa evidencie prevádzkovateľa."
3690,910,80,D,"Odvodené z typu prevádzky, nie z ohlásenia o vzniku odpadu. Overiť podľa evidencie prevádzkovateľa."
3691,910,78,D,"Odvodené z typu prevádzky, nie z ohlásenia o vzniku odpadu. Overiť podľa evidencie prevádzkovateľa."
3692,910,81,D,"Odvodené z typu prevádzky, nie z ohlásenia o vzniku odpadu. Overiť podľa evidencie prevádzkovateľa."
3693,910,82,D,"Odvodené z typu prevádzky, nie z ohlásenia o vzniku odpadu. Overiť podľa evidencie prevádzkovateľa."
3694,910,70,D,"Odvodené z typu prevádzky, nie z ohlásenia o vzniku odpadu. Overiť podľa evidencie prevádzkovateľa."
3695,911,43,D,"Odvodené z typu prevádzky, nie z ohlásenia o vzniku odpadu. Overiť podľa evidencie prevádzkovateľa."
3696,911,44,D,"Odvodené z typu prevádzky, nie z ohlásenia o vzniku odpadu. Overiť podľa evidencie prevádzkovateľa."
3697,911,52,D,"Odvodené z typu prevádzky, nie z ohlásenia o vzniku odpadu. Overiť podľa evidencie prevádzkovateľa."
3698,911,35,D,"Odvodené z typu prevádzky, nie z ohlásenia o vzniku odpadu. Overiť podľa evidencie prevádzkovateľa."
3699,912,21,D,"Odvodené z typu prevádzky, nie z ohlásenia o vzniku odpadu. Overiť podľa evidencie prevádzkovateľa."
3700,912,56,D,"Odvodené z typu prevádzky, nie z ohlásenia o vzniku odpadu. Overiť podľa evidencie prevádzkovateľa."
3701,912,20,D,"Odvodené z typu prevádzky, nie z ohlásenia o vzniku odpadu. Overiť podľa evidencie prevádzkovateľa."
3702,912,58,D,"Odvodené z typu prevádzky, nie z ohlásenia o vzniku odpadu. Overiť podľa evidencie prevádzkovateľa."
3703,912,88,D,"Odvodené z typu prevádzky, nie z ohlásenia o vzniku odpadu. Overiť podľa evidencie prevádzkovateľa."
3704,912,89,D,"Odvodené z typu prevádzky, nie z ohlásenia o vzniku odpadu. Overiť podľa evidencie prevádzkovateľa."
3705,913,80,D,"Odvodené z typu prevádzky, nie z ohlásenia o vzniku odpadu. Overiť podľa evidencie prevádzkovateľa."
3706,913,78,D,"Odvodené z typu prevádzky, nie z ohlásenia o vzniku odpadu. Overiť podľa evidencie prevádzkovateľa."
3707,913,81,D,"Odvodené z typu prevádzky, nie z ohlásenia o vzniku odpadu. Overiť podľa evidencie prevádzkovateľa."
3708,913,82,D,"Odvodené z typu prevádzky, nie z ohlásenia o vzniku odpadu. Overiť podľa evidencie prevádzkovateľa."
3709,913,70,D,"Odvodené z typu prevádzky, nie z ohlásenia o vzniku odpadu. Overiť podľa evidencie prevádzkovateľa."
3710,914,79,D,"Odvodené z typu prevádzky, nie z ohlásenia o vzniku odpadu. Overiť podľa evidencie prevádzkovateľa."
3711,914,78,D,"Odvodené z typu prevádzky, nie z ohlásenia o vzniku odpadu. Overiť podľa evidencie prevádzkovateľa."
3712,914,81,D,"Odvodené z typu prevádzky, nie z ohlásenia o vzniku odpadu. Overiť podľa evidencie prevádzkovateľa."
3713,915,21,D,"Odvodené z typu prevádzky, nie z ohlásenia o vzniku odpadu. Overiť podľa evidencie prevádzkovateľa."
3714,915,56,D,"Odvodené z typu prevádzky, nie z ohlásenia o vzniku odpadu. Overiť podľa evidencie prevádzkovateľa."
3715,915,20,D,"Odvodené z typu prevádzky, nie z ohlásenia o vzniku odpadu. Overiť podľa evidencie prevádzkovateľa."
3716,915,58,D,"Odvodené z typu prevádzky, nie z ohlásenia o vzniku odpadu. Overiť podľa evidencie prevádzkovateľa."
3717,915,88,D,"Odvodené z typu prevádzky, nie z ohlásenia o vzniku odpadu. Overiť podľa evidencie prevádzkovateľa."
3718,915,89,D,"Odvodené z typu prevádzky, nie z ohlásenia o vzniku odpadu. Overiť podľa evidencie prevádzkovateľa."
3719,916,63,D,"Odvodené z typu prevádzky, nie z ohlásenia o vzniku odpadu. Overiť podľa evidencie prevádzkovateľa."
3720,916,62,D,"Odvodené z typu prevádzky, nie z ohlásenia o vzniku odpadu. Overiť podľa evidencie prevádzkovateľa."
3721,916,64,D,"Odvodené z typu prevádzky, nie z ohlásenia o vzniku odpadu. Overiť podľa evidencie prevádzkovateľa."
3722,916,70,D,"Odvodené z typu prevádzky, nie z ohlásenia o vzniku odpadu. Overiť podľa evidencie prevádzkovateľa."
3723,916,66,D,"Odvodené z typu prevádzky, nie z ohlásenia o vzniku odpadu. Overiť podľa evidencie prevádzkovateľa."
3724,917,54,D,"Odvodené z typu prevádzky, nie z ohlásenia o vzniku odpadu. Overiť podľa evidencie prevádzkovateľa."
3725,917,55,D,"Odvodené z typu prevádzky, nie z ohlásenia o vzniku odpadu. Overiť podľa evidencie prevádzkovateľa."
3726,917,57,D,"Odvodené z typu prevádzky, nie z ohlásenia o vzniku odpadu. Overiť podľa evidencie prevádzkovateľa."
3727,917,51,D,"Odvodené z typu prevádzky, nie z ohlásenia o vzniku odpadu. Overiť podľa evidencie prevádzkovateľa."
3728,917,58,D,"Odvodené z typu prevádzky, nie z ohlásenia o vzniku odpadu. Overiť podľa evidencie prevádzkovateľa."
3729,918,31,D,"Odvodené z typu prevádzky, nie z ohlásenia o vzniku odpadu. Overiť podľa evidencie prevádzkovateľa."
3730,918,32,D,"Odvodené z typu prevádzky, nie z ohlásenia o vzniku odpadu. Overiť podľa evidencie prevádzkovateľa."
3731,918,33,D,"Odvodené z typu prevádzky, nie z ohlásenia o vzniku odpadu. Overiť podľa evidencie prevádzkovateľa."
3732,919,7,D,"Odvodené z typu prevádzky, nie z ohlásenia o vzniku odpadu. Overiť podľa evidencie prevádzkovateľa."
3733,919,8,D,"Odvodené z typu prevádzky, nie z ohlásenia o vzniku odpadu. Overiť podľa evidencie prevádzkovateľa."
3734,919,9,D,"Odvodené z typu prevádzky, nie z ohlásenia o vzniku odpadu. Overiť podľa evidencie prevádzkovateľa."
3735,920,77,D,"Odvodené z typu prevádzky, nie z ohlásenia o vzniku odpadu. Overiť podľa evidencie prevádzkovateľa."
3736,920,78,D,"Odvodené z typu prevádzky, nie z ohlásenia o vzniku odpadu. Overiť podľa evidencie prevádzkovateľa."
3737,920,82,D,"Odvodené z typu prevádzky, nie z ohlásenia o vzniku odpadu. Overiť podľa evidencie prevádzkovateľa."
3738,920,62,D,"Odvodené z typu prevádzky, nie z ohlásenia o vzniku odpadu. Overiť podľa evidencie prevádzkovateľa."
3739,921,79,D,"Odvodené z typu prevádzky, nie z ohlásenia o vzniku odpadu. Overiť podľa evidencie prevádzkovateľa."
3740,921,78,D,"Odvodené z typu prevádzky, nie z ohlásenia o vzniku odpadu. Overiť podľa evidencie prevádzkovateľa."
3741,921,62,D,"Odvodené z typu prevádzky, nie z ohlásenia o vzniku odpadu. Overiť podľa evidencie prevádzkovateľa."
3742,922,21,D,"Odvodené z typu prevádzky, nie z ohlásenia o vzniku odpadu. Overiť podľa evidencie prevádzkovateľa."
3743,922,56,D,"Odvodené z typu prevádzky, nie z ohlásenia o vzniku odpadu. Overiť podľa evidencie prevádzkovateľa."
3744,922,20,D,"Odvodené z typu prevádzky, nie z ohlásenia o vzniku odpadu. Overiť podľa evidencie prevádzkovateľa."
3745,922,58,D,"Odvodené z typu prevádzky, nie z ohlásenia o vzniku odpadu. Overiť podľa evidencie prevádzkovateľa."
3746,922,88,D,"Odvodené z typu prevádzky, nie z ohlásenia o vzniku odpadu. Overiť podľa evidencie prevádzkovateľa."
3747,922,89,D,"Odvodené z typu prevádzky, nie z ohlásenia o vzniku odpadu. Overiť podľa evidencie prevádzkovateľa."
3748,923,22,D,"Odvodené z typu prevádzky, nie z ohlásenia o vzniku odpadu. Overiť podľa evidencie prevádzkovateľa."
3749,923,23,D,"Odvodené z typu prevádzky, nie z ohlásenia o vzniku odpadu. Overiť podľa evidencie prevádzkovateľa."
3750,923,24,D,"Odvodené z typu prevádzky, nie z ohlásenia o vzniku odpadu. Overiť podľa evidencie prevádzkovateľa."
3751,923,88,D,"Odvodené z typu prevádzky, nie z ohlásenia o vzniku odpadu. Overiť podľa evidencie prevádzkovateľa."
3752,923,91,D,"Odvodené z typu prevádzky, nie z ohlásenia o vzniku odpadu. Overiť podľa evidencie prevádzkovateľa."
3753,923,92,D,"Odvodené z typu prevádzky, nie z ohlásenia o vzniku odpadu. Overiť podľa evidencie prevádzkovateľa."
3754,924,72,D,"Odvodené z typu prevádzky, nie z ohlásenia o vzniku odpadu. Overiť podľa evidencie prevádzkovateľa."
3755,924,71,D,"Odvodené z typu prevádzky, nie z ohlásenia o vzniku odpadu. Overiť podľa evidencie prevádzkovateľa."
3756,924,73,D,"Odvodené z typu prevádzky, nie z ohlásenia o vzniku odpadu. Overiť podľa evidencie prevádzkovateľa."
3757,925,72,D,"Odvodené z typu prevádzky, nie z ohlásenia o vzniku odpadu. Overiť podľa evidencie prevádzkovateľa."
3758,925,71,D,"Odvodené z typu prevádzky, nie z ohlásenia o vzniku odpadu. Overiť podľa evidencie prevádzkovateľa."
3759,925,73,D,"Odvodené z typu prevádzky, nie z ohlásenia o vzniku odpadu. Overiť podľa evidencie prevádzkovateľa."
3760,926,21,D,"Odvodené z typu prevádzky, nie z ohlásenia o vzniku odpadu. Overiť podľa evidencie prevádzkovateľa."
3761,926,56,D,"Odvodené z typu prevádzky, nie z ohlásenia o vzniku odpadu. Overiť podľa evidencie prevádzkovateľa."
3762,926,20,D,"Odvodené z typu prevádzky, nie z ohlásenia o vzniku odpadu. Overiť podľa evidencie prevádzkovateľa."
3763,926,58,D,"Odvodené z typu prevádzky, nie z ohlásenia o vzniku odpadu. Overiť podľa evidencie prevádzkovateľa."
3764,926,88,D,"Odvodené z typu prevádzky, nie z ohlásenia o vzniku odpadu. Overiť podľa evidencie prevádzkovateľa."
3765,926,89,D,"Odvodené z typu prevádzky, nie z ohlásenia o vzniku odpadu. Overiť podľa evidencie prevádzkovateľa."
3766,927,1,D,"Odvodené z typu prevádzky, nie z ohlásenia o vzniku odpadu. Overiť podľa evidencie prevádzkovateľa."
3767,927,2,D,"Odvodené z typu prevádzky, nie z ohlásenia o vzniku odpadu. Overiť podľa evidencie prevádzkovateľa."
3768,927,3,D,"Odvodené z typu prevádzky, nie z ohlásenia o vzniku odpadu. Overiť podľa evidencie prevádzkovateľa."
3769,927,4,D,"Odvodené z typu prevádzky, nie z ohlásenia o vzniku odpadu. Overiť podľa evidencie prevádzkovateľa."
3770,928,72,D,"Odvodené z typu prevádzky, nie z ohlásenia o vzniku odpadu. Overiť podľa evidencie prevádzkovateľa."
3771,928,71,D,"Odvodené z typu prevádzky, nie z ohlásenia o vzniku odpadu. Overiť podľa evidencie prevádzkovateľa."
3772,928,73,D,"Odvodené z typu prevádzky, nie z ohlásenia o vzniku odpadu. Overiť podľa evidencie prevádzkovateľa."
3773,929,59,D,"Odvodené z typu prevádzky, nie z ohlásenia o vzniku odpadu. Overiť podľa evidencie prevádzkovateľa."
3774,929,60,D,"Odvodené z typu prevádzky, nie z ohlásenia o vzniku odpadu. Overiť podľa evidencie prevádzkovateľa."
3775,929,61,D,"Odvodené z typu prevádzky, nie z ohlásenia o vzniku odpadu. Overiť podľa evidencie prevádzkovateľa."
3776,929,62,D,"Odvodené z typu prevádzky, nie z ohlásenia o vzniku odpadu. Overiť podľa evidencie prevádzkovateľa."
3777,929,65,D,"Odvodené z typu prevádzky, nie z ohlásenia o vzniku odpadu. Overiť podľa evidencie prevádzkovateľa."
3778,930,79,D,"Odvodené z typu prevádzky, nie z ohlásenia o vzniku odpadu. Overiť podľa evidencie prevádzkovateľa."
3779,930,78,D,"Odvodené z typu prevádzky, nie z ohlásenia o vzniku odpadu. Overiť podľa evidencie prevádzkovateľa."
3780,930,62,D,"Odvodené z typu prevádzky, nie z ohlásenia o vzniku odpadu. Overiť podľa evidencie prevádzkovateľa."
3781,931,79,D,"Odvodené z typu prevádzky, nie z ohlásenia o vzniku odpadu. Overiť podľa evidencie prevádzkovateľa."
3782,931,78,D,"Odvodené z typu prevádzky, nie z ohlásenia o vzniku odpadu. Overiť podľa evidencie prevádzkovateľa."
3783,931,62,D,"Odvodené z typu prevádzky, nie z ohlásenia o vzniku odpadu. Overiť podľa evidencie prevádzkovateľa."
3784,932,22,D,"Odvodené z typu prevádzky, nie z ohlásenia o vzniku odpadu. Overiť podľa evidencie prevádzkovateľa."
3785,932,23,D,"Odvodené z typu prevádzky, nie z ohlásenia o vzniku odpadu. Overiť podľa evidencie prevádzkovateľa."
3786,932,24,D,"Odvodené z typu prevádzky, nie z ohlásenia o vzniku odpadu. Overiť podľa evidencie prevádzkovateľa."
3787,932,88,D,"Odvodené z typu prevádzky, nie z ohlásenia o vzniku odpadu. Overiť podľa evidencie prevádzkovateľa."
3788,932,91,D,"Odvodené z typu prevádzky, nie z ohlásenia o vzniku odpadu. Overiť podľa evidencie prevádzkovateľa."
3789,932,92,D,"Odvodené z typu prevádzky, nie z ohlásenia o vzniku odpadu. Overiť podľa evidencie prevádzkovateľa."
3790,933,11,D,"Odvodené z typu prevádzky, nie z ohlásenia o vzniku odpadu. Overiť podľa evidencie prevádzkovateľa."
3791,933,12,D,"Odvodené z typu prevádzky, nie z ohlásenia o vzniku odpadu. Overiť podľa evidencie prevádzkovateľa."
3792,933,52,D,"Odvodené z typu prevádzky, nie z ohlásenia o vzniku odpadu. Overiť podľa evidencie prevádzkovateľa."
3793,934,1,D,"Odvodené z typu prevádzky, nie z ohlásenia o vzniku odpadu. Overiť podľa evidencie prevádzkovateľa."
3794,934,2,D,"Odvodené z typu prevádzky, nie z ohlásenia o vzniku odpadu. Overiť podľa evidencie prevádzkovateľa."
3795,934,3,D,"Odvodené z typu prevádzky, nie z ohlásenia o vzniku odpadu. Overiť podľa evidencie prevádzkovateľa."
3796,934,4,D,"Odvodené z typu prevádzky, nie z ohlásenia o vzniku odpadu. Overiť podľa evidencie prevádzkovateľa."
3797,935,77,D,"Odvodené z typu prevádzky, nie z ohlásenia o vzniku odpadu. Overiť podľa evidencie prevádzkovateľa."
3798,935,78,D,"Odvodené z typu prevádzky, nie z ohlásenia o vzniku odpadu. Overiť podľa evidencie prevádzkovateľa."
3799,935,81,D,"Odvodené z typu prevádzky, nie z ohlásenia o vzniku odpadu. Overiť podľa evidencie prevádzkovateľa."
3800,936,14,D,"Odvodené z typu prevádzky, nie z ohlásenia o vzniku odpadu. Overiť podľa evidencie prevádzkovateľa."
3801,936,15,D,"Odvodené z typu prevádzky, nie z ohlásenia o vzniku odpadu. Overiť podľa evidencie prevádzkovateľa."
3802,936,16,D,"Odvodené z typu prevádzky, nie z ohlásenia o vzniku odpadu. Overiť podľa evidencie prevádzkovateľa."
3803,936,17,D,"Odvodené z typu prevádzky, nie z ohlásenia o vzniku odpadu. Overiť podľa evidencie prevádzkovateľa."
3804,936,18,D,"Odvodené z typu prevádzky, nie z ohlásenia o vzniku odpadu. Overiť podľa evidencie prevádzkovateľa."
3805,937,72,D,"Odvodené z typu prevádzky, nie z ohlásenia o vzniku odpadu. Overiť podľa evidencie prevádzkovateľa."
3806,937,71,D,"Odvodené z typu prevádzky, nie z ohlásenia o vzniku odpadu. Overiť podľa evidencie prevádzkovateľa."
3807,937,73,D,"Odvodené z typu prevádzky, nie z ohlásenia o vzniku odpadu. Overiť podľa evidencie prevádzkovateľa."
3808,938,1,D,"Odvodené z typu prevádzky, nie z ohlásenia o vzniku odpadu. Overiť podľa evidencie prevádzkovateľa."
3809,938,2,D,"Odvodené z typu prevádzky, nie z ohlásenia o vzniku odpadu. Overiť podľa evidencie prevádzkovateľa."
3810,938,3,D,"Odvodené z typu prevádzky, nie z ohlásenia o vzniku odpadu. Overiť podľa evidencie prevádzkovateľa."
3811,938,4,D,"Odvodené z typu prevádzky, nie z ohlásenia o vzniku odpadu. Overiť podľa evidencie prevádzkovateľa."
3812,939,22,D,"Odvodené z typu prevádzky, nie z ohlásenia o vzniku odpadu. Overiť podľa evidencie prevádzkovateľa."
3813,939,23,D,"Odvodené z typu prevádzky, nie z ohlásenia o vzniku odpadu. Overiť podľa evidencie prevádzkovateľa."
3814,939,24,D,"Odvodené z typu prevádzky, nie z ohlásenia o vzniku odpadu. Overiť podľa evidencie prevádzkovateľa."
3815,939,88,D,"Odvodené z typu prevádzky, nie z ohlásenia o vzniku odpadu. Overiť podľa evidencie prevádzkovateľa."
3816,939,91,D,"Odvodené z typu prevádzky, nie z ohlásenia o vzniku odpadu. Overiť podľa evidencie prevádzkovateľa."
3817,939,92,D,"Odvodené z typu prevádzky, nie z ohlásenia o vzniku odpadu. Overiť podľa evidencie prevádzkovateľa."
3818,940,11,D,"Odvodené z typu prevádzky, nie z ohlásenia o vzniku odpadu. Overiť podľa evidencie prevádzkovateľa."
3819,940,12,D,"Odvodené z typu prevádzky, nie z ohlásenia o vzniku odpadu. Overiť podľa evidencie prevádzkovateľa."
3820,940,52,D,"Odvodené z typu prevádzky, nie z ohlásenia o vzniku odpadu. Overiť podľa evidencie prevádzkovateľa."
3821,941,59,D,"Odvodené z typu prevádzky, nie z ohlásenia o vzniku odpadu. Overiť podľa evidencie prevádzkovateľa."
3822,941,60,D,"Odvodené z typu prevádzky, nie z ohlásenia o vzniku odpadu. Overiť podľa evidencie prevádzkovateľa."
3823,941,61,D,"Odvodené z typu prevádzky, nie z ohlásenia o vzniku odpadu. Overiť podľa evidencie prevádzkovateľa."
3824,941,62,D,"Odvodené z typu prevádzky, nie z ohlásenia o vzniku odpadu. Overiť podľa evidencie prevádzkovateľa."
3825,941,65,D,"Odvodené z typu prevádzky, nie z ohlásenia o vzniku odpadu. Overiť podľa evidencie prevádzkovateľa."
3826,942,21,D,"Odvodené z typu prevádzky, nie z ohlásenia o vzniku odpadu. Overiť podľa evidencie prevádzkovateľa."
3827,942,56,D,"Odvodené z typu prevádzky, nie z ohlásenia o vzniku odpadu. Overiť podľa evidencie prevádzkovateľa."
3828,942,20,D,"Odvodené z typu prevádzky, nie z ohlásenia o vzniku odpadu. Overiť podľa evidencie prevádzkovateľa."
3829,942,58,D,"Odvodené z typu prevádzky, nie z ohlásenia o vzniku odpadu. Overiť podľa evidencie prevádzkovateľa."
3830,942,88,D,"Odvodené z typu prevádzky, nie z ohlásenia o vzniku odpadu. Overiť podľa evidencie prevádzkovateľa."
3831,942,89,D,"Odvodené z typu prevádzky, nie z ohlásenia o vzniku odpadu. Overiť podľa evidencie prevádzkovateľa."
3832,943,79,D,"Odvodené z typu prevádzky, nie z ohlásenia o vzniku odpadu. Overiť podľa evidencie prevádzkovateľa."
3833,943,78,D,"Odvodené z typu prevádzky, nie z ohlásenia o vzniku odpadu. Overiť podľa evidencie prevádzkovateľa."
3834,943,62,D,"Odvodené z typu prevádzky, nie z ohlásenia o vzniku odpadu. Overiť podľa evidencie prevádzkovateľa."
3835,944,77,D,"Odvodené z typu prevádzky, nie z ohlásenia o vzniku odpadu. Overiť podľa evidencie prevádzkovateľa."
3836,944,78,D,"Odvodené z typu prevádzky, nie z ohlásenia o vzniku odpadu. Overiť podľa evidencie prevádzkovateľa."
3837,944,81,D,"Odvodené z typu prevádzky, nie z ohlásenia o vzniku odpadu. Overiť podľa evidencie prevádzkovateľa."
3838,944,62,D,"Odvodené z typu prevádzky, nie z ohlásenia o vzniku odpadu. Overiť podľa evidencie prevádzkovateľa."
3839,945,77,D,"Odvodené z typu prevádzky, nie z ohlásenia o vzniku odpadu. Overiť podľa evidencie prevádzkovateľa."
3840,945,78,D,"Odvodené z typu prevádzky, nie z ohlásenia o vzniku odpadu. Overiť podľa evidencie prevádzkovateľa."
3841,945,62,D,"Odvodené z typu prevádzky, nie z ohlásenia o vzniku odpadu. Overiť podľa evidencie prevádzkovateľa."
3842,946,77,D,"Odvodené z typu prevádzky, nie z ohlásenia o vzniku odpadu. Overiť podľa evidencie prevádzkovateľa."
3843,946,78,D,"Odvodené z typu prevádzky, nie z ohlásenia o vzniku odpadu. Overiť podľa evidencie prevádzkovateľa."
3844,946,81,D,"Odvodené z typu prevádzky, nie z ohlásenia o vzniku odpadu. Overiť podľa evidencie prevádzkovateľa."
3845,947,22,D,"Odvodené z typu prevádzky, nie z ohlásenia o vzniku odpadu. Overiť podľa evidencie prevádzkovateľa."
3846,947,23,D,"Odvodené z typu prevádzky, nie z ohlásenia o vzniku odpadu. Overiť podľa evidencie prevádzkovateľa."
3847,947,24,D,"Odvodené z typu prevádzky, nie z ohlásenia o vzniku odpadu. Overiť podľa evidencie prevádzkovateľa."
3848,947,88,D,"Odvodené z typu prevádzky, nie z ohlásenia o vzniku odpadu. Overiť podľa evidencie prevádzkovateľa."
3849,947,91,D,"Odvodené z typu prevádzky, nie z ohlásenia o vzniku odpadu. Overiť podľa evidencie prevádzkovateľa."
3850,947,92,D,"Odvodené z typu prevádzky, nie z ohlásenia o vzniku odpadu. Overiť podľa evidencie prevádzkovateľa."
3851,948,63,D,"Odvodené z typu prevádzky, nie z ohlásenia o vzniku odpadu. Overiť podľa evidencie prevádzkovateľa."
3852,948,62,D,"Odvodené z typu prevádzky, nie z ohlásenia o vzniku odpadu. Overiť podľa evidencie prevádzkovateľa."
3853,948,64,D,"Odvodené z typu prevádzky, nie z ohlásenia o vzniku odpadu. Overiť podľa evidencie prevádzkovateľa."
3854,948,70,D,"Odvodené z typu prevádzky, nie z ohlásenia o vzniku odpadu. Overiť podľa evidencie prevádzkovateľa."
3855,948,66,D,"Odvodené z typu prevádzky, nie z ohlásenia o vzniku odpadu. Overiť podľa evidencie prevádzkovateľa."
3856,949,59,D,"Odvodené z typu prevádzky, nie z ohlásenia o vzniku odpadu. Overiť podľa evidencie prevádzkovateľa."
3857,949,60,D,"Odvodené z typu prevádzky, nie z ohlásenia o vzniku odpadu. Overiť podľa evidencie prevádzkovateľa."
3858,949,61,D,"Odvodené z typu prevádzky, nie z ohlásenia o vzniku odpadu. Overiť podľa evidencie prevádzkovateľa."
3859,949,62,D,"Odvodené z typu prevádzky, nie z ohlásenia o vzniku odpadu. Overiť podľa evidencie prevádzkovateľa."
3860,949,65,D,"Odvodené z typu prevádzky, nie z ohlásenia o vzniku odpadu. Overiť podľa evidencie prevádzkovateľa."
3861,950,72,D,"Odvodené z typu prevádzky, nie z ohlásenia o vzniku odpadu. Overiť podľa evidencie prevádzkovateľa."
3862,950,71,D,"Odvodené z typu prevádzky, nie z ohlásenia o vzniku odpadu. Overiť podľa evidencie prevádzkovateľa."
3863,950,73,D,"Odvodené z typu prevádzky, nie z ohlásenia o vzniku odpadu. Overiť podľa evidencie prevádzkovateľa."
3864,951,43,D,"Odvodené z typu prevádzky, nie z ohlásenia o vzniku odpadu. Overiť podľa evidencie prevádzkovateľa."
3865,951,44,D,"Odvodené z typu prevádzky, nie z ohlásenia o vzniku odpadu. Overiť podľa evidencie prevádzkovateľa."
3866,951,52,D,"Odvodené z typu prevádzky, nie z ohlásenia o vzniku odpadu. Overiť podľa evidencie prevádzkovateľa."
3867,951,35,D,"Odvodené z typu prevádzky, nie z ohlásenia o vzniku odpadu. Overiť podľa evidencie prevádzkovateľa."
3868,952,43,D,"Odvodené z typu prevádzky, nie z ohlásenia o vzniku odpadu. Overiť podľa evidencie prevádzkovateľa."
3869,952,44,D,"Odvodené z typu prevádzky, nie z ohlásenia o vzniku odpadu. Overiť podľa evidencie prevádzkovateľa."
3870,952,52,D,"Odvodené z typu prevádzky, nie z ohlásenia o vzniku odpadu. Overiť podľa evidencie prevádzkovateľa."
3871,952,35,D,"Odvodené z typu prevádzky, nie z ohlásenia o vzniku odpadu. Overiť podľa evidencie prevádzkovateľa."
3872,953,72,D,"Odvodené z typu prevádzky, nie z ohlásenia o vzniku odpadu. Overiť podľa evidencie prevádzkovateľa."
3873,953,71,D,"Odvodené z typu prevádzky, nie z ohlásenia o vzniku odpadu. Overiť podľa evidencie prevádzkovateľa."
3874,953,73,D,"Odvodené z typu prevádzky, nie z ohlásenia o vzniku odpadu. Overiť podľa evidencie prevádzkovateľa."
3875,954,41,D,"Odvodené z typu prevádzky, nie z ohlásenia o vzniku odpadu. Overiť podľa evidencie prevádzkovateľa."
3876,954,42,D,"Odvodené z typu prevádzky, nie z ohlásenia o vzniku odpadu. Overiť podľa evidencie prevádzkovateľa."
3877,955,43,D,"Odvodené z typu prevádzky, nie z ohlásenia o vzniku odpadu. Overiť podľa evidencie prevádzkovateľa."
3878,955,44,D,"Odvodené z typu prevádzky, nie z ohlásenia o vzniku odpadu. Overiť podľa evidencie prevádzkovateľa."
3879,955,52,D,"Odvodené z typu prevádzky, nie z ohlásenia o vzniku odpadu. Overiť podľa evidencie prevádzkovateľa."
3880,955,35,D,"Odvodené z typu prevádzky, nie z ohlásenia o vzniku odpadu. Overiť podľa evidencie prevádzkovateľa."
3881,956,77,D,"Odvodené z typu prevádzky, nie z ohlásenia o vzniku odpadu. Overiť podľa evidencie prevádzkovateľa."
3882,956,78,D,"Odvodené z typu prevádzky, nie z ohlásenia o vzniku odpadu. Overiť podľa evidencie prevádzkovateľa."
3883,956,81,D,"Odvodené z typu prevádzky, nie z ohlásenia o vzniku odpadu. Overiť podľa evidencie prevádzkovateľa."
3884,956,62,D,"Odvodené z typu prevádzky, nie z ohlásenia o vzniku odpadu. Overiť podľa evidencie prevádzkovateľa."
3885,957,11,D,"Odvodené z typu prevádzky, nie z ohlásenia o vzniku odpadu. Overiť podľa evidencie prevádzkovateľa."
3886,957,12,D,"Odvodené z typu prevádzky, nie z ohlásenia o vzniku odpadu. Overiť podľa evidencie prevádzkovateľa."
3887,957,52,D,"Odvodené z typu prevádzky, nie z ohlásenia o vzniku odpadu. Overiť podľa evidencie prevádzkovateľa."
3888,958,77,D,"Odvodené z typu prevádzky, nie z ohlásenia o vzniku odpadu. Overiť podľa evidencie prevádzkovateľa."
3889,958,78,D,"Odvodené z typu prevádzky, nie z ohlásenia o vzniku odpadu. Overiť podľa evidencie prevádzkovateľa."
3890,958,62,D,"Odvodené z typu prevádzky, nie z ohlásenia o vzniku odpadu. Overiť podľa evidencie prevádzkovateľa."
3891,959,77,D,"Odvodené z typu prevádzky, nie z ohlásenia o vzniku odpadu. Overiť podľa evidencie prevádzkovateľa."
3892,959,78,D,"Odvodené z typu prevádzky, nie z ohlásenia o vzniku odpadu. Overiť podľa evidencie prevádzkovateľa."
3893,959,81,D,"Odvodené z typu prevádzky, nie z ohlásenia o vzniku odpadu. Overiť podľa evidencie prevádzkovateľa."
3894,959,62,D,"Odvodené z typu prevádzky, nie z ohlásenia o vzniku odpadu. Overiť podľa evidencie prevádzkovateľa."
3895,960,21,D,"Odvodené z typu prevádzky, nie z ohlásenia o vzniku odpadu. Overiť podľa evidencie prevádzkovateľa."
3896,960,56,D,"Odvodené z typu prevádzky, nie z ohlásenia o vzniku odpadu. Overiť podľa evidencie prevádzkovateľa."
3897,960,20,D,"Odvodené z typu prevádzky, nie z ohlásenia o vzniku odpadu. Overiť podľa evidencie prevádzkovateľa."
3898,960,58,D,"Odvodené z typu prevádzky, nie z ohlásenia o vzniku odpadu. Overiť podľa evidencie prevádzkovateľa."
3899,960,88,D,"Odvodené z typu prevádzky, nie z ohlásenia o vzniku odpadu. Overiť podľa evidencie prevádzkovateľa."
3900,960,89,D,"Odvodené z typu prevádzky, nie z ohlásenia o vzniku odpadu. Overiť podľa evidencie prevádzkovateľa."
3901,961,72,D,"Odvodené z typu prevádzky, nie z ohlásenia o vzniku odpadu. Overiť podľa evidencie prevádzkovateľa."
3902,961,71,D,"Odvodené z typu prevádzky, nie z ohlásenia o vzniku odpadu. Overiť podľa evidencie prevádzkovateľa."
3903,961,73,D,"Odvodené z typu prevádzky, nie z ohlásenia o vzniku odpadu. Overiť podľa evidencie prevádzkovateľa."
3904,962,43,D,"Odvodené z typu prevádzky, nie z ohlásenia o vzniku odpadu. Overiť podľa evidencie prevádzkovateľa."
3905,962,44,D,"Odvodené z typu prevádzky, nie z ohlásenia o vzniku odpadu. Overiť podľa evidencie prevádzkovateľa."
3906,962,52,D,"Odvodené z typu prevádzky, nie z ohlásenia o vzniku odpadu. Overiť podľa evidencie prevádzkovateľa."
3907,962,35,D,"Odvodené z typu prevádzky, nie z ohlásenia o vzniku odpadu. Overiť podľa evidencie prevádzkovateľa."
3908,963,72,D,"Odvodené z typu prevádzky, nie z ohlásenia o vzniku odpadu. Overiť podľa evidencie prevádzkovateľa."
3909,963,71,D,"Odvodené z typu prevádzky, nie z ohlásenia o vzniku odpadu. Overiť podľa evidencie prevádzkovateľa."
3910,963,73,D,"Odvodené z typu prevádzky, nie z ohlásenia o vzniku odpadu. Overiť podľa evidencie prevádzkovateľa."
3911,964,77,D,"Odvodené z typu prevádzky, nie z ohlásenia o vzniku odpadu. Overiť podľa evidencie prevádzkovateľa."
3912,964,78,D,"Odvodené z typu prevádzky, nie z ohlásenia o vzniku odpadu. Overiť podľa evidencie prevádzkovateľa."
3913,964,62,D,"Odvodené z typu prevádzky, nie z ohlásenia o vzniku odpadu. Overiť podľa evidencie prevádzkovateľa."
3914,965,77,D,"Odvodené z typu prevádzky, nie z ohlásenia o vzniku odpadu. Overiť podľa evidencie prevádzkovateľa."
3915,965,78,D,"Odvodené z typu prevádzky, nie z ohlásenia o vzniku odpadu. Overiť podľa evidencie prevádzkovateľa."
3916,965,62,D,"Odvodené z typu prevádzky, nie z ohlásenia o vzniku odpadu. Overiť podľa evidencie prevádzkovateľa."
3917,966,72,D,"Odvodené z typu prevádzky, nie z ohlásenia o vzniku odpadu. Overiť podľa evidencie prevádzkovateľa."
3918,966,71,D,"Odvodené z typu prevádzky, nie z ohlásenia o vzniku odpadu. Overiť podľa evidencie prevádzkovateľa."
3919,966,73,D,"Odvodené z typu prevádzky, nie z ohlásenia o vzniku odpadu. Overiť podľa evidencie prevádzkovateľa."
3920,967,59,D,"Odvodené z typu prevádzky, nie z ohlásenia o vzniku odpadu. Overiť podľa evidencie prevádzkovateľa."
3921,967,60,D,"Odvodené z typu prevádzky, nie z ohlásenia o vzniku odpadu. Overiť podľa evidencie prevádzkovateľa."
3922,967,61,D,"Odvodené z typu prevádzky, nie z ohlásenia o vzniku odpadu. Overiť podľa evidencie prevádzkovateľa."
3923,967,62,D,"Odvodené z typu prevádzky, nie z ohlásenia o vzniku odpadu. Overiť podľa evidencie prevádzkovateľa."
3924,967,65,D,"Odvodené z typu prevádzky, nie z ohlásenia o vzniku odpadu. Overiť podľa evidencie prevádzkovateľa."
3925,968,77,D,"Odvodené z typu prevádzky, nie z ohlásenia o vzniku odpadu. Overiť podľa evidencie prevádzkovateľa."
3926,968,78,D,"Odvodené z typu prevádzky, nie z ohlásenia o vzniku odpadu. Overiť podľa evidencie prevádzkovateľa."
3927,968,81,D,"Odvodené z typu prevádzky, nie z ohlásenia o vzniku odpadu. Overiť podľa evidencie prevádzkovateľa."
3928,968,62,D,"Odvodené z typu prevádzky, nie z ohlásenia o vzniku odpadu. Overiť podľa evidencie prevádzkovateľa."
3929,969,59,D,"Odvodené z typu prevádzky, nie z ohlásenia o vzniku odpadu. Overiť podľa evidencie prevádzkovateľa."
3930,969,60,D,"Odvodené z typu prevádzky, nie z ohlásenia o vzniku odpadu. Overiť podľa evidencie prevádzkovateľa."
3931,969,61,D,"Odvodené z typu prevádzky, nie z ohlásenia o vzniku odpadu. Overiť podľa evidencie prevádzkovateľa."
3932,969,62,D,"Odvodené z typu prevádzky, nie z ohlásenia o vzniku odpadu. Overiť podľa evidencie prevádzkovateľa."
3933,969,65,D,"Odvodené z typu prevádzky, nie z ohlásenia o vzniku odpadu. Overiť podľa evidencie prevádzkovateľa."
3934,970,22,D,"Odvodené z typu prevádzky, nie z ohlásenia o vzniku odpadu. Overiť podľa evidencie prevádzkovateľa."
3935,970,23,D,"Odvodené z typu prevádzky, nie z ohlásenia o vzniku odpadu. Overiť podľa evidencie prevádzkovateľa."
3936,970,24,D,"Odvodené z typu prevádzky, nie z ohlásenia o vzniku odpadu. Overiť podľa evidencie prevádzkovateľa."
3937,970,88,D,"Odvodené z typu prevádzky, nie z ohlásenia o vzniku odpadu. Overiť podľa evidencie prevádzkovateľa."
3938,970,91,D,"Odvodené z typu prevádzky, nie z ohlásenia o vzniku odpadu. Overiť podľa evidencie prevádzkovateľa."
3939,970,92,D,"Odvodené z typu prevádzky, nie z ohlásenia o vzniku odpadu. Overiť podľa evidencie prevádzkovateľa."
3940,971,14,D,"Odvodené z typu prevádzky, nie z ohlásenia o vzniku odpadu. Overiť podľa evidencie prevádzkovateľa."
3941,971,15,D,"Odvodené z typu prevádzky, nie z ohlásenia o vzniku odpadu. Overiť podľa evidencie prevádzkovateľa."
3942,971,46,D,"Odvodené z typu prevádzky, nie z ohlásenia o vzniku odpadu. Overiť podľa evidencie prevádzkovateľa."
3943,971,18,D,"Odvodené z typu prevádzky, nie z ohlásenia o vzniku odpadu. Overiť podľa evidencie prevádzkovateľa."
3944,972,41,D,"Odvodené z typu prevádzky, nie z ohlásenia o vzniku odpadu. Overiť podľa evidencie prevádzkovateľa."
3945,972,42,D,"Odvodené z typu prevádzky, nie z ohlásenia o vzniku odpadu. Overiť podľa evidencie prevádzkovateľa."
3946,973,79,D,"Odvodené z typu prevádzky, nie z ohlásenia o vzniku odpadu. Overiť podľa evidencie prevádzkovateľa."
3947,973,78,D,"Odvodené z typu prevádzky, nie z ohlásenia o vzniku odpadu. Overiť podľa evidencie prevádzkovateľa."
3948,973,62,D,"Odvodené z typu prevádzky, nie z ohlásenia o vzniku odpadu. Overiť podľa evidencie prevádzkovateľa."
3949,974,79,D,"Odvodené z typu prevádzky, nie z ohlásenia o vzniku odpadu. Overiť podľa evidencie prevádzkovateľa."
3950,974,78,D,"Odvodené z typu prevádzky, nie z ohlásenia o vzniku odpadu. Overiť podľa evidencie prevádzkovateľa."
3951,974,62,D,"Odvodené z typu prevádzky, nie z ohlásenia o vzniku odpadu. Overiť podľa evidencie prevádzkovateľa."
3952,975,59,D,"Odvodené z typu prevádzky, nie z ohlásenia o vzniku odpadu. Overiť podľa evidencie prevádzkovateľa."
3953,975,60,D,"Odvodené z typu prevádzky, nie z ohlásenia o vzniku odpadu. Overiť podľa evidencie prevádzkovateľa."
3954,975,61,D,"Odvodené z typu prevádzky, nie z ohlásenia o vzniku odpadu. Overiť podľa evidencie prevádzkovateľa."
3955,975,62,D,"Odvodené z typu prevádzky, nie z ohlásenia o vzniku odpadu. Overiť podľa evidencie prevádzkovateľa."
3956,975,65,D,"Odvodené z typu prevádzky, nie z ohlásenia o vzniku odpadu. Overiť podľa evidencie prevádzkovateľa."
3957,976,79,D,"Odvodené z typu prevádzky, nie z ohlásenia o vzniku odpadu. Overiť podľa evidencie prevádzkovateľa."
3958,976,78,D,"Odvodené z typu prevádzky, nie z ohlásenia o vzniku odpadu. Overiť podľa evidencie prevádzkovateľa."
3959,976,62,D,"Odvodené z typu prevádzky, nie z ohlásenia o vzniku odpadu. Overiť podľa evidencie prevádzkovateľa."
3960,977,77,D,"Odvodené z typu prevádzky, nie z ohlásenia o vzniku odpadu. Overiť podľa evidencie prevádzkovateľa."
3961,977,78,D,"Odvodené z typu prevádzky, nie z ohlásenia o vzniku odpadu. Overiť podľa evidencie prevádzkovateľa."
3962,977,81,D,"Odvodené z typu prevádzky, nie z ohlásenia o vzniku odpadu. Overiť podľa evidencie prevádzkovateľa."
3963,977,62,D,"Odvodené z typu prevádzky, nie z ohlásenia o vzniku odpadu. Overiť podľa evidencie prevádzkovateľa."
3964,978,77,D,"Odvodené z typu prevádzky, nie z ohlásenia o vzniku odpadu. Overiť podľa evidencie prevádzkovateľa."
3965,978,78,D,"Odvodené z typu prevádzky, nie z ohlásenia o vzniku odpadu. Overiť podľa evidencie prevádzkovateľa."
3966,978,81,D,"Odvodené z typu prevádzky, nie z ohlásenia o vzniku odpadu. Overiť podľa evidencie prevádzkovateľa."
3967,978,62,D,"Odvodené z typu prevádzky, nie z ohlásenia o vzniku odpadu. Overiť podľa evidencie prevádzkovateľa."
3968,979,77,D,"Odvodené z typu prevádzky, nie z ohlásenia o vzniku odpadu. Overiť podľa evidencie prevádzkovateľa."
3969,979,78,D,"Odvodené z typu prevádzky, nie z ohlásenia o vzniku odpadu. Overiť podľa evidencie prevádzkovateľa."
3970,979,62,D,"Odvodené z typu prevádzky, nie z ohlásenia o vzniku odpadu. Overiť podľa evidencie prevádzkovateľa."
3971,980,77,D,"Odvodené z typu prevádzky, nie z ohlásenia o vzniku odpadu. Overiť podľa evidencie prevádzkovateľa."
3972,980,78,D,"Odvodené z typu prevádzky, nie z ohlásenia o vzniku odpadu. Overiť podľa evidencie prevádzkovateľa."
3973,980,81,D,"Odvodené z typu prevádzky, nie z ohlásenia o vzniku odpadu. Overiť podľa evidencie prevádzkovateľa."
3974,980,62,D,"Odvodené z typu prevádzky, nie z ohlásenia o vzniku odpadu. Overiť podľa evidencie prevádzkovateľa."
3975,981,59,D,"Odvodené z typu prevádzky, nie z ohlásenia o vzniku odpadu. Overiť podľa evidencie prevádzkovateľa."
3976,981,60,D,"Odvodené z typu prevádzky, nie z ohlásenia o vzniku odpadu. Overiť podľa evidencie prevádzkovateľa."
3977,981,61,D,"Odvodené z typu prevádzky, nie z ohlásenia o vzniku odpadu. Overiť podľa evidencie prevádzkovateľa."
3978,981,62,D,"Odvodené z typu prevádzky, nie z ohlásenia o vzniku odpadu. Overiť podľa evidencie prevádzkovateľa."
3979,981,65,D,"Odvodené z typu prevádzky, nie z ohlásenia o vzniku odpadu. Overiť podľa evidencie prevádzkovateľa."
3980,982,77,D,"Odvodené z typu prevádzky, nie z ohlásenia o vzniku odpadu. Overiť podľa evidencie prevádzkovateľa."
3981,982,78,D,"Odvodené z typu prevádzky, nie z ohlásenia o vzniku odpadu. Overiť podľa evidencie prevádzkovateľa."
3982,982,81,D,"Odvodené z typu prevádzky, nie z ohlásenia o vzniku odpadu. Overiť podľa evidencie prevádzkovateľa."
3983,982,62,D,"Odvodené z typu prevádzky, nie z ohlásenia o vzniku odpadu. Overiť podľa evidencie prevádzkovateľa."
3984,983,77,D,"Odvodené z typu prevádzky, nie z ohlásenia o vzniku odpadu. Overiť podľa evidencie prevádzkovateľa."
3985,983,78,D,"Odvodené z typu prevádzky, nie z ohlásenia o vzniku odpadu. Overiť podľa evidencie prevádzkovateľa."
3986,983,81,D,"Odvodené z typu prevádzky, nie z ohlásenia o vzniku odpadu. Overiť podľa evidencie prevádzkovateľa."
3987,983,62,D,"Odvodené z typu prevádzky, nie z ohlásenia o vzniku odpadu. Overiť podľa evidencie prevádzkovateľa."
3988,984,77,D,"Odvodené z typu prevádzky, nie z ohlásenia o vzniku odpadu. Overiť podľa evidencie prevádzkovateľa."
3989,984,78,D,"Odvodené z typu prevádzky, nie z ohlásenia o vzniku odpadu. Overiť podľa evidencie prevádzkovateľa."
3990,984,81,D,"Odvodené z typu prevádzky, nie z ohlásenia o vzniku odpadu. Overiť podľa evidencie prevádzkovateľa."
3991,984,62,D,"Odvodené z typu prevádzky, nie z ohlásenia o vzniku odpadu. Overiť podľa evidencie prevádzkovateľa."
3992,985,77,D,"Odvodené z typu prevádzky, nie z ohlásenia o vzniku odpadu. Overiť podľa evidencie prevádzkovateľa."
3993,985,78,D,"Odvodené z typu prevádzky, nie z ohlásenia o vzniku odpadu. Overiť podľa evidencie prevádzkovateľa."
3994,985,81,D,"Odvodené z typu prevádzky, nie z ohlásenia o vzniku odpadu. Overiť podľa evidencie prevádzkovateľa."
3995,985,62,D,"Odvodené z typu prevádzky, nie z ohlásenia o vzniku odpadu. Overiť podľa evidencie prevádzkovateľa."
3996,986,77,D,"Odvodené z typu prevádzky, nie z ohlásenia o vzniku odpadu. Overiť podľa evidencie prevádzkovateľa."
3997,986,78,D,"Odvodené z typu prevádzky, nie z ohlásenia o vzniku odpadu. Overiť podľa evidencie prevádzkovateľa."
3998,986,81,D,"Odvodené z typu prevádzky, nie z ohlásenia o vzniku odpadu. Overiť podľa evidencie prevádzkovateľa."
3999,986,62,D,"Odvodené z typu prevádzky, nie z ohlásenia o vzniku odpadu. Overiť podľa evidencie prevádzkovateľa."
4000,987,72,D,"Odvodené z typu prevádzky, nie z ohlásenia o vzniku odpadu. Overiť podľa evidencie prevádzkovateľa."
4001,987,71,D,"Odvodené z typu prevádzky, nie z ohlásenia o vzniku odpadu. Overiť podľa evidencie prevádzkovateľa."
4002,987,73,D,"Odvodené z typu prevádzky, nie z ohlásenia o vzniku odpadu. Overiť podľa evidencie prevádzkovateľa."
4003,988,72,D,"Odvodené z typu prevádzky, nie z ohlásenia o vzniku odpadu. Overiť podľa evidencie prevádzkovateľa."
4004,988,71,D,"Odvodené z typu prevádzky, nie z ohlásenia o vzniku odpadu. Overiť podľa evidencie prevádzkovateľa."
4005,988,73,D,"Odvodené z typu prevádzky, nie z ohlásenia o vzniku odpadu. Overiť podľa evidencie prevádzkovateľa."
4006,989,77,D,"Odvodené z typu prevádzky, nie z ohlásenia o vzniku odpadu. Overiť podľa evidencie prevádzkovateľa."
4007,989,78,D,"Odvodené z typu prevádzky, nie z ohlásenia o vzniku odpadu. Overiť podľa evidencie prevádzkovateľa."
4008,989,81,D,"Odvodené z typu prevádzky, nie z ohlásenia o vzniku odpadu. Overiť podľa evidencie prevádzkovateľa."
4009,990,77,D,"Odvodené z typu prevádzky, nie z ohlásenia o vzniku odpadu. Overiť podľa evidencie prevádzkovateľa."
4010,990,78,D,"Odvodené z typu prevádzky, nie z ohlásenia o vzniku odpadu. Overiť podľa evidencie prevádzkovateľa."
4011,990,82,D,"Odvodené z typu prevádzky, nie z ohlásenia o vzniku odpadu. Overiť podľa evidencie prevádzkovateľa."
4012,990,62,D,"Odvodené z typu prevádzky, nie z ohlásenia o vzniku odpadu. Overiť podľa evidencie prevádzkovateľa."
4013,991,77,D,"Odvodené z typu prevádzky, nie z ohlásenia o vzniku odpadu. Overiť podľa evidencie prevádzkovateľa."
4014,991,78,D,"Odvodené z typu prevádzky, nie z ohlásenia o vzniku odpadu. Overiť podľa evidencie prevádzkovateľa."
4015,991,82,D,"Odvodené z typu prevádzky, nie z ohlásenia o vzniku odpadu. Overiť podľa evidencie prevádzkovateľa."
4016,991,62,D,"Odvodené z typu prevádzky, nie z ohlásenia o vzniku odpadu. Overiť podľa evidencie prevádzkovateľa."
4017,992,77,D,"Odvodené z typu prevádzky, nie z ohlásenia o vzniku odpadu. Overiť podľa evidencie prevádzkovateľa."
4018,992,78,D,"Odvodené z typu prevádzky, nie z ohlásenia o vzniku odpadu. Overiť podľa evidencie prevádzkovateľa."
4019,992,62,D,"Odvodené z typu prevádzky, nie z ohlásenia o vzniku odpadu. Overiť podľa evidencie prevádzkovateľa."
4020,993,77,D,"Odvodené z typu prevádzky, nie z ohlásenia o vzniku odpadu. Overiť podľa evidencie prevádzkovateľa."
4021,993,78,D,"Odvodené z typu prevádzky, nie z ohlásenia o vzniku odpadu. Overiť podľa evidencie prevádzkovateľa."
4022,993,62,D,"Odvodené z typu prevádzky, nie z ohlásenia o vzniku odpadu. Overiť podľa evidencie prevádzkovateľa."
4023,994,77,D,"Odvodené z typu prevádzky, nie z ohlásenia o vzniku odpadu. Overiť podľa evidencie prevádzkovateľa."
4024,994,78,D,"Odvodené z typu prevádzky, nie z ohlásenia o vzniku odpadu. Overiť podľa evidencie prevádzkovateľa."
4025,994,62,D,"Odvodené z typu prevádzky, nie z ohlásenia o vzniku odpadu. Overiť podľa evidencie prevádzkovateľa."
4026,995,77,D,"Odvodené z typu prevádzky, nie z ohlásenia o vzniku odpadu. Overiť podľa evidencie prevádzkovateľa."
4027,995,78,D,"Odvodené z typu prevádzky, nie z ohlásenia o vzniku odpadu. Overiť podľa evidencie prevádzkovateľa."
4028,995,62,D,"Odvodené z typu prevádzky, nie z ohlásenia o vzniku odpadu. Overiť podľa evidencie prevádzkovateľa."
4029,996,22,D,"Odvodené z typu prevádzky, nie z ohlásenia o vzniku odpadu. Overiť podľa evidencie prevádzkovateľa."
4030,996,23,D,"Odvodené z typu prevádzky, nie z ohlásenia o vzniku odpadu. Overiť podľa evidencie prevádzkovateľa."
4031,996,24,D,"Odvodené z typu prevádzky, nie z ohlásenia o vzniku odpadu. Overiť podľa evidencie prevádzkovateľa."
4032,996,88,D,"Odvodené z typu prevádzky, nie z ohlásenia o vzniku odpadu. Overiť podľa evidencie prevádzkovateľa."
4033,996,91,D,"Odvodené z typu prevádzky, nie z ohlásenia o vzniku odpadu. Overiť podľa evidencie prevádzkovateľa."
4034,996,92,D,"Odvodené z typu prevádzky, nie z ohlásenia o vzniku odpadu. Overiť podľa evidencie prevádzkovateľa."
4035,997,21,D,"Odvodené z typu prevádzky, nie z ohlásenia o vzniku odpadu. Overiť podľa evidencie prevádzkovateľa."
4036,997,56,D,"Odvodené z typu prevádzky, nie z ohlásenia o vzniku odpadu. Overiť podľa evidencie prevádzkovateľa."
4037,997,20,D,"Odvodené z typu prevádzky, nie z ohlásenia o vzniku odpadu. Overiť podľa evidencie prevádzkovateľa."
4038,997,58,D,"Odvodené z typu prevádzky, nie z ohlásenia o vzniku odpadu. Overiť podľa evidencie prevádzkovateľa."
4039,997,88,D,"Odvodené z typu prevádzky, nie z ohlásenia o vzniku odpadu. Overiť podľa evidencie prevádzkovateľa."
4040,997,89,D,"Odvodené z typu prevádzky, nie z ohlásenia o vzniku odpadu. Overiť podľa evidencie prevádzkovateľa."
4041,998,68,D,"Odvodené z typu prevádzky, nie z ohlásenia o vzniku odpadu. Overiť podľa evidencie prevádzkovateľa."
4042,998,62,D,"Odvodené z typu prevádzky, nie z ohlásenia o vzniku odpadu. Overiť podľa evidencie prevádzkovateľa."
4043,998,59,D,"Odvodené z typu prevádzky, nie z ohlásenia o vzniku odpadu. Overiť podľa evidencie prevádzkovateľa."
4044,999,59,D,"Odvodené z typu prevádzky, nie z ohlásenia o vzniku odpadu. Overiť podľa evidencie prevádzkovateľa."
4045,999,60,D,"Odvodené z typu prevádzky, nie z ohlásenia o vzniku odpadu. Overiť podľa evidencie prevádzkovateľa."
4046,999,61,D,"Odvodené z typu prevádzky, nie z ohlásenia o vzniku odpadu. Overiť podľa evidencie prevádzkovateľa."
4047,999,62,D,"Odvodené z typu prevádzky, nie z ohlásenia o vzniku odpadu. Overiť podľa evidencie prevádzkovateľa."
4048,999,65,D,"Odvodené z typu prevádzky, nie z ohlásenia o vzniku odpadu. Overiť podľa evidencie prevádzkovateľa."
4049,1000,59,D,"Odvodené z typu prevádzky, nie z ohlásenia o vzniku odpadu. Overiť podľa evidencie prevádzkovateľa."
4050,1000,60,D,"Odvodené z typu prevádzky, nie z ohlásenia o vzniku odpadu. Overiť podľa evidencie prevádzkovateľa."
4051,1000,61,D,"Odvodené z typu prevádzky, nie z ohlásenia o vzniku odpadu. Overiť podľa evidencie prevádzkovateľa."
4052,1000,62,D,"Odvodené z typu prevádzky, nie z ohlásenia o vzniku odpadu. Overiť podľa evidencie prevádzkovateľa."
4053,1000,65,D,"Odvodené z typu prevádzky, nie z ohlásenia o vzniku odpadu. Overiť podľa evidencie prevádzkovateľa."
4054,1001,14,D,"Odvodené z typu prevádzky, nie z ohlásenia o vzniku odpadu. Overiť podľa evidencie prevádzkovateľa."
4055,1001,15,D,"Odvodené z typu prevádzky, nie z ohlásenia o vzniku odpadu. Overiť podľa evidencie prevádzkovateľa."
4056,1001,16,D,"Odvodené z typu prevádzky, nie z ohlásenia o vzniku odpadu. Overiť podľa evidencie prevádzkovateľa."
4057,1001,17,D,"Odvodené z typu prevádzky, nie z ohlásenia o vzniku odpadu. Overiť podľa evidencie prevádzkovateľa."
4058,1001,18,D,"Odvodené z typu prevádzky, nie z ohlásenia o vzniku odpadu. Overiť podľa evidencie prevádzkovateľa."
4059,1002,77,D,"Odvodené z typu prevádzky, nie z ohlásenia o vzniku odpadu. Overiť podľa evidencie prevádzkovateľa."
4060,1002,78,D,"Odvodené z typu prevádzky, nie z ohlásenia o vzniku odpadu. Overiť podľa evidencie prevádzkovateľa."
4061,1002,81,D,"Odvodené z typu prevádzky, nie z ohlásenia o vzniku odpadu. Overiť podľa evidencie prevádzkovateľa."
4062,1003,59,D,"Odvodené z typu prevádzky, nie z ohlásenia o vzniku odpadu. Overiť podľa evidencie prevádzkovateľa."
4063,1003,60,D,"Odvodené z typu prevádzky, nie z ohlásenia o vzniku odpadu. Overiť podľa evidencie prevádzkovateľa."
4064,1003,61,D,"Odvodené z typu prevádzky, nie z ohlásenia o vzniku odpadu. Overiť podľa evidencie prevádzkovateľa."
4065,1003,62,D,"Odvodené z typu prevádzky, nie z ohlásenia o vzniku odpadu. Overiť podľa evidencie prevádzkovateľa."
4066,1003,65,D,"Odvodené z typu prevádzky, nie z ohlásenia o vzniku odpadu. Overiť podľa evidencie prevádzkovateľa."
4067,1004,72,D,"Odvodené z typu prevádzky, nie z ohlásenia o vzniku odpadu. Overiť podľa evidencie prevádzkovateľa."
4068,1004,71,D,"Odvodené z typu prevádzky, nie z ohlásenia o vzniku odpadu. Overiť podľa evidencie prevádzkovateľa."
4069,1004,73,D,"Odvodené z typu prevádzky, nie z ohlásenia o vzniku odpadu. Overiť podľa evidencie prevádzkovateľa."
4070,1005,77,D,"Odvodené z typu prevádzky, nie z ohlásenia o vzniku odpadu. Overiť podľa evidencie prevádzkovateľa."
4071,1005,78,D,"Odvodené z typu prevádzky, nie z ohlásenia o vzniku odpadu. Overiť podľa evidencie prevádzkovateľa."
4072,1005,81,D,"Odvodené z typu prevádzky, nie z ohlásenia o vzniku odpadu. Overiť podľa evidencie prevádzkovateľa."
4073,1006,77,D,"Odvodené z typu prevádzky, nie z ohlásenia o vzniku odpadu. Overiť podľa evidencie prevádzkovateľa."
4074,1006,78,D,"Odvodené z typu prevádzky, nie z ohlásenia o vzniku odpadu. Overiť podľa evidencie prevádzkovateľa."
4075,1006,81,D,"Odvodené z typu prevádzky, nie z ohlásenia o vzniku odpadu. Overiť podľa evidencie prevádzkovateľa."
4076,1007,77,D,"Odvodené z typu prevádzky, nie z ohlásenia o vzniku odpadu. Overiť podľa evidencie prevádzkovateľa."
4077,1007,78,D,"Odvodené z typu prevádzky, nie z ohlásenia o vzniku odpadu. Overiť podľa evidencie prevádzkovateľa."
4078,1007,81,D,"Odvodené z typu prevádzky, nie z ohlásenia o vzniku odpadu. Overiť podľa evidencie prevádzkovateľa."
4079,1008,77,D,"Odvodené z typu prevádzky, nie z ohlásenia o vzniku odpadu. Overiť podľa evidencie prevádzkovateľa."
4080,1008,78,D,"Odvodené z typu prevádzky, nie z ohlásenia o vzniku odpadu. Overiť podľa evidencie prevádzkovateľa."
4081,1008,81,D,"Odvodené z typu prevádzky, nie z ohlásenia o vzniku odpadu. Overiť podľa evidencie prevádzkovateľa."
4082,1009,41,D,"Odvodené z typu prevádzky, nie z ohlásenia o vzniku odpadu. Overiť podľa evidencie prevádzkovateľa."
4083,1009,42,D,"Odvodené z typu prevádzky, nie z ohlásenia o vzniku odpadu. Overiť podľa evidencie prevádzkovateľa."
4084,1010,72,D,"Odvodené z typu prevádzky, nie z ohlásenia o vzniku odpadu. Overiť podľa evidencie prevádzkovateľa."
4085,1010,71,D,"Odvodené z typu prevádzky, nie z ohlásenia o vzniku odpadu. Overiť podľa evidencie prevádzkovateľa."
4086,1010,73,D,"Odvodené z typu prevádzky, nie z ohlásenia o vzniku odpadu. Overiť podľa evidencie prevádzkovateľa."
4087,1011,77,D,"Odvodené z typu prevádzky, nie z ohlásenia o vzniku odpadu. Overiť podľa evidencie prevádzkovateľa."
4088,1011,78,D,"Odvodené z typu prevádzky, nie z ohlásenia o vzniku odpadu. Overiť podľa evidencie prevádzkovateľa."
4089,1011,81,D,"Odvodené z typu prevádzky, nie z ohlásenia o vzniku odpadu. Overiť podľa evidencie prevádzkovateľa."
4090,1012,72,D,"Odvodené z typu prevádzky, nie z ohlásenia o vzniku odpadu. Overiť podľa evidencie prevádzkovateľa."
4091,1012,71,D,"Odvodené z typu prevádzky, nie z ohlásenia o vzniku odpadu. Overiť podľa evidencie prevádzkovateľa."
4092,1012,73,D,"Odvodené z typu prevádzky, nie z ohlásenia o vzniku odpadu. Overiť podľa evidencie prevádzkovateľa."
4093,1013,77,D,"Odvodené z typu prevádzky, nie z ohlásenia o vzniku odpadu. Overiť podľa evidencie prevádzkovateľa."
4094,1013,78,D,"Odvodené z typu prevádzky, nie z ohlásenia o vzniku odpadu. Overiť podľa evidencie prevádzkovateľa."
4095,1013,81,D,"Odvodené z typu prevádzky, nie z ohlásenia o vzniku odpadu. Overiť podľa evidencie prevádzkovateľa."
4096,1014,67,D,"Odvodené z typu prevádzky, nie z ohlásenia o vzniku odpadu. Overiť podľa evidencie prevádzkovateľa."
4097,1014,48,D,"Odvodené z typu prevádzky, nie z ohlásenia o vzniku odpadu. Overiť podľa evidencie prevádzkovateľa."
4098,1014,55,D,"Odvodené z typu prevádzky, nie z ohlásenia o vzniku odpadu. Overiť podľa evidencie prevádzkovateľa."
4099,1015,72,D,"Odvodené z typu prevádzky, nie z ohlásenia o vzniku odpadu. Overiť podľa evidencie prevádzkovateľa."
4100,1015,71,D,"Odvodené z typu prevádzky, nie z ohlásenia o vzniku odpadu. Overiť podľa evidencie prevádzkovateľa."
4101,1015,73,D,"Odvodené z typu prevádzky, nie z ohlásenia o vzniku odpadu. Overiť podľa evidencie prevádzkovateľa."
4102,1016,75,D,"Odvodené z typu prevádzky, nie z ohlásenia o vzniku odpadu. Overiť podľa evidencie prevádzkovateľa."
4103,1016,76,D,"Odvodené z typu prevádzky, nie z ohlásenia o vzniku odpadu. Overiť podľa evidencie prevádzkovateľa."
4104,1016,71,D,"Odvodené z typu prevádzky, nie z ohlásenia o vzniku odpadu. Overiť podľa evidencie prevádzkovateľa."
4105,1017,72,D,"Odvodené z typu prevádzky, nie z ohlásenia o vzniku odpadu. Overiť podľa evidencie prevádzkovateľa."
4106,1017,71,D,"Odvodené z typu prevádzky, nie z ohlásenia o vzniku odpadu. Overiť podľa evidencie prevádzkovateľa."
4107,1017,73,D,"Odvodené z typu prevádzky, nie z ohlásenia o vzniku odpadu. Overiť podľa evidencie prevádzkovateľa."
4108,1018,14,D,"Odvodené z typu prevádzky, nie z ohlásenia o vzniku odpadu. Overiť podľa evidencie prevádzkovateľa."
4109,1018,15,D,"Odvodené z typu prevádzky, nie z ohlásenia o vzniku odpadu. Overiť podľa evidencie prevádzkovateľa."
4110,1018,16,D,"Odvodené z typu prevádzky, nie z ohlásenia o vzniku odpadu. Overiť podľa evidencie prevádzkovateľa."
4111,1018,17,D,"Odvodené z typu prevádzky, nie z ohlásenia o vzniku odpadu. Overiť podľa evidencie prevádzkovateľa."
4112,1018,18,D,"Odvodené z typu prevádzky, nie z ohlásenia o vzniku odpadu. Overiť podľa evidencie prevádzkovateľa."
4113,1019,21,D,"Odvodené z typu prevádzky, nie z ohlásenia o vzniku odpadu. Overiť podľa evidencie prevádzkovateľa."
4114,1019,56,D,"Odvodené z typu prevádzky, nie z ohlásenia o vzniku odpadu. Overiť podľa evidencie prevádzkovateľa."
4115,1019,20,D,"Odvodené z typu prevádzky, nie z ohlásenia o vzniku odpadu. Overiť podľa evidencie prevádzkovateľa."
4116,1019,58,D,"Odvodené z typu prevádzky, nie z ohlásenia o vzniku odpadu. Overiť podľa evidencie prevádzkovateľa."
4117,1019,88,D,"Odvodené z typu prevádzky, nie z ohlásenia o vzniku odpadu. Overiť podľa evidencie prevádzkovateľa."
4118,1019,89,D,"Odvodené z typu prevádzky, nie z ohlásenia o vzniku odpadu. Overiť podľa evidencie prevádzkovateľa."
4119,1020,21,D,"Odvodené z typu prevádzky, nie z ohlásenia o vzniku odpadu. Overiť podľa evidencie prevádzkovateľa."
4120,1020,56,D,"Odvodené z typu prevádzky, nie z ohlásenia o vzniku odpadu. Overiť podľa evidencie prevádzkovateľa."
4121,1020,20,D,"Odvodené z typu prevádzky, nie z ohlásenia o vzniku odpadu. Overiť podľa evidencie prevádzkovateľa."
4122,1020,58,D,"Odvodené z typu prevádzky, nie z ohlásenia o vzniku odpadu. Overiť podľa evidencie prevádzkovateľa."
4123,1020,88,D,"Odvodené z typu prevádzky, nie z ohlásenia o vzniku odpadu. Overiť podľa evidencie prevádzkovateľa."
4124,1020,89,D,"Odvodené z typu prevádzky, nie z ohlásenia o vzniku odpadu. Overiť podľa evidencie prevádzkovateľa."
4125,1021,68,D,"Odvodené z typu prevádzky, nie z ohlásenia o vzniku odpadu. Overiť podľa evidencie prevádzkovateľa."
4126,1021,62,D,"Odvodené z typu prevádzky, nie z ohlásenia o vzniku odpadu. Overiť podľa evidencie prevádzkovateľa."
4127,1021,59,D,"Odvodené z typu prevádzky, nie z ohlásenia o vzniku odpadu. Overiť podľa evidencie prevádzkovateľa."
4128,1022,10,D,"Odvodené z typu prevádzky, nie z ohlásenia o vzniku odpadu. Overiť podľa evidencie prevádzkovateľa."
4129,1022,45,D,"Odvodené z typu prevádzky, nie z ohlásenia o vzniku odpadu. Overiť podľa evidencie prevádzkovateľa."
4130,1023,77,D,"Odvodené z typu prevádzky, nie z ohlásenia o vzniku odpadu. Overiť podľa evidencie prevádzkovateľa."
4131,1023,78,D,"Odvodené z typu prevádzky, nie z ohlásenia o vzniku odpadu. Overiť podľa evidencie prevádzkovateľa."
4132,1023,81,D,"Odvodené z typu prevádzky, nie z ohlásenia o vzniku odpadu. Overiť podľa evidencie prevádzkovateľa."
4133,1024,14,D,"Odvodené z typu prevádzky, nie z ohlásenia o vzniku odpadu. Overiť podľa evidencie prevádzkovateľa."
4134,1024,15,D,"Odvodené z typu prevádzky, nie z ohlásenia o vzniku odpadu. Overiť podľa evidencie prevádzkovateľa."
4135,1024,16,D,"Odvodené z typu prevádzky, nie z ohlásenia o vzniku odpadu. Overiť podľa evidencie prevádzkovateľa."
4136,1024,17,D,"Odvodené z typu prevádzky, nie z ohlásenia o vzniku odpadu. Overiť podľa evidencie prevádzkovateľa."
4137,1024,18,D,"Odvodené z typu prevádzky, nie z ohlásenia o vzniku odpadu. Overiť podľa evidencie prevádzkovateľa."
4138,1025,77,D,"Odvodené z typu prevádzky, nie z ohlásenia o vzniku odpadu. Overiť podľa evidencie prevádzkovateľa."
4139,1025,78,D,"Odvodené z typu prevádzky, nie z ohlásenia o vzniku odpadu. Overiť podľa evidencie prevádzkovateľa."
4140,1025,81,D,"Odvodené z typu prevádzky, nie z ohlásenia o vzniku odpadu. Overiť podľa evidencie prevádzkovateľa."
4141,1026,80,D,"Odvodené z typu prevádzky, nie z ohlásenia o vzniku odpadu. Overiť podľa evidencie prevádzkovateľa."
4142,1026,78,D,"Odvodené z typu prevádzky, nie z ohlásenia o vzniku odpadu. Overiť podľa evidencie prevádzkovateľa."
4143,1026,81,D,"Odvodené z typu prevádzky, nie z ohlásenia o vzniku odpadu. Overiť podľa evidencie prevádzkovateľa."
4144,1026,70,D,"Odvodené z typu prevádzky, nie z ohlásenia o vzniku odpadu. Overiť podľa evidencie prevádzkovateľa."
4145,1027,68,D,"Odvodené z typu prevádzky, nie z ohlásenia o vzniku odpadu. Overiť podľa evidencie prevádzkovateľa."
4146,1027,62,D,"Odvodené z typu prevádzky, nie z ohlásenia o vzniku odpadu. Overiť podľa evidencie prevádzkovateľa."
4147,1027,59,D,"Odvodené z typu prevádzky, nie z ohlásenia o vzniku odpadu. Overiť podľa evidencie prevádzkovateľa."
4148,1028,14,D,"Odvodené z typu prevádzky, nie z ohlásenia o vzniku odpadu. Overiť podľa evidencie prevádzkovateľa."
4149,1028,15,D,"Odvodené z typu prevádzky, nie z ohlásenia o vzniku odpadu. Overiť podľa evidencie prevádzkovateľa."
4150,1028,16,D,"Odvodené z typu prevádzky, nie z ohlásenia o vzniku odpadu. Overiť podľa evidencie prevádzkovateľa."
4151,1028,17,D,"Odvodené z typu prevádzky, nie z ohlásenia o vzniku odpadu. Overiť podľa evidencie prevádzkovateľa."
4152,1028,18,D,"Odvodené z typu prevádzky, nie z ohlásenia o vzniku odpadu. Overiť podľa evidencie prevádzkovateľa."
4153,1029,77,D,"Odvodené z typu prevádzky, nie z ohlásenia o vzniku odpadu. Overiť podľa evidencie prevádzkovateľa."
4154,1029,78,D,"Odvodené z typu prevádzky, nie z ohlásenia o vzniku odpadu. Overiť podľa evidencie prevádzkovateľa."
4155,1029,81,D,"Odvodené z typu prevádzky, nie z ohlásenia o vzniku odpadu. Overiť podľa evidencie prevádzkovateľa."
4156,1030,41,D,"Odvodené z typu prevádzky, nie z ohlásenia o vzniku odpadu. Overiť podľa evidencie prevádzkovateľa."
4157,1030,42,D,"Odvodené z typu prevádzky, nie z ohlásenia o vzniku odpadu. Overiť podľa evidencie prevádzkovateľa."
4158,1031,22,D,"Odvodené z typu prevádzky, nie z ohlásenia o vzniku odpadu. Overiť podľa evidencie prevádzkovateľa."
4159,1031,23,D,"Odvodené z typu prevádzky, nie z ohlásenia o vzniku odpadu. Overiť podľa evidencie prevádzkovateľa."
4160,1031,24,D,"Odvodené z typu prevádzky, nie z ohlásenia o vzniku odpadu. Overiť podľa evidencie prevádzkovateľa."
4161,1031,88,D,"Odvodené z typu prevádzky, nie z ohlásenia o vzniku odpadu. Overiť podľa evidencie prevádzkovateľa."
4162,1031,91,D,"Odvodené z typu prevádzky, nie z ohlásenia o vzniku odpadu. Overiť podľa evidencie prevádzkovateľa."
4163,1031,92,D,"Odvodené z typu prevádzky, nie z ohlásenia o vzniku odpadu. Overiť podľa evidencie prevádzkovateľa."
4164,1032,21,D,"Odvodené z typu prevádzky, nie z ohlásenia o vzniku odpadu. Overiť podľa evidencie prevádzkovateľa."
4165,1032,56,D,"Odvodené z typu prevádzky, nie z ohlásenia o vzniku odpadu. Overiť podľa evidencie prevádzkovateľa."
4166,1032,20,D,"Odvodené z typu prevádzky, nie z ohlásenia o vzniku odpadu. Overiť podľa evidencie prevádzkovateľa."
4167,1032,58,D,"Odvodené z typu prevádzky, nie z ohlásenia o vzniku odpadu. Overiť podľa evidencie prevádzkovateľa."
4168,1032,88,D,"Odvodené z typu prevádzky, nie z ohlásenia o vzniku odpadu. Overiť podľa evidencie prevádzkovateľa."
4169,1032,89,D,"Odvodené z typu prevádzky, nie z ohlásenia o vzniku odpadu. Overiť podľa evidencie prevádzkovateľa."
4170,1033,80,D,"Odvodené z typu prevádzky, nie z ohlásenia o vzniku odpadu. Overiť podľa evidencie prevádzkovateľa."
4171,1033,78,D,"Odvodené z typu prevádzky, nie z ohlásenia o vzniku odpadu. Overiť podľa evidencie prevádzkovateľa."
4172,1033,81,D,"Odvodené z typu prevádzky, nie z ohlásenia o vzniku odpadu. Overiť podľa evidencie prevádzkovateľa."
4173,1033,70,D,"Odvodené z typu prevádzky, nie z ohlásenia o vzniku odpadu. Overiť podľa evidencie prevádzkovateľa."
4174,1034,72,D,"Odvodené z typu prevádzky, nie z ohlásenia o vzniku odpadu. Overiť podľa evidencie prevádzkovateľa."
4175,1034,71,D,"Odvodené z typu prevádzky, nie z ohlásenia o vzniku odpadu. Overiť podľa evidencie prevádzkovateľa."
4176,1034,73,D,"Odvodené z typu prevádzky, nie z ohlásenia o vzniku odpadu. Overiť podľa evidencie prevádzkovateľa."
4177,1035,41,D,"Odvodené z typu prevádzky, nie z ohlásenia o vzniku odpadu. Overiť podľa evidencie prevádzkovateľa."
4178,1035,42,D,"Odvodené z typu prevádzky, nie z ohlásenia o vzniku odpadu. Overiť podľa evidencie prevádzkovateľa."
4179,1036,14,D,"Odvodené z typu prevádzky, nie z ohlásenia o vzniku odpadu. Overiť podľa evidencie prevádzkovateľa."
4180,1036,15,D,"Odvodené z typu prevádzky, nie z ohlásenia o vzniku odpadu. Overiť podľa evidencie prevádzkovateľa."
4181,1036,16,D,"Odvodené z typu prevádzky, nie z ohlásenia o vzniku odpadu. Overiť podľa evidencie prevádzkovateľa."
4182,1036,17,D,"Odvodené z typu prevádzky, nie z ohlásenia o vzniku odpadu. Overiť podľa evidencie prevádzkovateľa."
4183,1036,18,D,"Odvodené z typu prevádzky, nie z ohlásenia o vzniku odpadu. Overiť podľa evidencie prevádzkovateľa."
4184,1037,80,D,"Odvodené z typu prevádzky, nie z ohlásenia o vzniku odpadu. Overiť podľa evidencie prevádzkovateľa."
4185,1037,78,D,"Odvodené z typu prevádzky, nie z ohlásenia o vzniku odpadu. Overiť podľa evidencie prevádzkovateľa."
4186,1037,81,D,"Odvodené z typu prevádzky, nie z ohlásenia o vzniku odpadu. Overiť podľa evidencie prevádzkovateľa."
4187,1037,70,D,"Odvodené z typu prevádzky, nie z ohlásenia o vzniku odpadu. Overiť podľa evidencie prevádzkovateľa."
4188,1038,22,D,"Odvodené z typu prevádzky, nie z ohlásenia o vzniku odpadu. Overiť podľa evidencie prevádzkovateľa."
4189,1038,23,D,"Odvodené z typu prevádzky, nie z ohlásenia o vzniku odpadu. Overiť podľa evidencie prevádzkovateľa."
4190,1038,24,D,"Odvodené z typu prevádzky, nie z ohlásenia o vzniku odpadu. Overiť podľa evidencie prevádzkovateľa."
4191,1038,88,D,"Odvodené z typu prevádzky, nie z ohlásenia o vzniku odpadu. Overiť podľa evidencie prevádzkovateľa."
4192,1038,91,D,"Odvodené z typu prevádzky, nie z ohlásenia o vzniku odpadu. Overiť podľa evidencie prevádzkovateľa."
4193,1038,92,D,"Odvodené z typu prevádzky, nie z ohlásenia o vzniku odpadu. Overiť podľa evidencie prevádzkovateľa."
4194,1039,77,D,"Odvodené z typu prevádzky, nie z ohlásenia o vzniku odpadu. Overiť podľa evidencie prevádzkovateľa."
4195,1039,78,D,"Odvodené z typu prevádzky, nie z ohlásenia o vzniku odpadu. Overiť podľa evidencie prevádzkovateľa."
4196,1039,81,D,"Odvodené z typu prevádzky, nie z ohlásenia o vzniku odpadu. Overiť podľa evidencie prevádzkovateľa."
4197,1040,77,D,"Odvodené z typu prevádzky, nie z ohlásenia o vzniku odpadu. Overiť podľa evidencie prevádzkovateľa."
4198,1040,78,D,"Odvodené z typu prevádzky, nie z ohlásenia o vzniku odpadu. Overiť podľa evidencie prevádzkovateľa."
4199,1040,81,D,"Odvodené z typu prevádzky, nie z ohlásenia o vzniku odpadu. Overiť podľa evidencie prevádzkovateľa."
4200,1041,77,D,"Odvodené z typu prevádzky, nie z ohlásenia o vzniku odpadu. Overiť podľa evidencie prevádzkovateľa."
4201,1041,78,D,"Odvodené z typu prevádzky, nie z ohlásenia o vzniku odpadu. Overiť podľa evidencie prevádzkovateľa."
4202,1041,81,D,"Odvodené z typu prevádzky, nie z ohlásenia o vzniku odpadu. Overiť podľa evidencie prevádzkovateľa."
4203,1042,77,D,"Odvodené z typu prevádzky, nie z ohlásenia o vzniku odpadu. Overiť podľa evidencie prevádzkovateľa."
4204,1042,78,D,"Odvodené z typu prevádzky, nie z ohlásenia o vzniku odpadu. Overiť podľa evidencie prevádzkovateľa."
4205,1042,81,D,"Odvodené z typu prevádzky, nie z ohlásenia o vzniku odpadu. Overiť podľa evidencie prevádzkovateľa."
4206,1043,77,D,"Odvodené z typu prevádzky, nie z ohlásenia o vzniku odpadu. Overiť podľa evidencie prevádzkovateľa."
4207,1043,78,D,"Odvodené z typu prevádzky, nie z ohlásenia o vzniku odpadu. Overiť podľa evidencie prevádzkovateľa."
4208,1043,81,D,"Odvodené z typu prevádzky, nie z ohlásenia o vzniku odpadu. Overiť podľa evidencie prevádzkovateľa."
