ico,nazov,obec,okres,kraj,lat,lon,sektor,typ_nazov,odpad_kod,odpad,katalogove_cislo_navrh,pravny_status,sezonnost,uroven_dokazu
00153052,"SHP Harmanec, a.s.",Harmanec,Banská Bystrica,Banskobystrický,48.795803,19.080853,"Drevo, lesníctvo a ostatné",Papiereň a celulózka,papierensky_kal,Papierenský kal,03 03 11,odpad,celorocne,D
00153052,"SHP Harmanec, a.s.",Harmanec,Banská Bystrica,Banskobystrický,48.795803,19.080853,"Drevo, lesníctvo a ostatné",Papiereň a celulózka,vlaknity_vymet,Výmety z vlákien a plnív,03 03 10,odpad,celorocne,D
00153052,"SHP Harmanec, a.s.",Harmanec,Banská Bystrica,Banskobystrický,48.795803,19.080853,"Drevo, lesníctvo a ostatné",Papiereň a celulózka,kora,Odpadová kôra,03 01 01,vedlajsi_produkt,celorocne,D
00159468,Stredná odborná škola agropotravinárska a technická,Kežmarok,Kežmarok,Prešovský,49.136318,20.430447,Gastro a stravovacie zariadenia,Stredná škola,skolsky_kuchynsky_odpad,Kuchynský odpad zo školských jedální,20 01 08,odpad,celorocne,D
00159468,Stredná odborná škola agropotravinárska a technická,Kežmarok,Kežmarok,Prešovský,49.136318,20.430447,Gastro a stravovacie zariadenia,Stredná škola,zvysky_z_taniera,Zvyšky z taniera,20 01 08,odpad,celorocne,D
00159468,Stredná odborná škola agropotravinárska a technická,Kežmarok,Kežmarok,Prešovský,49.136318,20.430447,Gastro a stravovacie zariadenia,Stredná škola,gastro_fritovaci_olej,Použitý fritovací olej z gastroprevádzok,20 01 25,odpad,celorocne,D
00159468,Stredná odborná škola agropotravinárska a technická,Kežmarok,Kežmarok,Prešovský,49.136318,20.430447,Gastro a stravovacie zariadenia,Stredná škola,bro_zahrady,Biologicky rozložiteľný odpad zo záhrad,20 02 01,odpad,sezonne_leto,D
00159476,"Stredná odborná škola podnikania a služieb, Komenského 16, Lipany",Lipany,Sabinov,Prešovský,49.15,20.966667,Gastro a stravovacie zariadenia,Stredná škola,skolsky_kuchynsky_odpad,Kuchynský odpad zo školských jedální,20 01 08,odpad,celorocne,D
00159476,"Stredná odborná škola podnikania a služieb, Komenského 16, Lipany",Lipany,Sabinov,Prešovský,49.15,20.966667,Gastro a stravovacie zariadenia,Stredná škola,zvysky_z_taniera,Zvyšky z taniera,20 01 08,odpad,celorocne,D
00159476,"Stredná odborná škola podnikania a služieb, Komenského 16, Lipany",Lipany,Sabinov,Prešovský,49.15,20.966667,Gastro a stravovacie zariadenia,Stredná škola,gastro_fritovaci_olej,Použitý fritovací olej z gastroprevádzok,20 01 25,odpad,celorocne,D
00159476,"Stredná odborná škola podnikania a služieb, Komenského 16, Lipany",Lipany,Sabinov,Prešovský,49.15,20.966667,Gastro a stravovacie zariadenia,Stredná škola,bro_zahrady,Biologicky rozložiteľný odpad zo záhrad,20 02 01,odpad,sezonne_leto,D
00159514,Stredná odborná škola služieb Majstra Pavla,Levoča,Levoča,Prešovský,49.025112,20.587999,Gastro a stravovacie zariadenia,Stredná škola,skolsky_kuchynsky_odpad,Kuchynský odpad zo školských jedální,20 01 08,odpad,celorocne,D
00159514,Stredná odborná škola služieb Majstra Pavla,Levoča,Levoča,Prešovský,49.025112,20.587999,Gastro a stravovacie zariadenia,Stredná škola,zvysky_z_taniera,Zvyšky z taniera,20 01 08,odpad,celorocne,D
00159514,Stredná odborná škola služieb Majstra Pavla,Levoča,Levoča,Prešovský,49.025112,20.587999,Gastro a stravovacie zariadenia,Stredná škola,gastro_fritovaci_olej,Použitý fritovací olej z gastroprevádzok,20 01 25,odpad,celorocne,D
00159514,Stredná odborná škola služieb Majstra Pavla,Levoča,Levoča,Prešovský,49.025112,20.587999,Gastro a stravovacie zariadenia,Stredná škola,bro_zahrady,Biologicky rozložiteľný odpad zo záhrad,20 02 01,odpad,sezonne_leto,D
00160270,Gymnázium M. R. Štefánika,Nové Mesto nad Váhom,Nové Mesto nad Váhom,Trenčiansky,48.763325,17.830386,Gastro a stravovacie zariadenia,Stredná škola,skolsky_kuchynsky_odpad,Kuchynský odpad zo školských jedální,20 01 08,odpad,celorocne,D
00160270,Gymnázium M. R. Štefánika,Nové Mesto nad Váhom,Nové Mesto nad Váhom,Trenčiansky,48.763325,17.830386,Gastro a stravovacie zariadenia,Stredná škola,zvysky_z_taniera,Zvyšky z taniera,20 01 08,odpad,celorocne,D
00160270,Gymnázium M. R. Štefánika,Nové Mesto nad Váhom,Nové Mesto nad Váhom,Trenčiansky,48.763325,17.830386,Gastro a stravovacie zariadenia,Stredná škola,gastro_fritovaci_olej,Použitý fritovací olej z gastroprevádzok,20 01 25,odpad,celorocne,D
00160270,Gymnázium M. R. Štefánika,Nové Mesto nad Váhom,Nové Mesto nad Váhom,Trenčiansky,48.763325,17.830386,Gastro a stravovacie zariadenia,Stredná škola,bro_zahrady,Biologicky rozložiteľný odpad zo záhrad,20 02 01,odpad,sezonne_leto,D
00160482,Gymnázium Janka Kráľa,Zlaté Moravce,Zlaté Moravce,Nitriansky,48.383333,18.4,Gastro a stravovacie zariadenia,Stredná škola,skolsky_kuchynsky_odpad,Kuchynský odpad zo školských jedální,20 01 08,odpad,celorocne,D
00160482,Gymnázium Janka Kráľa,Zlaté Moravce,Zlaté Moravce,Nitriansky,48.383333,18.4,Gastro a stravovacie zariadenia,Stredná škola,zvysky_z_taniera,Zvyšky z taniera,20 01 08,odpad,celorocne,D
00160482,Gymnázium Janka Kráľa,Zlaté Moravce,Zlaté Moravce,Nitriansky,48.383333,18.4,Gastro a stravovacie zariadenia,Stredná škola,gastro_fritovaci_olej,Použitý fritovací olej z gastroprevádzok,20 01 25,odpad,celorocne,D
00160482,Gymnázium Janka Kráľa,Zlaté Moravce,Zlaté Moravce,Nitriansky,48.383333,18.4,Gastro a stravovacie zariadenia,Stredná škola,bro_zahrady,Biologicky rozložiteľný odpad zo záhrad,20 02 01,odpad,sezonne_leto,D
00160504,Gymnázium Jána Amosa Komenského,Želiezovce,Levice,Nitriansky,48.049226,18.658355,Gastro a stravovacie zariadenia,Stredná škola,skolsky_kuchynsky_odpad,Kuchynský odpad zo školských jedální,20 01 08,odpad,celorocne,D
00160504,Gymnázium Jána Amosa Komenského,Želiezovce,Levice,Nitriansky,48.049226,18.658355,Gastro a stravovacie zariadenia,Stredná škola,zvysky_z_taniera,Zvyšky z taniera,20 01 08,odpad,celorocne,D
00160504,Gymnázium Jána Amosa Komenského,Želiezovce,Levice,Nitriansky,48.049226,18.658355,Gastro a stravovacie zariadenia,Stredná škola,gastro_fritovaci_olej,Použitý fritovací olej z gastroprevádzok,20 01 25,odpad,celorocne,D
00160504,Gymnázium Jána Amosa Komenského,Želiezovce,Levice,Nitriansky,48.049226,18.658355,Gastro a stravovacie zariadenia,Stredná škola,bro_zahrady,Biologicky rozložiteľný odpad zo záhrad,20 02 01,odpad,sezonne_leto,D
00160539,Gymnázium Andreja Kmeťa,Banská Štiavnica,Banská Štiavnica,Banskobystrický,48.458093,18.89828,Gastro a stravovacie zariadenia,Stredná škola,skolsky_kuchynsky_odpad,Kuchynský odpad zo školských jedální,20 01 08,odpad,celorocne,D
00160539,Gymnázium Andreja Kmeťa,Banská Štiavnica,Banská Štiavnica,Banskobystrický,48.458093,18.89828,Gastro a stravovacie zariadenia,Stredná škola,zvysky_z_taniera,Zvyšky z taniera,20 01 08,odpad,celorocne,D
00160539,Gymnázium Andreja Kmeťa,Banská Štiavnica,Banská Štiavnica,Banskobystrický,48.458093,18.89828,Gastro a stravovacie zariadenia,Stredná škola,gastro_fritovaci_olej,Použitý fritovací olej z gastroprevádzok,20 01 25,odpad,celorocne,D
00160539,Gymnázium Andreja Kmeťa,Banská Štiavnica,Banská Štiavnica,Banskobystrický,48.458093,18.89828,Gastro a stravovacie zariadenia,Stredná škola,bro_zahrady,Biologicky rozložiteľný odpad zo záhrad,20 02 01,odpad,sezonne_leto,D
00160717,Gymnázium Antona Bernoláka,Námestovo,Námestovo,Žilinský,49.409512,19.480783,Gastro a stravovacie zariadenia,Stredná škola,skolsky_kuchynsky_odpad,Kuchynský odpad zo školských jedální,20 01 08,odpad,celorocne,D
00160717,Gymnázium Antona Bernoláka,Námestovo,Námestovo,Žilinský,49.409512,19.480783,Gastro a stravovacie zariadenia,Stredná škola,zvysky_z_taniera,Zvyšky z taniera,20 01 08,odpad,celorocne,D
00160717,Gymnázium Antona Bernoláka,Námestovo,Námestovo,Žilinský,49.409512,19.480783,Gastro a stravovacie zariadenia,Stredná škola,gastro_fritovaci_olej,Použitý fritovací olej z gastroprevádzok,20 01 25,odpad,celorocne,D
00160717,Gymnázium Antona Bernoláka,Námestovo,Námestovo,Žilinský,49.409512,19.480783,Gastro a stravovacie zariadenia,Stredná škola,bro_zahrady,Biologicky rozložiteľný odpad zo záhrad,20 02 01,odpad,sezonne_leto,D
00160792,Gymnázium Ružomberok,Ružomberok,Ružomberok,Žilinský,49.08187,19.302965,Gastro a stravovacie zariadenia,Stredná škola,skolsky_kuchynsky_odpad,Kuchynský odpad zo školských jedální,20 01 08,odpad,celorocne,D
00160792,Gymnázium Ružomberok,Ružomberok,Ružomberok,Žilinský,49.08187,19.302965,Gastro a stravovacie zariadenia,Stredná škola,zvysky_z_taniera,Zvyšky z taniera,20 01 08,odpad,celorocne,D
00160792,Gymnázium Ružomberok,Ružomberok,Ružomberok,Žilinský,49.08187,19.302965,Gastro a stravovacie zariadenia,Stredná škola,gastro_fritovaci_olej,Použitý fritovací olej z gastroprevádzok,20 01 25,odpad,celorocne,D
00160792,Gymnázium Ružomberok,Ružomberok,Ružomberok,Žilinský,49.08187,19.302965,Gastro a stravovacie zariadenia,Stredná škola,bro_zahrady,Biologicky rozložiteľný odpad zo záhrad,20 02 01,odpad,sezonne_leto,D
00160865,Gymnázium Ľudovíta Štúra,Zvolen,Zvolen,Banskobystrický,48.576512,19.128476,Gastro a stravovacie zariadenia,Stredná škola,skolsky_kuchynsky_odpad,Kuchynský odpad zo školských jedální,20 01 08,odpad,celorocne,D
00160865,Gymnázium Ľudovíta Štúra,Zvolen,Zvolen,Banskobystrický,48.576512,19.128476,Gastro a stravovacie zariadenia,Stredná škola,zvysky_z_taniera,Zvyšky z taniera,20 01 08,odpad,celorocne,D
00160865,Gymnázium Ľudovíta Štúra,Zvolen,Zvolen,Banskobystrický,48.576512,19.128476,Gastro a stravovacie zariadenia,Stredná škola,gastro_fritovaci_olej,Použitý fritovací olej z gastroprevádzok,20 01 25,odpad,celorocne,D
00160865,Gymnázium Ľudovíta Štúra,Zvolen,Zvolen,Banskobystrický,48.576512,19.128476,Gastro a stravovacie zariadenia,Stredná škola,bro_zahrady,Biologicky rozložiteľný odpad zo záhrad,20 02 01,odpad,sezonne_leto,D
00161021,Gymnázium Krompachy,Krompachy,Spišská Nová Ves,Košický,48.917127,20.873055,Gastro a stravovacie zariadenia,Stredná škola,skolsky_kuchynsky_odpad,Kuchynský odpad zo školských jedální,20 01 08,odpad,celorocne,D
00161021,Gymnázium Krompachy,Krompachy,Spišská Nová Ves,Košický,48.917127,20.873055,Gastro a stravovacie zariadenia,Stredná škola,zvysky_z_taniera,Zvyšky z taniera,20 01 08,odpad,celorocne,D
00161021,Gymnázium Krompachy,Krompachy,Spišská Nová Ves,Košický,48.917127,20.873055,Gastro a stravovacie zariadenia,Stredná škola,gastro_fritovaci_olej,Použitý fritovací olej z gastroprevádzok,20 01 25,odpad,celorocne,D
00161021,Gymnázium Krompachy,Krompachy,Spišská Nová Ves,Košický,48.917127,20.873055,Gastro a stravovacie zariadenia,Stredná škola,bro_zahrady,Biologicky rozložiteľný odpad zo záhrad,20 02 01,odpad,sezonne_leto,D
00161098,Gymnázium Poprad,Poprad,Poprad,Prešovský,49.054152,20.29764,Gastro a stravovacie zariadenia,Stredná škola,skolsky_kuchynsky_odpad,Kuchynský odpad zo školských jedální,20 01 08,odpad,celorocne,D
00161098,Gymnázium Poprad,Poprad,Poprad,Prešovský,49.054152,20.29764,Gastro a stravovacie zariadenia,Stredná škola,zvysky_z_taniera,Zvyšky z taniera,20 01 08,odpad,celorocne,D
00161098,Gymnázium Poprad,Poprad,Poprad,Prešovský,49.054152,20.29764,Gastro a stravovacie zariadenia,Stredná škola,gastro_fritovaci_olej,Použitý fritovací olej z gastroprevádzok,20 01 25,odpad,celorocne,D
00161098,Gymnázium Poprad,Poprad,Poprad,Prešovský,49.054152,20.29764,Gastro a stravovacie zariadenia,Stredná škola,bro_zahrady,Biologicky rozložiteľný odpad zo záhrad,20 02 01,odpad,sezonne_leto,D
00161101,Gymnázium Jána Adama Raymana,Prešov,Prešov,Prešovský,49.000411,21.252273,Gastro a stravovacie zariadenia,Stredná škola,skolsky_kuchynsky_odpad,Kuchynský odpad zo školských jedální,20 01 08,odpad,celorocne,D
00161101,Gymnázium Jána Adama Raymana,Prešov,Prešov,Prešovský,49.000411,21.252273,Gastro a stravovacie zariadenia,Stredná škola,zvysky_z_taniera,Zvyšky z taniera,20 01 08,odpad,celorocne,D
00161101,Gymnázium Jána Adama Raymana,Prešov,Prešov,Prešovský,49.000411,21.252273,Gastro a stravovacie zariadenia,Stredná škola,gastro_fritovaci_olej,Použitý fritovací olej z gastroprevádzok,20 01 25,odpad,celorocne,D
00161101,Gymnázium Jána Adama Raymana,Prešov,Prešov,Prešovský,49.000411,21.252273,Gastro a stravovacie zariadenia,Stredná škola,bro_zahrady,Biologicky rozložiteľný odpad zo záhrad,20 02 01,odpad,sezonne_leto,D
00161110,Gymnázium Prešov,Prešov,Prešov,Prešovský,49.000411,21.252273,Gastro a stravovacie zariadenia,Stredná škola,skolsky_kuchynsky_odpad,Kuchynský odpad zo školských jedální,20 01 08,odpad,celorocne,D
00161110,Gymnázium Prešov,Prešov,Prešov,Prešovský,49.000411,21.252273,Gastro a stravovacie zariadenia,Stredná škola,zvysky_z_taniera,Zvyšky z taniera,20 01 08,odpad,celorocne,D
00161110,Gymnázium Prešov,Prešov,Prešov,Prešovský,49.000411,21.252273,Gastro a stravovacie zariadenia,Stredná škola,gastro_fritovaci_olej,Použitý fritovací olej z gastroprevádzok,20 01 25,odpad,celorocne,D
00161110,Gymnázium Prešov,Prešov,Prešov,Prešovský,49.000411,21.252273,Gastro a stravovacie zariadenia,Stredná škola,bro_zahrady,Biologicky rozložiteľný odpad zo záhrad,20 02 01,odpad,sezonne_leto,D
00161144,Gymnázium Pavla Jozefa Šafárika,Rožňava,Rožňava,Košický,48.654392,20.531184,Gastro a stravovacie zariadenia,Stredná škola,skolsky_kuchynsky_odpad,Kuchynský odpad zo školských jedální,20 01 08,odpad,celorocne,D
00161144,Gymnázium Pavla Jozefa Šafárika,Rožňava,Rožňava,Košický,48.654392,20.531184,Gastro a stravovacie zariadenia,Stredná škola,zvysky_z_taniera,Zvyšky z taniera,20 01 08,odpad,celorocne,D
00161144,Gymnázium Pavla Jozefa Šafárika,Rožňava,Rožňava,Košický,48.654392,20.531184,Gastro a stravovacie zariadenia,Stredná škola,gastro_fritovaci_olej,Použitý fritovací olej z gastroprevádzok,20 01 25,odpad,celorocne,D
00161144,Gymnázium Pavla Jozefa Šafárika,Rožňava,Rožňava,Košický,48.654392,20.531184,Gastro a stravovacie zariadenia,Stredná škola,bro_zahrady,Biologicky rozložiteľný odpad zo záhrad,20 02 01,odpad,sezonne_leto,D
00161268,Gymnázium Cyrila Daxnera,Vranov nad Topľou,Vranov nad Topľou,Prešovský,48.890524,21.680564,Gastro a stravovacie zariadenia,Stredná škola,skolsky_kuchynsky_odpad,Kuchynský odpad zo školských jedální,20 01 08,odpad,celorocne,D
00161268,Gymnázium Cyrila Daxnera,Vranov nad Topľou,Vranov nad Topľou,Prešovský,48.890524,21.680564,Gastro a stravovacie zariadenia,Stredná škola,zvysky_z_taniera,Zvyšky z taniera,20 01 08,odpad,celorocne,D
00161268,Gymnázium Cyrila Daxnera,Vranov nad Topľou,Vranov nad Topľou,Prešovský,48.890524,21.680564,Gastro a stravovacie zariadenia,Stredná škola,gastro_fritovaci_olej,Použitý fritovací olej z gastroprevádzok,20 01 25,odpad,celorocne,D
00161268,Gymnázium Cyrila Daxnera,Vranov nad Topľou,Vranov nad Topľou,Prešovský,48.890524,21.680564,Gastro a stravovacie zariadenia,Stredná škola,bro_zahrady,Biologicky rozložiteľný odpad zo záhrad,20 02 01,odpad,sezonne_leto,D
00162787,"Stredná odborná škola pedagogická, Sokolská 6, Modra",Modra,Pezinok,Bratislavský,48.336443,17.308037,Gastro a stravovacie zariadenia,Stredná škola,skolsky_kuchynsky_odpad,Kuchynský odpad zo školských jedální,20 01 08,odpad,celorocne,D
00162787,"Stredná odborná škola pedagogická, Sokolská 6, Modra",Modra,Pezinok,Bratislavský,48.336443,17.308037,Gastro a stravovacie zariadenia,Stredná škola,zvysky_z_taniera,Zvyšky z taniera,20 01 08,odpad,celorocne,D
00162787,"Stredná odborná škola pedagogická, Sokolská 6, Modra",Modra,Pezinok,Bratislavský,48.336443,17.308037,Gastro a stravovacie zariadenia,Stredná škola,gastro_fritovaci_olej,Použitý fritovací olej z gastroprevádzok,20 01 25,odpad,celorocne,D
00162787,"Stredná odborná škola pedagogická, Sokolská 6, Modra",Modra,Pezinok,Bratislavský,48.336443,17.308037,Gastro a stravovacie zariadenia,Stredná škola,bro_zahrady,Biologicky rozložiteľný odpad zo záhrad,20 02 01,odpad,sezonne_leto,D
00162809,"Stredná odborná škola pedagogická, Komenského 12, Lučenec",Lučenec,Lučenec,Banskobystrický,48.330282,19.664144,Gastro a stravovacie zariadenia,Stredná škola,skolsky_kuchynsky_odpad,Kuchynský odpad zo školských jedální,20 01 08,odpad,celorocne,D
00162809,"Stredná odborná škola pedagogická, Komenského 12, Lučenec",Lučenec,Lučenec,Banskobystrický,48.330282,19.664144,Gastro a stravovacie zariadenia,Stredná škola,zvysky_z_taniera,Zvyšky z taniera,20 01 08,odpad,celorocne,D
00162809,"Stredná odborná škola pedagogická, Komenského 12, Lučenec",Lučenec,Lučenec,Banskobystrický,48.330282,19.664144,Gastro a stravovacie zariadenia,Stredná škola,gastro_fritovaci_olej,Použitý fritovací olej z gastroprevádzok,20 01 25,odpad,celorocne,D
00162809,"Stredná odborná škola pedagogická, Komenského 12, Lučenec",Lučenec,Lučenec,Banskobystrický,48.330282,19.664144,Gastro a stravovacie zariadenia,Stredná škola,bro_zahrady,Biologicky rozložiteľný odpad zo záhrad,20 02 01,odpad,sezonne_leto,D
00162817,"Stredná odborná škola pedagogická, SNP 509/116, Turčianske Teplice",Turčianske Teplice,Turčianske Teplice,Žilinský,48.862737,18.858728,Gastro a stravovacie zariadenia,Stredná škola,skolsky_kuchynsky_odpad,Kuchynský odpad zo školských jedální,20 01 08,odpad,celorocne,D
00162817,"Stredná odborná škola pedagogická, SNP 509/116, Turčianske Teplice",Turčianske Teplice,Turčianske Teplice,Žilinský,48.862737,18.858728,Gastro a stravovacie zariadenia,Stredná škola,zvysky_z_taniera,Zvyšky z taniera,20 01 08,odpad,celorocne,D
00162817,"Stredná odborná škola pedagogická, SNP 509/116, Turčianske Teplice",Turčianske Teplice,Turčianske Teplice,Žilinský,48.862737,18.858728,Gastro a stravovacie zariadenia,Stredná škola,gastro_fritovaci_olej,Použitý fritovací olej z gastroprevádzok,20 01 25,odpad,celorocne,D
00162817,"Stredná odborná škola pedagogická, SNP 509/116, Turčianske Teplice",Turčianske Teplice,Turčianske Teplice,Žilinský,48.862737,18.858728,Gastro a stravovacie zariadenia,Stredná škola,bro_zahrady,Biologicky rozložiteľný odpad zo záhrad,20 02 01,odpad,sezonne_leto,D
00162825,"Stredná odborná škola pedagogická, Kmeťovo stromoradie 5, Prešov",Prešov,Prešov,Prešovský,49.000411,21.252273,Gastro a stravovacie zariadenia,Stredná škola,skolsky_kuchynsky_odpad,Kuchynský odpad zo školských jedální,20 01 08,odpad,celorocne,D
00162825,"Stredná odborná škola pedagogická, Kmeťovo stromoradie 5, Prešov",Prešov,Prešov,Prešovský,49.000411,21.252273,Gastro a stravovacie zariadenia,Stredná škola,zvysky_z_taniera,Zvyšky z taniera,20 01 08,odpad,celorocne,D
00162825,"Stredná odborná škola pedagogická, Kmeťovo stromoradie 5, Prešov",Prešov,Prešov,Prešovský,49.000411,21.252273,Gastro a stravovacie zariadenia,Stredná škola,gastro_fritovaci_olej,Použitý fritovací olej z gastroprevádzok,20 01 25,odpad,celorocne,D
00162825,"Stredná odborná škola pedagogická, Kmeťovo stromoradie 5, Prešov",Prešov,Prešov,Prešovský,49.000411,21.252273,Gastro a stravovacie zariadenia,Stredná škola,bro_zahrady,Biologicky rozložiteľný odpad zo záhrad,20 02 01,odpad,sezonne_leto,D
00162833,"Stredná odborná škola pedagogická, Bottova 15A, Levoča",Levoča,Levoča,Prešovský,49.025112,20.587999,Gastro a stravovacie zariadenia,Stredná škola,skolsky_kuchynsky_odpad,Kuchynský odpad zo školských jedální,20 01 08,odpad,celorocne,D
00162833,"Stredná odborná škola pedagogická, Bottova 15A, Levoča",Levoča,Levoča,Prešovský,49.025112,20.587999,Gastro a stravovacie zariadenia,Stredná škola,zvysky_z_taniera,Zvyšky z taniera,20 01 08,odpad,celorocne,D
00162833,"Stredná odborná škola pedagogická, Bottova 15A, Levoča",Levoča,Levoča,Prešovský,49.025112,20.587999,Gastro a stravovacie zariadenia,Stredná škola,gastro_fritovaci_olej,Použitý fritovací olej z gastroprevádzok,20 01 25,odpad,celorocne,D
00162833,"Stredná odborná škola pedagogická, Bottova 15A, Levoča",Levoča,Levoča,Prešovský,49.025112,20.587999,Gastro a stravovacie zariadenia,Stredná škola,bro_zahrady,Biologicky rozložiteľný odpad zo záhrad,20 02 01,odpad,sezonne_leto,D
00168823,"COOP Jednota Bratislava - vidiek, spotrebné družstvo",Bratislava - mestská časť Nové Mesto,Bratislava III,Bratislavský,48.167188,17.138349,Retail a distribúcia potravín,Spotrebné družstvo (predajne),retail_ovocie_zelenina,Neupredané ovocie a zelenina z predajní,20 01 08,odpad,celorocne,D
00168823,"COOP Jednota Bratislava - vidiek, spotrebné družstvo",Bratislava - mestská časť Nové Mesto,Bratislava III,Bratislavský,48.167188,17.138349,Retail a distribúcia potravín,Spotrebné družstvo (predajne),retail_pecivo,Neupredané pečivo a pekárske výrobky,02 06 01,vedlajsi_produkt,celorocne,D
00168823,"COOP Jednota Bratislava - vidiek, spotrebné družstvo",Bratislava - mestská časť Nové Mesto,Bratislava III,Bratislavský,48.167188,17.138349,Retail a distribúcia potravín,Spotrebné družstvo (predajne),retail_mliecne,Mliečne výrobky po dátume minimálnej trvanlivosti,20 01 08,odpad,celorocne,D
00168823,"COOP Jednota Bratislava - vidiek, spotrebné družstvo",Bratislava - mestská časť Nové Mesto,Bratislava III,Bratislavský,48.167188,17.138349,Retail a distribúcia potravín,Spotrebné družstvo (predajne),retail_maso_zvysky,Mäsové a údenárske výrobky po dátume spotreby,02 02 03,odpad,celorocne,D
00168823,"COOP Jednota Bratislava - vidiek, spotrebné družstvo",Bratislava - mestská časť Nové Mesto,Bratislava III,Bratislavský,48.167188,17.138349,Retail a distribúcia potravín,Spotrebné družstvo (predajne),retail_zmesovy,Zmesový potravinový odpad z predajne,20 01 08,odpad,celorocne,D
00168831,"COOP Jednota Dunajská Streda, spotrebné družstvo",Dunajská Streda,Dunajská Streda,Trnavský,47.989309,17.620142,Retail a distribúcia potravín,Spotrebné družstvo (predajne),retail_ovocie_zelenina,Neupredané ovocie a zelenina z predajní,20 01 08,odpad,celorocne,D
00168831,"COOP Jednota Dunajská Streda, spotrebné družstvo",Dunajská Streda,Dunajská Streda,Trnavský,47.989309,17.620142,Retail a distribúcia potravín,Spotrebné družstvo (predajne),retail_pecivo,Neupredané pečivo a pekárske výrobky,02 06 01,vedlajsi_produkt,celorocne,D
00168831,"COOP Jednota Dunajská Streda, spotrebné družstvo",Dunajská Streda,Dunajská Streda,Trnavský,47.989309,17.620142,Retail a distribúcia potravín,Spotrebné družstvo (predajne),retail_mliecne,Mliečne výrobky po dátume minimálnej trvanlivosti,20 01 08,odpad,celorocne,D
00168831,"COOP Jednota Dunajská Streda, spotrebné družstvo",Dunajská Streda,Dunajská Streda,Trnavský,47.989309,17.620142,Retail a distribúcia potravín,Spotrebné družstvo (predajne),retail_maso_zvysky,Mäsové a údenárske výrobky po dátume spotreby,02 02 03,odpad,celorocne,D
00168831,"COOP Jednota Dunajská Streda, spotrebné družstvo",Dunajská Streda,Dunajská Streda,Trnavský,47.989309,17.620142,Retail a distribúcia potravín,Spotrebné družstvo (predajne),retail_zmesovy,Zmesový potravinový odpad z predajne,20 01 08,odpad,celorocne,D
00168840,"COOP Jednota Galanta, spotrebné družstvo",Galanta,Galanta,Trnavský,48.191057,17.727778,Retail a distribúcia potravín,Spotrebné družstvo (predajne),retail_ovocie_zelenina,Neupredané ovocie a zelenina z predajní,20 01 08,odpad,celorocne,D
00168840,"COOP Jednota Galanta, spotrebné družstvo",Galanta,Galanta,Trnavský,48.191057,17.727778,Retail a distribúcia potravín,Spotrebné družstvo (predajne),retail_pecivo,Neupredané pečivo a pekárske výrobky,02 06 01,vedlajsi_produkt,celorocne,D
00168840,"COOP Jednota Galanta, spotrebné družstvo",Galanta,Galanta,Trnavský,48.191057,17.727778,Retail a distribúcia potravín,Spotrebné družstvo (predajne),retail_mliecne,Mliečne výrobky po dátume minimálnej trvanlivosti,20 01 08,odpad,celorocne,D
00168840,"COOP Jednota Galanta, spotrebné družstvo",Galanta,Galanta,Trnavský,48.191057,17.727778,Retail a distribúcia potravín,Spotrebné družstvo (predajne),retail_maso_zvysky,Mäsové a údenárske výrobky po dátume spotreby,02 02 03,odpad,celorocne,D
00168840,"COOP Jednota Galanta, spotrebné družstvo",Galanta,Galanta,Trnavský,48.191057,17.727778,Retail a distribúcia potravín,Spotrebné družstvo (predajne),retail_zmesovy,Zmesový potravinový odpad z predajne,20 01 08,odpad,celorocne,D
00168874,"COOP Jednota Nitra, spotrebné družstvo",Nitra,Nitra,Nitriansky,48.31257,18.09061,Retail a distribúcia potravín,Spotrebné družstvo (predajne),retail_ovocie_zelenina,Neupredané ovocie a zelenina z predajní,20 01 08,odpad,celorocne,D
00168874,"COOP Jednota Nitra, spotrebné družstvo",Nitra,Nitra,Nitriansky,48.31257,18.09061,Retail a distribúcia potravín,Spotrebné družstvo (predajne),retail_pecivo,Neupredané pečivo a pekárske výrobky,02 06 01,vedlajsi_produkt,celorocne,D
00168874,"COOP Jednota Nitra, spotrebné družstvo",Nitra,Nitra,Nitriansky,48.31257,18.09061,Retail a distribúcia potravín,Spotrebné družstvo (predajne),retail_mliecne,Mliečne výrobky po dátume minimálnej trvanlivosti,20 01 08,odpad,celorocne,D
00168874,"COOP Jednota Nitra, spotrebné družstvo",Nitra,Nitra,Nitriansky,48.31257,18.09061,Retail a distribúcia potravín,Spotrebné družstvo (predajne),retail_maso_zvysky,Mäsové a údenárske výrobky po dátume spotreby,02 02 03,odpad,celorocne,D
00168874,"COOP Jednota Nitra, spotrebné družstvo",Nitra,Nitra,Nitriansky,48.31257,18.09061,Retail a distribúcia potravín,Spotrebné družstvo (predajne),retail_zmesovy,Zmesový potravinový odpad z predajne,20 01 08,odpad,celorocne,D
00168882,"COOP Jednota Nové Zámky, spotrebné družstvo",Nové Zámky,Nové Zámky,Nitriansky,47.98334,18.166661,Retail a distribúcia potravín,Spotrebné družstvo (predajne),retail_ovocie_zelenina,Neupredané ovocie a zelenina z predajní,20 01 08,odpad,celorocne,D
00168882,"COOP Jednota Nové Zámky, spotrebné družstvo",Nové Zámky,Nové Zámky,Nitriansky,47.98334,18.166661,Retail a distribúcia potravín,Spotrebné družstvo (predajne),retail_pecivo,Neupredané pečivo a pekárske výrobky,02 06 01,vedlajsi_produkt,celorocne,D
00168882,"COOP Jednota Nové Zámky, spotrebné družstvo",Nové Zámky,Nové Zámky,Nitriansky,47.98334,18.166661,Retail a distribúcia potravín,Spotrebné družstvo (predajne),retail_mliecne,Mliečne výrobky po dátume minimálnej trvanlivosti,20 01 08,odpad,celorocne,D
00168882,"COOP Jednota Nové Zámky, spotrebné družstvo",Nové Zámky,Nové Zámky,Nitriansky,47.98334,18.166661,Retail a distribúcia potravín,Spotrebné družstvo (predajne),retail_maso_zvysky,Mäsové a údenárske výrobky po dátume spotreby,02 02 03,odpad,celorocne,D
00168882,"COOP Jednota Nové Zámky, spotrebné družstvo",Nové Zámky,Nové Zámky,Nitriansky,47.98334,18.166661,Retail a distribúcia potravín,Spotrebné družstvo (predajne),retail_zmesovy,Zmesový potravinový odpad z predajne,20 01 08,odpad,celorocne,D
00168891,"COOP Jednota Senica, spotrebné družstvo",Senica,Senica,Trnavský,48.679121,17.364383,Retail a distribúcia potravín,Spotrebné družstvo (predajne),retail_ovocie_zelenina,Neupredané ovocie a zelenina z predajní,20 01 08,odpad,celorocne,D
00168891,"COOP Jednota Senica, spotrebné družstvo",Senica,Senica,Trnavský,48.679121,17.364383,Retail a distribúcia potravín,Spotrebné družstvo (predajne),retail_pecivo,Neupredané pečivo a pekárske výrobky,02 06 01,vedlajsi_produkt,celorocne,D
00168891,"COOP Jednota Senica, spotrebné družstvo",Senica,Senica,Trnavský,48.679121,17.364383,Retail a distribúcia potravín,Spotrebné družstvo (predajne),retail_mliecne,Mliečne výrobky po dátume minimálnej trvanlivosti,20 01 08,odpad,celorocne,D
00168891,"COOP Jednota Senica, spotrebné družstvo",Senica,Senica,Trnavský,48.679121,17.364383,Retail a distribúcia potravín,Spotrebné družstvo (predajne),retail_maso_zvysky,Mäsové a údenárske výrobky po dátume spotreby,02 02 03,odpad,celorocne,D
00168891,"COOP Jednota Senica, spotrebné družstvo",Senica,Senica,Trnavský,48.679121,17.364383,Retail a distribúcia potravín,Spotrebné družstvo (predajne),retail_zmesovy,Zmesový potravinový odpad z predajne,20 01 08,odpad,celorocne,D
00168904,"COOP Jednota Topoľčany, spotrebné družstvo",Topoľčany,Topoľčany,Nitriansky,48.559116,18.176052,Retail a distribúcia potravín,Spotrebné družstvo (predajne),retail_ovocie_zelenina,Neupredané ovocie a zelenina z predajní,20 01 08,odpad,celorocne,D
00168904,"COOP Jednota Topoľčany, spotrebné družstvo",Topoľčany,Topoľčany,Nitriansky,48.559116,18.176052,Retail a distribúcia potravín,Spotrebné družstvo (predajne),retail_pecivo,Neupredané pečivo a pekárske výrobky,02 06 01,vedlajsi_produkt,celorocne,D
00168904,"COOP Jednota Topoľčany, spotrebné družstvo",Topoľčany,Topoľčany,Nitriansky,48.559116,18.176052,Retail a distribúcia potravín,Spotrebné družstvo (predajne),retail_mliecne,Mliečne výrobky po dátume minimálnej trvanlivosti,20 01 08,odpad,celorocne,D
00168904,"COOP Jednota Topoľčany, spotrebné družstvo",Topoľčany,Topoľčany,Nitriansky,48.559116,18.176052,Retail a distribúcia potravín,Spotrebné družstvo (predajne),retail_maso_zvysky,Mäsové a údenárske výrobky po dátume spotreby,02 02 03,odpad,celorocne,D
00168904,"COOP Jednota Topoľčany, spotrebné družstvo",Topoľčany,Topoľčany,Nitriansky,48.559116,18.176052,Retail a distribúcia potravín,Spotrebné družstvo (predajne),retail_zmesovy,Zmesový potravinový odpad z predajne,20 01 08,odpad,celorocne,D
00168912,"COOP Jednota Trenčín, spotrebné družstvo",Trenčín,Trenčín,Trenčiansky,48.892358,18.039372,Retail a distribúcia potravín,Spotrebné družstvo (predajne),retail_ovocie_zelenina,Neupredané ovocie a zelenina z predajní,20 01 08,odpad,celorocne,D
00168912,"COOP Jednota Trenčín, spotrebné družstvo",Trenčín,Trenčín,Trenčiansky,48.892358,18.039372,Retail a distribúcia potravín,Spotrebné družstvo (predajne),retail_pecivo,Neupredané pečivo a pekárske výrobky,02 06 01,vedlajsi_produkt,celorocne,D
00168912,"COOP Jednota Trenčín, spotrebné družstvo",Trenčín,Trenčín,Trenčiansky,48.892358,18.039372,Retail a distribúcia potravín,Spotrebné družstvo (predajne),retail_mliecne,Mliečne výrobky po dátume minimálnej trvanlivosti,20 01 08,odpad,celorocne,D
00168912,"COOP Jednota Trenčín, spotrebné družstvo",Trenčín,Trenčín,Trenčiansky,48.892358,18.039372,Retail a distribúcia potravín,Spotrebné družstvo (predajne),retail_maso_zvysky,Mäsové a údenárske výrobky po dátume spotreby,02 02 03,odpad,celorocne,D
00168912,"COOP Jednota Trenčín, spotrebné družstvo",Trenčín,Trenčín,Trenčiansky,48.892358,18.039372,Retail a distribúcia potravín,Spotrebné družstvo (predajne),retail_zmesovy,Zmesový potravinový odpad z predajne,20 01 08,odpad,celorocne,D
00168921,"COOP Jednota Trnava, spotrebné družstvo",Trnava,Trnava,Trnavský,48.37729,17.586718,Retail a distribúcia potravín,Spotrebné družstvo (predajne),retail_ovocie_zelenina,Neupredané ovocie a zelenina z predajní,20 01 08,odpad,celorocne,D
00168921,"COOP Jednota Trnava, spotrebné družstvo",Trnava,Trnava,Trnavský,48.37729,17.586718,Retail a distribúcia potravín,Spotrebné družstvo (predajne),retail_pecivo,Neupredané pečivo a pekárske výrobky,02 06 01,vedlajsi_produkt,celorocne,D
00168921,"COOP Jednota Trnava, spotrebné družstvo",Trnava,Trnava,Trnavský,48.37729,17.586718,Retail a distribúcia potravín,Spotrebné družstvo (predajne),retail_mliecne,Mliečne výrobky po dátume minimálnej trvanlivosti,20 01 08,odpad,celorocne,D
00168921,"COOP Jednota Trnava, spotrebné družstvo",Trnava,Trnava,Trnavský,48.37729,17.586718,Retail a distribúcia potravín,Spotrebné družstvo (predajne),retail_maso_zvysky,Mäsové a údenárske výrobky po dátume spotreby,02 02 03,odpad,celorocne,D
00168921,"COOP Jednota Trnava, spotrebné družstvo",Trnava,Trnava,Trnavský,48.37729,17.586718,Retail a distribúcia potravín,Spotrebné družstvo (predajne),retail_zmesovy,Zmesový potravinový odpad z predajne,20 01 08,odpad,celorocne,D
00168947,"COOP Jednota Čadca, spotrebné družstvo",Čadca,Čadca,Žilinský,49.440819,18.788221,Retail a distribúcia potravín,Spotrebné družstvo (predajne),retail_ovocie_zelenina,Neupredané ovocie a zelenina z predajní,20 01 08,odpad,celorocne,D
00168947,"COOP Jednota Čadca, spotrebné družstvo",Čadca,Čadca,Žilinský,49.440819,18.788221,Retail a distribúcia potravín,Spotrebné družstvo (predajne),retail_pecivo,Neupredané pečivo a pekárske výrobky,02 06 01,vedlajsi_produkt,celorocne,D
00168947,"COOP Jednota Čadca, spotrebné družstvo",Čadca,Čadca,Žilinský,49.440819,18.788221,Retail a distribúcia potravín,Spotrebné družstvo (predajne),retail_mliecne,Mliečne výrobky po dátume minimálnej trvanlivosti,20 01 08,odpad,celorocne,D
00168947,"COOP Jednota Čadca, spotrebné družstvo",Čadca,Čadca,Žilinský,49.440819,18.788221,Retail a distribúcia potravín,Spotrebné družstvo (predajne),retail_maso_zvysky,Mäsové a údenárske výrobky po dátume spotreby,02 02 03,odpad,celorocne,D
00168947,"COOP Jednota Čadca, spotrebné družstvo",Čadca,Čadca,Žilinský,49.440819,18.788221,Retail a distribúcia potravín,Spotrebné družstvo (predajne),retail_zmesovy,Zmesový potravinový odpad z predajne,20 01 08,odpad,celorocne,D
00168963,"COOP Jednota Liptovský Mikuláš, spotrebné družstvo",Liptovský Mikuláš,Liptovský Mikuláš,Žilinský,49.083333,19.616667,Retail a distribúcia potravín,Spotrebné družstvo (predajne),retail_ovocie_zelenina,Neupredané ovocie a zelenina z predajní,20 01 08,odpad,celorocne,D
00168963,"COOP Jednota Liptovský Mikuláš, spotrebné družstvo",Liptovský Mikuláš,Liptovský Mikuláš,Žilinský,49.083333,19.616667,Retail a distribúcia potravín,Spotrebné družstvo (predajne),retail_pecivo,Neupredané pečivo a pekárske výrobky,02 06 01,vedlajsi_produkt,celorocne,D
00168963,"COOP Jednota Liptovský Mikuláš, spotrebné družstvo",Liptovský Mikuláš,Liptovský Mikuláš,Žilinský,49.083333,19.616667,Retail a distribúcia potravín,Spotrebné družstvo (predajne),retail_mliecne,Mliečne výrobky po dátume minimálnej trvanlivosti,20 01 08,odpad,celorocne,D
00168963,"COOP Jednota Liptovský Mikuláš, spotrebné družstvo",Liptovský Mikuláš,Liptovský Mikuláš,Žilinský,49.083333,19.616667,Retail a distribúcia potravín,Spotrebné družstvo (predajne),retail_maso_zvysky,Mäsové a údenárske výrobky po dátume spotreby,02 02 03,odpad,celorocne,D
00168963,"COOP Jednota Liptovský Mikuláš, spotrebné družstvo",Liptovský Mikuláš,Liptovský Mikuláš,Žilinský,49.083333,19.616667,Retail a distribúcia potravín,Spotrebné družstvo (predajne),retail_zmesovy,Zmesový potravinový odpad z predajne,20 01 08,odpad,celorocne,D
00168980,"COOP JEDNOTA MARTIN, spotrebné družstvo",Turčianske Teplice,Turčianske Teplice,Žilinský,48.862737,18.858728,Retail a distribúcia potravín,Spotrebné družstvo (predajne),retail_ovocie_zelenina,Neupredané ovocie a zelenina z predajní,20 01 08,odpad,celorocne,D
00168980,"COOP JEDNOTA MARTIN, spotrebné družstvo",Turčianske Teplice,Turčianske Teplice,Žilinský,48.862737,18.858728,Retail a distribúcia potravín,Spotrebné družstvo (predajne),retail_pecivo,Neupredané pečivo a pekárske výrobky,02 06 01,vedlajsi_produkt,celorocne,D
00168980,"COOP JEDNOTA MARTIN, spotrebné družstvo",Turčianske Teplice,Turčianske Teplice,Žilinský,48.862737,18.858728,Retail a distribúcia potravín,Spotrebné družstvo (predajne),retail_mliecne,Mliečne výrobky po dátume minimálnej trvanlivosti,20 01 08,odpad,celorocne,D
00168980,"COOP JEDNOTA MARTIN, spotrebné družstvo",Turčianske Teplice,Turčianske Teplice,Žilinský,48.862737,18.858728,Retail a distribúcia potravín,Spotrebné družstvo (predajne),retail_maso_zvysky,Mäsové a údenárske výrobky po dátume spotreby,02 02 03,odpad,celorocne,D
00168980,"COOP JEDNOTA MARTIN, spotrebné družstvo",Turčianske Teplice,Turčianske Teplice,Žilinský,48.862737,18.858728,Retail a distribúcia potravín,Spotrebné družstvo (predajne),retail_zmesovy,Zmesový potravinový odpad z predajne,20 01 08,odpad,celorocne,D
00169005,"COOP Jednota Prievidza, spotrebné družstvo",Prievidza,Prievidza,Trenčiansky,48.77104,18.623306,Retail a distribúcia potravín,Spotrebné družstvo (predajne),retail_ovocie_zelenina,Neupredané ovocie a zelenina z predajní,20 01 08,odpad,celorocne,D
00169005,"COOP Jednota Prievidza, spotrebné družstvo",Prievidza,Prievidza,Trenčiansky,48.77104,18.623306,Retail a distribúcia potravín,Spotrebné družstvo (predajne),retail_pecivo,Neupredané pečivo a pekárske výrobky,02 06 01,vedlajsi_produkt,celorocne,D
00169005,"COOP Jednota Prievidza, spotrebné družstvo",Prievidza,Prievidza,Trenčiansky,48.77104,18.623306,Retail a distribúcia potravín,Spotrebné družstvo (predajne),retail_mliecne,Mliečne výrobky po dátume minimálnej trvanlivosti,20 01 08,odpad,celorocne,D
00169005,"COOP Jednota Prievidza, spotrebné družstvo",Prievidza,Prievidza,Trenčiansky,48.77104,18.623306,Retail a distribúcia potravín,Spotrebné družstvo (predajne),retail_maso_zvysky,Mäsové a údenárske výrobky po dátume spotreby,02 02 03,odpad,celorocne,D
00169005,"COOP Jednota Prievidza, spotrebné družstvo",Prievidza,Prievidza,Trenčiansky,48.77104,18.623306,Retail a distribúcia potravín,Spotrebné družstvo (predajne),retail_zmesovy,Zmesový potravinový odpad z predajne,20 01 08,odpad,celorocne,D
00169021,"COOP Jednota Krupina, spotrebné družstvo",Krupina,Krupina,Banskobystrický,48.352728,19.069182,Retail a distribúcia potravín,Spotrebné družstvo (predajne),retail_ovocie_zelenina,Neupredané ovocie a zelenina z predajní,20 01 08,odpad,celorocne,D
00169021,"COOP Jednota Krupina, spotrebné družstvo",Krupina,Krupina,Banskobystrický,48.352728,19.069182,Retail a distribúcia potravín,Spotrebné družstvo (predajne),retail_pecivo,Neupredané pečivo a pekárske výrobky,02 06 01,vedlajsi_produkt,celorocne,D
00169021,"COOP Jednota Krupina, spotrebné družstvo",Krupina,Krupina,Banskobystrický,48.352728,19.069182,Retail a distribúcia potravín,Spotrebné družstvo (predajne),retail_mliecne,Mliečne výrobky po dátume minimálnej trvanlivosti,20 01 08,odpad,celorocne,D
00169021,"COOP Jednota Krupina, spotrebné družstvo",Krupina,Krupina,Banskobystrický,48.352728,19.069182,Retail a distribúcia potravín,Spotrebné družstvo (predajne),retail_maso_zvysky,Mäsové a údenárske výrobky po dátume spotreby,02 02 03,odpad,celorocne,D
00169021,"COOP Jednota Krupina, spotrebné družstvo",Krupina,Krupina,Banskobystrický,48.352728,19.069182,Retail a distribúcia potravín,Spotrebné družstvo (predajne),retail_zmesovy,Zmesový potravinový odpad z predajne,20 01 08,odpad,celorocne,D
00169030,"COOP JEDNOTA ŽARNOVICA, spotrebné družstvo",Žarnovica,Žarnovica,Banskobystrický,48.483398,18.72155,Retail a distribúcia potravín,Spotrebné družstvo (predajne),retail_ovocie_zelenina,Neupredané ovocie a zelenina z predajní,20 01 08,odpad,celorocne,D
00169030,"COOP JEDNOTA ŽARNOVICA, spotrebné družstvo",Žarnovica,Žarnovica,Banskobystrický,48.483398,18.72155,Retail a distribúcia potravín,Spotrebné družstvo (predajne),retail_pecivo,Neupredané pečivo a pekárske výrobky,02 06 01,vedlajsi_produkt,celorocne,D
00169030,"COOP JEDNOTA ŽARNOVICA, spotrebné družstvo",Žarnovica,Žarnovica,Banskobystrický,48.483398,18.72155,Retail a distribúcia potravín,Spotrebné družstvo (predajne),retail_mliecne,Mliečne výrobky po dátume minimálnej trvanlivosti,20 01 08,odpad,celorocne,D
00169030,"COOP JEDNOTA ŽARNOVICA, spotrebné družstvo",Žarnovica,Žarnovica,Banskobystrický,48.483398,18.72155,Retail a distribúcia potravín,Spotrebné družstvo (predajne),retail_maso_zvysky,Mäsové a údenárske výrobky po dátume spotreby,02 02 03,odpad,celorocne,D
00169030,"COOP JEDNOTA ŽARNOVICA, spotrebné družstvo",Žarnovica,Žarnovica,Banskobystrický,48.483398,18.72155,Retail a distribúcia potravín,Spotrebné družstvo (predajne),retail_zmesovy,Zmesový potravinový odpad z predajne,20 01 08,odpad,celorocne,D
00169048,"COOP Jednota Žilina, spotrebné družstvo",Žilina,Žilina,Žilinský,49.223464,18.739498,Retail a distribúcia potravín,Spotrebné družstvo (predajne),retail_ovocie_zelenina,Neupredané ovocie a zelenina z predajní,20 01 08,odpad,celorocne,D
00169048,"COOP Jednota Žilina, spotrebné družstvo",Žilina,Žilina,Žilinský,49.223464,18.739498,Retail a distribúcia potravín,Spotrebné družstvo (predajne),retail_pecivo,Neupredané pečivo a pekárske výrobky,02 06 01,vedlajsi_produkt,celorocne,D
00169048,"COOP Jednota Žilina, spotrebné družstvo",Žilina,Žilina,Žilinský,49.223464,18.739498,Retail a distribúcia potravín,Spotrebné družstvo (predajne),retail_mliecne,Mliečne výrobky po dátume minimálnej trvanlivosti,20 01 08,odpad,celorocne,D
00169048,"COOP Jednota Žilina, spotrebné družstvo",Žilina,Žilina,Žilinský,49.223464,18.739498,Retail a distribúcia potravín,Spotrebné družstvo (predajne),retail_maso_zvysky,Mäsové a údenárske výrobky po dátume spotreby,02 02 03,odpad,celorocne,D
00169048,"COOP Jednota Žilina, spotrebné družstvo",Žilina,Žilina,Žilinský,49.223464,18.739498,Retail a distribúcia potravín,Spotrebné družstvo (predajne),retail_zmesovy,Zmesový potravinový odpad z predajne,20 01 08,odpad,celorocne,D
00169081,"COOP Jednota Humenné, spotrebné družstvo",Humenné,Humenné,Prešovský,48.934603,21.90314,Retail a distribúcia potravín,Spotrebné družstvo (predajne),retail_ovocie_zelenina,Neupredané ovocie a zelenina z predajní,20 01 08,odpad,celorocne,D
00169081,"COOP Jednota Humenné, spotrebné družstvo",Humenné,Humenné,Prešovský,48.934603,21.90314,Retail a distribúcia potravín,Spotrebné družstvo (predajne),retail_pecivo,Neupredané pečivo a pekárske výrobky,02 06 01,vedlajsi_produkt,celorocne,D
00169081,"COOP Jednota Humenné, spotrebné družstvo",Humenné,Humenné,Prešovský,48.934603,21.90314,Retail a distribúcia potravín,Spotrebné družstvo (predajne),retail_mliecne,Mliečne výrobky po dátume minimálnej trvanlivosti,20 01 08,odpad,celorocne,D
00169081,"COOP Jednota Humenné, spotrebné družstvo",Humenné,Humenné,Prešovský,48.934603,21.90314,Retail a distribúcia potravín,Spotrebné družstvo (predajne),retail_maso_zvysky,Mäsové a údenárske výrobky po dátume spotreby,02 02 03,odpad,celorocne,D
00169081,"COOP Jednota Humenné, spotrebné družstvo",Humenné,Humenné,Prešovský,48.934603,21.90314,Retail a distribúcia potravín,Spotrebné družstvo (predajne),retail_zmesovy,Zmesový potravinový odpad z predajne,20 01 08,odpad,celorocne,D
00169099,"COOP JEDNOTA Michalovce, spotrebné družstvo",Michalovce,Michalovce,Košický,48.75,21.933333,Retail a distribúcia potravín,Spotrebné družstvo (predajne),retail_ovocie_zelenina,Neupredané ovocie a zelenina z predajní,20 01 08,odpad,celorocne,D
00169099,"COOP JEDNOTA Michalovce, spotrebné družstvo",Michalovce,Michalovce,Košický,48.75,21.933333,Retail a distribúcia potravín,Spotrebné družstvo (predajne),retail_pecivo,Neupredané pečivo a pekárske výrobky,02 06 01,vedlajsi_produkt,celorocne,D
00169099,"COOP JEDNOTA Michalovce, spotrebné družstvo",Michalovce,Michalovce,Košický,48.75,21.933333,Retail a distribúcia potravín,Spotrebné družstvo (predajne),retail_mliecne,Mliečne výrobky po dátume minimálnej trvanlivosti,20 01 08,odpad,celorocne,D
00169099,"COOP JEDNOTA Michalovce, spotrebné družstvo",Michalovce,Michalovce,Košický,48.75,21.933333,Retail a distribúcia potravín,Spotrebné družstvo (predajne),retail_maso_zvysky,Mäsové a údenárske výrobky po dátume spotreby,02 02 03,odpad,celorocne,D
00169099,"COOP JEDNOTA Michalovce, spotrebné družstvo",Michalovce,Michalovce,Košický,48.75,21.933333,Retail a distribúcia potravín,Spotrebné družstvo (predajne),retail_zmesovy,Zmesový potravinový odpad z predajne,20 01 08,odpad,celorocne,D
00169102,"COOP JEDNOTA POPRAD, spotrebné družstvo",Poprad,Poprad,Prešovský,49.054152,20.29764,Retail a distribúcia potravín,Spotrebné družstvo (predajne),retail_ovocie_zelenina,Neupredané ovocie a zelenina z predajní,20 01 08,odpad,celorocne,D
00169102,"COOP JEDNOTA POPRAD, spotrebné družstvo",Poprad,Poprad,Prešovský,49.054152,20.29764,Retail a distribúcia potravín,Spotrebné družstvo (predajne),retail_pecivo,Neupredané pečivo a pekárske výrobky,02 06 01,vedlajsi_produkt,celorocne,D
00169102,"COOP JEDNOTA POPRAD, spotrebné družstvo",Poprad,Poprad,Prešovský,49.054152,20.29764,Retail a distribúcia potravín,Spotrebné družstvo (predajne),retail_mliecne,Mliečne výrobky po dátume minimálnej trvanlivosti,20 01 08,odpad,celorocne,D
00169102,"COOP JEDNOTA POPRAD, spotrebné družstvo",Poprad,Poprad,Prešovský,49.054152,20.29764,Retail a distribúcia potravín,Spotrebné družstvo (predajne),retail_maso_zvysky,Mäsové a údenárske výrobky po dátume spotreby,02 02 03,odpad,celorocne,D
00169102,"COOP JEDNOTA POPRAD, spotrebné družstvo",Poprad,Poprad,Prešovský,49.054152,20.29764,Retail a distribúcia potravín,Spotrebné družstvo (predajne),retail_zmesovy,Zmesový potravinový odpad z predajne,20 01 08,odpad,celorocne,D
00169111,"COOP Jednota Prešov, spotrebné družstvo",Prešov,Prešov,Prešovský,49.000411,21.252273,Retail a distribúcia potravín,Spotrebné družstvo (predajne),retail_ovocie_zelenina,Neupredané ovocie a zelenina z predajní,20 01 08,odpad,celorocne,D
00169111,"COOP Jednota Prešov, spotrebné družstvo",Prešov,Prešov,Prešovský,49.000411,21.252273,Retail a distribúcia potravín,Spotrebné družstvo (predajne),retail_pecivo,Neupredané pečivo a pekárske výrobky,02 06 01,vedlajsi_produkt,celorocne,D
00169111,"COOP Jednota Prešov, spotrebné družstvo",Prešov,Prešov,Prešovský,49.000411,21.252273,Retail a distribúcia potravín,Spotrebné družstvo (predajne),retail_mliecne,Mliečne výrobky po dátume minimálnej trvanlivosti,20 01 08,odpad,celorocne,D
00169111,"COOP Jednota Prešov, spotrebné družstvo",Prešov,Prešov,Prešovský,49.000411,21.252273,Retail a distribúcia potravín,Spotrebné družstvo (predajne),retail_maso_zvysky,Mäsové a údenárske výrobky po dátume spotreby,02 02 03,odpad,celorocne,D
00169111,"COOP Jednota Prešov, spotrebné družstvo",Prešov,Prešov,Prešovský,49.000411,21.252273,Retail a distribúcia potravín,Spotrebné družstvo (predajne),retail_zmesovy,Zmesový potravinový odpad z predajne,20 01 08,odpad,celorocne,D
00169129,"COOP JEDNOTA REVÚCA, spotrebné družstvo",Revúca,Revúca,Banskobystrický,48.683333,20.116667,Retail a distribúcia potravín,Spotrebné družstvo (predajne),retail_ovocie_zelenina,Neupredané ovocie a zelenina z predajní,20 01 08,odpad,celorocne,D
00169129,"COOP JEDNOTA REVÚCA, spotrebné družstvo",Revúca,Revúca,Banskobystrický,48.683333,20.116667,Retail a distribúcia potravín,Spotrebné družstvo (predajne),retail_pecivo,Neupredané pečivo a pekárske výrobky,02 06 01,vedlajsi_produkt,celorocne,D
00169129,"COOP JEDNOTA REVÚCA, spotrebné družstvo",Revúca,Revúca,Banskobystrický,48.683333,20.116667,Retail a distribúcia potravín,Spotrebné družstvo (predajne),retail_mliecne,Mliečne výrobky po dátume minimálnej trvanlivosti,20 01 08,odpad,celorocne,D
00169129,"COOP JEDNOTA REVÚCA, spotrebné družstvo",Revúca,Revúca,Banskobystrický,48.683333,20.116667,Retail a distribúcia potravín,Spotrebné družstvo (predajne),retail_maso_zvysky,Mäsové a údenárske výrobky po dátume spotreby,02 02 03,odpad,celorocne,D
00169129,"COOP JEDNOTA REVÚCA, spotrebné družstvo",Revúca,Revúca,Banskobystrický,48.683333,20.116667,Retail a distribúcia potravín,Spotrebné družstvo (predajne),retail_zmesovy,Zmesový potravinový odpad z predajne,20 01 08,odpad,celorocne,D
00193241,Poľnohospodárske družstvo v Pribete,Pribeta,Komárno,Nitriansky,47.906807,18.30927,Poľnohospodárstvo a chov,Poľnohospodárske družstvo,slama_obilna,Obilná slama,02 01 03,vedlajsi_produkt,sezonne_leto,D
00193241,Poľnohospodárske družstvo v Pribete,Pribeta,Komárno,Nitriansky,47.906807,18.30927,Poľnohospodárstvo a chov,Poľnohospodárske družstvo,kukuricne_korovie,Kukuričné kôrovie a stonky,02 01 03,vedlajsi_produkt,sezonne_jesen,D
00193241,Poľnohospodárske družstvo v Pribete,Pribeta,Komárno,Nitriansky,47.906807,18.30927,Poľnohospodárstvo a chov,Poľnohospodárske družstvo,repkova_slama,Repková slama,02 01 03,vedlajsi_produkt,sezonne_leto,D
00193241,Poľnohospodárske družstvo v Pribete,Pribeta,Komárno,Nitriansky,47.906807,18.30927,Poľnohospodárstvo a chov,Poľnohospodárske družstvo,travna_hmota_ttp,Trávna hmota z lúk a TTP,02 01 03,vedlajsi_produkt,sezonne_leto,D
00193241,Poľnohospodárske družstvo v Pribete,Pribeta,Komárno,Nitriansky,47.906807,18.30927,Poľnohospodárstvo a chov,Poľnohospodárske družstvo,hnoj_hovadzi,Maštaľný hnoj hovädzí,02 01 06,odpad,celorocne,D
00193241,Poľnohospodárske družstvo v Pribete,Pribeta,Komárno,Nitriansky,47.906807,18.30927,Poľnohospodárstvo a chov,Poľnohospodárske družstvo,hnojovica_osipane,Hnojovica ošípaných,02 01 06,odpad,celorocne,D
00193241,Poľnohospodárske družstvo v Pribete,Pribeta,Komárno,Nitriansky,47.906807,18.30927,Poľnohospodárstvo a chov,Poľnohospodárske družstvo,odpad_cistenie_zrna,Odpad z čistenia a sušenia obilia,02 01 03,vedlajsi_produkt,sezonne_leto,D
00193241,Poľnohospodárske družstvo v Pribete,Pribeta,Komárno,Nitriansky,47.906807,18.30927,Poľnohospodárstvo a chov,Poľnohospodárske družstvo,slnecnicove_stonky,Slnečnicové stonky a úbory,02 01 03,odpad,sezonne_jesen,D
00194603,Poľnohospodárske družstvo Farná,Bratislava - mestská časť Ružinov,Bratislava II,Bratislavský,48.149645,17.164279,Poľnohospodárstvo a chov,Poľnohospodárske družstvo,slama_obilna,Obilná slama,02 01 03,vedlajsi_produkt,sezonne_leto,D
00194603,Poľnohospodárske družstvo Farná,Bratislava - mestská časť Ružinov,Bratislava II,Bratislavský,48.149645,17.164279,Poľnohospodárstvo a chov,Poľnohospodárske družstvo,kukuricne_korovie,Kukuričné kôrovie a stonky,02 01 03,vedlajsi_produkt,sezonne_jesen,D
00194603,Poľnohospodárske družstvo Farná,Bratislava - mestská časť Ružinov,Bratislava II,Bratislavský,48.149645,17.164279,Poľnohospodárstvo a chov,Poľnohospodárske družstvo,repkova_slama,Repková slama,02 01 03,vedlajsi_produkt,sezonne_leto,D
00194603,Poľnohospodárske družstvo Farná,Bratislava - mestská časť Ružinov,Bratislava II,Bratislavský,48.149645,17.164279,Poľnohospodárstvo a chov,Poľnohospodárske družstvo,travna_hmota_ttp,Trávna hmota z lúk a TTP,02 01 03,vedlajsi_produkt,sezonne_leto,D
00194603,Poľnohospodárske družstvo Farná,Bratislava - mestská časť Ružinov,Bratislava II,Bratislavský,48.149645,17.164279,Poľnohospodárstvo a chov,Poľnohospodárske družstvo,hnoj_hovadzi,Maštaľný hnoj hovädzí,02 01 06,odpad,celorocne,D
00194603,Poľnohospodárske družstvo Farná,Bratislava - mestská časť Ružinov,Bratislava II,Bratislavský,48.149645,17.164279,Poľnohospodárstvo a chov,Poľnohospodárske družstvo,hnojovica_osipane,Hnojovica ošípaných,02 01 06,odpad,celorocne,D
00194603,Poľnohospodárske družstvo Farná,Bratislava - mestská časť Ružinov,Bratislava II,Bratislavský,48.149645,17.164279,Poľnohospodárstvo a chov,Poľnohospodárske družstvo,odpad_cistenie_zrna,Odpad z čistenia a sušenia obilia,02 01 03,vedlajsi_produkt,sezonne_leto,D
00194603,Poľnohospodárske družstvo Farná,Bratislava - mestská časť Ružinov,Bratislava II,Bratislavský,48.149645,17.164279,Poľnohospodárstvo a chov,Poľnohospodárske družstvo,slnecnicove_stonky,Slnečnicové stonky a úbory,02 01 03,odpad,sezonne_jesen,D
00198013,Poľnohospodárske družstvo Veľké Zálužie,Veľké Zálužie,Nitra,Nitriansky,48.308171,17.940569,Poľnohospodárstvo a chov,Poľnohospodárske družstvo,slama_obilna,Obilná slama,02 01 03,vedlajsi_produkt,sezonne_leto,D
00198013,Poľnohospodárske družstvo Veľké Zálužie,Veľké Zálužie,Nitra,Nitriansky,48.308171,17.940569,Poľnohospodárstvo a chov,Poľnohospodárske družstvo,kukuricne_korovie,Kukuričné kôrovie a stonky,02 01 03,vedlajsi_produkt,sezonne_jesen,D
00198013,Poľnohospodárske družstvo Veľké Zálužie,Veľké Zálužie,Nitra,Nitriansky,48.308171,17.940569,Poľnohospodárstvo a chov,Poľnohospodárske družstvo,repkova_slama,Repková slama,02 01 03,vedlajsi_produkt,sezonne_leto,D
00198013,Poľnohospodárske družstvo Veľké Zálužie,Veľké Zálužie,Nitra,Nitriansky,48.308171,17.940569,Poľnohospodárstvo a chov,Poľnohospodárske družstvo,travna_hmota_ttp,Trávna hmota z lúk a TTP,02 01 03,vedlajsi_produkt,sezonne_leto,D
00198013,Poľnohospodárske družstvo Veľké Zálužie,Veľké Zálužie,Nitra,Nitriansky,48.308171,17.940569,Poľnohospodárstvo a chov,Poľnohospodárske družstvo,hnoj_hovadzi,Maštaľný hnoj hovädzí,02 01 06,odpad,celorocne,D
00198013,Poľnohospodárske družstvo Veľké Zálužie,Veľké Zálužie,Nitra,Nitriansky,48.308171,17.940569,Poľnohospodárstvo a chov,Poľnohospodárske družstvo,hnojovica_osipane,Hnojovica ošípaných,02 01 06,odpad,celorocne,D
00198013,Poľnohospodárske družstvo Veľké Zálužie,Veľké Zálužie,Nitra,Nitriansky,48.308171,17.940569,Poľnohospodárstvo a chov,Poľnohospodárske družstvo,odpad_cistenie_zrna,Odpad z čistenia a sušenia obilia,02 01 03,vedlajsi_produkt,sezonne_leto,D
00198013,Poľnohospodárske družstvo Veľké Zálužie,Veľké Zálužie,Nitra,Nitriansky,48.308171,17.940569,Poľnohospodárstvo a chov,Poľnohospodárske družstvo,slnecnicove_stonky,Slnečnicové stonky a úbory,02 01 03,odpad,sezonne_jesen,D
00198536,Poľnohospodárske družstvo Mojmírovce,Mojmírovce,Nitra,Nitriansky,48.213314,18.064323,Poľnohospodárstvo a chov,Poľnohospodárske družstvo,slama_obilna,Obilná slama,02 01 03,vedlajsi_produkt,sezonne_leto,D
00198536,Poľnohospodárske družstvo Mojmírovce,Mojmírovce,Nitra,Nitriansky,48.213314,18.064323,Poľnohospodárstvo a chov,Poľnohospodárske družstvo,kukuricne_korovie,Kukuričné kôrovie a stonky,02 01 03,vedlajsi_produkt,sezonne_jesen,D
00198536,Poľnohospodárske družstvo Mojmírovce,Mojmírovce,Nitra,Nitriansky,48.213314,18.064323,Poľnohospodárstvo a chov,Poľnohospodárske družstvo,repkova_slama,Repková slama,02 01 03,vedlajsi_produkt,sezonne_leto,D
00198536,Poľnohospodárske družstvo Mojmírovce,Mojmírovce,Nitra,Nitriansky,48.213314,18.064323,Poľnohospodárstvo a chov,Poľnohospodárske družstvo,travna_hmota_ttp,Trávna hmota z lúk a TTP,02 01 03,vedlajsi_produkt,sezonne_leto,D
00198536,Poľnohospodárske družstvo Mojmírovce,Mojmírovce,Nitra,Nitriansky,48.213314,18.064323,Poľnohospodárstvo a chov,Poľnohospodárske družstvo,hnoj_hovadzi,Maštaľný hnoj hovädzí,02 01 06,odpad,celorocne,D
00198536,Poľnohospodárske družstvo Mojmírovce,Mojmírovce,Nitra,Nitriansky,48.213314,18.064323,Poľnohospodárstvo a chov,Poľnohospodárske družstvo,hnojovica_osipane,Hnojovica ošípaných,02 01 06,odpad,celorocne,D
00198536,Poľnohospodárske družstvo Mojmírovce,Mojmírovce,Nitra,Nitriansky,48.213314,18.064323,Poľnohospodárstvo a chov,Poľnohospodárske družstvo,odpad_cistenie_zrna,Odpad z čistenia a sušenia obilia,02 01 03,vedlajsi_produkt,sezonne_leto,D
00198536,Poľnohospodárske družstvo Mojmírovce,Mojmírovce,Nitra,Nitriansky,48.213314,18.064323,Poľnohospodárstvo a chov,Poľnohospodárske družstvo,slnecnicove_stonky,Slnečnicové stonky a úbory,02 01 03,odpad,sezonne_jesen,D
00198552,Poľnohospodárske družstvo Neverice,Neverice,Zlaté Moravce,Nitriansky,48.366667,18.283333,Poľnohospodárstvo a chov,Poľnohospodárske družstvo,slama_obilna,Obilná slama,02 01 03,vedlajsi_produkt,sezonne_leto,D
00198552,Poľnohospodárske družstvo Neverice,Neverice,Zlaté Moravce,Nitriansky,48.366667,18.283333,Poľnohospodárstvo a chov,Poľnohospodárske družstvo,kukuricne_korovie,Kukuričné kôrovie a stonky,02 01 03,vedlajsi_produkt,sezonne_jesen,D
00198552,Poľnohospodárske družstvo Neverice,Neverice,Zlaté Moravce,Nitriansky,48.366667,18.283333,Poľnohospodárstvo a chov,Poľnohospodárske družstvo,repkova_slama,Repková slama,02 01 03,vedlajsi_produkt,sezonne_leto,D
00198552,Poľnohospodárske družstvo Neverice,Neverice,Zlaté Moravce,Nitriansky,48.366667,18.283333,Poľnohospodárstvo a chov,Poľnohospodárske družstvo,travna_hmota_ttp,Trávna hmota z lúk a TTP,02 01 03,vedlajsi_produkt,sezonne_leto,D
00198552,Poľnohospodárske družstvo Neverice,Neverice,Zlaté Moravce,Nitriansky,48.366667,18.283333,Poľnohospodárstvo a chov,Poľnohospodárske družstvo,hnoj_hovadzi,Maštaľný hnoj hovädzí,02 01 06,odpad,celorocne,D
00198552,Poľnohospodárske družstvo Neverice,Neverice,Zlaté Moravce,Nitriansky,48.366667,18.283333,Poľnohospodárstvo a chov,Poľnohospodárske družstvo,hnojovica_osipane,Hnojovica ošípaných,02 01 06,odpad,celorocne,D
00198552,Poľnohospodárske družstvo Neverice,Neverice,Zlaté Moravce,Nitriansky,48.366667,18.283333,Poľnohospodárstvo a chov,Poľnohospodárske družstvo,odpad_cistenie_zrna,Odpad z čistenia a sušenia obilia,02 01 03,vedlajsi_produkt,sezonne_leto,D
00198552,Poľnohospodárske družstvo Neverice,Neverice,Zlaté Moravce,Nitriansky,48.366667,18.283333,Poľnohospodárstvo a chov,Poľnohospodárske družstvo,slnecnicove_stonky,Slnečnicové stonky a úbory,02 01 03,odpad,sezonne_jesen,D
00199524,Poľnohospodárske družstvo Tvrdošovce,Tvrdošovce,Nové Zámky,Nitriansky,48.095688,18.061308,Poľnohospodárstvo a chov,Poľnohospodárske družstvo,slama_obilna,Obilná slama,02 01 03,vedlajsi_produkt,sezonne_leto,D
00199524,Poľnohospodárske družstvo Tvrdošovce,Tvrdošovce,Nové Zámky,Nitriansky,48.095688,18.061308,Poľnohospodárstvo a chov,Poľnohospodárske družstvo,kukuricne_korovie,Kukuričné kôrovie a stonky,02 01 03,vedlajsi_produkt,sezonne_jesen,D
00199524,Poľnohospodárske družstvo Tvrdošovce,Tvrdošovce,Nové Zámky,Nitriansky,48.095688,18.061308,Poľnohospodárstvo a chov,Poľnohospodárske družstvo,repkova_slama,Repková slama,02 01 03,vedlajsi_produkt,sezonne_leto,D
00199524,Poľnohospodárske družstvo Tvrdošovce,Tvrdošovce,Nové Zámky,Nitriansky,48.095688,18.061308,Poľnohospodárstvo a chov,Poľnohospodárske družstvo,travna_hmota_ttp,Trávna hmota z lúk a TTP,02 01 03,vedlajsi_produkt,sezonne_leto,D
00199524,Poľnohospodárske družstvo Tvrdošovce,Tvrdošovce,Nové Zámky,Nitriansky,48.095688,18.061308,Poľnohospodárstvo a chov,Poľnohospodárske družstvo,hnoj_hovadzi,Maštaľný hnoj hovädzí,02 01 06,odpad,celorocne,D
00199524,Poľnohospodárske družstvo Tvrdošovce,Tvrdošovce,Nové Zámky,Nitriansky,48.095688,18.061308,Poľnohospodárstvo a chov,Poľnohospodárske družstvo,hnojovica_osipane,Hnojovica ošípaných,02 01 06,odpad,celorocne,D
00199524,Poľnohospodárske družstvo Tvrdošovce,Tvrdošovce,Nové Zámky,Nitriansky,48.095688,18.061308,Poľnohospodárstvo a chov,Poľnohospodárske družstvo,odpad_cistenie_zrna,Odpad z čistenia a sušenia obilia,02 01 03,vedlajsi_produkt,sezonne_leto,D
00199524,Poľnohospodárske družstvo Tvrdošovce,Tvrdošovce,Nové Zámky,Nitriansky,48.095688,18.061308,Poľnohospodárstvo a chov,Poľnohospodárske družstvo,slnecnicove_stonky,Slnečnicové stonky a úbory,02 01 03,odpad,sezonne_jesen,D
00199541,"Poľnohospodárske družstvo v Zemnom, družstvo",Zemné,Nové Zámky,Nitriansky,47.987724,17.994901,Poľnohospodárstvo a chov,Poľnohospodárske družstvo,slama_obilna,Obilná slama,02 01 03,vedlajsi_produkt,sezonne_leto,D
00199541,"Poľnohospodárske družstvo v Zemnom, družstvo",Zemné,Nové Zámky,Nitriansky,47.987724,17.994901,Poľnohospodárstvo a chov,Poľnohospodárske družstvo,kukuricne_korovie,Kukuričné kôrovie a stonky,02 01 03,vedlajsi_produkt,sezonne_jesen,D
00199541,"Poľnohospodárske družstvo v Zemnom, družstvo",Zemné,Nové Zámky,Nitriansky,47.987724,17.994901,Poľnohospodárstvo a chov,Poľnohospodárske družstvo,repkova_slama,Repková slama,02 01 03,vedlajsi_produkt,sezonne_leto,D
00199541,"Poľnohospodárske družstvo v Zemnom, družstvo",Zemné,Nové Zámky,Nitriansky,47.987724,17.994901,Poľnohospodárstvo a chov,Poľnohospodárske družstvo,travna_hmota_ttp,Trávna hmota z lúk a TTP,02 01 03,vedlajsi_produkt,sezonne_leto,D
00199541,"Poľnohospodárske družstvo v Zemnom, družstvo",Zemné,Nové Zámky,Nitriansky,47.987724,17.994901,Poľnohospodárstvo a chov,Poľnohospodárske družstvo,hnoj_hovadzi,Maštaľný hnoj hovädzí,02 01 06,odpad,celorocne,D
00199541,"Poľnohospodárske družstvo v Zemnom, družstvo",Zemné,Nové Zámky,Nitriansky,47.987724,17.994901,Poľnohospodárstvo a chov,Poľnohospodárske družstvo,hnojovica_osipane,Hnojovica ošípaných,02 01 06,odpad,celorocne,D
00199541,"Poľnohospodárske družstvo v Zemnom, družstvo",Zemné,Nové Zámky,Nitriansky,47.987724,17.994901,Poľnohospodárstvo a chov,Poľnohospodárske družstvo,odpad_cistenie_zrna,Odpad z čistenia a sušenia obilia,02 01 03,vedlajsi_produkt,sezonne_leto,D
00199541,"Poľnohospodárske družstvo v Zemnom, družstvo",Zemné,Nové Zámky,Nitriansky,47.987724,17.994901,Poľnohospodárstvo a chov,Poľnohospodárske družstvo,slnecnicove_stonky,Slnečnicové stonky a úbory,02 01 03,odpad,sezonne_jesen,D
00200018,Poľnohospodárske družstvo Bolešov,Bolešov,Ilava,Trenčiansky,48.983333,18.15,Poľnohospodárstvo a chov,Poľnohospodárske družstvo,slama_obilna,Obilná slama,02 01 03,vedlajsi_produkt,sezonne_leto,D
00200018,Poľnohospodárske družstvo Bolešov,Bolešov,Ilava,Trenčiansky,48.983333,18.15,Poľnohospodárstvo a chov,Poľnohospodárske družstvo,kukuricne_korovie,Kukuričné kôrovie a stonky,02 01 03,vedlajsi_produkt,sezonne_jesen,D
00200018,Poľnohospodárske družstvo Bolešov,Bolešov,Ilava,Trenčiansky,48.983333,18.15,Poľnohospodárstvo a chov,Poľnohospodárske družstvo,repkova_slama,Repková slama,02 01 03,vedlajsi_produkt,sezonne_leto,D
00200018,Poľnohospodárske družstvo Bolešov,Bolešov,Ilava,Trenčiansky,48.983333,18.15,Poľnohospodárstvo a chov,Poľnohospodárske družstvo,travna_hmota_ttp,Trávna hmota z lúk a TTP,02 01 03,vedlajsi_produkt,sezonne_leto,D
00200018,Poľnohospodárske družstvo Bolešov,Bolešov,Ilava,Trenčiansky,48.983333,18.15,Poľnohospodárstvo a chov,Poľnohospodárske družstvo,hnoj_hovadzi,Maštaľný hnoj hovädzí,02 01 06,odpad,celorocne,D
00200018,Poľnohospodárske družstvo Bolešov,Bolešov,Ilava,Trenčiansky,48.983333,18.15,Poľnohospodárstvo a chov,Poľnohospodárske družstvo,hnojovica_osipane,Hnojovica ošípaných,02 01 06,odpad,celorocne,D
00200018,Poľnohospodárske družstvo Bolešov,Bolešov,Ilava,Trenčiansky,48.983333,18.15,Poľnohospodárstvo a chov,Poľnohospodárske družstvo,odpad_cistenie_zrna,Odpad z čistenia a sušenia obilia,02 01 03,vedlajsi_produkt,sezonne_leto,D
00200018,Poľnohospodárske družstvo Bolešov,Bolešov,Ilava,Trenčiansky,48.983333,18.15,Poľnohospodárstvo a chov,Poľnohospodárske družstvo,slnecnicove_stonky,Slnečnicové stonky a úbory,02 01 03,odpad,sezonne_jesen,D
00200069,Poľnohospodárske družstvo Dubnica nad Váhom,Dubnica nad Váhom,Ilava,Trenčiansky,48.957172,18.167022,Poľnohospodárstvo a chov,Poľnohospodárske družstvo,slama_obilna,Obilná slama,02 01 03,vedlajsi_produkt,sezonne_leto,D
00200069,Poľnohospodárske družstvo Dubnica nad Váhom,Dubnica nad Váhom,Ilava,Trenčiansky,48.957172,18.167022,Poľnohospodárstvo a chov,Poľnohospodárske družstvo,kukuricne_korovie,Kukuričné kôrovie a stonky,02 01 03,vedlajsi_produkt,sezonne_jesen,D
00200069,Poľnohospodárske družstvo Dubnica nad Váhom,Dubnica nad Váhom,Ilava,Trenčiansky,48.957172,18.167022,Poľnohospodárstvo a chov,Poľnohospodárske družstvo,repkova_slama,Repková slama,02 01 03,vedlajsi_produkt,sezonne_leto,D
00200069,Poľnohospodárske družstvo Dubnica nad Váhom,Dubnica nad Váhom,Ilava,Trenčiansky,48.957172,18.167022,Poľnohospodárstvo a chov,Poľnohospodárske družstvo,travna_hmota_ttp,Trávna hmota z lúk a TTP,02 01 03,vedlajsi_produkt,sezonne_leto,D
00200069,Poľnohospodárske družstvo Dubnica nad Váhom,Dubnica nad Váhom,Ilava,Trenčiansky,48.957172,18.167022,Poľnohospodárstvo a chov,Poľnohospodárske družstvo,hnoj_hovadzi,Maštaľný hnoj hovädzí,02 01 06,odpad,celorocne,D
00200069,Poľnohospodárske družstvo Dubnica nad Váhom,Dubnica nad Váhom,Ilava,Trenčiansky,48.957172,18.167022,Poľnohospodárstvo a chov,Poľnohospodárske družstvo,hnojovica_osipane,Hnojovica ošípaných,02 01 06,odpad,celorocne,D
00200069,Poľnohospodárske družstvo Dubnica nad Váhom,Dubnica nad Váhom,Ilava,Trenčiansky,48.957172,18.167022,Poľnohospodárstvo a chov,Poľnohospodárske družstvo,odpad_cistenie_zrna,Odpad z čistenia a sušenia obilia,02 01 03,vedlajsi_produkt,sezonne_leto,D
00200069,Poľnohospodárske družstvo Dubnica nad Váhom,Dubnica nad Váhom,Ilava,Trenčiansky,48.957172,18.167022,Poľnohospodárstvo a chov,Poľnohospodárske družstvo,slnecnicove_stonky,Slnečnicové stonky a úbory,02 01 03,odpad,sezonne_jesen,D
00200166,"Poľnohospodárske družstvo ""Vršatec""",Pruské,Ilava,Trenčiansky,49.033333,18.216667,Poľnohospodárstvo a chov,Poľnohospodárske družstvo,slama_obilna,Obilná slama,02 01 03,vedlajsi_produkt,sezonne_leto,D
00200166,"Poľnohospodárske družstvo ""Vršatec""",Pruské,Ilava,Trenčiansky,49.033333,18.216667,Poľnohospodárstvo a chov,Poľnohospodárske družstvo,kukuricne_korovie,Kukuričné kôrovie a stonky,02 01 03,vedlajsi_produkt,sezonne_jesen,D
00200166,"Poľnohospodárske družstvo ""Vršatec""",Pruské,Ilava,Trenčiansky,49.033333,18.216667,Poľnohospodárstvo a chov,Poľnohospodárske družstvo,repkova_slama,Repková slama,02 01 03,vedlajsi_produkt,sezonne_leto,D
00200166,"Poľnohospodárske družstvo ""Vršatec""",Pruské,Ilava,Trenčiansky,49.033333,18.216667,Poľnohospodárstvo a chov,Poľnohospodárske družstvo,travna_hmota_ttp,Trávna hmota z lúk a TTP,02 01 03,vedlajsi_produkt,sezonne_leto,D
00200166,"Poľnohospodárske družstvo ""Vršatec""",Pruské,Ilava,Trenčiansky,49.033333,18.216667,Poľnohospodárstvo a chov,Poľnohospodárske družstvo,hnoj_hovadzi,Maštaľný hnoj hovädzí,02 01 06,odpad,celorocne,D
00200166,"Poľnohospodárske družstvo ""Vršatec""",Pruské,Ilava,Trenčiansky,49.033333,18.216667,Poľnohospodárstvo a chov,Poľnohospodárske družstvo,hnojovica_osipane,Hnojovica ošípaných,02 01 06,odpad,celorocne,D
00200166,"Poľnohospodárske družstvo ""Vršatec""",Pruské,Ilava,Trenčiansky,49.033333,18.216667,Poľnohospodárstvo a chov,Poľnohospodárske družstvo,odpad_cistenie_zrna,Odpad z čistenia a sušenia obilia,02 01 03,vedlajsi_produkt,sezonne_leto,D
00200166,"Poľnohospodárske družstvo ""Vršatec""",Pruské,Ilava,Trenčiansky,49.033333,18.216667,Poľnohospodárstvo a chov,Poľnohospodárske družstvo,slnecnicove_stonky,Slnečnicové stonky a úbory,02 01 03,odpad,sezonne_jesen,D
00201189,AGROSPOL - podielnicke poľnohospodárske družstvo Diviaky nad Nitricou,Diviaky nad Nitricou,Prievidza,Trenčiansky,48.766667,18.5,Poľnohospodárstvo a chov,Poľnohospodárske družstvo,slama_obilna,Obilná slama,02 01 03,vedlajsi_produkt,sezonne_leto,D
00201189,AGROSPOL - podielnicke poľnohospodárske družstvo Diviaky nad Nitricou,Diviaky nad Nitricou,Prievidza,Trenčiansky,48.766667,18.5,Poľnohospodárstvo a chov,Poľnohospodárske družstvo,kukuricne_korovie,Kukuričné kôrovie a stonky,02 01 03,vedlajsi_produkt,sezonne_jesen,D
00201189,AGROSPOL - podielnicke poľnohospodárske družstvo Diviaky nad Nitricou,Diviaky nad Nitricou,Prievidza,Trenčiansky,48.766667,18.5,Poľnohospodárstvo a chov,Poľnohospodárske družstvo,repkova_slama,Repková slama,02 01 03,vedlajsi_produkt,sezonne_leto,D
00201189,AGROSPOL - podielnicke poľnohospodárske družstvo Diviaky nad Nitricou,Diviaky nad Nitricou,Prievidza,Trenčiansky,48.766667,18.5,Poľnohospodárstvo a chov,Poľnohospodárske družstvo,travna_hmota_ttp,Trávna hmota z lúk a TTP,02 01 03,vedlajsi_produkt,sezonne_leto,D
00201189,AGROSPOL - podielnicke poľnohospodárske družstvo Diviaky nad Nitricou,Diviaky nad Nitricou,Prievidza,Trenčiansky,48.766667,18.5,Poľnohospodárstvo a chov,Poľnohospodárske družstvo,hnoj_hovadzi,Maštaľný hnoj hovädzí,02 01 06,odpad,celorocne,D
00201189,AGROSPOL - podielnicke poľnohospodárske družstvo Diviaky nad Nitricou,Diviaky nad Nitricou,Prievidza,Trenčiansky,48.766667,18.5,Poľnohospodárstvo a chov,Poľnohospodárske družstvo,hnojovica_osipane,Hnojovica ošípaných,02 01 06,odpad,celorocne,D
00201189,AGROSPOL - podielnicke poľnohospodárske družstvo Diviaky nad Nitricou,Diviaky nad Nitricou,Prievidza,Trenčiansky,48.766667,18.5,Poľnohospodárstvo a chov,Poľnohospodárske družstvo,odpad_cistenie_zrna,Odpad z čistenia a sušenia obilia,02 01 03,vedlajsi_produkt,sezonne_leto,D
00201189,AGROSPOL - podielnicke poľnohospodárske družstvo Diviaky nad Nitricou,Diviaky nad Nitricou,Prievidza,Trenčiansky,48.766667,18.5,Poľnohospodárstvo a chov,Poľnohospodárske družstvo,slnecnicove_stonky,Slnečnicové stonky a úbory,02 01 03,odpad,sezonne_jesen,D
00203220,Poľnohospodárske družstvo Brezová pod Bradlom,Brezová pod Bradlom,Myjava,Trenčiansky,48.661644,17.53703,Poľnohospodárstvo a chov,Poľnohospodárske družstvo,slama_obilna,Obilná slama,02 01 03,vedlajsi_produkt,sezonne_leto,D
00203220,Poľnohospodárske družstvo Brezová pod Bradlom,Brezová pod Bradlom,Myjava,Trenčiansky,48.661644,17.53703,Poľnohospodárstvo a chov,Poľnohospodárske družstvo,kukuricne_korovie,Kukuričné kôrovie a stonky,02 01 03,vedlajsi_produkt,sezonne_jesen,D
00203220,Poľnohospodárske družstvo Brezová pod Bradlom,Brezová pod Bradlom,Myjava,Trenčiansky,48.661644,17.53703,Poľnohospodárstvo a chov,Poľnohospodárske družstvo,repkova_slama,Repková slama,02 01 03,vedlajsi_produkt,sezonne_leto,D
00203220,Poľnohospodárske družstvo Brezová pod Bradlom,Brezová pod Bradlom,Myjava,Trenčiansky,48.661644,17.53703,Poľnohospodárstvo a chov,Poľnohospodárske družstvo,travna_hmota_ttp,Trávna hmota z lúk a TTP,02 01 03,vedlajsi_produkt,sezonne_leto,D
00203220,Poľnohospodárske družstvo Brezová pod Bradlom,Brezová pod Bradlom,Myjava,Trenčiansky,48.661644,17.53703,Poľnohospodárstvo a chov,Poľnohospodárske družstvo,hnoj_hovadzi,Maštaľný hnoj hovädzí,02 01 06,odpad,celorocne,D
00203220,Poľnohospodárske družstvo Brezová pod Bradlom,Brezová pod Bradlom,Myjava,Trenčiansky,48.661644,17.53703,Poľnohospodárstvo a chov,Poľnohospodárske družstvo,hnojovica_osipane,Hnojovica ošípaných,02 01 06,odpad,celorocne,D
00203220,Poľnohospodárske družstvo Brezová pod Bradlom,Brezová pod Bradlom,Myjava,Trenčiansky,48.661644,17.53703,Poľnohospodárstvo a chov,Poľnohospodárske družstvo,odpad_cistenie_zrna,Odpad z čistenia a sušenia obilia,02 01 03,vedlajsi_produkt,sezonne_leto,D
00203220,Poľnohospodárske družstvo Brezová pod Bradlom,Brezová pod Bradlom,Myjava,Trenčiansky,48.661644,17.53703,Poľnohospodárstvo a chov,Poľnohospodárske družstvo,slnecnicove_stonky,Slnečnicové stonky a úbory,02 01 03,odpad,sezonne_jesen,D
00203572,Poľnohospodárske družstvo Poriadie,Poriadie,Myjava,Trenčiansky,48.775141,17.608252,Poľnohospodárstvo a chov,Poľnohospodárske družstvo,slama_obilna,Obilná slama,02 01 03,vedlajsi_produkt,sezonne_leto,D
00203572,Poľnohospodárske družstvo Poriadie,Poriadie,Myjava,Trenčiansky,48.775141,17.608252,Poľnohospodárstvo a chov,Poľnohospodárske družstvo,kukuricne_korovie,Kukuričné kôrovie a stonky,02 01 03,vedlajsi_produkt,sezonne_jesen,D
00203572,Poľnohospodárske družstvo Poriadie,Poriadie,Myjava,Trenčiansky,48.775141,17.608252,Poľnohospodárstvo a chov,Poľnohospodárske družstvo,repkova_slama,Repková slama,02 01 03,vedlajsi_produkt,sezonne_leto,D
00203572,Poľnohospodárske družstvo Poriadie,Poriadie,Myjava,Trenčiansky,48.775141,17.608252,Poľnohospodárstvo a chov,Poľnohospodárske družstvo,travna_hmota_ttp,Trávna hmota z lúk a TTP,02 01 03,vedlajsi_produkt,sezonne_leto,D
00203572,Poľnohospodárske družstvo Poriadie,Poriadie,Myjava,Trenčiansky,48.775141,17.608252,Poľnohospodárstvo a chov,Poľnohospodárske družstvo,hnoj_hovadzi,Maštaľný hnoj hovädzí,02 01 06,odpad,celorocne,D
00203572,Poľnohospodárske družstvo Poriadie,Poriadie,Myjava,Trenčiansky,48.775141,17.608252,Poľnohospodárstvo a chov,Poľnohospodárske družstvo,hnojovica_osipane,Hnojovica ošípaných,02 01 06,odpad,celorocne,D
00203572,Poľnohospodárske družstvo Poriadie,Poriadie,Myjava,Trenčiansky,48.775141,17.608252,Poľnohospodárstvo a chov,Poľnohospodárske družstvo,odpad_cistenie_zrna,Odpad z čistenia a sušenia obilia,02 01 03,vedlajsi_produkt,sezonne_leto,D
00203572,Poľnohospodárske družstvo Poriadie,Poriadie,Myjava,Trenčiansky,48.775141,17.608252,Poľnohospodárstvo a chov,Poľnohospodárske družstvo,slnecnicove_stonky,Slnečnicové stonky a úbory,02 01 03,odpad,sezonne_jesen,D
00205214,Poľnohospodárske družstvo v Chynoranoch,Chynorany,Partizánske,Trenčiansky,48.609821,18.27348,Poľnohospodárstvo a chov,Poľnohospodárske družstvo,slama_obilna,Obilná slama,02 01 03,vedlajsi_produkt,sezonne_leto,D
00205214,Poľnohospodárske družstvo v Chynoranoch,Chynorany,Partizánske,Trenčiansky,48.609821,18.27348,Poľnohospodárstvo a chov,Poľnohospodárske družstvo,kukuricne_korovie,Kukuričné kôrovie a stonky,02 01 03,vedlajsi_produkt,sezonne_jesen,D
00205214,Poľnohospodárske družstvo v Chynoranoch,Chynorany,Partizánske,Trenčiansky,48.609821,18.27348,Poľnohospodárstvo a chov,Poľnohospodárske družstvo,repkova_slama,Repková slama,02 01 03,vedlajsi_produkt,sezonne_leto,D
00205214,Poľnohospodárske družstvo v Chynoranoch,Chynorany,Partizánske,Trenčiansky,48.609821,18.27348,Poľnohospodárstvo a chov,Poľnohospodárske družstvo,travna_hmota_ttp,Trávna hmota z lúk a TTP,02 01 03,vedlajsi_produkt,sezonne_leto,D
00205214,Poľnohospodárske družstvo v Chynoranoch,Chynorany,Partizánske,Trenčiansky,48.609821,18.27348,Poľnohospodárstvo a chov,Poľnohospodárske družstvo,hnoj_hovadzi,Maštaľný hnoj hovädzí,02 01 06,odpad,celorocne,D
00205214,Poľnohospodárske družstvo v Chynoranoch,Chynorany,Partizánske,Trenčiansky,48.609821,18.27348,Poľnohospodárstvo a chov,Poľnohospodárske družstvo,hnojovica_osipane,Hnojovica ošípaných,02 01 06,odpad,celorocne,D
00205214,Poľnohospodárske družstvo v Chynoranoch,Chynorany,Partizánske,Trenčiansky,48.609821,18.27348,Poľnohospodárstvo a chov,Poľnohospodárske družstvo,odpad_cistenie_zrna,Odpad z čistenia a sušenia obilia,02 01 03,vedlajsi_produkt,sezonne_leto,D
00205214,Poľnohospodárske družstvo v Chynoranoch,Chynorany,Partizánske,Trenčiansky,48.609821,18.27348,Poľnohospodárstvo a chov,Poľnohospodárske družstvo,slnecnicove_stonky,Slnečnicové stonky a úbory,02 01 03,odpad,sezonne_jesen,D
00205362,Poľnohospodárske družstvo Ludanice,Ludanice,Topoľčany,Nitriansky,48.501468,18.120379,Poľnohospodárstvo a chov,Poľnohospodárske družstvo,slama_obilna,Obilná slama,02 01 03,vedlajsi_produkt,sezonne_leto,D
00205362,Poľnohospodárske družstvo Ludanice,Ludanice,Topoľčany,Nitriansky,48.501468,18.120379,Poľnohospodárstvo a chov,Poľnohospodárske družstvo,kukuricne_korovie,Kukuričné kôrovie a stonky,02 01 03,vedlajsi_produkt,sezonne_jesen,D
00205362,Poľnohospodárske družstvo Ludanice,Ludanice,Topoľčany,Nitriansky,48.501468,18.120379,Poľnohospodárstvo a chov,Poľnohospodárske družstvo,repkova_slama,Repková slama,02 01 03,vedlajsi_produkt,sezonne_leto,D
00205362,Poľnohospodárske družstvo Ludanice,Ludanice,Topoľčany,Nitriansky,48.501468,18.120379,Poľnohospodárstvo a chov,Poľnohospodárske družstvo,travna_hmota_ttp,Trávna hmota z lúk a TTP,02 01 03,vedlajsi_produkt,sezonne_leto,D
00205362,Poľnohospodárske družstvo Ludanice,Ludanice,Topoľčany,Nitriansky,48.501468,18.120379,Poľnohospodárstvo a chov,Poľnohospodárske družstvo,hnoj_hovadzi,Maštaľný hnoj hovädzí,02 01 06,odpad,celorocne,D
00205362,Poľnohospodárske družstvo Ludanice,Ludanice,Topoľčany,Nitriansky,48.501468,18.120379,Poľnohospodárstvo a chov,Poľnohospodárske družstvo,hnojovica_osipane,Hnojovica ošípaných,02 01 06,odpad,celorocne,D
00205362,Poľnohospodárske družstvo Ludanice,Ludanice,Topoľčany,Nitriansky,48.501468,18.120379,Poľnohospodárstvo a chov,Poľnohospodárske družstvo,odpad_cistenie_zrna,Odpad z čistenia a sušenia obilia,02 01 03,vedlajsi_produkt,sezonne_leto,D
00205362,Poľnohospodárske družstvo Ludanice,Ludanice,Topoľčany,Nitriansky,48.501468,18.120379,Poľnohospodárstvo a chov,Poľnohospodárske družstvo,slnecnicove_stonky,Slnečnicové stonky a úbory,02 01 03,odpad,sezonne_jesen,D
00205567,Poľnohospodárske družstvo Podlužany,Podlužany,Bánovce nad Bebravou,Trenčiansky,48.770966,18.239113,Poľnohospodárstvo a chov,Poľnohospodárske družstvo,slama_obilna,Obilná slama,02 01 03,vedlajsi_produkt,sezonne_leto,D
00205567,Poľnohospodárske družstvo Podlužany,Podlužany,Bánovce nad Bebravou,Trenčiansky,48.770966,18.239113,Poľnohospodárstvo a chov,Poľnohospodárske družstvo,kukuricne_korovie,Kukuričné kôrovie a stonky,02 01 03,vedlajsi_produkt,sezonne_jesen,D
00205567,Poľnohospodárske družstvo Podlužany,Podlužany,Bánovce nad Bebravou,Trenčiansky,48.770966,18.239113,Poľnohospodárstvo a chov,Poľnohospodárske družstvo,repkova_slama,Repková slama,02 01 03,vedlajsi_produkt,sezonne_leto,D
00205567,Poľnohospodárske družstvo Podlužany,Podlužany,Bánovce nad Bebravou,Trenčiansky,48.770966,18.239113,Poľnohospodárstvo a chov,Poľnohospodárske družstvo,travna_hmota_ttp,Trávna hmota z lúk a TTP,02 01 03,vedlajsi_produkt,sezonne_leto,D
00205567,Poľnohospodárske družstvo Podlužany,Podlužany,Bánovce nad Bebravou,Trenčiansky,48.770966,18.239113,Poľnohospodárstvo a chov,Poľnohospodárske družstvo,hnoj_hovadzi,Maštaľný hnoj hovädzí,02 01 06,odpad,celorocne,D
00205567,Poľnohospodárske družstvo Podlužany,Podlužany,Bánovce nad Bebravou,Trenčiansky,48.770966,18.239113,Poľnohospodárstvo a chov,Poľnohospodárske družstvo,hnojovica_osipane,Hnojovica ošípaných,02 01 06,odpad,celorocne,D
00205567,Poľnohospodárske družstvo Podlužany,Podlužany,Bánovce nad Bebravou,Trenčiansky,48.770966,18.239113,Poľnohospodárstvo a chov,Poľnohospodárske družstvo,odpad_cistenie_zrna,Odpad z čistenia a sušenia obilia,02 01 03,vedlajsi_produkt,sezonne_leto,D
00205567,Poľnohospodárske družstvo Podlužany,Podlužany,Bánovce nad Bebravou,Trenčiansky,48.770966,18.239113,Poľnohospodárstvo a chov,Poľnohospodárske družstvo,slnecnicove_stonky,Slnečnicové stonky a úbory,02 01 03,odpad,sezonne_jesen,D
00205583,"PD „BREZINA"" PRAVOTICE, družstvo",Pravotice,Bánovce nad Bebravou,Trenčiansky,48.678024,18.298095,Poľnohospodárstvo a chov,Poľnohospodárske družstvo,slama_obilna,Obilná slama,02 01 03,vedlajsi_produkt,sezonne_leto,D
00205583,"PD „BREZINA"" PRAVOTICE, družstvo",Pravotice,Bánovce nad Bebravou,Trenčiansky,48.678024,18.298095,Poľnohospodárstvo a chov,Poľnohospodárske družstvo,kukuricne_korovie,Kukuričné kôrovie a stonky,02 01 03,vedlajsi_produkt,sezonne_jesen,D
00205583,"PD „BREZINA"" PRAVOTICE, družstvo",Pravotice,Bánovce nad Bebravou,Trenčiansky,48.678024,18.298095,Poľnohospodárstvo a chov,Poľnohospodárske družstvo,repkova_slama,Repková slama,02 01 03,vedlajsi_produkt,sezonne_leto,D
00205583,"PD „BREZINA"" PRAVOTICE, družstvo",Pravotice,Bánovce nad Bebravou,Trenčiansky,48.678024,18.298095,Poľnohospodárstvo a chov,Poľnohospodárske družstvo,travna_hmota_ttp,Trávna hmota z lúk a TTP,02 01 03,vedlajsi_produkt,sezonne_leto,D
00205583,"PD „BREZINA"" PRAVOTICE, družstvo",Pravotice,Bánovce nad Bebravou,Trenčiansky,48.678024,18.298095,Poľnohospodárstvo a chov,Poľnohospodárske družstvo,hnoj_hovadzi,Maštaľný hnoj hovädzí,02 01 06,odpad,celorocne,D
00205583,"PD „BREZINA"" PRAVOTICE, družstvo",Pravotice,Bánovce nad Bebravou,Trenčiansky,48.678024,18.298095,Poľnohospodárstvo a chov,Poľnohospodárske družstvo,hnojovica_osipane,Hnojovica ošípaných,02 01 06,odpad,celorocne,D
00205583,"PD „BREZINA"" PRAVOTICE, družstvo",Pravotice,Bánovce nad Bebravou,Trenčiansky,48.678024,18.298095,Poľnohospodárstvo a chov,Poľnohospodárske družstvo,odpad_cistenie_zrna,Odpad z čistenia a sušenia obilia,02 01 03,vedlajsi_produkt,sezonne_leto,D
00205583,"PD „BREZINA"" PRAVOTICE, družstvo",Pravotice,Bánovce nad Bebravou,Trenčiansky,48.678024,18.298095,Poľnohospodárstvo a chov,Poľnohospodárske družstvo,slnecnicove_stonky,Slnečnicové stonky a úbory,02 01 03,odpad,sezonne_jesen,D
00205656,PODIELNICKÉ POĽNOHOSPODÁRSKE DRUŽSTVO RYBANY,Rybany,Bánovce nad Bebravou,Trenčiansky,48.666713,18.260228,Poľnohospodárstvo a chov,Poľnohospodárske družstvo,slama_obilna,Obilná slama,02 01 03,vedlajsi_produkt,sezonne_leto,D
00205656,PODIELNICKÉ POĽNOHOSPODÁRSKE DRUŽSTVO RYBANY,Rybany,Bánovce nad Bebravou,Trenčiansky,48.666713,18.260228,Poľnohospodárstvo a chov,Poľnohospodárske družstvo,kukuricne_korovie,Kukuričné kôrovie a stonky,02 01 03,vedlajsi_produkt,sezonne_jesen,D
00205656,PODIELNICKÉ POĽNOHOSPODÁRSKE DRUŽSTVO RYBANY,Rybany,Bánovce nad Bebravou,Trenčiansky,48.666713,18.260228,Poľnohospodárstvo a chov,Poľnohospodárske družstvo,repkova_slama,Repková slama,02 01 03,vedlajsi_produkt,sezonne_leto,D
00205656,PODIELNICKÉ POĽNOHOSPODÁRSKE DRUŽSTVO RYBANY,Rybany,Bánovce nad Bebravou,Trenčiansky,48.666713,18.260228,Poľnohospodárstvo a chov,Poľnohospodárske družstvo,travna_hmota_ttp,Trávna hmota z lúk a TTP,02 01 03,vedlajsi_produkt,sezonne_leto,D
00205656,PODIELNICKÉ POĽNOHOSPODÁRSKE DRUŽSTVO RYBANY,Rybany,Bánovce nad Bebravou,Trenčiansky,48.666713,18.260228,Poľnohospodárstvo a chov,Poľnohospodárske družstvo,hnoj_hovadzi,Maštaľný hnoj hovädzí,02 01 06,odpad,celorocne,D
00205656,PODIELNICKÉ POĽNOHOSPODÁRSKE DRUŽSTVO RYBANY,Rybany,Bánovce nad Bebravou,Trenčiansky,48.666713,18.260228,Poľnohospodárstvo a chov,Poľnohospodárske družstvo,hnojovica_osipane,Hnojovica ošípaných,02 01 06,odpad,celorocne,D
00205656,PODIELNICKÉ POĽNOHOSPODÁRSKE DRUŽSTVO RYBANY,Rybany,Bánovce nad Bebravou,Trenčiansky,48.666713,18.260228,Poľnohospodárstvo a chov,Poľnohospodárske družstvo,odpad_cistenie_zrna,Odpad z čistenia a sušenia obilia,02 01 03,vedlajsi_produkt,sezonne_leto,D
00205656,PODIELNICKÉ POĽNOHOSPODÁRSKE DRUŽSTVO RYBANY,Rybany,Bánovce nad Bebravou,Trenčiansky,48.666713,18.260228,Poľnohospodárstvo a chov,Poľnohospodárske družstvo,slnecnicove_stonky,Slnečnicové stonky a úbory,02 01 03,odpad,sezonne_jesen,D
00205672,Poľnohospodárske družstvo Slatina nad Bebravou,Slatina nad Bebravou,Bánovce nad Bebravou,Trenčiansky,48.745418,18.235802,Poľnohospodárstvo a chov,Poľnohospodárske družstvo,slama_obilna,Obilná slama,02 01 03,vedlajsi_produkt,sezonne_leto,D
00205672,Poľnohospodárske družstvo Slatina nad Bebravou,Slatina nad Bebravou,Bánovce nad Bebravou,Trenčiansky,48.745418,18.235802,Poľnohospodárstvo a chov,Poľnohospodárske družstvo,kukuricne_korovie,Kukuričné kôrovie a stonky,02 01 03,vedlajsi_produkt,sezonne_jesen,D
00205672,Poľnohospodárske družstvo Slatina nad Bebravou,Slatina nad Bebravou,Bánovce nad Bebravou,Trenčiansky,48.745418,18.235802,Poľnohospodárstvo a chov,Poľnohospodárske družstvo,repkova_slama,Repková slama,02 01 03,vedlajsi_produkt,sezonne_leto,D
00205672,Poľnohospodárske družstvo Slatina nad Bebravou,Slatina nad Bebravou,Bánovce nad Bebravou,Trenčiansky,48.745418,18.235802,Poľnohospodárstvo a chov,Poľnohospodárske družstvo,travna_hmota_ttp,Trávna hmota z lúk a TTP,02 01 03,vedlajsi_produkt,sezonne_leto,D
00205672,Poľnohospodárske družstvo Slatina nad Bebravou,Slatina nad Bebravou,Bánovce nad Bebravou,Trenčiansky,48.745418,18.235802,Poľnohospodárstvo a chov,Poľnohospodárske družstvo,hnoj_hovadzi,Maštaľný hnoj hovädzí,02 01 06,odpad,celorocne,D
00205672,Poľnohospodárske družstvo Slatina nad Bebravou,Slatina nad Bebravou,Bánovce nad Bebravou,Trenčiansky,48.745418,18.235802,Poľnohospodárstvo a chov,Poľnohospodárske družstvo,hnojovica_osipane,Hnojovica ošípaných,02 01 06,odpad,celorocne,D
00205672,Poľnohospodárske družstvo Slatina nad Bebravou,Slatina nad Bebravou,Bánovce nad Bebravou,Trenčiansky,48.745418,18.235802,Poľnohospodárstvo a chov,Poľnohospodárske družstvo,odpad_cistenie_zrna,Odpad z čistenia a sušenia obilia,02 01 03,vedlajsi_produkt,sezonne_leto,D
00205672,Poľnohospodárske družstvo Slatina nad Bebravou,Slatina nad Bebravou,Bánovce nad Bebravou,Trenčiansky,48.745418,18.235802,Poľnohospodárstvo a chov,Poľnohospodárske družstvo,slnecnicove_stonky,Slnečnicové stonky a úbory,02 01 03,odpad,sezonne_jesen,D
00205834,Poľnohospodárske družstvo BEBRAVA,Veľké Chlievany,Bánovce nad Bebravou,Trenčiansky,48.703784,18.224509,Poľnohospodárstvo a chov,Poľnohospodárske družstvo,slama_obilna,Obilná slama,02 01 03,vedlajsi_produkt,sezonne_leto,D
00205834,Poľnohospodárske družstvo BEBRAVA,Veľké Chlievany,Bánovce nad Bebravou,Trenčiansky,48.703784,18.224509,Poľnohospodárstvo a chov,Poľnohospodárske družstvo,kukuricne_korovie,Kukuričné kôrovie a stonky,02 01 03,vedlajsi_produkt,sezonne_jesen,D
00205834,Poľnohospodárske družstvo BEBRAVA,Veľké Chlievany,Bánovce nad Bebravou,Trenčiansky,48.703784,18.224509,Poľnohospodárstvo a chov,Poľnohospodárske družstvo,repkova_slama,Repková slama,02 01 03,vedlajsi_produkt,sezonne_leto,D
00205834,Poľnohospodárske družstvo BEBRAVA,Veľké Chlievany,Bánovce nad Bebravou,Trenčiansky,48.703784,18.224509,Poľnohospodárstvo a chov,Poľnohospodárske družstvo,travna_hmota_ttp,Trávna hmota z lúk a TTP,02 01 03,vedlajsi_produkt,sezonne_leto,D
00205834,Poľnohospodárske družstvo BEBRAVA,Veľké Chlievany,Bánovce nad Bebravou,Trenčiansky,48.703784,18.224509,Poľnohospodárstvo a chov,Poľnohospodárske družstvo,hnoj_hovadzi,Maštaľný hnoj hovädzí,02 01 06,odpad,celorocne,D
00205834,Poľnohospodárske družstvo BEBRAVA,Veľké Chlievany,Bánovce nad Bebravou,Trenčiansky,48.703784,18.224509,Poľnohospodárstvo a chov,Poľnohospodárske družstvo,hnojovica_osipane,Hnojovica ošípaných,02 01 06,odpad,celorocne,D
00205834,Poľnohospodárske družstvo BEBRAVA,Veľké Chlievany,Bánovce nad Bebravou,Trenčiansky,48.703784,18.224509,Poľnohospodárstvo a chov,Poľnohospodárske družstvo,odpad_cistenie_zrna,Odpad z čistenia a sušenia obilia,02 01 03,vedlajsi_produkt,sezonne_leto,D
00205834,Poľnohospodárske družstvo BEBRAVA,Veľké Chlievany,Bánovce nad Bebravou,Trenčiansky,48.703784,18.224509,Poľnohospodárstvo a chov,Poľnohospodárske družstvo,slnecnicove_stonky,Slnečnicové stonky a úbory,02 01 03,odpad,sezonne_jesen,D
00205869,Poľnohospodárske družstvo podielnikov Veľké Uherce,Veľké Uherce,Partizánske,Trenčiansky,48.613712,18.438069,Poľnohospodárstvo a chov,Poľnohospodárske družstvo,slama_obilna,Obilná slama,02 01 03,vedlajsi_produkt,sezonne_leto,D
00205869,Poľnohospodárske družstvo podielnikov Veľké Uherce,Veľké Uherce,Partizánske,Trenčiansky,48.613712,18.438069,Poľnohospodárstvo a chov,Poľnohospodárske družstvo,kukuricne_korovie,Kukuričné kôrovie a stonky,02 01 03,vedlajsi_produkt,sezonne_jesen,D
00205869,Poľnohospodárske družstvo podielnikov Veľké Uherce,Veľké Uherce,Partizánske,Trenčiansky,48.613712,18.438069,Poľnohospodárstvo a chov,Poľnohospodárske družstvo,repkova_slama,Repková slama,02 01 03,vedlajsi_produkt,sezonne_leto,D
00205869,Poľnohospodárske družstvo podielnikov Veľké Uherce,Veľké Uherce,Partizánske,Trenčiansky,48.613712,18.438069,Poľnohospodárstvo a chov,Poľnohospodárske družstvo,travna_hmota_ttp,Trávna hmota z lúk a TTP,02 01 03,vedlajsi_produkt,sezonne_leto,D
00205869,Poľnohospodárske družstvo podielnikov Veľké Uherce,Veľké Uherce,Partizánske,Trenčiansky,48.613712,18.438069,Poľnohospodárstvo a chov,Poľnohospodárske družstvo,hnoj_hovadzi,Maštaľný hnoj hovädzí,02 01 06,odpad,celorocne,D
00205869,Poľnohospodárske družstvo podielnikov Veľké Uherce,Veľké Uherce,Partizánske,Trenčiansky,48.613712,18.438069,Poľnohospodárstvo a chov,Poľnohospodárske družstvo,hnojovica_osipane,Hnojovica ošípaných,02 01 06,odpad,celorocne,D
00205869,Poľnohospodárske družstvo podielnikov Veľké Uherce,Veľké Uherce,Partizánske,Trenčiansky,48.613712,18.438069,Poľnohospodárstvo a chov,Poľnohospodárske družstvo,odpad_cistenie_zrna,Odpad z čistenia a sušenia obilia,02 01 03,vedlajsi_produkt,sezonne_leto,D
00205869,Poľnohospodárske družstvo podielnikov Veľké Uherce,Veľké Uherce,Partizánske,Trenčiansky,48.613712,18.438069,Poľnohospodárstvo a chov,Poľnohospodárske družstvo,slnecnicove_stonky,Slnečnicové stonky a úbory,02 01 03,odpad,sezonne_jesen,D
00206768,Poľnohospodárske družstvo Bošáca,Bošáca,Nové Mesto nad Váhom,Trenčiansky,48.826459,17.842651,Poľnohospodárstvo a chov,Poľnohospodárske družstvo,slama_obilna,Obilná slama,02 01 03,vedlajsi_produkt,sezonne_leto,D
00206768,Poľnohospodárske družstvo Bošáca,Bošáca,Nové Mesto nad Váhom,Trenčiansky,48.826459,17.842651,Poľnohospodárstvo a chov,Poľnohospodárske družstvo,kukuricne_korovie,Kukuričné kôrovie a stonky,02 01 03,vedlajsi_produkt,sezonne_jesen,D
00206768,Poľnohospodárske družstvo Bošáca,Bošáca,Nové Mesto nad Váhom,Trenčiansky,48.826459,17.842651,Poľnohospodárstvo a chov,Poľnohospodárske družstvo,repkova_slama,Repková slama,02 01 03,vedlajsi_produkt,sezonne_leto,D
00206768,Poľnohospodárske družstvo Bošáca,Bošáca,Nové Mesto nad Váhom,Trenčiansky,48.826459,17.842651,Poľnohospodárstvo a chov,Poľnohospodárske družstvo,travna_hmota_ttp,Trávna hmota z lúk a TTP,02 01 03,vedlajsi_produkt,sezonne_leto,D
00206768,Poľnohospodárske družstvo Bošáca,Bošáca,Nové Mesto nad Váhom,Trenčiansky,48.826459,17.842651,Poľnohospodárstvo a chov,Poľnohospodárske družstvo,hnoj_hovadzi,Maštaľný hnoj hovädzí,02 01 06,odpad,celorocne,D
00206768,Poľnohospodárske družstvo Bošáca,Bošáca,Nové Mesto nad Váhom,Trenčiansky,48.826459,17.842651,Poľnohospodárstvo a chov,Poľnohospodárske družstvo,hnojovica_osipane,Hnojovica ošípaných,02 01 06,odpad,celorocne,D
00206768,Poľnohospodárske družstvo Bošáca,Bošáca,Nové Mesto nad Váhom,Trenčiansky,48.826459,17.842651,Poľnohospodárstvo a chov,Poľnohospodárske družstvo,odpad_cistenie_zrna,Odpad z čistenia a sušenia obilia,02 01 03,vedlajsi_produkt,sezonne_leto,D
00206768,Poľnohospodárske družstvo Bošáca,Bošáca,Nové Mesto nad Váhom,Trenčiansky,48.826459,17.842651,Poľnohospodárstvo a chov,Poľnohospodárske družstvo,slnecnicove_stonky,Slnečnicové stonky a úbory,02 01 03,odpad,sezonne_jesen,D
00206784,Poľnohospodárske družstvo Bzince pod Javorinou,Bzince pod Javorinou,Nové Mesto nad Váhom,Trenčiansky,48.786735,17.771587,Poľnohospodárstvo a chov,Poľnohospodárske družstvo,slama_obilna,Obilná slama,02 01 03,vedlajsi_produkt,sezonne_leto,D
00206784,Poľnohospodárske družstvo Bzince pod Javorinou,Bzince pod Javorinou,Nové Mesto nad Váhom,Trenčiansky,48.786735,17.771587,Poľnohospodárstvo a chov,Poľnohospodárske družstvo,kukuricne_korovie,Kukuričné kôrovie a stonky,02 01 03,vedlajsi_produkt,sezonne_jesen,D
00206784,Poľnohospodárske družstvo Bzince pod Javorinou,Bzince pod Javorinou,Nové Mesto nad Váhom,Trenčiansky,48.786735,17.771587,Poľnohospodárstvo a chov,Poľnohospodárske družstvo,repkova_slama,Repková slama,02 01 03,vedlajsi_produkt,sezonne_leto,D
00206784,Poľnohospodárske družstvo Bzince pod Javorinou,Bzince pod Javorinou,Nové Mesto nad Váhom,Trenčiansky,48.786735,17.771587,Poľnohospodárstvo a chov,Poľnohospodárske družstvo,travna_hmota_ttp,Trávna hmota z lúk a TTP,02 01 03,vedlajsi_produkt,sezonne_leto,D
00206784,Poľnohospodárske družstvo Bzince pod Javorinou,Bzince pod Javorinou,Nové Mesto nad Váhom,Trenčiansky,48.786735,17.771587,Poľnohospodárstvo a chov,Poľnohospodárske družstvo,hnoj_hovadzi,Maštaľný hnoj hovädzí,02 01 06,odpad,celorocne,D
00206784,Poľnohospodárske družstvo Bzince pod Javorinou,Bzince pod Javorinou,Nové Mesto nad Váhom,Trenčiansky,48.786735,17.771587,Poľnohospodárstvo a chov,Poľnohospodárske družstvo,hnojovica_osipane,Hnojovica ošípaných,02 01 06,odpad,celorocne,D
00206784,Poľnohospodárske družstvo Bzince pod Javorinou,Bzince pod Javorinou,Nové Mesto nad Váhom,Trenčiansky,48.786735,17.771587,Poľnohospodárstvo a chov,Poľnohospodárske družstvo,odpad_cistenie_zrna,Odpad z čistenia a sušenia obilia,02 01 03,vedlajsi_produkt,sezonne_leto,D
00206784,Poľnohospodárske družstvo Bzince pod Javorinou,Bzince pod Javorinou,Nové Mesto nad Váhom,Trenčiansky,48.786735,17.771587,Poľnohospodárstvo a chov,Poľnohospodárske družstvo,slnecnicove_stonky,Slnečnicové stonky a úbory,02 01 03,odpad,sezonne_jesen,D
00206831,Poľnohospodárske družstvo podielníkov Drietoma,Drietoma,Trenčín,Trenčiansky,48.9,17.95,Poľnohospodárstvo a chov,Poľnohospodárske družstvo,slama_obilna,Obilná slama,02 01 03,vedlajsi_produkt,sezonne_leto,D
00206831,Poľnohospodárske družstvo podielníkov Drietoma,Drietoma,Trenčín,Trenčiansky,48.9,17.95,Poľnohospodárstvo a chov,Poľnohospodárske družstvo,kukuricne_korovie,Kukuričné kôrovie a stonky,02 01 03,vedlajsi_produkt,sezonne_jesen,D
00206831,Poľnohospodárske družstvo podielníkov Drietoma,Drietoma,Trenčín,Trenčiansky,48.9,17.95,Poľnohospodárstvo a chov,Poľnohospodárske družstvo,repkova_slama,Repková slama,02 01 03,vedlajsi_produkt,sezonne_leto,D
00206831,Poľnohospodárske družstvo podielníkov Drietoma,Drietoma,Trenčín,Trenčiansky,48.9,17.95,Poľnohospodárstvo a chov,Poľnohospodárske družstvo,travna_hmota_ttp,Trávna hmota z lúk a TTP,02 01 03,vedlajsi_produkt,sezonne_leto,D
00206831,Poľnohospodárske družstvo podielníkov Drietoma,Drietoma,Trenčín,Trenčiansky,48.9,17.95,Poľnohospodárstvo a chov,Poľnohospodárske družstvo,hnoj_hovadzi,Maštaľný hnoj hovädzí,02 01 06,odpad,celorocne,D
00206831,Poľnohospodárske družstvo podielníkov Drietoma,Drietoma,Trenčín,Trenčiansky,48.9,17.95,Poľnohospodárstvo a chov,Poľnohospodárske družstvo,hnojovica_osipane,Hnojovica ošípaných,02 01 06,odpad,celorocne,D
00206831,Poľnohospodárske družstvo podielníkov Drietoma,Drietoma,Trenčín,Trenčiansky,48.9,17.95,Poľnohospodárstvo a chov,Poľnohospodárske družstvo,odpad_cistenie_zrna,Odpad z čistenia a sušenia obilia,02 01 03,vedlajsi_produkt,sezonne_leto,D
00206831,Poľnohospodárske družstvo podielníkov Drietoma,Drietoma,Trenčín,Trenčiansky,48.9,17.95,Poľnohospodárstvo a chov,Poľnohospodárske družstvo,slnecnicove_stonky,Slnečnicové stonky a úbory,02 01 03,odpad,sezonne_jesen,D
00206865,Poľnohospodárske družstvo Hôrka nad Váhom,Hôrka nad Váhom,Nové Mesto nad Váhom,Trenčiansky,48.716667,17.883333,Poľnohospodárstvo a chov,Poľnohospodárske družstvo,slama_obilna,Obilná slama,02 01 03,vedlajsi_produkt,sezonne_leto,D
00206865,Poľnohospodárske družstvo Hôrka nad Váhom,Hôrka nad Váhom,Nové Mesto nad Váhom,Trenčiansky,48.716667,17.883333,Poľnohospodárstvo a chov,Poľnohospodárske družstvo,kukuricne_korovie,Kukuričné kôrovie a stonky,02 01 03,vedlajsi_produkt,sezonne_jesen,D
00206865,Poľnohospodárske družstvo Hôrka nad Váhom,Hôrka nad Váhom,Nové Mesto nad Váhom,Trenčiansky,48.716667,17.883333,Poľnohospodárstvo a chov,Poľnohospodárske družstvo,repkova_slama,Repková slama,02 01 03,vedlajsi_produkt,sezonne_leto,D
00206865,Poľnohospodárske družstvo Hôrka nad Váhom,Hôrka nad Váhom,Nové Mesto nad Váhom,Trenčiansky,48.716667,17.883333,Poľnohospodárstvo a chov,Poľnohospodárske družstvo,travna_hmota_ttp,Trávna hmota z lúk a TTP,02 01 03,vedlajsi_produkt,sezonne_leto,D
00206865,Poľnohospodárske družstvo Hôrka nad Váhom,Hôrka nad Váhom,Nové Mesto nad Váhom,Trenčiansky,48.716667,17.883333,Poľnohospodárstvo a chov,Poľnohospodárske družstvo,hnoj_hovadzi,Maštaľný hnoj hovädzí,02 01 06,odpad,celorocne,D
00206865,Poľnohospodárske družstvo Hôrka nad Váhom,Hôrka nad Váhom,Nové Mesto nad Váhom,Trenčiansky,48.716667,17.883333,Poľnohospodárstvo a chov,Poľnohospodárske družstvo,hnojovica_osipane,Hnojovica ošípaných,02 01 06,odpad,celorocne,D
00206865,Poľnohospodárske družstvo Hôrka nad Váhom,Hôrka nad Váhom,Nové Mesto nad Váhom,Trenčiansky,48.716667,17.883333,Poľnohospodárstvo a chov,Poľnohospodárske družstvo,odpad_cistenie_zrna,Odpad z čistenia a sušenia obilia,02 01 03,vedlajsi_produkt,sezonne_leto,D
00206865,Poľnohospodárske družstvo Hôrka nad Váhom,Hôrka nad Váhom,Nové Mesto nad Váhom,Trenčiansky,48.716667,17.883333,Poľnohospodárstvo a chov,Poľnohospodárske družstvo,slnecnicove_stonky,Slnečnicové stonky a úbory,02 01 03,odpad,sezonne_jesen,D
00206873,Poľnohospodárske družstvo Bobot-Horňany,Bobot,Trenčín,Trenčiansky,48.806392,18.189604,Poľnohospodárstvo a chov,Poľnohospodárske družstvo,slama_obilna,Obilná slama,02 01 03,vedlajsi_produkt,sezonne_leto,D
00206873,Poľnohospodárske družstvo Bobot-Horňany,Bobot,Trenčín,Trenčiansky,48.806392,18.189604,Poľnohospodárstvo a chov,Poľnohospodárske družstvo,kukuricne_korovie,Kukuričné kôrovie a stonky,02 01 03,vedlajsi_produkt,sezonne_jesen,D
00206873,Poľnohospodárske družstvo Bobot-Horňany,Bobot,Trenčín,Trenčiansky,48.806392,18.189604,Poľnohospodárstvo a chov,Poľnohospodárske družstvo,repkova_slama,Repková slama,02 01 03,vedlajsi_produkt,sezonne_leto,D
00206873,Poľnohospodárske družstvo Bobot-Horňany,Bobot,Trenčín,Trenčiansky,48.806392,18.189604,Poľnohospodárstvo a chov,Poľnohospodárske družstvo,travna_hmota_ttp,Trávna hmota z lúk a TTP,02 01 03,vedlajsi_produkt,sezonne_leto,D
00206873,Poľnohospodárske družstvo Bobot-Horňany,Bobot,Trenčín,Trenčiansky,48.806392,18.189604,Poľnohospodárstvo a chov,Poľnohospodárske družstvo,hnoj_hovadzi,Maštaľný hnoj hovädzí,02 01 06,odpad,celorocne,D
00206873,Poľnohospodárske družstvo Bobot-Horňany,Bobot,Trenčín,Trenčiansky,48.806392,18.189604,Poľnohospodárstvo a chov,Poľnohospodárske družstvo,hnojovica_osipane,Hnojovica ošípaných,02 01 06,odpad,celorocne,D
00206873,Poľnohospodárske družstvo Bobot-Horňany,Bobot,Trenčín,Trenčiansky,48.806392,18.189604,Poľnohospodárstvo a chov,Poľnohospodárske družstvo,odpad_cistenie_zrna,Odpad z čistenia a sušenia obilia,02 01 03,vedlajsi_produkt,sezonne_leto,D
00206873,Poľnohospodárske družstvo Bobot-Horňany,Bobot,Trenčín,Trenčiansky,48.806392,18.189604,Poľnohospodárstvo a chov,Poľnohospodárske družstvo,slnecnicove_stonky,Slnečnicové stonky a úbory,02 01 03,odpad,sezonne_jesen,D
00206938,Roľnícke družstvo podielnikov Chocholná-Velčice,Chocholná-Velčice,Trenčín,Trenčiansky,48.866811,17.948123,Poľnohospodárstvo a chov,Poľnohospodárske družstvo,slama_obilna,Obilná slama,02 01 03,vedlajsi_produkt,sezonne_leto,D
00206938,Roľnícke družstvo podielnikov Chocholná-Velčice,Chocholná-Velčice,Trenčín,Trenčiansky,48.866811,17.948123,Poľnohospodárstvo a chov,Poľnohospodárske družstvo,kukuricne_korovie,Kukuričné kôrovie a stonky,02 01 03,vedlajsi_produkt,sezonne_jesen,D
00206938,Roľnícke družstvo podielnikov Chocholná-Velčice,Chocholná-Velčice,Trenčín,Trenčiansky,48.866811,17.948123,Poľnohospodárstvo a chov,Poľnohospodárske družstvo,repkova_slama,Repková slama,02 01 03,vedlajsi_produkt,sezonne_leto,D
00206938,Roľnícke družstvo podielnikov Chocholná-Velčice,Chocholná-Velčice,Trenčín,Trenčiansky,48.866811,17.948123,Poľnohospodárstvo a chov,Poľnohospodárske družstvo,travna_hmota_ttp,Trávna hmota z lúk a TTP,02 01 03,vedlajsi_produkt,sezonne_leto,D
00206938,Roľnícke družstvo podielnikov Chocholná-Velčice,Chocholná-Velčice,Trenčín,Trenčiansky,48.866811,17.948123,Poľnohospodárstvo a chov,Poľnohospodárske družstvo,hnoj_hovadzi,Maštaľný hnoj hovädzí,02 01 06,odpad,celorocne,D
00206938,Roľnícke družstvo podielnikov Chocholná-Velčice,Chocholná-Velčice,Trenčín,Trenčiansky,48.866811,17.948123,Poľnohospodárstvo a chov,Poľnohospodárske družstvo,hnojovica_osipane,Hnojovica ošípaných,02 01 06,odpad,celorocne,D
00206938,Roľnícke družstvo podielnikov Chocholná-Velčice,Chocholná-Velčice,Trenčín,Trenčiansky,48.866811,17.948123,Poľnohospodárstvo a chov,Poľnohospodárske družstvo,odpad_cistenie_zrna,Odpad z čistenia a sušenia obilia,02 01 03,vedlajsi_produkt,sezonne_leto,D
00206938,Roľnícke družstvo podielnikov Chocholná-Velčice,Chocholná-Velčice,Trenčín,Trenčiansky,48.866811,17.948123,Poľnohospodárstvo a chov,Poľnohospodárske družstvo,slnecnicove_stonky,Slnečnicové stonky a úbory,02 01 03,odpad,sezonne_jesen,D
00207080,"Poľnohospodárske družstvo podielnikov Tematín v Modrovke, družstvo",Modrovka,Nové Mesto nad Váhom,Trenčiansky,48.649201,17.882281,Poľnohospodárstvo a chov,Poľnohospodárske družstvo,slama_obilna,Obilná slama,02 01 03,vedlajsi_produkt,sezonne_leto,D
00207080,"Poľnohospodárske družstvo podielnikov Tematín v Modrovke, družstvo",Modrovka,Nové Mesto nad Váhom,Trenčiansky,48.649201,17.882281,Poľnohospodárstvo a chov,Poľnohospodárske družstvo,kukuricne_korovie,Kukuričné kôrovie a stonky,02 01 03,vedlajsi_produkt,sezonne_jesen,D
00207080,"Poľnohospodárske družstvo podielnikov Tematín v Modrovke, družstvo",Modrovka,Nové Mesto nad Váhom,Trenčiansky,48.649201,17.882281,Poľnohospodárstvo a chov,Poľnohospodárske družstvo,repkova_slama,Repková slama,02 01 03,vedlajsi_produkt,sezonne_leto,D
00207080,"Poľnohospodárske družstvo podielnikov Tematín v Modrovke, družstvo",Modrovka,Nové Mesto nad Váhom,Trenčiansky,48.649201,17.882281,Poľnohospodárstvo a chov,Poľnohospodárske družstvo,travna_hmota_ttp,Trávna hmota z lúk a TTP,02 01 03,vedlajsi_produkt,sezonne_leto,D
00207080,"Poľnohospodárske družstvo podielnikov Tematín v Modrovke, družstvo",Modrovka,Nové Mesto nad Váhom,Trenčiansky,48.649201,17.882281,Poľnohospodárstvo a chov,Poľnohospodárske družstvo,hnoj_hovadzi,Maštaľný hnoj hovädzí,02 01 06,odpad,celorocne,D
00207080,"Poľnohospodárske družstvo podielnikov Tematín v Modrovke, družstvo",Modrovka,Nové Mesto nad Váhom,Trenčiansky,48.649201,17.882281,Poľnohospodárstvo a chov,Poľnohospodárske družstvo,hnojovica_osipane,Hnojovica ošípaných,02 01 06,odpad,celorocne,D
00207080,"Poľnohospodárske družstvo podielnikov Tematín v Modrovke, družstvo",Modrovka,Nové Mesto nad Váhom,Trenčiansky,48.649201,17.882281,Poľnohospodárstvo a chov,Poľnohospodárske družstvo,odpad_cistenie_zrna,Odpad z čistenia a sušenia obilia,02 01 03,vedlajsi_produkt,sezonne_leto,D
00207080,"Poľnohospodárske družstvo podielnikov Tematín v Modrovke, družstvo",Modrovka,Nové Mesto nad Váhom,Trenčiansky,48.649201,17.882281,Poľnohospodárstvo a chov,Poľnohospodárske družstvo,slnecnicove_stonky,Slnečnicové stonky a úbory,02 01 03,odpad,sezonne_jesen,D
00207098,Poľnohospodárske družstvo Vlára Nemšová,Nemšová,Trenčín,Trenčiansky,48.961676,18.113025,Poľnohospodárstvo a chov,Poľnohospodárske družstvo,slama_obilna,Obilná slama,02 01 03,vedlajsi_produkt,sezonne_leto,D
00207098,Poľnohospodárske družstvo Vlára Nemšová,Nemšová,Trenčín,Trenčiansky,48.961676,18.113025,Poľnohospodárstvo a chov,Poľnohospodárske družstvo,kukuricne_korovie,Kukuričné kôrovie a stonky,02 01 03,vedlajsi_produkt,sezonne_jesen,D
00207098,Poľnohospodárske družstvo Vlára Nemšová,Nemšová,Trenčín,Trenčiansky,48.961676,18.113025,Poľnohospodárstvo a chov,Poľnohospodárske družstvo,repkova_slama,Repková slama,02 01 03,vedlajsi_produkt,sezonne_leto,D
00207098,Poľnohospodárske družstvo Vlára Nemšová,Nemšová,Trenčín,Trenčiansky,48.961676,18.113025,Poľnohospodárstvo a chov,Poľnohospodárske družstvo,travna_hmota_ttp,Trávna hmota z lúk a TTP,02 01 03,vedlajsi_produkt,sezonne_leto,D
00207098,Poľnohospodárske družstvo Vlára Nemšová,Nemšová,Trenčín,Trenčiansky,48.961676,18.113025,Poľnohospodárstvo a chov,Poľnohospodárske družstvo,hnoj_hovadzi,Maštaľný hnoj hovädzí,02 01 06,odpad,celorocne,D
00207098,Poľnohospodárske družstvo Vlára Nemšová,Nemšová,Trenčín,Trenčiansky,48.961676,18.113025,Poľnohospodárstvo a chov,Poľnohospodárske družstvo,hnojovica_osipane,Hnojovica ošípaných,02 01 06,odpad,celorocne,D
00207098,Poľnohospodárske družstvo Vlára Nemšová,Nemšová,Trenčín,Trenčiansky,48.961676,18.113025,Poľnohospodárstvo a chov,Poľnohospodárske družstvo,odpad_cistenie_zrna,Odpad z čistenia a sušenia obilia,02 01 03,vedlajsi_produkt,sezonne_leto,D
00207098,Poľnohospodárske družstvo Vlára Nemšová,Nemšová,Trenčín,Trenčiansky,48.961676,18.113025,Poľnohospodárstvo a chov,Poľnohospodárske družstvo,slnecnicove_stonky,Slnečnicové stonky a úbory,02 01 03,odpad,sezonne_jesen,D
00207128,Poľnohospodárske družstvo Trenčín - Opatová,Trenčianska Teplá,Trenčín,Trenčiansky,48.93373,18.120323,Poľnohospodárstvo a chov,Poľnohospodárske družstvo,slama_obilna,Obilná slama,02 01 03,vedlajsi_produkt,sezonne_leto,D
00207128,Poľnohospodárske družstvo Trenčín - Opatová,Trenčianska Teplá,Trenčín,Trenčiansky,48.93373,18.120323,Poľnohospodárstvo a chov,Poľnohospodárske družstvo,kukuricne_korovie,Kukuričné kôrovie a stonky,02 01 03,vedlajsi_produkt,sezonne_jesen,D
00207128,Poľnohospodárske družstvo Trenčín - Opatová,Trenčianska Teplá,Trenčín,Trenčiansky,48.93373,18.120323,Poľnohospodárstvo a chov,Poľnohospodárske družstvo,repkova_slama,Repková slama,02 01 03,vedlajsi_produkt,sezonne_leto,D
00207128,Poľnohospodárske družstvo Trenčín - Opatová,Trenčianska Teplá,Trenčín,Trenčiansky,48.93373,18.120323,Poľnohospodárstvo a chov,Poľnohospodárske družstvo,travna_hmota_ttp,Trávna hmota z lúk a TTP,02 01 03,vedlajsi_produkt,sezonne_leto,D
00207128,Poľnohospodárske družstvo Trenčín - Opatová,Trenčianska Teplá,Trenčín,Trenčiansky,48.93373,18.120323,Poľnohospodárstvo a chov,Poľnohospodárske družstvo,hnoj_hovadzi,Maštaľný hnoj hovädzí,02 01 06,odpad,celorocne,D
00207128,Poľnohospodárske družstvo Trenčín - Opatová,Trenčianska Teplá,Trenčín,Trenčiansky,48.93373,18.120323,Poľnohospodárstvo a chov,Poľnohospodárske družstvo,hnojovica_osipane,Hnojovica ošípaných,02 01 06,odpad,celorocne,D
00207128,Poľnohospodárske družstvo Trenčín - Opatová,Trenčianska Teplá,Trenčín,Trenčiansky,48.93373,18.120323,Poľnohospodárstvo a chov,Poľnohospodárske družstvo,odpad_cistenie_zrna,Odpad z čistenia a sušenia obilia,02 01 03,vedlajsi_produkt,sezonne_leto,D
00207128,Poľnohospodárske družstvo Trenčín - Opatová,Trenčianska Teplá,Trenčín,Trenčiansky,48.93373,18.120323,Poľnohospodárstvo a chov,Poľnohospodárske družstvo,slnecnicove_stonky,Slnečnicové stonky a úbory,02 01 03,odpad,sezonne_jesen,D
00207136,Poľnohospodárske družstvo Pobedim,Pobedim,Nové Mesto nad Váhom,Trenčiansky,48.65,17.8,Poľnohospodárstvo a chov,Poľnohospodárske družstvo,slama_obilna,Obilná slama,02 01 03,vedlajsi_produkt,sezonne_leto,D
00207136,Poľnohospodárske družstvo Pobedim,Pobedim,Nové Mesto nad Váhom,Trenčiansky,48.65,17.8,Poľnohospodárstvo a chov,Poľnohospodárske družstvo,kukuricne_korovie,Kukuričné kôrovie a stonky,02 01 03,vedlajsi_produkt,sezonne_jesen,D
00207136,Poľnohospodárske družstvo Pobedim,Pobedim,Nové Mesto nad Váhom,Trenčiansky,48.65,17.8,Poľnohospodárstvo a chov,Poľnohospodárske družstvo,repkova_slama,Repková slama,02 01 03,vedlajsi_produkt,sezonne_leto,D
00207136,Poľnohospodárske družstvo Pobedim,Pobedim,Nové Mesto nad Váhom,Trenčiansky,48.65,17.8,Poľnohospodárstvo a chov,Poľnohospodárske družstvo,travna_hmota_ttp,Trávna hmota z lúk a TTP,02 01 03,vedlajsi_produkt,sezonne_leto,D
00207136,Poľnohospodárske družstvo Pobedim,Pobedim,Nové Mesto nad Váhom,Trenčiansky,48.65,17.8,Poľnohospodárstvo a chov,Poľnohospodárske družstvo,hnoj_hovadzi,Maštaľný hnoj hovädzí,02 01 06,odpad,celorocne,D
00207136,Poľnohospodárske družstvo Pobedim,Pobedim,Nové Mesto nad Váhom,Trenčiansky,48.65,17.8,Poľnohospodárstvo a chov,Poľnohospodárske družstvo,hnojovica_osipane,Hnojovica ošípaných,02 01 06,odpad,celorocne,D
00207136,Poľnohospodárske družstvo Pobedim,Pobedim,Nové Mesto nad Váhom,Trenčiansky,48.65,17.8,Poľnohospodárstvo a chov,Poľnohospodárske družstvo,odpad_cistenie_zrna,Odpad z čistenia a sušenia obilia,02 01 03,vedlajsi_produkt,sezonne_leto,D
00207136,Poľnohospodárske družstvo Pobedim,Pobedim,Nové Mesto nad Váhom,Trenčiansky,48.65,17.8,Poľnohospodárstvo a chov,Poľnohospodárske družstvo,slnecnicove_stonky,Slnečnicové stonky a úbory,02 01 03,odpad,sezonne_jesen,D
00207161,Poľnohospodárske družstvo Podolie,Podolie,Nové Mesto nad Váhom,Trenčiansky,48.674218,17.774922,Poľnohospodárstvo a chov,Poľnohospodárske družstvo,slama_obilna,Obilná slama,02 01 03,vedlajsi_produkt,sezonne_leto,D
00207161,Poľnohospodárske družstvo Podolie,Podolie,Nové Mesto nad Váhom,Trenčiansky,48.674218,17.774922,Poľnohospodárstvo a chov,Poľnohospodárske družstvo,kukuricne_korovie,Kukuričné kôrovie a stonky,02 01 03,vedlajsi_produkt,sezonne_jesen,D
00207161,Poľnohospodárske družstvo Podolie,Podolie,Nové Mesto nad Váhom,Trenčiansky,48.674218,17.774922,Poľnohospodárstvo a chov,Poľnohospodárske družstvo,repkova_slama,Repková slama,02 01 03,vedlajsi_produkt,sezonne_leto,D
00207161,Poľnohospodárske družstvo Podolie,Podolie,Nové Mesto nad Váhom,Trenčiansky,48.674218,17.774922,Poľnohospodárstvo a chov,Poľnohospodárske družstvo,travna_hmota_ttp,Trávna hmota z lúk a TTP,02 01 03,vedlajsi_produkt,sezonne_leto,D
00207161,Poľnohospodárske družstvo Podolie,Podolie,Nové Mesto nad Váhom,Trenčiansky,48.674218,17.774922,Poľnohospodárstvo a chov,Poľnohospodárske družstvo,hnoj_hovadzi,Maštaľný hnoj hovädzí,02 01 06,odpad,celorocne,D
00207161,Poľnohospodárske družstvo Podolie,Podolie,Nové Mesto nad Váhom,Trenčiansky,48.674218,17.774922,Poľnohospodárstvo a chov,Poľnohospodárske družstvo,hnojovica_osipane,Hnojovica ošípaných,02 01 06,odpad,celorocne,D
00207161,Poľnohospodárske družstvo Podolie,Podolie,Nové Mesto nad Váhom,Trenčiansky,48.674218,17.774922,Poľnohospodárstvo a chov,Poľnohospodárske družstvo,odpad_cistenie_zrna,Odpad z čistenia a sušenia obilia,02 01 03,vedlajsi_produkt,sezonne_leto,D
00207161,Poľnohospodárske družstvo Podolie,Podolie,Nové Mesto nad Váhom,Trenčiansky,48.674218,17.774922,Poľnohospodárstvo a chov,Poľnohospodárske družstvo,slnecnicove_stonky,Slnečnicové stonky a úbory,02 01 03,odpad,sezonne_jesen,D
00207241,Poľnohospodársky podnik Trenčín-Soblahov a. s.,Soblahov,Trenčín,Trenčiansky,48.864744,18.072372,Poľnohospodárstvo a chov,Poľnohospodárske družstvo,slama_obilna,Obilná slama,02 01 03,vedlajsi_produkt,sezonne_leto,D
00207241,Poľnohospodársky podnik Trenčín-Soblahov a. s.,Soblahov,Trenčín,Trenčiansky,48.864744,18.072372,Poľnohospodárstvo a chov,Poľnohospodárske družstvo,kukuricne_korovie,Kukuričné kôrovie a stonky,02 01 03,vedlajsi_produkt,sezonne_jesen,D
00207241,Poľnohospodársky podnik Trenčín-Soblahov a. s.,Soblahov,Trenčín,Trenčiansky,48.864744,18.072372,Poľnohospodárstvo a chov,Poľnohospodárske družstvo,repkova_slama,Repková slama,02 01 03,vedlajsi_produkt,sezonne_leto,D
00207241,Poľnohospodársky podnik Trenčín-Soblahov a. s.,Soblahov,Trenčín,Trenčiansky,48.864744,18.072372,Poľnohospodárstvo a chov,Poľnohospodárske družstvo,travna_hmota_ttp,Trávna hmota z lúk a TTP,02 01 03,vedlajsi_produkt,sezonne_leto,D
00207241,Poľnohospodársky podnik Trenčín-Soblahov a. s.,Soblahov,Trenčín,Trenčiansky,48.864744,18.072372,Poľnohospodárstvo a chov,Poľnohospodárske družstvo,hnoj_hovadzi,Maštaľný hnoj hovädzí,02 01 06,odpad,celorocne,D
00207241,Poľnohospodársky podnik Trenčín-Soblahov a. s.,Soblahov,Trenčín,Trenčiansky,48.864744,18.072372,Poľnohospodárstvo a chov,Poľnohospodárske družstvo,hnojovica_osipane,Hnojovica ošípaných,02 01 06,odpad,celorocne,D
00207241,Poľnohospodársky podnik Trenčín-Soblahov a. s.,Soblahov,Trenčín,Trenčiansky,48.864744,18.072372,Poľnohospodárstvo a chov,Poľnohospodárske družstvo,odpad_cistenie_zrna,Odpad z čistenia a sušenia obilia,02 01 03,vedlajsi_produkt,sezonne_leto,D
00207241,Poľnohospodársky podnik Trenčín-Soblahov a. s.,Soblahov,Trenčín,Trenčiansky,48.864744,18.072372,Poľnohospodárstvo a chov,Poľnohospodárske družstvo,slnecnicove_stonky,Slnečnicové stonky a úbory,02 01 03,odpad,sezonne_jesen,D
00207250,Poľnohospodárske družstvo Stará Turá,Stará Turá,Nové Mesto nad Váhom,Trenčiansky,48.776457,17.692694,Poľnohospodárstvo a chov,Poľnohospodárske družstvo,slama_obilna,Obilná slama,02 01 03,vedlajsi_produkt,sezonne_leto,D
00207250,Poľnohospodárske družstvo Stará Turá,Stará Turá,Nové Mesto nad Váhom,Trenčiansky,48.776457,17.692694,Poľnohospodárstvo a chov,Poľnohospodárske družstvo,kukuricne_korovie,Kukuričné kôrovie a stonky,02 01 03,vedlajsi_produkt,sezonne_jesen,D
00207250,Poľnohospodárske družstvo Stará Turá,Stará Turá,Nové Mesto nad Váhom,Trenčiansky,48.776457,17.692694,Poľnohospodárstvo a chov,Poľnohospodárske družstvo,repkova_slama,Repková slama,02 01 03,vedlajsi_produkt,sezonne_leto,D
00207250,Poľnohospodárske družstvo Stará Turá,Stará Turá,Nové Mesto nad Váhom,Trenčiansky,48.776457,17.692694,Poľnohospodárstvo a chov,Poľnohospodárske družstvo,travna_hmota_ttp,Trávna hmota z lúk a TTP,02 01 03,vedlajsi_produkt,sezonne_leto,D
00207250,Poľnohospodárske družstvo Stará Turá,Stará Turá,Nové Mesto nad Váhom,Trenčiansky,48.776457,17.692694,Poľnohospodárstvo a chov,Poľnohospodárske družstvo,hnoj_hovadzi,Maštaľný hnoj hovädzí,02 01 06,odpad,celorocne,D
00207250,Poľnohospodárske družstvo Stará Turá,Stará Turá,Nové Mesto nad Váhom,Trenčiansky,48.776457,17.692694,Poľnohospodárstvo a chov,Poľnohospodárske družstvo,hnojovica_osipane,Hnojovica ošípaných,02 01 06,odpad,celorocne,D
00207250,Poľnohospodárske družstvo Stará Turá,Stará Turá,Nové Mesto nad Váhom,Trenčiansky,48.776457,17.692694,Poľnohospodárstvo a chov,Poľnohospodárske družstvo,odpad_cistenie_zrna,Odpad z čistenia a sušenia obilia,02 01 03,vedlajsi_produkt,sezonne_leto,D
00207250,Poľnohospodárske družstvo Stará Turá,Stará Turá,Nové Mesto nad Váhom,Trenčiansky,48.776457,17.692694,Poľnohospodárstvo a chov,Poľnohospodárske družstvo,slnecnicove_stonky,Slnečnicové stonky a úbory,02 01 03,odpad,sezonne_jesen,D
00207284,Poľnohospodárske družstvo Trenčianska Turná,Trenčianska Turná,Trenčín,Trenčiansky,48.85,18.016667,Poľnohospodárstvo a chov,Poľnohospodárske družstvo,slama_obilna,Obilná slama,02 01 03,vedlajsi_produkt,sezonne_leto,D
00207284,Poľnohospodárske družstvo Trenčianska Turná,Trenčianska Turná,Trenčín,Trenčiansky,48.85,18.016667,Poľnohospodárstvo a chov,Poľnohospodárske družstvo,kukuricne_korovie,Kukuričné kôrovie a stonky,02 01 03,vedlajsi_produkt,sezonne_jesen,D
00207284,Poľnohospodárske družstvo Trenčianska Turná,Trenčianska Turná,Trenčín,Trenčiansky,48.85,18.016667,Poľnohospodárstvo a chov,Poľnohospodárske družstvo,repkova_slama,Repková slama,02 01 03,vedlajsi_produkt,sezonne_leto,D
00207284,Poľnohospodárske družstvo Trenčianska Turná,Trenčianska Turná,Trenčín,Trenčiansky,48.85,18.016667,Poľnohospodárstvo a chov,Poľnohospodárske družstvo,travna_hmota_ttp,Trávna hmota z lúk a TTP,02 01 03,vedlajsi_produkt,sezonne_leto,D
00207284,Poľnohospodárske družstvo Trenčianska Turná,Trenčianska Turná,Trenčín,Trenčiansky,48.85,18.016667,Poľnohospodárstvo a chov,Poľnohospodárske družstvo,hnoj_hovadzi,Maštaľný hnoj hovädzí,02 01 06,odpad,celorocne,D
00207284,Poľnohospodárske družstvo Trenčianska Turná,Trenčianska Turná,Trenčín,Trenčiansky,48.85,18.016667,Poľnohospodárstvo a chov,Poľnohospodárske družstvo,hnojovica_osipane,Hnojovica ošípaných,02 01 06,odpad,celorocne,D
00207284,Poľnohospodárske družstvo Trenčianska Turná,Trenčianska Turná,Trenčín,Trenčiansky,48.85,18.016667,Poľnohospodárstvo a chov,Poľnohospodárske družstvo,odpad_cistenie_zrna,Odpad z čistenia a sušenia obilia,02 01 03,vedlajsi_produkt,sezonne_leto,D
00207284,Poľnohospodárske družstvo Trenčianska Turná,Trenčianska Turná,Trenčín,Trenčiansky,48.85,18.016667,Poľnohospodárstvo a chov,Poľnohospodárske družstvo,slnecnicove_stonky,Slnečnicové stonky a úbory,02 01 03,odpad,sezonne_jesen,D
00207306,"Poľnohospodárske družstvo, Trenčianske Mitice",Trenčianske Mitice,Trenčín,Trenčiansky,48.823,18.113,Poľnohospodárstvo a chov,Poľnohospodárske družstvo,slama_obilna,Obilná slama,02 01 03,vedlajsi_produkt,sezonne_leto,D
00207306,"Poľnohospodárske družstvo, Trenčianske Mitice",Trenčianske Mitice,Trenčín,Trenčiansky,48.823,18.113,Poľnohospodárstvo a chov,Poľnohospodárske družstvo,kukuricne_korovie,Kukuričné kôrovie a stonky,02 01 03,vedlajsi_produkt,sezonne_jesen,D
00207306,"Poľnohospodárske družstvo, Trenčianske Mitice",Trenčianske Mitice,Trenčín,Trenčiansky,48.823,18.113,Poľnohospodárstvo a chov,Poľnohospodárske družstvo,repkova_slama,Repková slama,02 01 03,vedlajsi_produkt,sezonne_leto,D
00207306,"Poľnohospodárske družstvo, Trenčianske Mitice",Trenčianske Mitice,Trenčín,Trenčiansky,48.823,18.113,Poľnohospodárstvo a chov,Poľnohospodárske družstvo,travna_hmota_ttp,Trávna hmota z lúk a TTP,02 01 03,vedlajsi_produkt,sezonne_leto,D
00207306,"Poľnohospodárske družstvo, Trenčianske Mitice",Trenčianske Mitice,Trenčín,Trenčiansky,48.823,18.113,Poľnohospodárstvo a chov,Poľnohospodárske družstvo,hnoj_hovadzi,Maštaľný hnoj hovädzí,02 01 06,odpad,celorocne,D
00207306,"Poľnohospodárske družstvo, Trenčianske Mitice",Trenčianske Mitice,Trenčín,Trenčiansky,48.823,18.113,Poľnohospodárstvo a chov,Poľnohospodárske družstvo,hnojovica_osipane,Hnojovica ošípaných,02 01 06,odpad,celorocne,D
00207306,"Poľnohospodárske družstvo, Trenčianske Mitice",Trenčianske Mitice,Trenčín,Trenčiansky,48.823,18.113,Poľnohospodárstvo a chov,Poľnohospodárske družstvo,odpad_cistenie_zrna,Odpad z čistenia a sušenia obilia,02 01 03,vedlajsi_produkt,sezonne_leto,D
00207306,"Poľnohospodárske družstvo, Trenčianske Mitice",Trenčianske Mitice,Trenčín,Trenčiansky,48.823,18.113,Poľnohospodárstvo a chov,Poľnohospodárske družstvo,slnecnicove_stonky,Slnečnicové stonky a úbory,02 01 03,odpad,sezonne_jesen,D
00222453,Poľnohospodárske družstvo INOVEC Trenčianske Stankovce,Trenčianske Stankovce,Trenčín,Trenčiansky,48.838974,17.987249,Poľnohospodárstvo a chov,Poľnohospodárske družstvo,slama_obilna,Obilná slama,02 01 03,vedlajsi_produkt,sezonne_leto,D
00222453,Poľnohospodárske družstvo INOVEC Trenčianske Stankovce,Trenčianske Stankovce,Trenčín,Trenčiansky,48.838974,17.987249,Poľnohospodárstvo a chov,Poľnohospodárske družstvo,kukuricne_korovie,Kukuričné kôrovie a stonky,02 01 03,vedlajsi_produkt,sezonne_jesen,D
00222453,Poľnohospodárske družstvo INOVEC Trenčianske Stankovce,Trenčianske Stankovce,Trenčín,Trenčiansky,48.838974,17.987249,Poľnohospodárstvo a chov,Poľnohospodárske družstvo,repkova_slama,Repková slama,02 01 03,vedlajsi_produkt,sezonne_leto,D
00222453,Poľnohospodárske družstvo INOVEC Trenčianske Stankovce,Trenčianske Stankovce,Trenčín,Trenčiansky,48.838974,17.987249,Poľnohospodárstvo a chov,Poľnohospodárske družstvo,travna_hmota_ttp,Trávna hmota z lúk a TTP,02 01 03,vedlajsi_produkt,sezonne_leto,D
00222453,Poľnohospodárske družstvo INOVEC Trenčianske Stankovce,Trenčianske Stankovce,Trenčín,Trenčiansky,48.838974,17.987249,Poľnohospodárstvo a chov,Poľnohospodárske družstvo,hnoj_hovadzi,Maštaľný hnoj hovädzí,02 01 06,odpad,celorocne,D
00222453,Poľnohospodárske družstvo INOVEC Trenčianske Stankovce,Trenčianske Stankovce,Trenčín,Trenčiansky,48.838974,17.987249,Poľnohospodárstvo a chov,Poľnohospodárske družstvo,hnojovica_osipane,Hnojovica ošípaných,02 01 06,odpad,celorocne,D
00222453,Poľnohospodárske družstvo INOVEC Trenčianske Stankovce,Trenčianske Stankovce,Trenčín,Trenčiansky,48.838974,17.987249,Poľnohospodárstvo a chov,Poľnohospodárske družstvo,odpad_cistenie_zrna,Odpad z čistenia a sušenia obilia,02 01 03,vedlajsi_produkt,sezonne_leto,D
00222453,Poľnohospodárske družstvo INOVEC Trenčianske Stankovce,Trenčianske Stankovce,Trenčín,Trenčiansky,48.838974,17.987249,Poľnohospodárstvo a chov,Poľnohospodárske družstvo,slnecnicove_stonky,Slnečnicové stonky a úbory,02 01 03,odpad,sezonne_jesen,D
00223603,Bezovec - Poľnohospodárske družstvo,Modrová,Nové Mesto nad Váhom,Trenčiansky,48.644488,17.895336,Poľnohospodárstvo a chov,Poľnohospodárske družstvo,slama_obilna,Obilná slama,02 01 03,vedlajsi_produkt,sezonne_leto,D
00223603,Bezovec - Poľnohospodárske družstvo,Modrová,Nové Mesto nad Váhom,Trenčiansky,48.644488,17.895336,Poľnohospodárstvo a chov,Poľnohospodárske družstvo,kukuricne_korovie,Kukuričné kôrovie a stonky,02 01 03,vedlajsi_produkt,sezonne_jesen,D
00223603,Bezovec - Poľnohospodárske družstvo,Modrová,Nové Mesto nad Váhom,Trenčiansky,48.644488,17.895336,Poľnohospodárstvo a chov,Poľnohospodárske družstvo,repkova_slama,Repková slama,02 01 03,vedlajsi_produkt,sezonne_leto,D
00223603,Bezovec - Poľnohospodárske družstvo,Modrová,Nové Mesto nad Váhom,Trenčiansky,48.644488,17.895336,Poľnohospodárstvo a chov,Poľnohospodárske družstvo,travna_hmota_ttp,Trávna hmota z lúk a TTP,02 01 03,vedlajsi_produkt,sezonne_leto,D
00223603,Bezovec - Poľnohospodárske družstvo,Modrová,Nové Mesto nad Váhom,Trenčiansky,48.644488,17.895336,Poľnohospodárstvo a chov,Poľnohospodárske družstvo,hnoj_hovadzi,Maštaľný hnoj hovädzí,02 01 06,odpad,celorocne,D
00223603,Bezovec - Poľnohospodárske družstvo,Modrová,Nové Mesto nad Váhom,Trenčiansky,48.644488,17.895336,Poľnohospodárstvo a chov,Poľnohospodárske družstvo,hnojovica_osipane,Hnojovica ošípaných,02 01 06,odpad,celorocne,D
00223603,Bezovec - Poľnohospodárske družstvo,Modrová,Nové Mesto nad Váhom,Trenčiansky,48.644488,17.895336,Poľnohospodárstvo a chov,Poľnohospodárske družstvo,odpad_cistenie_zrna,Odpad z čistenia a sušenia obilia,02 01 03,vedlajsi_produkt,sezonne_leto,D
00223603,Bezovec - Poľnohospodárske družstvo,Modrová,Nové Mesto nad Váhom,Trenčiansky,48.644488,17.895336,Poľnohospodárstvo a chov,Poľnohospodárske družstvo,slnecnicove_stonky,Slnečnicové stonky a úbory,02 01 03,odpad,sezonne_jesen,D
00227404,Centrum sociálnych služieb - LIPA,Kostolná-Záriečie,Trenčín,Trenčiansky,48.878828,17.96711,Gastro a stravovacie zariadenia,Zariadenie sociálnych služieb,nemocnicny_kuchynsky_odpad,Kuchynský odpad zo zdravotníckych a sociálnych zariadení,20 01 08,odpad,celorocne,D
00227404,Centrum sociálnych služieb - LIPA,Kostolná-Záriečie,Trenčín,Trenčiansky,48.878828,17.96711,Gastro a stravovacie zariadenia,Zariadenie sociálnych služieb,zvysky_z_taniera,Zvyšky z taniera,20 01 08,odpad,celorocne,D
00227404,Centrum sociálnych služieb - LIPA,Kostolná-Záriečie,Trenčín,Trenčiansky,48.878828,17.96711,Gastro a stravovacie zariadenia,Zariadenie sociálnych služieb,bro_zahrady,Biologicky rozložiteľný odpad zo záhrad,20 02 01,odpad,sezonne_leto,D
00308307,Mesto Nitra,Nitra,Nitra,Nitriansky,48.31257,18.09061,Komunálny a gastro bioodpad,Mesto - správa zelene,travna_hmota_kosba,Trávna hmota z kosby verejnej zelene,20 02 01,odpad,sezonne_leto,D
00308307,Mesto Nitra,Nitra,Nitra,Nitriansky,48.31257,18.09061,Komunálny a gastro bioodpad,Mesto - správa zelene,konare_stiepka,Konáre a drevná štiepka z údržby zelene,20 02 01,odpad,sezonne_jar,D
00308307,Mesto Nitra,Nitra,Nitra,Nitriansky,48.31257,18.09061,Komunálny a gastro bioodpad,Mesto - správa zelene,listie,Lístie z verejnej zelene,20 02 01,odpad,sezonne_jesen,D
00308307,Mesto Nitra,Nitra,Nitra,Nitriansky,48.31257,18.09061,Komunálny a gastro bioodpad,Mesto - správa zelene,bro_zahrady,Biologicky rozložiteľný odpad zo záhrad,20 02 01,odpad,sezonne_leto,D
00308307,Mesto Nitra,Nitra,Nitra,Nitriansky,48.31257,18.09061,Komunálny a gastro bioodpad,Mesto - správa zelene,kuchynsky_odpad,Biologicky rozložiteľný kuchynský a reštauračný odpad,20 01 08,odpad,celorocne,D
00308307,Mesto Nitra,Nitra,Nitra,Nitriansky,48.31257,18.09061,Komunálny a gastro bioodpad,Mesto - správa zelene,odpad_trhoviska,Odpad z trhovísk,20 03 02,odpad,sezonne_leto,D
00313114,Mesto Trnava,Trnava,Trnava,Trnavský,48.37729,17.586718,Komunálny a gastro bioodpad,Mesto - správa zelene,travna_hmota_kosba,Trávna hmota z kosby verejnej zelene,20 02 01,odpad,sezonne_leto,D
00313114,Mesto Trnava,Trnava,Trnava,Trnavský,48.37729,17.586718,Komunálny a gastro bioodpad,Mesto - správa zelene,konare_stiepka,Konáre a drevná štiepka z údržby zelene,20 02 01,odpad,sezonne_jar,D
00313114,Mesto Trnava,Trnava,Trnava,Trnavský,48.37729,17.586718,Komunálny a gastro bioodpad,Mesto - správa zelene,listie,Lístie z verejnej zelene,20 02 01,odpad,sezonne_jesen,D
00313114,Mesto Trnava,Trnava,Trnava,Trnavský,48.37729,17.586718,Komunálny a gastro bioodpad,Mesto - správa zelene,bro_zahrady,Biologicky rozložiteľný odpad zo záhrad,20 02 01,odpad,sezonne_leto,D
00313114,Mesto Trnava,Trnava,Trnava,Trnavský,48.37729,17.586718,Komunálny a gastro bioodpad,Mesto - správa zelene,kuchynsky_odpad,Biologicky rozložiteľný kuchynský a reštauračný odpad,20 01 08,odpad,celorocne,D
00313114,Mesto Trnava,Trnava,Trnava,Trnavský,48.37729,17.586718,Komunálny a gastro bioodpad,Mesto - správa zelene,odpad_trhoviska,Odpad z trhovísk,20 03 02,odpad,sezonne_leto,D
00321796,Mesto Žilina,Žilina,Žilina,Žilinský,49.223464,18.739498,Komunálny a gastro bioodpad,Mesto - správa zelene,travna_hmota_kosba,Trávna hmota z kosby verejnej zelene,20 02 01,odpad,sezonne_leto,D
00321796,Mesto Žilina,Žilina,Žilina,Žilinský,49.223464,18.739498,Komunálny a gastro bioodpad,Mesto - správa zelene,konare_stiepka,Konáre a drevná štiepka z údržby zelene,20 02 01,odpad,sezonne_jar,D
00321796,Mesto Žilina,Žilina,Žilina,Žilinský,49.223464,18.739498,Komunálny a gastro bioodpad,Mesto - správa zelene,listie,Lístie z verejnej zelene,20 02 01,odpad,sezonne_jesen,D
00321796,Mesto Žilina,Žilina,Žilina,Žilinský,49.223464,18.739498,Komunálny a gastro bioodpad,Mesto - správa zelene,bro_zahrady,Biologicky rozložiteľný odpad zo záhrad,20 02 01,odpad,sezonne_leto,D
00321796,Mesto Žilina,Žilina,Žilina,Žilinský,49.223464,18.739498,Komunálny a gastro bioodpad,Mesto - správa zelene,kuchynsky_odpad,Biologicky rozložiteľný kuchynský a reštauračný odpad,20 01 08,odpad,celorocne,D
00321796,Mesto Žilina,Žilina,Žilina,Žilinský,49.223464,18.739498,Komunálny a gastro bioodpad,Mesto - správa zelene,odpad_trhoviska,Odpad z trhovísk,20 03 02,odpad,sezonne_leto,D
00327646,Mesto Prešov,Prešov,Prešov,Prešovský,49.000411,21.252273,Komunálny a gastro bioodpad,Mesto - správa zelene,travna_hmota_kosba,Trávna hmota z kosby verejnej zelene,20 02 01,odpad,sezonne_leto,D
00327646,Mesto Prešov,Prešov,Prešov,Prešovský,49.000411,21.252273,Komunálny a gastro bioodpad,Mesto - správa zelene,konare_stiepka,Konáre a drevná štiepka z údržby zelene,20 02 01,odpad,sezonne_jar,D
00327646,Mesto Prešov,Prešov,Prešov,Prešovský,49.000411,21.252273,Komunálny a gastro bioodpad,Mesto - správa zelene,listie,Lístie z verejnej zelene,20 02 01,odpad,sezonne_jesen,D
00327646,Mesto Prešov,Prešov,Prešov,Prešovský,49.000411,21.252273,Komunálny a gastro bioodpad,Mesto - správa zelene,bro_zahrady,Biologicky rozložiteľný odpad zo záhrad,20 02 01,odpad,sezonne_leto,D
00327646,Mesto Prešov,Prešov,Prešov,Prešovský,49.000411,21.252273,Komunálny a gastro bioodpad,Mesto - správa zelene,kuchynsky_odpad,Biologicky rozložiteľný kuchynský a reštauračný odpad,20 01 08,odpad,celorocne,D
00327646,Mesto Prešov,Prešov,Prešov,Prešovský,49.000411,21.252273,Komunálny a gastro bioodpad,Mesto - správa zelene,odpad_trhoviska,Odpad z trhovísk,20 03 02,odpad,sezonne_leto,D
00351725,Centrum sociálnych služieb - Zemianske Podhradie,Zemianske Podhradie,Nové Mesto nad Váhom,Trenčiansky,48.85,17.833333,Gastro a stravovacie zariadenia,Zariadenie sociálnych služieb,nemocnicny_kuchynsky_odpad,Kuchynský odpad zo zdravotníckych a sociálnych zariadení,20 01 08,odpad,celorocne,D
00351725,Centrum sociálnych služieb - Zemianske Podhradie,Zemianske Podhradie,Nové Mesto nad Váhom,Trenčiansky,48.85,17.833333,Gastro a stravovacie zariadenia,Zariadenie sociálnych služieb,zvysky_z_taniera,Zvyšky z taniera,20 01 08,odpad,celorocne,D
00351725,Centrum sociálnych služieb - Zemianske Podhradie,Zemianske Podhradie,Nové Mesto nad Váhom,Trenčiansky,48.85,17.833333,Gastro a stravovacie zariadenia,Zariadenie sociálnych služieb,bro_zahrady,Biologicky rozložiteľný odpad zo záhrad,20 02 01,odpad,sezonne_leto,D
00351741,Centrum sociálnych služieb - DEMY,Trenčín,Trenčín,Trenčiansky,48.892358,18.039372,Gastro a stravovacie zariadenia,Zariadenie sociálnych služieb,nemocnicny_kuchynsky_odpad,Kuchynský odpad zo zdravotníckych a sociálnych zariadení,20 01 08,odpad,celorocne,D
00351741,Centrum sociálnych služieb - DEMY,Trenčín,Trenčín,Trenčiansky,48.892358,18.039372,Gastro a stravovacie zariadenia,Zariadenie sociálnych služieb,zvysky_z_taniera,Zvyšky z taniera,20 01 08,odpad,celorocne,D
00351741,Centrum sociálnych služieb - DEMY,Trenčín,Trenčín,Trenčiansky,48.892358,18.039372,Gastro a stravovacie zariadenia,Zariadenie sociálnych služieb,bro_zahrady,Biologicky rozložiteľný odpad zo záhrad,20 02 01,odpad,sezonne_leto,D
00351750,"„BORINKA - ALZHEIMERCENTRUM"", Zariadenie sociálnych služieb Nitra",Nitra,Nitra,Nitriansky,48.31257,18.09061,Gastro a stravovacie zariadenia,Zariadenie sociálnych služieb,nemocnicny_kuchynsky_odpad,Kuchynský odpad zo zdravotníckych a sociálnych zariadení,20 01 08,odpad,celorocne,D
00351750,"„BORINKA - ALZHEIMERCENTRUM"", Zariadenie sociálnych služieb Nitra",Nitra,Nitra,Nitriansky,48.31257,18.09061,Gastro a stravovacie zariadenia,Zariadenie sociálnych služieb,zvysky_z_taniera,Zvyšky z taniera,20 01 08,odpad,celorocne,D
00351750,"„BORINKA - ALZHEIMERCENTRUM"", Zariadenie sociálnych služieb Nitra",Nitra,Nitra,Nitriansky,48.31257,18.09061,Gastro a stravovacie zariadenia,Zariadenie sociálnych služieb,bro_zahrady,Biologicky rozložiteľný odpad zo záhrad,20 02 01,odpad,sezonne_leto,D
00351768,"„NITRAVA"", Zariadenie sociálnych služieb Nitra",Nitra,Nitra,Nitriansky,48.31257,18.09061,Gastro a stravovacie zariadenia,Zariadenie sociálnych služieb,nemocnicny_kuchynsky_odpad,Kuchynský odpad zo zdravotníckych a sociálnych zariadení,20 01 08,odpad,celorocne,D
00351768,"„NITRAVA"", Zariadenie sociálnych služieb Nitra",Nitra,Nitra,Nitriansky,48.31257,18.09061,Gastro a stravovacie zariadenia,Zariadenie sociálnych služieb,zvysky_z_taniera,Zvyšky z taniera,20 01 08,odpad,celorocne,D
00351768,"„NITRAVA"", Zariadenie sociálnych služieb Nitra",Nitra,Nitra,Nitriansky,48.31257,18.09061,Gastro a stravovacie zariadenia,Zariadenie sociálnych služieb,bro_zahrady,Biologicky rozložiteľný odpad zo záhrad,20 02 01,odpad,sezonne_leto,D
00351784,"„SVETLO"", Zariadenie sociálnych služieb Olichov",Volkovce,Zlaté Moravce,Nitriansky,48.333333,18.466667,Gastro a stravovacie zariadenia,Zariadenie sociálnych služieb,nemocnicny_kuchynsky_odpad,Kuchynský odpad zo zdravotníckych a sociálnych zariadení,20 01 08,odpad,celorocne,D
00351784,"„SVETLO"", Zariadenie sociálnych služieb Olichov",Volkovce,Zlaté Moravce,Nitriansky,48.333333,18.466667,Gastro a stravovacie zariadenia,Zariadenie sociálnych služieb,zvysky_z_taniera,Zvyšky z taniera,20 01 08,odpad,celorocne,D
00351784,"„SVETLO"", Zariadenie sociálnych služieb Olichov",Volkovce,Zlaté Moravce,Nitriansky,48.333333,18.466667,Gastro a stravovacie zariadenia,Zariadenie sociálnych služieb,bro_zahrady,Biologicky rozložiteľný odpad zo záhrad,20 02 01,odpad,sezonne_leto,D
00351997,Stredná odborná škola podnikania v remeslách a službách,Senica,Senica,Trnavský,48.679121,17.364383,Gastro a stravovacie zariadenia,Stredná škola,skolsky_kuchynsky_odpad,Kuchynský odpad zo školských jedální,20 01 08,odpad,celorocne,D
00351997,Stredná odborná škola podnikania v remeslách a službách,Senica,Senica,Trnavský,48.679121,17.364383,Gastro a stravovacie zariadenia,Stredná škola,zvysky_z_taniera,Zvyšky z taniera,20 01 08,odpad,celorocne,D
00351997,Stredná odborná škola podnikania v remeslách a službách,Senica,Senica,Trnavský,48.679121,17.364383,Gastro a stravovacie zariadenia,Stredná škola,gastro_fritovaci_olej,Použitý fritovací olej z gastroprevádzok,20 01 25,odpad,celorocne,D
00351997,Stredná odborná škola podnikania v remeslách a službách,Senica,Senica,Trnavský,48.679121,17.364383,Gastro a stravovacie zariadenia,Stredná škola,bro_zahrady,Biologicky rozložiteľný odpad zo záhrad,20 02 01,odpad,sezonne_leto,D
00352314,"„MAGNÓLIA"", Zariadenie sociálnych služieb Hurbanovo",Hurbanovo,Komárno,Nitriansky,47.869084,18.189095,Gastro a stravovacie zariadenia,Zariadenie sociálnych služieb,nemocnicny_kuchynsky_odpad,Kuchynský odpad zo zdravotníckych a sociálnych zariadení,20 01 08,odpad,celorocne,D
00352314,"„MAGNÓLIA"", Zariadenie sociálnych služieb Hurbanovo",Hurbanovo,Komárno,Nitriansky,47.869084,18.189095,Gastro a stravovacie zariadenia,Zariadenie sociálnych služieb,zvysky_z_taniera,Zvyšky z taniera,20 01 08,odpad,celorocne,D
00352314,"„MAGNÓLIA"", Zariadenie sociálnych služieb Hurbanovo",Hurbanovo,Komárno,Nitriansky,47.869084,18.189095,Gastro a stravovacie zariadenia,Zariadenie sociálnych služieb,bro_zahrady,Biologicky rozložiteľný odpad zo záhrad,20 02 01,odpad,sezonne_leto,D
00352489,Zariadenie pre seniorov Komárno,Komárno,Komárno,Nitriansky,47.757388,18.129917,Gastro a stravovacie zariadenia,Zariadenie sociálnych služieb,nemocnicny_kuchynsky_odpad,Kuchynský odpad zo zdravotníckych a sociálnych zariadení,20 01 08,odpad,celorocne,D
00352489,Zariadenie pre seniorov Komárno,Komárno,Komárno,Nitriansky,47.757388,18.129917,Gastro a stravovacie zariadenia,Zariadenie sociálnych služieb,zvysky_z_taniera,Zvyšky z taniera,20 01 08,odpad,celorocne,D
00352489,Zariadenie pre seniorov Komárno,Komárno,Komárno,Nitriansky,47.757388,18.129917,Gastro a stravovacie zariadenia,Zariadenie sociálnych služieb,bro_zahrady,Biologicky rozložiteľný odpad zo záhrad,20 02 01,odpad,sezonne_leto,D
00356786,"„PENZIÓN"", Zariadenie sociálnych služieb Topoľčany",Topoľčany,Topoľčany,Nitriansky,48.559116,18.176052,Gastro a stravovacie zariadenia,Zariadenie sociálnych služieb,nemocnicny_kuchynsky_odpad,Kuchynský odpad zo zdravotníckych a sociálnych zariadení,20 01 08,odpad,celorocne,D
00356786,"„PENZIÓN"", Zariadenie sociálnych služieb Topoľčany",Topoľčany,Topoľčany,Nitriansky,48.559116,18.176052,Gastro a stravovacie zariadenia,Zariadenie sociálnych služieb,zvysky_z_taniera,Zvyšky z taniera,20 01 08,odpad,celorocne,D
00356786,"„PENZIÓN"", Zariadenie sociálnych služieb Topoľčany",Topoľčany,Topoľčany,Nitriansky,48.559116,18.176052,Gastro a stravovacie zariadenia,Zariadenie sociálnych služieb,bro_zahrady,Biologicky rozložiteľný odpad zo záhrad,20 02 01,odpad,sezonne_leto,D
00356883,Centrum sociálnych služieb - Partizánske,Partizánske,Partizánske,Trenčiansky,48.627231,18.365466,Gastro a stravovacie zariadenia,Zariadenie sociálnych služieb,nemocnicny_kuchynsky_odpad,Kuchynský odpad zo zdravotníckych a sociálnych zariadení,20 01 08,odpad,celorocne,D
00356883,Centrum sociálnych služieb - Partizánske,Partizánske,Partizánske,Trenčiansky,48.627231,18.365466,Gastro a stravovacie zariadenia,Zariadenie sociálnych služieb,zvysky_z_taniera,Zvyšky z taniera,20 01 08,odpad,celorocne,D
00356883,Centrum sociálnych služieb - Partizánske,Partizánske,Partizánske,Trenčiansky,48.627231,18.365466,Gastro a stravovacie zariadenia,Zariadenie sociálnych služieb,bro_zahrady,Biologicky rozložiteľný odpad zo záhrad,20 02 01,odpad,sezonne_leto,D
00356891,"„CLEMENTIA"", Zariadenie sociálnych služieb Kovarce",Kovarce,Topoľčany,Nitriansky,48.496327,18.158903,Gastro a stravovacie zariadenia,Zariadenie sociálnych služieb,nemocnicny_kuchynsky_odpad,Kuchynský odpad zo zdravotníckych a sociálnych zariadení,20 01 08,odpad,celorocne,D
00356891,"„CLEMENTIA"", Zariadenie sociálnych služieb Kovarce",Kovarce,Topoľčany,Nitriansky,48.496327,18.158903,Gastro a stravovacie zariadenia,Zariadenie sociálnych služieb,zvysky_z_taniera,Zvyšky z taniera,20 01 08,odpad,celorocne,D
00356891,"„CLEMENTIA"", Zariadenie sociálnych služieb Kovarce",Kovarce,Topoľčany,Nitriansky,48.496327,18.158903,Gastro a stravovacie zariadenia,Zariadenie sociálnych služieb,bro_zahrady,Biologicky rozložiteľný odpad zo záhrad,20 02 01,odpad,sezonne_leto,D
00357995,"„V KAŠTIELI"", Zariadenie sociálnych služieb Horné Obdokovce",Horné Obdokovce,Topoľčany,Nitriansky,48.493402,18.045731,Gastro a stravovacie zariadenia,Zariadenie sociálnych služieb,nemocnicny_kuchynsky_odpad,Kuchynský odpad zo zdravotníckych a sociálnych zariadení,20 01 08,odpad,celorocne,D
00357995,"„V KAŠTIELI"", Zariadenie sociálnych služieb Horné Obdokovce",Horné Obdokovce,Topoľčany,Nitriansky,48.493402,18.045731,Gastro a stravovacie zariadenia,Zariadenie sociálnych služieb,zvysky_z_taniera,Zvyšky z taniera,20 01 08,odpad,celorocne,D
00357995,"„V KAŠTIELI"", Zariadenie sociálnych služieb Horné Obdokovce",Horné Obdokovce,Topoľčany,Nitriansky,48.493402,18.045731,Gastro a stravovacie zariadenia,Zariadenie sociálnych služieb,bro_zahrady,Biologicky rozložiteľný odpad zo záhrad,20 02 01,odpad,sezonne_leto,D
00363146,Poľnohospodárske družstvo Veľké Kosihy,Veľké Kosihy,Komárno,Nitriansky,47.766667,17.883333,Poľnohospodárstvo a chov,Poľnohospodárske družstvo,slama_obilna,Obilná slama,02 01 03,vedlajsi_produkt,sezonne_leto,D
00363146,Poľnohospodárske družstvo Veľké Kosihy,Veľké Kosihy,Komárno,Nitriansky,47.766667,17.883333,Poľnohospodárstvo a chov,Poľnohospodárske družstvo,kukuricne_korovie,Kukuričné kôrovie a stonky,02 01 03,vedlajsi_produkt,sezonne_jesen,D
00363146,Poľnohospodárske družstvo Veľké Kosihy,Veľké Kosihy,Komárno,Nitriansky,47.766667,17.883333,Poľnohospodárstvo a chov,Poľnohospodárske družstvo,repkova_slama,Repková slama,02 01 03,vedlajsi_produkt,sezonne_leto,D
00363146,Poľnohospodárske družstvo Veľké Kosihy,Veľké Kosihy,Komárno,Nitriansky,47.766667,17.883333,Poľnohospodárstvo a chov,Poľnohospodárske družstvo,travna_hmota_ttp,Trávna hmota z lúk a TTP,02 01 03,vedlajsi_produkt,sezonne_leto,D
00363146,Poľnohospodárske družstvo Veľké Kosihy,Veľké Kosihy,Komárno,Nitriansky,47.766667,17.883333,Poľnohospodárstvo a chov,Poľnohospodárske družstvo,hnoj_hovadzi,Maštaľný hnoj hovädzí,02 01 06,odpad,celorocne,D
00363146,Poľnohospodárske družstvo Veľké Kosihy,Veľké Kosihy,Komárno,Nitriansky,47.766667,17.883333,Poľnohospodárstvo a chov,Poľnohospodárske družstvo,hnojovica_osipane,Hnojovica ošípaných,02 01 06,odpad,celorocne,D
00363146,Poľnohospodárske družstvo Veľké Kosihy,Veľké Kosihy,Komárno,Nitriansky,47.766667,17.883333,Poľnohospodárstvo a chov,Poľnohospodárske družstvo,odpad_cistenie_zrna,Odpad z čistenia a sušenia obilia,02 01 03,vedlajsi_produkt,sezonne_leto,D
00363146,Poľnohospodárske družstvo Veľké Kosihy,Veľké Kosihy,Komárno,Nitriansky,47.766667,17.883333,Poľnohospodárstvo a chov,Poľnohospodárske družstvo,slnecnicove_stonky,Slnečnicové stonky a úbory,02 01 03,odpad,sezonne_jesen,D
00363243,Poľnohospodárske družstvo Trávnik,Trávnik,Komárno,Nitriansky,47.773817,17.788543,Poľnohospodárstvo a chov,Poľnohospodárske družstvo,slama_obilna,Obilná slama,02 01 03,vedlajsi_produkt,sezonne_leto,D
00363243,Poľnohospodárske družstvo Trávnik,Trávnik,Komárno,Nitriansky,47.773817,17.788543,Poľnohospodárstvo a chov,Poľnohospodárske družstvo,kukuricne_korovie,Kukuričné kôrovie a stonky,02 01 03,vedlajsi_produkt,sezonne_jesen,D
00363243,Poľnohospodárske družstvo Trávnik,Trávnik,Komárno,Nitriansky,47.773817,17.788543,Poľnohospodárstvo a chov,Poľnohospodárske družstvo,repkova_slama,Repková slama,02 01 03,vedlajsi_produkt,sezonne_leto,D
00363243,Poľnohospodárske družstvo Trávnik,Trávnik,Komárno,Nitriansky,47.773817,17.788543,Poľnohospodárstvo a chov,Poľnohospodárske družstvo,travna_hmota_ttp,Trávna hmota z lúk a TTP,02 01 03,vedlajsi_produkt,sezonne_leto,D
00363243,Poľnohospodárske družstvo Trávnik,Trávnik,Komárno,Nitriansky,47.773817,17.788543,Poľnohospodárstvo a chov,Poľnohospodárske družstvo,hnoj_hovadzi,Maštaľný hnoj hovädzí,02 01 06,odpad,celorocne,D
00363243,Poľnohospodárske družstvo Trávnik,Trávnik,Komárno,Nitriansky,47.773817,17.788543,Poľnohospodárstvo a chov,Poľnohospodárske družstvo,hnojovica_osipane,Hnojovica ošípaných,02 01 06,odpad,celorocne,D
00363243,Poľnohospodárske družstvo Trávnik,Trávnik,Komárno,Nitriansky,47.773817,17.788543,Poľnohospodárstvo a chov,Poľnohospodárske družstvo,odpad_cistenie_zrna,Odpad z čistenia a sušenia obilia,02 01 03,vedlajsi_produkt,sezonne_leto,D
00363243,Poľnohospodárske družstvo Trávnik,Trávnik,Komárno,Nitriansky,47.773817,17.788543,Poľnohospodárstvo a chov,Poľnohospodárske družstvo,slnecnicove_stonky,Slnečnicové stonky a úbory,02 01 03,odpad,sezonne_jesen,D
00364193,Domov sociálnych služieb a zariadenie pre seniorov Kaštieľ,Stupava,Malacky,Bratislavský,48.273132,17.032746,Gastro a stravovacie zariadenia,Zariadenie sociálnych služieb,nemocnicny_kuchynsky_odpad,Kuchynský odpad zo zdravotníckych a sociálnych zariadení,20 01 08,odpad,celorocne,D
00364193,Domov sociálnych služieb a zariadenie pre seniorov Kaštieľ,Stupava,Malacky,Bratislavský,48.273132,17.032746,Gastro a stravovacie zariadenia,Zariadenie sociálnych služieb,zvysky_z_taniera,Zvyšky z taniera,20 01 08,odpad,celorocne,D
00364193,Domov sociálnych služieb a zariadenie pre seniorov Kaštieľ,Stupava,Malacky,Bratislavský,48.273132,17.032746,Gastro a stravovacie zariadenia,Zariadenie sociálnych služieb,bro_zahrady,Biologicky rozložiteľný odpad zo záhrad,20 02 01,odpad,sezonne_leto,D
00399388,"Stredná odborná škola techniky a služieb, Šahy",Šahy,Levice,Nitriansky,48.172145,18.713842,Gastro a stravovacie zariadenia,Stredná škola,skolsky_kuchynsky_odpad,Kuchynský odpad zo školských jedální,20 01 08,odpad,celorocne,D
00399388,"Stredná odborná škola techniky a služieb, Šahy",Šahy,Levice,Nitriansky,48.172145,18.713842,Gastro a stravovacie zariadenia,Stredná škola,zvysky_z_taniera,Zvyšky z taniera,20 01 08,odpad,celorocne,D
00399388,"Stredná odborná škola techniky a služieb, Šahy",Šahy,Levice,Nitriansky,48.172145,18.713842,Gastro a stravovacie zariadenia,Stredná škola,gastro_fritovaci_olej,Použitý fritovací olej z gastroprevádzok,20 01 25,odpad,celorocne,D
00399388,"Stredná odborná škola techniky a služieb, Šahy",Šahy,Levice,Nitriansky,48.172145,18.713842,Gastro a stravovacie zariadenia,Stredná škola,bro_zahrady,Biologicky rozložiteľný odpad zo záhrad,20 02 01,odpad,sezonne_leto,D
00399850,Gymnázium Juraja Fándlyho,Šaľa,Šaľa,Nitriansky,48.150995,17.876502,Gastro a stravovacie zariadenia,Stredná škola,skolsky_kuchynsky_odpad,Kuchynský odpad zo školských jedální,20 01 08,odpad,celorocne,D
00399850,Gymnázium Juraja Fándlyho,Šaľa,Šaľa,Nitriansky,48.150995,17.876502,Gastro a stravovacie zariadenia,Stredná škola,zvysky_z_taniera,Zvyšky z taniera,20 01 08,odpad,celorocne,D
00399850,Gymnázium Juraja Fándlyho,Šaľa,Šaľa,Nitriansky,48.150995,17.876502,Gastro a stravovacie zariadenia,Stredná škola,gastro_fritovaci_olej,Použitý fritovací olej z gastroprevádzok,20 01 25,odpad,celorocne,D
00399850,Gymnázium Juraja Fándlyho,Šaľa,Šaľa,Nitriansky,48.150995,17.876502,Gastro a stravovacie zariadenia,Stredná škola,bro_zahrady,Biologicky rozložiteľný odpad zo záhrad,20 02 01,odpad,sezonne_leto,D
00494160,"„DUNAJ"", Zariadenie sociálnych služieb Kováčov",Kamenica nad Hronom,Nové Zámky,Nitriansky,47.831308,18.725503,Gastro a stravovacie zariadenia,Zariadenie sociálnych služieb,nemocnicny_kuchynsky_odpad,Kuchynský odpad zo zdravotníckych a sociálnych zariadení,20 01 08,odpad,celorocne,D
00494160,"„DUNAJ"", Zariadenie sociálnych služieb Kováčov",Kamenica nad Hronom,Nové Zámky,Nitriansky,47.831308,18.725503,Gastro a stravovacie zariadenia,Zariadenie sociálnych služieb,zvysky_z_taniera,Zvyšky z taniera,20 01 08,odpad,celorocne,D
00494160,"„DUNAJ"", Zariadenie sociálnych služieb Kováčov",Kamenica nad Hronom,Nové Zámky,Nitriansky,47.831308,18.725503,Gastro a stravovacie zariadenia,Zariadenie sociálnych služieb,bro_zahrady,Biologicky rozložiteľný odpad zo záhrad,20 02 01,odpad,sezonne_leto,D
00587052,"„LIPKA"", Zariadenie sociálnych služieb Lipová",Lipová,Bardejov,Prešovský,49.248768,21.479465,Gastro a stravovacie zariadenia,Zariadenie sociálnych služieb,nemocnicny_kuchynsky_odpad,Kuchynský odpad zo zdravotníckych a sociálnych zariadení,20 01 08,odpad,celorocne,D
00587052,"„LIPKA"", Zariadenie sociálnych služieb Lipová",Lipová,Bardejov,Prešovský,49.248768,21.479465,Gastro a stravovacie zariadenia,Zariadenie sociálnych služieb,zvysky_z_taniera,Zvyšky z taniera,20 01 08,odpad,celorocne,D
00587052,"„LIPKA"", Zariadenie sociálnych služieb Lipová",Lipová,Bardejov,Prešovský,49.248768,21.479465,Gastro a stravovacie zariadenia,Zariadenie sociálnych služieb,bro_zahrady,Biologicky rozložiteľný odpad zo záhrad,20 02 01,odpad,sezonne_leto,D
00587184,Poľnohospodárske družstvo Strekov,Strekov,Nové Zámky,Nitriansky,47.9,18.416667,Poľnohospodárstvo a chov,Poľnohospodárske družstvo,slama_obilna,Obilná slama,02 01 03,vedlajsi_produkt,sezonne_leto,D
00587184,Poľnohospodárske družstvo Strekov,Strekov,Nové Zámky,Nitriansky,47.9,18.416667,Poľnohospodárstvo a chov,Poľnohospodárske družstvo,kukuricne_korovie,Kukuričné kôrovie a stonky,02 01 03,vedlajsi_produkt,sezonne_jesen,D
00587184,Poľnohospodárske družstvo Strekov,Strekov,Nové Zámky,Nitriansky,47.9,18.416667,Poľnohospodárstvo a chov,Poľnohospodárske družstvo,repkova_slama,Repková slama,02 01 03,vedlajsi_produkt,sezonne_leto,D
00587184,Poľnohospodárske družstvo Strekov,Strekov,Nové Zámky,Nitriansky,47.9,18.416667,Poľnohospodárstvo a chov,Poľnohospodárske družstvo,travna_hmota_ttp,Trávna hmota z lúk a TTP,02 01 03,vedlajsi_produkt,sezonne_leto,D
00587184,Poľnohospodárske družstvo Strekov,Strekov,Nové Zámky,Nitriansky,47.9,18.416667,Poľnohospodárstvo a chov,Poľnohospodárske družstvo,hnoj_hovadzi,Maštaľný hnoj hovädzí,02 01 06,odpad,celorocne,D
00587184,Poľnohospodárske družstvo Strekov,Strekov,Nové Zámky,Nitriansky,47.9,18.416667,Poľnohospodárstvo a chov,Poľnohospodárske družstvo,hnojovica_osipane,Hnojovica ošípaných,02 01 06,odpad,celorocne,D
00587184,Poľnohospodárske družstvo Strekov,Strekov,Nové Zámky,Nitriansky,47.9,18.416667,Poľnohospodárstvo a chov,Poľnohospodárske družstvo,odpad_cistenie_zrna,Odpad z čistenia a sušenia obilia,02 01 03,vedlajsi_produkt,sezonne_leto,D
00587184,Poľnohospodárske družstvo Strekov,Strekov,Nové Zámky,Nitriansky,47.9,18.416667,Poľnohospodárstvo a chov,Poľnohospodárske družstvo,slnecnicove_stonky,Slnečnicové stonky a úbory,02 01 03,odpad,sezonne_jesen,D
00587222,Poľnohospodárske družstvo Podhájska-Radava,Podhájska,Nové Zámky,Nitriansky,48.10382,18.339624,Poľnohospodárstvo a chov,Poľnohospodárske družstvo,slama_obilna,Obilná slama,02 01 03,vedlajsi_produkt,sezonne_leto,D
00587222,Poľnohospodárske družstvo Podhájska-Radava,Podhájska,Nové Zámky,Nitriansky,48.10382,18.339624,Poľnohospodárstvo a chov,Poľnohospodárske družstvo,kukuricne_korovie,Kukuričné kôrovie a stonky,02 01 03,vedlajsi_produkt,sezonne_jesen,D
00587222,Poľnohospodárske družstvo Podhájska-Radava,Podhájska,Nové Zámky,Nitriansky,48.10382,18.339624,Poľnohospodárstvo a chov,Poľnohospodárske družstvo,repkova_slama,Repková slama,02 01 03,vedlajsi_produkt,sezonne_leto,D
00587222,Poľnohospodárske družstvo Podhájska-Radava,Podhájska,Nové Zámky,Nitriansky,48.10382,18.339624,Poľnohospodárstvo a chov,Poľnohospodárske družstvo,travna_hmota_ttp,Trávna hmota z lúk a TTP,02 01 03,vedlajsi_produkt,sezonne_leto,D
00587222,Poľnohospodárske družstvo Podhájska-Radava,Podhájska,Nové Zámky,Nitriansky,48.10382,18.339624,Poľnohospodárstvo a chov,Poľnohospodárske družstvo,hnoj_hovadzi,Maštaľný hnoj hovädzí,02 01 06,odpad,celorocne,D
00587222,Poľnohospodárske družstvo Podhájska-Radava,Podhájska,Nové Zámky,Nitriansky,48.10382,18.339624,Poľnohospodárstvo a chov,Poľnohospodárske družstvo,hnojovica_osipane,Hnojovica ošípaných,02 01 06,odpad,celorocne,D
00587222,Poľnohospodárske družstvo Podhájska-Radava,Podhájska,Nové Zámky,Nitriansky,48.10382,18.339624,Poľnohospodárstvo a chov,Poľnohospodárske družstvo,odpad_cistenie_zrna,Odpad z čistenia a sušenia obilia,02 01 03,vedlajsi_produkt,sezonne_leto,D
00587222,Poľnohospodárske družstvo Podhájska-Radava,Podhájska,Nové Zámky,Nitriansky,48.10382,18.339624,Poľnohospodárstvo a chov,Poľnohospodárske družstvo,slnecnicove_stonky,Slnečnicové stonky a úbory,02 01 03,odpad,sezonne_jesen,D
00589144,"Poľnohospodárske družstvo podielnikov ""SINCE""",Sikenička,Nové Zámky,Nitriansky,47.933333,18.683333,Poľnohospodárstvo a chov,Poľnohospodárske družstvo,slama_obilna,Obilná slama,02 01 03,vedlajsi_produkt,sezonne_leto,D
00589144,"Poľnohospodárske družstvo podielnikov ""SINCE""",Sikenička,Nové Zámky,Nitriansky,47.933333,18.683333,Poľnohospodárstvo a chov,Poľnohospodárske družstvo,kukuricne_korovie,Kukuričné kôrovie a stonky,02 01 03,vedlajsi_produkt,sezonne_jesen,D
00589144,"Poľnohospodárske družstvo podielnikov ""SINCE""",Sikenička,Nové Zámky,Nitriansky,47.933333,18.683333,Poľnohospodárstvo a chov,Poľnohospodárske družstvo,repkova_slama,Repková slama,02 01 03,vedlajsi_produkt,sezonne_leto,D
00589144,"Poľnohospodárske družstvo podielnikov ""SINCE""",Sikenička,Nové Zámky,Nitriansky,47.933333,18.683333,Poľnohospodárstvo a chov,Poľnohospodárske družstvo,travna_hmota_ttp,Trávna hmota z lúk a TTP,02 01 03,vedlajsi_produkt,sezonne_leto,D
00589144,"Poľnohospodárske družstvo podielnikov ""SINCE""",Sikenička,Nové Zámky,Nitriansky,47.933333,18.683333,Poľnohospodárstvo a chov,Poľnohospodárske družstvo,hnoj_hovadzi,Maštaľný hnoj hovädzí,02 01 06,odpad,celorocne,D
00589144,"Poľnohospodárske družstvo podielnikov ""SINCE""",Sikenička,Nové Zámky,Nitriansky,47.933333,18.683333,Poľnohospodárstvo a chov,Poľnohospodárske družstvo,hnojovica_osipane,Hnojovica ošípaných,02 01 06,odpad,celorocne,D
00589144,"Poľnohospodárske družstvo podielnikov ""SINCE""",Sikenička,Nové Zámky,Nitriansky,47.933333,18.683333,Poľnohospodárstvo a chov,Poľnohospodárske družstvo,odpad_cistenie_zrna,Odpad z čistenia a sušenia obilia,02 01 03,vedlajsi_produkt,sezonne_leto,D
00589144,"Poľnohospodárske družstvo podielnikov ""SINCE""",Sikenička,Nové Zámky,Nitriansky,47.933333,18.683333,Poľnohospodárstvo a chov,Poľnohospodárske družstvo,slnecnicove_stonky,Slnečnicové stonky a úbory,02 01 03,odpad,sezonne_jesen,D
00589403,Poľnohospodárske družstvo FLÓRA,Trenčianska Teplá,Trenčín,Trenčiansky,48.93373,18.120323,Poľnohospodárstvo a chov,Poľnohospodárske družstvo,slama_obilna,Obilná slama,02 01 03,vedlajsi_produkt,sezonne_leto,D
00589403,Poľnohospodárske družstvo FLÓRA,Trenčianska Teplá,Trenčín,Trenčiansky,48.93373,18.120323,Poľnohospodárstvo a chov,Poľnohospodárske družstvo,kukuricne_korovie,Kukuričné kôrovie a stonky,02 01 03,vedlajsi_produkt,sezonne_jesen,D
00589403,Poľnohospodárske družstvo FLÓRA,Trenčianska Teplá,Trenčín,Trenčiansky,48.93373,18.120323,Poľnohospodárstvo a chov,Poľnohospodárske družstvo,repkova_slama,Repková slama,02 01 03,vedlajsi_produkt,sezonne_leto,D
00589403,Poľnohospodárske družstvo FLÓRA,Trenčianska Teplá,Trenčín,Trenčiansky,48.93373,18.120323,Poľnohospodárstvo a chov,Poľnohospodárske družstvo,travna_hmota_ttp,Trávna hmota z lúk a TTP,02 01 03,vedlajsi_produkt,sezonne_leto,D
00589403,Poľnohospodárske družstvo FLÓRA,Trenčianska Teplá,Trenčín,Trenčiansky,48.93373,18.120323,Poľnohospodárstvo a chov,Poľnohospodárske družstvo,hnoj_hovadzi,Maštaľný hnoj hovädzí,02 01 06,odpad,celorocne,D
00589403,Poľnohospodárske družstvo FLÓRA,Trenčianska Teplá,Trenčín,Trenčiansky,48.93373,18.120323,Poľnohospodárstvo a chov,Poľnohospodárske družstvo,hnojovica_osipane,Hnojovica ošípaných,02 01 06,odpad,celorocne,D
00589403,Poľnohospodárske družstvo FLÓRA,Trenčianska Teplá,Trenčín,Trenčiansky,48.93373,18.120323,Poľnohospodárstvo a chov,Poľnohospodárske družstvo,odpad_cistenie_zrna,Odpad z čistenia a sušenia obilia,02 01 03,vedlajsi_produkt,sezonne_leto,D
00589403,Poľnohospodárske družstvo FLÓRA,Trenčianska Teplá,Trenčín,Trenčiansky,48.93373,18.120323,Poľnohospodárstvo a chov,Poľnohospodárske družstvo,slnecnicove_stonky,Slnečnicové stonky a úbory,02 01 03,odpad,sezonne_jesen,D
00589942,Poľnohospodárske družstvo Jarok,Jarok,Nitra,Nitriansky,48.27723,17.964227,Poľnohospodárstvo a chov,Poľnohospodárske družstvo,slama_obilna,Obilná slama,02 01 03,vedlajsi_produkt,sezonne_leto,D
00589942,Poľnohospodárske družstvo Jarok,Jarok,Nitra,Nitriansky,48.27723,17.964227,Poľnohospodárstvo a chov,Poľnohospodárske družstvo,kukuricne_korovie,Kukuričné kôrovie a stonky,02 01 03,vedlajsi_produkt,sezonne_jesen,D
00589942,Poľnohospodárske družstvo Jarok,Jarok,Nitra,Nitriansky,48.27723,17.964227,Poľnohospodárstvo a chov,Poľnohospodárske družstvo,repkova_slama,Repková slama,02 01 03,vedlajsi_produkt,sezonne_leto,D
00589942,Poľnohospodárske družstvo Jarok,Jarok,Nitra,Nitriansky,48.27723,17.964227,Poľnohospodárstvo a chov,Poľnohospodárske družstvo,travna_hmota_ttp,Trávna hmota z lúk a TTP,02 01 03,vedlajsi_produkt,sezonne_leto,D
00589942,Poľnohospodárske družstvo Jarok,Jarok,Nitra,Nitriansky,48.27723,17.964227,Poľnohospodárstvo a chov,Poľnohospodárske družstvo,hnoj_hovadzi,Maštaľný hnoj hovädzí,02 01 06,odpad,celorocne,D
00589942,Poľnohospodárske družstvo Jarok,Jarok,Nitra,Nitriansky,48.27723,17.964227,Poľnohospodárstvo a chov,Poľnohospodárske družstvo,hnojovica_osipane,Hnojovica ošípaných,02 01 06,odpad,celorocne,D
00589942,Poľnohospodárske družstvo Jarok,Jarok,Nitra,Nitriansky,48.27723,17.964227,Poľnohospodárstvo a chov,Poľnohospodárske družstvo,odpad_cistenie_zrna,Odpad z čistenia a sušenia obilia,02 01 03,vedlajsi_produkt,sezonne_leto,D
00589942,Poľnohospodárske družstvo Jarok,Jarok,Nitra,Nitriansky,48.27723,17.964227,Poľnohospodárstvo a chov,Poľnohospodárske družstvo,slnecnicove_stonky,Slnečnicové stonky a úbory,02 01 03,odpad,sezonne_jesen,D
00590100,Poľnohospodárske družstvo Skalka nad Váhom,Skalka nad Váhom,Trenčín,Trenčiansky,48.928,18.072,Poľnohospodárstvo a chov,Poľnohospodárske družstvo,slama_obilna,Obilná slama,02 01 03,vedlajsi_produkt,sezonne_leto,D
00590100,Poľnohospodárske družstvo Skalka nad Váhom,Skalka nad Váhom,Trenčín,Trenčiansky,48.928,18.072,Poľnohospodárstvo a chov,Poľnohospodárske družstvo,kukuricne_korovie,Kukuričné kôrovie a stonky,02 01 03,vedlajsi_produkt,sezonne_jesen,D
00590100,Poľnohospodárske družstvo Skalka nad Váhom,Skalka nad Váhom,Trenčín,Trenčiansky,48.928,18.072,Poľnohospodárstvo a chov,Poľnohospodárske družstvo,repkova_slama,Repková slama,02 01 03,vedlajsi_produkt,sezonne_leto,D
00590100,Poľnohospodárske družstvo Skalka nad Váhom,Skalka nad Váhom,Trenčín,Trenčiansky,48.928,18.072,Poľnohospodárstvo a chov,Poľnohospodárske družstvo,travna_hmota_ttp,Trávna hmota z lúk a TTP,02 01 03,vedlajsi_produkt,sezonne_leto,D
00590100,Poľnohospodárske družstvo Skalka nad Váhom,Skalka nad Váhom,Trenčín,Trenčiansky,48.928,18.072,Poľnohospodárstvo a chov,Poľnohospodárske družstvo,hnoj_hovadzi,Maštaľný hnoj hovädzí,02 01 06,odpad,celorocne,D
00590100,Poľnohospodárske družstvo Skalka nad Váhom,Skalka nad Váhom,Trenčín,Trenčiansky,48.928,18.072,Poľnohospodárstvo a chov,Poľnohospodárske družstvo,hnojovica_osipane,Hnojovica ošípaných,02 01 06,odpad,celorocne,D
00590100,Poľnohospodárske družstvo Skalka nad Váhom,Skalka nad Váhom,Trenčín,Trenčiansky,48.928,18.072,Poľnohospodárstvo a chov,Poľnohospodárske družstvo,odpad_cistenie_zrna,Odpad z čistenia a sušenia obilia,02 01 03,vedlajsi_produkt,sezonne_leto,D
00590100,Poľnohospodárske družstvo Skalka nad Váhom,Skalka nad Váhom,Trenčín,Trenčiansky,48.928,18.072,Poľnohospodárstvo a chov,Poľnohospodárske družstvo,slnecnicove_stonky,Slnečnicové stonky a úbory,02 01 03,odpad,sezonne_jesen,D
00596175,Domov sociálnych služieb-Adamovské Kochanovce,Adamovské Kochanovce,Trenčín,Trenčiansky,48.853,17.925,Gastro a stravovacie zariadenia,Zariadenie sociálnych služieb,nemocnicny_kuchynsky_odpad,Kuchynský odpad zo zdravotníckych a sociálnych zariadení,20 01 08,odpad,celorocne,D
00596175,Domov sociálnych služieb-Adamovské Kochanovce,Adamovské Kochanovce,Trenčín,Trenčiansky,48.853,17.925,Gastro a stravovacie zariadenia,Zariadenie sociálnych služieb,zvysky_z_taniera,Zvyšky z taniera,20 01 08,odpad,celorocne,D
00596175,Domov sociálnych služieb-Adamovské Kochanovce,Adamovské Kochanovce,Trenčín,Trenčiansky,48.853,17.925,Gastro a stravovacie zariadenia,Zariadenie sociálnych služieb,bro_zahrady,Biologicky rozložiteľný odpad zo záhrad,20 02 01,odpad,sezonne_leto,D
00596221,"„KAMILKA"", Zariadenie sociálnych služieb Maňa",Maňa,Nové Zámky,Nitriansky,48.15367,18.285713,Gastro a stravovacie zariadenia,Zariadenie sociálnych služieb,nemocnicny_kuchynsky_odpad,Kuchynský odpad zo zdravotníckych a sociálnych zariadení,20 01 08,odpad,celorocne,D
00596221,"„KAMILKA"", Zariadenie sociálnych služieb Maňa",Maňa,Nové Zámky,Nitriansky,48.15367,18.285713,Gastro a stravovacie zariadenia,Zariadenie sociálnych služieb,zvysky_z_taniera,Zvyšky z taniera,20 01 08,odpad,celorocne,D
00596221,"„KAMILKA"", Zariadenie sociálnych služieb Maňa",Maňa,Nové Zámky,Nitriansky,48.15367,18.285713,Gastro a stravovacie zariadenia,Zariadenie sociálnych služieb,bro_zahrady,Biologicky rozložiteľný odpad zo záhrad,20 02 01,odpad,sezonne_leto,D
00596248,Domov sociálnych služieb pre dospelých Bojková,Cerová,Senica,Trnavský,48.586342,17.382769,Gastro a stravovacie zariadenia,Zariadenie sociálnych služieb,nemocnicny_kuchynsky_odpad,Kuchynský odpad zo zdravotníckych a sociálnych zariadení,20 01 08,odpad,celorocne,D
00596248,Domov sociálnych služieb pre dospelých Bojková,Cerová,Senica,Trnavský,48.586342,17.382769,Gastro a stravovacie zariadenia,Zariadenie sociálnych služieb,zvysky_z_taniera,Zvyšky z taniera,20 01 08,odpad,celorocne,D
00596248,Domov sociálnych služieb pre dospelých Bojková,Cerová,Senica,Trnavský,48.586342,17.382769,Gastro a stravovacie zariadenia,Zariadenie sociálnych služieb,bro_zahrady,Biologicky rozložiteľný odpad zo záhrad,20 02 01,odpad,sezonne_leto,D
00596264,Centrum sociálnych služieb - Jesienka,Myjava,Myjava,Trenčiansky,48.754035,17.565022,Gastro a stravovacie zariadenia,Zariadenie sociálnych služieb,nemocnicny_kuchynsky_odpad,Kuchynský odpad zo zdravotníckych a sociálnych zariadení,20 01 08,odpad,celorocne,D
00596264,Centrum sociálnych služieb - Jesienka,Myjava,Myjava,Trenčiansky,48.754035,17.565022,Gastro a stravovacie zariadenia,Zariadenie sociálnych služieb,zvysky_z_taniera,Zvyšky z taniera,20 01 08,odpad,celorocne,D
00596264,Centrum sociálnych služieb - Jesienka,Myjava,Myjava,Trenčiansky,48.754035,17.565022,Gastro a stravovacie zariadenia,Zariadenie sociálnych služieb,bro_zahrady,Biologicky rozložiteľný odpad zo záhrad,20 02 01,odpad,sezonne_leto,D
00596469,Zariadenie pre seniorov Skalica,Skalica,Skalica,Trnavský,48.770797,17.20201,Gastro a stravovacie zariadenia,Zariadenie sociálnych služieb,nemocnicny_kuchynsky_odpad,Kuchynský odpad zo zdravotníckych a sociálnych zariadení,20 01 08,odpad,celorocne,D
00596469,Zariadenie pre seniorov Skalica,Skalica,Skalica,Trnavský,48.770797,17.20201,Gastro a stravovacie zariadenia,Zariadenie sociálnych služieb,zvysky_z_taniera,Zvyšky z taniera,20 01 08,odpad,celorocne,D
00596469,Zariadenie pre seniorov Skalica,Skalica,Skalica,Trnavský,48.770797,17.20201,Gastro a stravovacie zariadenia,Zariadenie sociálnych služieb,bro_zahrady,Biologicky rozložiteľný odpad zo záhrad,20 02 01,odpad,sezonne_leto,D
00596485,Centrum sociálnych služieb Okoč - Opatovský Sokolec,Okoč,Dunajská Streda,Trnavský,47.886638,17.809046,Gastro a stravovacie zariadenia,Zariadenie sociálnych služieb,nemocnicny_kuchynsky_odpad,Kuchynský odpad zo zdravotníckych a sociálnych zariadení,20 01 08,odpad,celorocne,D
00596485,Centrum sociálnych služieb Okoč - Opatovský Sokolec,Okoč,Dunajská Streda,Trnavský,47.886638,17.809046,Gastro a stravovacie zariadenia,Zariadenie sociálnych služieb,zvysky_z_taniera,Zvyšky z taniera,20 01 08,odpad,celorocne,D
00596485,Centrum sociálnych služieb Okoč - Opatovský Sokolec,Okoč,Dunajská Streda,Trnavský,47.886638,17.809046,Gastro a stravovacie zariadenia,Zariadenie sociálnych služieb,bro_zahrady,Biologicky rozložiteľný odpad zo záhrad,20 02 01,odpad,sezonne_leto,D
00596515,Zariadenie pre seniorov Dunajská Streda,Dunajská Streda,Dunajská Streda,Trnavský,47.989309,17.620142,Gastro a stravovacie zariadenia,Zariadenie sociálnych služieb,nemocnicny_kuchynsky_odpad,Kuchynský odpad zo zdravotníckych a sociálnych zariadení,20 01 08,odpad,celorocne,D
00596515,Zariadenie pre seniorov Dunajská Streda,Dunajská Streda,Dunajská Streda,Trnavský,47.989309,17.620142,Gastro a stravovacie zariadenia,Zariadenie sociálnych služieb,zvysky_z_taniera,Zvyšky z taniera,20 01 08,odpad,celorocne,D
00596515,Zariadenie pre seniorov Dunajská Streda,Dunajská Streda,Dunajská Streda,Trnavský,47.989309,17.620142,Gastro a stravovacie zariadenia,Zariadenie sociálnych služieb,bro_zahrady,Biologicky rozložiteľný odpad zo záhrad,20 02 01,odpad,sezonne_leto,D
00596680,Gymnázium Myjava,Myjava,Myjava,Trenčiansky,48.754035,17.565022,Gastro a stravovacie zariadenia,Stredná škola,skolsky_kuchynsky_odpad,Kuchynský odpad zo školských jedální,20 01 08,odpad,celorocne,D
00596680,Gymnázium Myjava,Myjava,Myjava,Trenčiansky,48.754035,17.565022,Gastro a stravovacie zariadenia,Stredná škola,zvysky_z_taniera,Zvyšky z taniera,20 01 08,odpad,celorocne,D
00596680,Gymnázium Myjava,Myjava,Myjava,Trenčiansky,48.754035,17.565022,Gastro a stravovacie zariadenia,Stredná škola,gastro_fritovaci_olej,Použitý fritovací olej z gastroprevádzok,20 01 25,odpad,celorocne,D
00596680,Gymnázium Myjava,Myjava,Myjava,Trenčiansky,48.754035,17.565022,Gastro a stravovacie zariadenia,Stredná škola,bro_zahrady,Biologicky rozložiteľný odpad zo záhrad,20 02 01,odpad,sezonne_leto,D
00596710,DOBRÝ DOMOV Santovka,Santovka,Levice,Nitriansky,48.156779,18.765721,Gastro a stravovacie zariadenia,Zariadenie sociálnych služieb,nemocnicny_kuchynsky_odpad,Kuchynský odpad zo zdravotníckych a sociálnych zariadení,20 01 08,odpad,celorocne,D
00596710,DOBRÝ DOMOV Santovka,Santovka,Levice,Nitriansky,48.156779,18.765721,Gastro a stravovacie zariadenia,Zariadenie sociálnych služieb,zvysky_z_taniera,Zvyšky z taniera,20 01 08,odpad,celorocne,D
00596710,DOBRÝ DOMOV Santovka,Santovka,Levice,Nitriansky,48.156779,18.765721,Gastro a stravovacie zariadenia,Zariadenie sociálnych služieb,bro_zahrady,Biologicky rozložiteľný odpad zo záhrad,20 02 01,odpad,sezonne_leto,D
00596825,"„FÉNIX"", Zariadenie sociálnych služieb Levice",Levice,Levice,Nitriansky,48.216667,18.6,Gastro a stravovacie zariadenia,Zariadenie sociálnych služieb,nemocnicny_kuchynsky_odpad,Kuchynský odpad zo zdravotníckych a sociálnych zariadení,20 01 08,odpad,celorocne,D
00596825,"„FÉNIX"", Zariadenie sociálnych služieb Levice",Levice,Levice,Nitriansky,48.216667,18.6,Gastro a stravovacie zariadenia,Zariadenie sociálnych služieb,zvysky_z_taniera,Zvyšky z taniera,20 01 08,odpad,celorocne,D
00596825,"„FÉNIX"", Zariadenie sociálnych služieb Levice",Levice,Levice,Nitriansky,48.216667,18.6,Gastro a stravovacie zariadenia,Zariadenie sociálnych služieb,bro_zahrady,Biologicky rozložiteľný odpad zo záhrad,20 02 01,odpad,sezonne_leto,D
00596841,"„PLATAN"", Zariadenie sociálnych služieb Lontov",Lontov,Levice,Nitriansky,48.05,18.783333,Gastro a stravovacie zariadenia,Zariadenie sociálnych služieb,nemocnicny_kuchynsky_odpad,Kuchynský odpad zo zdravotníckych a sociálnych zariadení,20 01 08,odpad,celorocne,D
00596841,"„PLATAN"", Zariadenie sociálnych služieb Lontov",Lontov,Levice,Nitriansky,48.05,18.783333,Gastro a stravovacie zariadenia,Zariadenie sociálnych služieb,zvysky_z_taniera,Zvyšky z taniera,20 01 08,odpad,celorocne,D
00596841,"„PLATAN"", Zariadenie sociálnych služieb Lontov",Lontov,Levice,Nitriansky,48.05,18.783333,Gastro a stravovacie zariadenia,Zariadenie sociálnych služieb,bro_zahrady,Biologicky rozložiteľný odpad zo záhrad,20 02 01,odpad,sezonne_leto,D
00596868,"Stredná odborná škola techniky a služieb, Cintorínska 4, Nitra",Nitra,Nitra,Nitriansky,48.31257,18.09061,Gastro a stravovacie zariadenia,Stredná škola,skolsky_kuchynsky_odpad,Kuchynský odpad zo školských jedální,20 01 08,odpad,celorocne,D
00596868,"Stredná odborná škola techniky a služieb, Cintorínska 4, Nitra",Nitra,Nitra,Nitriansky,48.31257,18.09061,Gastro a stravovacie zariadenia,Stredná škola,zvysky_z_taniera,Zvyšky z taniera,20 01 08,odpad,celorocne,D
00596868,"Stredná odborná škola techniky a služieb, Cintorínska 4, Nitra",Nitra,Nitra,Nitriansky,48.31257,18.09061,Gastro a stravovacie zariadenia,Stredná škola,gastro_fritovaci_olej,Použitý fritovací olej z gastroprevádzok,20 01 25,odpad,celorocne,D
00596868,"Stredná odborná škola techniky a služieb, Cintorínska 4, Nitra",Nitra,Nitra,Nitriansky,48.31257,18.09061,Gastro a stravovacie zariadenia,Stredná škola,bro_zahrady,Biologicky rozložiteľný odpad zo záhrad,20 02 01,odpad,sezonne_leto,D
00597171,Poľnohospodárske družstvo Komoča,Komoča,Nové Zámky,Nitriansky,47.949753,18.022658,Poľnohospodárstvo a chov,Poľnohospodárske družstvo,slama_obilna,Obilná slama,02 01 03,vedlajsi_produkt,sezonne_leto,D
00597171,Poľnohospodárske družstvo Komoča,Komoča,Nové Zámky,Nitriansky,47.949753,18.022658,Poľnohospodárstvo a chov,Poľnohospodárske družstvo,kukuricne_korovie,Kukuričné kôrovie a stonky,02 01 03,vedlajsi_produkt,sezonne_jesen,D
00597171,Poľnohospodárske družstvo Komoča,Komoča,Nové Zámky,Nitriansky,47.949753,18.022658,Poľnohospodárstvo a chov,Poľnohospodárske družstvo,repkova_slama,Repková slama,02 01 03,vedlajsi_produkt,sezonne_leto,D
00597171,Poľnohospodárske družstvo Komoča,Komoča,Nové Zámky,Nitriansky,47.949753,18.022658,Poľnohospodárstvo a chov,Poľnohospodárske družstvo,travna_hmota_ttp,Trávna hmota z lúk a TTP,02 01 03,vedlajsi_produkt,sezonne_leto,D
00597171,Poľnohospodárske družstvo Komoča,Komoča,Nové Zámky,Nitriansky,47.949753,18.022658,Poľnohospodárstvo a chov,Poľnohospodárske družstvo,hnoj_hovadzi,Maštaľný hnoj hovädzí,02 01 06,odpad,celorocne,D
00597171,Poľnohospodárske družstvo Komoča,Komoča,Nové Zámky,Nitriansky,47.949753,18.022658,Poľnohospodárstvo a chov,Poľnohospodárske družstvo,hnojovica_osipane,Hnojovica ošípaných,02 01 06,odpad,celorocne,D
00597171,Poľnohospodárske družstvo Komoča,Komoča,Nové Zámky,Nitriansky,47.949753,18.022658,Poľnohospodárstvo a chov,Poľnohospodárske družstvo,odpad_cistenie_zrna,Odpad z čistenia a sušenia obilia,02 01 03,vedlajsi_produkt,sezonne_leto,D
00597171,Poľnohospodárske družstvo Komoča,Komoča,Nové Zámky,Nitriansky,47.949753,18.022658,Poľnohospodárstvo a chov,Poľnohospodárske družstvo,slnecnicove_stonky,Slnečnicové stonky a úbory,02 01 03,odpad,sezonne_jesen,D
00598071,Gymnázium Košice,Košice,Košice I,Košický,48.717227,21.249677,Gastro a stravovacie zariadenia,Stredná škola,skolsky_kuchynsky_odpad,Kuchynský odpad zo školských jedální,20 01 08,odpad,celorocne,D
00598071,Gymnázium Košice,Košice,Košice I,Košický,48.717227,21.249677,Gastro a stravovacie zariadenia,Stredná škola,zvysky_z_taniera,Zvyšky z taniera,20 01 08,odpad,celorocne,D
00598071,Gymnázium Košice,Košice,Košice I,Košický,48.717227,21.249677,Gastro a stravovacie zariadenia,Stredná škola,gastro_fritovaci_olej,Použitý fritovací olej z gastroprevádzok,20 01 25,odpad,celorocne,D
00598071,Gymnázium Košice,Košice,Košice I,Košický,48.717227,21.249677,Gastro a stravovacie zariadenia,Stredná škola,bro_zahrady,Biologicky rozložiteľný odpad zo záhrad,20 02 01,odpad,sezonne_leto,D
00611948,Zariadenie pre seniorov Križovany nad Dudváhom,Križovany nad Dudváhom,Trnava,Trnavský,48.322017,17.651682,Gastro a stravovacie zariadenia,Zariadenie sociálnych služieb,nemocnicny_kuchynsky_odpad,Kuchynský odpad zo zdravotníckych a sociálnych zariadení,20 01 08,odpad,celorocne,D
00611948,Zariadenie pre seniorov Križovany nad Dudváhom,Križovany nad Dudváhom,Trnava,Trnavský,48.322017,17.651682,Gastro a stravovacie zariadenia,Zariadenie sociálnych služieb,zvysky_z_taniera,Zvyšky z taniera,20 01 08,odpad,celorocne,D
00611948,Zariadenie pre seniorov Križovany nad Dudváhom,Križovany nad Dudváhom,Trnava,Trnavský,48.322017,17.651682,Gastro a stravovacie zariadenia,Zariadenie sociálnych služieb,bro_zahrady,Biologicky rozložiteľný odpad zo záhrad,20 02 01,odpad,sezonne_leto,D
00611956,"Harmonia - Zariadenie pre seniorov, Hlohovec",Hlohovec,Hlohovec,Trnavský,48.427951,17.798585,Gastro a stravovacie zariadenia,Zariadenie sociálnych služieb,nemocnicny_kuchynsky_odpad,Kuchynský odpad zo zdravotníckych a sociálnych zariadení,20 01 08,odpad,celorocne,D
00611956,"Harmonia - Zariadenie pre seniorov, Hlohovec",Hlohovec,Hlohovec,Trnavský,48.427951,17.798585,Gastro a stravovacie zariadenia,Zariadenie sociálnych služieb,zvysky_z_taniera,Zvyšky z taniera,20 01 08,odpad,celorocne,D
00611956,"Harmonia - Zariadenie pre seniorov, Hlohovec",Hlohovec,Hlohovec,Trnavský,48.427951,17.798585,Gastro a stravovacie zariadenia,Zariadenie sociálnych služieb,bro_zahrady,Biologicky rozložiteľný odpad zo záhrad,20 02 01,odpad,sezonne_leto,D
00611972,Zariadenie pre seniorov v Trnave,Trnava,Trnava,Trnavský,48.37729,17.586718,Gastro a stravovacie zariadenia,Zariadenie sociálnych služieb,nemocnicny_kuchynsky_odpad,Kuchynský odpad zo zdravotníckych a sociálnych zariadení,20 01 08,odpad,celorocne,D
00611972,Zariadenie pre seniorov v Trnave,Trnava,Trnava,Trnavský,48.37729,17.586718,Gastro a stravovacie zariadenia,Zariadenie sociálnych služieb,zvysky_z_taniera,Zvyšky z taniera,20 01 08,odpad,celorocne,D
00611972,Zariadenie pre seniorov v Trnave,Trnava,Trnava,Trnavský,48.37729,17.586718,Gastro a stravovacie zariadenia,Zariadenie sociálnych služieb,bro_zahrady,Biologicky rozložiteľný odpad zo záhrad,20 02 01,odpad,sezonne_leto,D
00614866,Stredná odborná škola pedagogická sv. Márie Goretti,Čadca,Čadca,Žilinský,49.440819,18.788221,Gastro a stravovacie zariadenia,Stredná škola,skolsky_kuchynsky_odpad,Kuchynský odpad zo školských jedální,20 01 08,odpad,celorocne,D
00614866,Stredná odborná škola pedagogická sv. Márie Goretti,Čadca,Čadca,Žilinský,49.440819,18.788221,Gastro a stravovacie zariadenia,Stredná škola,zvysky_z_taniera,Zvyšky z taniera,20 01 08,odpad,celorocne,D
00614866,Stredná odborná škola pedagogická sv. Márie Goretti,Čadca,Čadca,Žilinský,49.440819,18.788221,Gastro a stravovacie zariadenia,Stredná škola,gastro_fritovaci_olej,Použitý fritovací olej z gastroprevádzok,20 01 25,odpad,celorocne,D
00614866,Stredná odborná škola pedagogická sv. Márie Goretti,Čadca,Čadca,Žilinský,49.440819,18.788221,Gastro a stravovacie zariadenia,Stredná škola,bro_zahrady,Biologicky rozložiteľný odpad zo záhrad,20 02 01,odpad,sezonne_leto,D
00617652,"Stredná odborná škola obchodu a služieb, Rožňavská Baňa 211, Rožňava",Rožňava,Rožňava,Košický,48.654392,20.531184,Gastro a stravovacie zariadenia,Stredná škola,skolsky_kuchynsky_odpad,Kuchynský odpad zo školských jedální,20 01 08,odpad,celorocne,D
00617652,"Stredná odborná škola obchodu a služieb, Rožňavská Baňa 211, Rožňava",Rožňava,Rožňava,Košický,48.654392,20.531184,Gastro a stravovacie zariadenia,Stredná škola,zvysky_z_taniera,Zvyšky z taniera,20 01 08,odpad,celorocne,D
00617652,"Stredná odborná škola obchodu a služieb, Rožňavská Baňa 211, Rožňava",Rožňava,Rožňava,Košický,48.654392,20.531184,Gastro a stravovacie zariadenia,Stredná škola,gastro_fritovaci_olej,Použitý fritovací olej z gastroprevádzok,20 01 25,odpad,celorocne,D
00617652,"Stredná odborná škola obchodu a služieb, Rožňavská Baňa 211, Rožňava",Rožňava,Rožňava,Košický,48.654392,20.531184,Gastro a stravovacie zariadenia,Stredná škola,bro_zahrady,Biologicky rozložiteľný odpad zo záhrad,20 02 01,odpad,sezonne_leto,D
00617750,"Stredná odborná škola obchodu a služieb, Mierová 1973/79, Humenné",Humenné,Humenné,Prešovský,48.934603,21.90314,Gastro a stravovacie zariadenia,Stredná škola,skolsky_kuchynsky_odpad,Kuchynský odpad zo školských jedální,20 01 08,odpad,celorocne,D
00617750,"Stredná odborná škola obchodu a služieb, Mierová 1973/79, Humenné",Humenné,Humenné,Prešovský,48.934603,21.90314,Gastro a stravovacie zariadenia,Stredná škola,zvysky_z_taniera,Zvyšky z taniera,20 01 08,odpad,celorocne,D
00617750,"Stredná odborná škola obchodu a služieb, Mierová 1973/79, Humenné",Humenné,Humenné,Prešovský,48.934603,21.90314,Gastro a stravovacie zariadenia,Stredná škola,gastro_fritovaci_olej,Použitý fritovací olej z gastroprevádzok,20 01 25,odpad,celorocne,D
00617750,"Stredná odborná škola obchodu a služieb, Mierová 1973/79, Humenné",Humenné,Humenné,Prešovský,48.934603,21.90314,Gastro a stravovacie zariadenia,Stredná škola,bro_zahrady,Biologicky rozložiteľný odpad zo záhrad,20 02 01,odpad,sezonne_leto,D
00623521,Centrum sociálnych služieb Terchová,Terchová,Žilina,Žilinský,49.25922,19.030518,Gastro a stravovacie zariadenia,Zariadenie sociálnych služieb,nemocnicny_kuchynsky_odpad,Kuchynský odpad zo zdravotníckych a sociálnych zariadení,20 01 08,odpad,celorocne,D
00623521,Centrum sociálnych služieb Terchová,Terchová,Žilina,Žilinský,49.25922,19.030518,Gastro a stravovacie zariadenia,Zariadenie sociálnych služieb,zvysky_z_taniera,Zvyšky z taniera,20 01 08,odpad,celorocne,D
00623521,Centrum sociálnych služieb Terchová,Terchová,Žilina,Žilinský,49.25922,19.030518,Gastro a stravovacie zariadenia,Zariadenie sociálnych služieb,bro_zahrady,Biologicky rozložiteľný odpad zo záhrad,20 02 01,odpad,sezonne_leto,D
00628115,Domov sociálnych služieb-Púchov-Nosice,Púchov,Púchov,Trenčiansky,49.123992,18.324242,Gastro a stravovacie zariadenia,Zariadenie sociálnych služieb,nemocnicny_kuchynsky_odpad,Kuchynský odpad zo zdravotníckych a sociálnych zariadení,20 01 08,odpad,celorocne,D
00628115,Domov sociálnych služieb-Púchov-Nosice,Púchov,Púchov,Trenčiansky,49.123992,18.324242,Gastro a stravovacie zariadenia,Zariadenie sociálnych služieb,zvysky_z_taniera,Zvyšky z taniera,20 01 08,odpad,celorocne,D
00628115,Domov sociálnych služieb-Púchov-Nosice,Púchov,Púchov,Trenčiansky,49.123992,18.324242,Gastro a stravovacie zariadenia,Zariadenie sociálnych služieb,bro_zahrady,Biologicky rozložiteľný odpad zo záhrad,20 02 01,odpad,sezonne_leto,D
00630250,Centrum sociálnych služieb - Lednické Rovne,Lednické Rovne,Púchov,Trenčiansky,49.066667,18.283333,Gastro a stravovacie zariadenia,Zariadenie sociálnych služieb,nemocnicny_kuchynsky_odpad,Kuchynský odpad zo zdravotníckych a sociálnych zariadení,20 01 08,odpad,celorocne,D
00630250,Centrum sociálnych služieb - Lednické Rovne,Lednické Rovne,Púchov,Trenčiansky,49.066667,18.283333,Gastro a stravovacie zariadenia,Zariadenie sociálnych služieb,zvysky_z_taniera,Zvyšky z taniera,20 01 08,odpad,celorocne,D
00630250,Centrum sociálnych služieb - Lednické Rovne,Lednické Rovne,Púchov,Trenčiansky,49.066667,18.283333,Gastro a stravovacie zariadenia,Zariadenie sociálnych služieb,bro_zahrady,Biologicky rozložiteľný odpad zo záhrad,20 02 01,odpad,sezonne_leto,D
00632333,"Zariadenie pre seniorov Dubina, m.r.o.",Dubnica nad Váhom,Ilava,Trenčiansky,48.957172,18.167022,Gastro a stravovacie zariadenia,Zariadenie sociálnych služieb,nemocnicny_kuchynsky_odpad,Kuchynský odpad zo zdravotníckych a sociálnych zariadení,20 01 08,odpad,celorocne,D
00632333,"Zariadenie pre seniorov Dubina, m.r.o.",Dubnica nad Váhom,Ilava,Trenčiansky,48.957172,18.167022,Gastro a stravovacie zariadenia,Zariadenie sociálnych služieb,zvysky_z_taniera,Zvyšky z taniera,20 01 08,odpad,celorocne,D
00632333,"Zariadenie pre seniorov Dubina, m.r.o.",Dubnica nad Váhom,Ilava,Trenčiansky,48.957172,18.167022,Gastro a stravovacie zariadenia,Zariadenie sociálnych služieb,bro_zahrady,Biologicky rozložiteľný odpad zo záhrad,20 02 01,odpad,sezonne_leto,D
00632350,Centrum sociálnych služieb - BYSTRIČAN,Považská Bystrica,Považská Bystrica,Trenčiansky,49.114507,18.447319,Gastro a stravovacie zariadenia,Zariadenie sociálnych služieb,nemocnicny_kuchynsky_odpad,Kuchynský odpad zo zdravotníckych a sociálnych zariadení,20 01 08,odpad,celorocne,D
00632350,Centrum sociálnych služieb - BYSTRIČAN,Považská Bystrica,Považská Bystrica,Trenčiansky,49.114507,18.447319,Gastro a stravovacie zariadenia,Zariadenie sociálnych služieb,zvysky_z_taniera,Zvyšky z taniera,20 01 08,odpad,celorocne,D
00632350,Centrum sociálnych služieb - BYSTRIČAN,Považská Bystrica,Považská Bystrica,Trenčiansky,49.114507,18.447319,Gastro a stravovacie zariadenia,Zariadenie sociálnych služieb,bro_zahrady,Biologicky rozložiteľný odpad zo záhrad,20 02 01,odpad,sezonne_leto,D
00632368,Centrum sociálnych služieb - KOLONKA,Púchov,Púchov,Trenčiansky,49.123992,18.324242,Gastro a stravovacie zariadenia,Zariadenie sociálnych služieb,nemocnicny_kuchynsky_odpad,Kuchynský odpad zo zdravotníckych a sociálnych zariadení,20 01 08,odpad,celorocne,D
00632368,Centrum sociálnych služieb - KOLONKA,Púchov,Púchov,Trenčiansky,49.123992,18.324242,Gastro a stravovacie zariadenia,Zariadenie sociálnych služieb,zvysky_z_taniera,Zvyšky z taniera,20 01 08,odpad,celorocne,D
00632368,Centrum sociálnych služieb - KOLONKA,Púchov,Púchov,Trenčiansky,49.123992,18.324242,Gastro a stravovacie zariadenia,Zariadenie sociálnych služieb,bro_zahrady,Biologicky rozložiteľný odpad zo záhrad,20 02 01,odpad,sezonne_leto,D
00632384,Centrum sociálnych služieb - AVE,Dubnica nad Váhom,Ilava,Trenčiansky,48.957172,18.167022,Gastro a stravovacie zariadenia,Zariadenie sociálnych služieb,nemocnicny_kuchynsky_odpad,Kuchynský odpad zo zdravotníckych a sociálnych zariadení,20 01 08,odpad,celorocne,D
00632384,Centrum sociálnych služieb - AVE,Dubnica nad Váhom,Ilava,Trenčiansky,48.957172,18.167022,Gastro a stravovacie zariadenia,Zariadenie sociálnych služieb,zvysky_z_taniera,Zvyšky z taniera,20 01 08,odpad,celorocne,D
00632384,Centrum sociálnych služieb - AVE,Dubnica nad Váhom,Ilava,Trenčiansky,48.957172,18.167022,Gastro a stravovacie zariadenia,Zariadenie sociálnych služieb,bro_zahrady,Biologicky rozložiteľný odpad zo záhrad,20 02 01,odpad,sezonne_leto,D
00632392,Centrum sociálnych služieb - LÚČ,Považská Bystrica,Považská Bystrica,Trenčiansky,49.114507,18.447319,Gastro a stravovacie zariadenia,Zariadenie sociálnych služieb,nemocnicny_kuchynsky_odpad,Kuchynský odpad zo zdravotníckych a sociálnych zariadení,20 01 08,odpad,celorocne,D
00632392,Centrum sociálnych služieb - LÚČ,Považská Bystrica,Považská Bystrica,Trenčiansky,49.114507,18.447319,Gastro a stravovacie zariadenia,Zariadenie sociálnych služieb,zvysky_z_taniera,Zvyšky z taniera,20 01 08,odpad,celorocne,D
00632392,Centrum sociálnych služieb - LÚČ,Považská Bystrica,Považská Bystrica,Trenčiansky,49.114507,18.447319,Gastro a stravovacie zariadenia,Zariadenie sociálnych služieb,bro_zahrady,Biologicky rozložiteľný odpad zo záhrad,20 02 01,odpad,sezonne_leto,D
00632406,Centrum sociálnych služieb - SLOVEN,Slavnica,Ilava,Trenčiansky,49.0,18.183333,Gastro a stravovacie zariadenia,Zariadenie sociálnych služieb,nemocnicny_kuchynsky_odpad,Kuchynský odpad zo zdravotníckych a sociálnych zariadení,20 01 08,odpad,celorocne,D
00632406,Centrum sociálnych služieb - SLOVEN,Slavnica,Ilava,Trenčiansky,49.0,18.183333,Gastro a stravovacie zariadenia,Zariadenie sociálnych služieb,zvysky_z_taniera,Zvyšky z taniera,20 01 08,odpad,celorocne,D
00632406,Centrum sociálnych služieb - SLOVEN,Slavnica,Ilava,Trenčiansky,49.0,18.183333,Gastro a stravovacie zariadenia,Zariadenie sociálnych služieb,bro_zahrady,Biologicky rozložiteľný odpad zo záhrad,20 02 01,odpad,sezonne_leto,D
00632414,Centrum sociálnych služieb - NÁDEJ,Dolný Lieskov,Považská Bystrica,Trenčiansky,49.05,18.416667,Gastro a stravovacie zariadenia,Zariadenie sociálnych služieb,nemocnicny_kuchynsky_odpad,Kuchynský odpad zo zdravotníckych a sociálnych zariadení,20 01 08,odpad,celorocne,D
00632414,Centrum sociálnych služieb - NÁDEJ,Dolný Lieskov,Považská Bystrica,Trenčiansky,49.05,18.416667,Gastro a stravovacie zariadenia,Zariadenie sociálnych služieb,zvysky_z_taniera,Zvyšky z taniera,20 01 08,odpad,celorocne,D
00632414,Centrum sociálnych služieb - NÁDEJ,Dolný Lieskov,Považská Bystrica,Trenčiansky,49.05,18.416667,Gastro a stravovacie zariadenia,Zariadenie sociálnych služieb,bro_zahrady,Biologicky rozložiteľný odpad zo záhrad,20 02 01,odpad,sezonne_leto,D
00632520,Centrum sociálnych služieb PARK,Čadca,Čadca,Žilinský,49.440819,18.788221,Gastro a stravovacie zariadenia,Zariadenie sociálnych služieb,nemocnicny_kuchynsky_odpad,Kuchynský odpad zo zdravotníckych a sociálnych zariadení,20 01 08,odpad,celorocne,D
00632520,Centrum sociálnych služieb PARK,Čadca,Čadca,Žilinský,49.440819,18.788221,Gastro a stravovacie zariadenia,Zariadenie sociálnych služieb,zvysky_z_taniera,Zvyšky z taniera,20 01 08,odpad,celorocne,D
00632520,Centrum sociálnych služieb PARK,Čadca,Čadca,Žilinský,49.440819,18.788221,Gastro a stravovacie zariadenia,Zariadenie sociálnych služieb,bro_zahrady,Biologicky rozložiteľný odpad zo záhrad,20 02 01,odpad,sezonne_leto,D
00632783,Centrum sociálnych služieb ORAVA,Tvrdošín,Tvrdošín,Žilinský,49.336574,19.554188,Gastro a stravovacie zariadenia,Zariadenie sociálnych služieb,nemocnicny_kuchynsky_odpad,Kuchynský odpad zo zdravotníckych a sociálnych zariadení,20 01 08,odpad,celorocne,D
00632783,Centrum sociálnych služieb ORAVA,Tvrdošín,Tvrdošín,Žilinský,49.336574,19.554188,Gastro a stravovacie zariadenia,Zariadenie sociálnych služieb,zvysky_z_taniera,Zvyšky z taniera,20 01 08,odpad,celorocne,D
00632783,Centrum sociálnych služieb ORAVA,Tvrdošín,Tvrdošín,Žilinský,49.336574,19.554188,Gastro a stravovacie zariadenia,Zariadenie sociálnych služieb,bro_zahrady,Biologicky rozložiteľný odpad zo záhrad,20 02 01,odpad,sezonne_leto,D
00632848,Centrum sociálnych služieb Zákamenné,Zákamenné,Námestovo,Žilinský,49.383333,19.3,Gastro a stravovacie zariadenia,Zariadenie sociálnych služieb,nemocnicny_kuchynsky_odpad,Kuchynský odpad zo zdravotníckych a sociálnych zariadení,20 01 08,odpad,celorocne,D
00632848,Centrum sociálnych služieb Zákamenné,Zákamenné,Námestovo,Žilinský,49.383333,19.3,Gastro a stravovacie zariadenia,Zariadenie sociálnych služieb,zvysky_z_taniera,Zvyšky z taniera,20 01 08,odpad,celorocne,D
00632848,Centrum sociálnych služieb Zákamenné,Zákamenné,Námestovo,Žilinský,49.383333,19.3,Gastro a stravovacie zariadenia,Zariadenie sociálnych služieb,bro_zahrady,Biologicky rozložiteľný odpad zo záhrad,20 02 01,odpad,sezonne_leto,D
00647675,Centrum sociálnych služieb STRANÍK,Žilina,Žilina,Žilinský,49.223464,18.739498,Gastro a stravovacie zariadenia,Zariadenie sociálnych služieb,nemocnicny_kuchynsky_odpad,Kuchynský odpad zo zdravotníckych a sociálnych zariadení,20 01 08,odpad,celorocne,D
00647675,Centrum sociálnych služieb STRANÍK,Žilina,Žilina,Žilinský,49.223464,18.739498,Gastro a stravovacie zariadenia,Zariadenie sociálnych služieb,zvysky_z_taniera,Zvyšky z taniera,20 01 08,odpad,celorocne,D
00647675,Centrum sociálnych služieb STRANÍK,Žilina,Žilina,Žilinský,49.223464,18.739498,Gastro a stravovacie zariadenia,Zariadenie sociálnych služieb,bro_zahrady,Biologicky rozložiteľný odpad zo záhrad,20 02 01,odpad,sezonne_leto,D
00647691,Centrum sociálnych služieb SYNNÓMIA,Žilina,Žilina,Žilinský,49.223464,18.739498,Gastro a stravovacie zariadenia,Zariadenie sociálnych služieb,nemocnicny_kuchynsky_odpad,Kuchynský odpad zo zdravotníckych a sociálnych zariadení,20 01 08,odpad,celorocne,D
00647691,Centrum sociálnych služieb SYNNÓMIA,Žilina,Žilina,Žilinský,49.223464,18.739498,Gastro a stravovacie zariadenia,Zariadenie sociálnych služieb,zvysky_z_taniera,Zvyšky z taniera,20 01 08,odpad,celorocne,D
00647691,Centrum sociálnych služieb SYNNÓMIA,Žilina,Žilina,Žilinský,49.223464,18.739498,Gastro a stravovacie zariadenia,Zariadenie sociálnych služieb,bro_zahrady,Biologicky rozložiteľný odpad zo záhrad,20 02 01,odpad,sezonne_leto,D
00647713,ÚSMEV - Zariadenie pre seniorov,Žilina,Žilina,Žilinský,49.223464,18.739498,Gastro a stravovacie zariadenia,Zariadenie sociálnych služieb,nemocnicny_kuchynsky_odpad,Kuchynský odpad zo zdravotníckych a sociálnych zariadení,20 01 08,odpad,celorocne,D
00647713,ÚSMEV - Zariadenie pre seniorov,Žilina,Žilina,Žilinský,49.223464,18.739498,Gastro a stravovacie zariadenia,Zariadenie sociálnych služieb,zvysky_z_taniera,Zvyšky z taniera,20 01 08,odpad,celorocne,D
00647713,ÚSMEV - Zariadenie pre seniorov,Žilina,Žilina,Žilinský,49.223464,18.739498,Gastro a stravovacie zariadenia,Zariadenie sociálnych služieb,bro_zahrady,Biologicky rozložiteľný odpad zo záhrad,20 02 01,odpad,sezonne_leto,D
00647748,Centrum sociálnych služieb HARMÓNIA,Žilina,Žilina,Žilinský,49.223464,18.739498,Gastro a stravovacie zariadenia,Zariadenie sociálnych služieb,nemocnicny_kuchynsky_odpad,Kuchynský odpad zo zdravotníckych a sociálnych zariadení,20 01 08,odpad,celorocne,D
00647748,Centrum sociálnych služieb HARMÓNIA,Žilina,Žilina,Žilinský,49.223464,18.739498,Gastro a stravovacie zariadenia,Zariadenie sociálnych služieb,zvysky_z_taniera,Zvyšky z taniera,20 01 08,odpad,celorocne,D
00647748,Centrum sociálnych služieb HARMÓNIA,Žilina,Žilina,Žilinský,49.223464,18.739498,Gastro a stravovacie zariadenia,Zariadenie sociálnych služieb,bro_zahrady,Biologicky rozložiteľný odpad zo záhrad,20 02 01,odpad,sezonne_leto,D
00647802,TROJLÍSTOK - centrum sociálnych služieb,Ružomberok,Ružomberok,Žilinský,49.08187,19.302965,Gastro a stravovacie zariadenia,Zariadenie sociálnych služieb,nemocnicny_kuchynsky_odpad,Kuchynský odpad zo zdravotníckych a sociálnych zariadení,20 01 08,odpad,celorocne,D
00647802,TROJLÍSTOK - centrum sociálnych služieb,Ružomberok,Ružomberok,Žilinský,49.08187,19.302965,Gastro a stravovacie zariadenia,Zariadenie sociálnych služieb,zvysky_z_taniera,Zvyšky z taniera,20 01 08,odpad,celorocne,D
00647802,TROJLÍSTOK - centrum sociálnych služieb,Ružomberok,Ružomberok,Žilinský,49.08187,19.302965,Gastro a stravovacie zariadenia,Zariadenie sociálnych služieb,bro_zahrady,Biologicky rozložiteľný odpad zo záhrad,20 02 01,odpad,sezonne_leto,D
00648701,Centrum sociálnych služieb - DOMINO,Prievidza,Prievidza,Trenčiansky,48.77104,18.623306,Gastro a stravovacie zariadenia,Zariadenie sociálnych služieb,nemocnicny_kuchynsky_odpad,Kuchynský odpad zo zdravotníckych a sociálnych zariadení,20 01 08,odpad,celorocne,D
00648701,Centrum sociálnych služieb - DOMINO,Prievidza,Prievidza,Trenčiansky,48.77104,18.623306,Gastro a stravovacie zariadenia,Zariadenie sociálnych služieb,zvysky_z_taniera,Zvyšky z taniera,20 01 08,odpad,celorocne,D
00648701,Centrum sociálnych služieb - DOMINO,Prievidza,Prievidza,Trenčiansky,48.77104,18.623306,Gastro a stravovacie zariadenia,Zariadenie sociálnych služieb,bro_zahrady,Biologicky rozložiteľný odpad zo záhrad,20 02 01,odpad,sezonne_leto,D
00648710,Centrum sociálnych služieb - Bôrik,Nitrianske Pravno,Prievidza,Trenčiansky,48.866667,18.633333,Gastro a stravovacie zariadenia,Zariadenie sociálnych služieb,nemocnicny_kuchynsky_odpad,Kuchynský odpad zo zdravotníckych a sociálnych zariadení,20 01 08,odpad,celorocne,D
00648710,Centrum sociálnych služieb - Bôrik,Nitrianske Pravno,Prievidza,Trenčiansky,48.866667,18.633333,Gastro a stravovacie zariadenia,Zariadenie sociálnych služieb,zvysky_z_taniera,Zvyšky z taniera,20 01 08,odpad,celorocne,D
00648710,Centrum sociálnych služieb - Bôrik,Nitrianske Pravno,Prievidza,Trenčiansky,48.866667,18.633333,Gastro a stravovacie zariadenia,Zariadenie sociálnych služieb,bro_zahrady,Biologicky rozložiteľný odpad zo záhrad,20 02 01,odpad,sezonne_leto,D
00650935,Družstevná ovocná pálenica Streženice,Streženice,Púchov,Trenčiansky,49.1,18.3,Poľnohospodárstvo a chov,Ovocné sady a spracovanie ovocia,jablcne_vylisky,Jablčné výlisky,02 07 04,vedlajsi_produkt,sezonne_jesen,D
00650935,Družstevná ovocná pálenica Streženice,Streženice,Púchov,Trenčiansky,49.1,18.3,Poľnohospodárstvo a chov,Ovocné sady a spracovanie ovocia,bobulove_vylisky,Výlisky z bobuľového ovocia,02 07 04,vedlajsi_produkt,sezonne_leto,D
00650935,Družstevná ovocná pálenica Streženice,Streženice,Púchov,Trenčiansky,49.1,18.3,Poľnohospodárstvo a chov,Ovocné sady a spracovanie ovocia,vnate_pozberove,Vňate a pozberové zvyšky zeleniny,02 01 03,odpad,sezonne_jesen,D
00651117,"Stredná odborná škola dopravná, Rosinská 3126/2, Žilina",Žilina,Žilina,Žilinský,49.223464,18.739498,Gastro a stravovacie zariadenia,Stredná škola,skolsky_kuchynsky_odpad,Kuchynský odpad zo školských jedální,20 01 08,odpad,celorocne,D
00651117,"Stredná odborná škola dopravná, Rosinská 3126/2, Žilina",Žilina,Žilina,Žilinský,49.223464,18.739498,Gastro a stravovacie zariadenia,Stredná škola,zvysky_z_taniera,Zvyšky z taniera,20 01 08,odpad,celorocne,D
00651117,"Stredná odborná škola dopravná, Rosinská 3126/2, Žilina",Žilina,Žilina,Žilinský,49.223464,18.739498,Gastro a stravovacie zariadenia,Stredná škola,gastro_fritovaci_olej,Použitý fritovací olej z gastroprevádzok,20 01 25,odpad,celorocne,D
00651117,"Stredná odborná škola dopravná, Rosinská 3126/2, Žilina",Žilina,Žilina,Žilinský,49.223464,18.739498,Gastro a stravovacie zariadenia,Stredná škola,bro_zahrady,Biologicky rozložiteľný odpad zo záhrad,20 02 01,odpad,sezonne_leto,D
00651273,"COOP Jednota Púchov, spotrebné družstvo",Púchov,Púchov,Trenčiansky,49.123992,18.324242,Retail a distribúcia potravín,Spotrebné družstvo (predajne),retail_ovocie_zelenina,Neupredané ovocie a zelenina z predajní,20 01 08,odpad,celorocne,D
00651273,"COOP Jednota Púchov, spotrebné družstvo",Púchov,Púchov,Trenčiansky,49.123992,18.324242,Retail a distribúcia potravín,Spotrebné družstvo (predajne),retail_pecivo,Neupredané pečivo a pekárske výrobky,02 06 01,vedlajsi_produkt,celorocne,D
00651273,"COOP Jednota Púchov, spotrebné družstvo",Púchov,Púchov,Trenčiansky,49.123992,18.324242,Retail a distribúcia potravín,Spotrebné družstvo (predajne),retail_mliecne,Mliečne výrobky po dátume minimálnej trvanlivosti,20 01 08,odpad,celorocne,D
00651273,"COOP Jednota Púchov, spotrebné družstvo",Púchov,Púchov,Trenčiansky,49.123992,18.324242,Retail a distribúcia potravín,Spotrebné družstvo (predajne),retail_maso_zvysky,Mäsové a údenárske výrobky po dátume spotreby,02 02 03,odpad,celorocne,D
00651273,"COOP Jednota Púchov, spotrebné družstvo",Púchov,Púchov,Trenčiansky,49.123992,18.324242,Retail a distribúcia potravín,Spotrebné družstvo (predajne),retail_zmesovy,Zmesový potravinový odpad z predajne,20 01 08,odpad,celorocne,D
00651435,Centrum sociálnych služieb Ľadoveň,Martin,Martin,Žilinský,49.07226,18.929174,Gastro a stravovacie zariadenia,Zariadenie sociálnych služieb,nemocnicny_kuchynsky_odpad,Kuchynský odpad zo zdravotníckych a sociálnych zariadení,20 01 08,odpad,celorocne,D
00651435,Centrum sociálnych služieb Ľadoveň,Martin,Martin,Žilinský,49.07226,18.929174,Gastro a stravovacie zariadenia,Zariadenie sociálnych služieb,zvysky_z_taniera,Zvyšky z taniera,20 01 08,odpad,celorocne,D
00651435,Centrum sociálnych služieb Ľadoveň,Martin,Martin,Žilinský,49.07226,18.929174,Gastro a stravovacie zariadenia,Zariadenie sociálnych služieb,bro_zahrady,Biologicky rozložiteľný odpad zo záhrad,20 02 01,odpad,sezonne_leto,D
00651443,Centrum sociálnych služieb Horný Turiec,Turčianske Teplice,Turčianske Teplice,Žilinský,48.862737,18.858728,Gastro a stravovacie zariadenia,Zariadenie sociálnych služieb,nemocnicny_kuchynsky_odpad,Kuchynský odpad zo zdravotníckych a sociálnych zariadení,20 01 08,odpad,celorocne,D
00651443,Centrum sociálnych služieb Horný Turiec,Turčianske Teplice,Turčianske Teplice,Žilinský,48.862737,18.858728,Gastro a stravovacie zariadenia,Zariadenie sociálnych služieb,zvysky_z_taniera,Zvyšky z taniera,20 01 08,odpad,celorocne,D
00651443,Centrum sociálnych služieb Horný Turiec,Turčianske Teplice,Turčianske Teplice,Žilinský,48.862737,18.858728,Gastro a stravovacie zariadenia,Zariadenie sociálnych služieb,bro_zahrady,Biologicky rozložiteľný odpad zo záhrad,20 02 01,odpad,sezonne_leto,D
00654795,Centrum sociálnych služieb MEREMA,Modra,Pezinok,Bratislavský,48.336443,17.308037,Gastro a stravovacie zariadenia,Zariadenie sociálnych služieb,nemocnicny_kuchynsky_odpad,Kuchynský odpad zo zdravotníckych a sociálnych zariadení,20 01 08,odpad,celorocne,D
00654795,Centrum sociálnych služieb MEREMA,Modra,Pezinok,Bratislavský,48.336443,17.308037,Gastro a stravovacie zariadenia,Zariadenie sociálnych služieb,zvysky_z_taniera,Zvyšky z taniera,20 01 08,odpad,celorocne,D
00654795,Centrum sociálnych služieb MEREMA,Modra,Pezinok,Bratislavský,48.336443,17.308037,Gastro a stravovacie zariadenia,Zariadenie sociálnych služieb,bro_zahrady,Biologicky rozložiteľný odpad zo záhrad,20 02 01,odpad,sezonne_leto,D
00655295,"„BARACHA"", Zariadenie sociálnych služieb Bardoňovo",Bardoňovo,Nové Zámky,Nitriansky,48.116667,18.416667,Gastro a stravovacie zariadenia,Zariadenie sociálnych služieb,nemocnicny_kuchynsky_odpad,Kuchynský odpad zo zdravotníckych a sociálnych zariadení,20 01 08,odpad,celorocne,D
00655295,"„BARACHA"", Zariadenie sociálnych služieb Bardoňovo",Bardoňovo,Nové Zámky,Nitriansky,48.116667,18.416667,Gastro a stravovacie zariadenia,Zariadenie sociálnych služieb,zvysky_z_taniera,Zvyšky z taniera,20 01 08,odpad,celorocne,D
00655295,"„BARACHA"", Zariadenie sociálnych služieb Bardoňovo",Bardoňovo,Nové Zámky,Nitriansky,48.116667,18.416667,Gastro a stravovacie zariadenia,Zariadenie sociálnych služieb,bro_zahrady,Biologicky rozložiteľný odpad zo záhrad,20 02 01,odpad,sezonne_leto,D
00655317,"„IPEĽ"", Zariadenie sociálnych služieb Leľa",Leľa,Nové Zámky,Nitriansky,47.863625,18.767487,Gastro a stravovacie zariadenia,Zariadenie sociálnych služieb,nemocnicny_kuchynsky_odpad,Kuchynský odpad zo zdravotníckych a sociálnych zariadení,20 01 08,odpad,celorocne,D
00655317,"„IPEĽ"", Zariadenie sociálnych služieb Leľa",Leľa,Nové Zámky,Nitriansky,47.863625,18.767487,Gastro a stravovacie zariadenia,Zariadenie sociálnych služieb,zvysky_z_taniera,Zvyšky z taniera,20 01 08,odpad,celorocne,D
00655317,"„IPEĽ"", Zariadenie sociálnych služieb Leľa",Leľa,Nové Zámky,Nitriansky,47.863625,18.767487,Gastro a stravovacie zariadenia,Zariadenie sociálnych služieb,bro_zahrady,Biologicky rozložiteľný odpad zo záhrad,20 02 01,odpad,sezonne_leto,D
00655341,"„VEK NÁDEJE"", Zariadenie sociálnych služieb Nové Zámky",Nové Zámky,Nové Zámky,Nitriansky,47.98334,18.166661,Gastro a stravovacie zariadenia,Zariadenie sociálnych služieb,nemocnicny_kuchynsky_odpad,Kuchynský odpad zo zdravotníckych a sociálnych zariadení,20 01 08,odpad,celorocne,D
00655341,"„VEK NÁDEJE"", Zariadenie sociálnych služieb Nové Zámky",Nové Zámky,Nové Zámky,Nitriansky,47.98334,18.166661,Gastro a stravovacie zariadenia,Zariadenie sociálnych služieb,zvysky_z_taniera,Zvyšky z taniera,20 01 08,odpad,celorocne,D
00655341,"„VEK NÁDEJE"", Zariadenie sociálnych služieb Nové Zámky",Nové Zámky,Nové Zámky,Nitriansky,47.98334,18.166661,Gastro a stravovacie zariadenia,Zariadenie sociálnych služieb,bro_zahrady,Biologicky rozložiteľný odpad zo záhrad,20 02 01,odpad,sezonne_leto,D
00655589,Zariadenie pre seniorov Mokrý Háj,Mokrý Háj,Skalica,Trnavský,48.810594,17.246132,Gastro a stravovacie zariadenia,Zariadenie sociálnych služieb,nemocnicny_kuchynsky_odpad,Kuchynský odpad zo zdravotníckych a sociálnych zariadení,20 01 08,odpad,celorocne,D
00655589,Zariadenie pre seniorov Mokrý Háj,Mokrý Háj,Skalica,Trnavský,48.810594,17.246132,Gastro a stravovacie zariadenia,Zariadenie sociálnych služieb,zvysky_z_taniera,Zvyšky z taniera,20 01 08,odpad,celorocne,D
00655589,Zariadenie pre seniorov Mokrý Háj,Mokrý Háj,Skalica,Trnavský,48.810594,17.246132,Gastro a stravovacie zariadenia,Zariadenie sociálnych služieb,bro_zahrady,Biologicky rozložiteľný odpad zo záhrad,20 02 01,odpad,sezonne_leto,D
00655716,Zariadenie pre seniorov Gabčíkovo,Gabčíkovo,Dunajská Streda,Trnavský,47.895106,17.578125,Gastro a stravovacie zariadenia,Zariadenie sociálnych služieb,nemocnicny_kuchynsky_odpad,Kuchynský odpad zo zdravotníckych a sociálnych zariadení,20 01 08,odpad,celorocne,D
00655716,Zariadenie pre seniorov Gabčíkovo,Gabčíkovo,Dunajská Streda,Trnavský,47.895106,17.578125,Gastro a stravovacie zariadenia,Zariadenie sociálnych služieb,zvysky_z_taniera,Zvyšky z taniera,20 01 08,odpad,celorocne,D
00655716,Zariadenie pre seniorov Gabčíkovo,Gabčíkovo,Dunajská Streda,Trnavský,47.895106,17.578125,Gastro a stravovacie zariadenia,Zariadenie sociálnych služieb,bro_zahrady,Biologicky rozložiteľný odpad zo záhrad,20 02 01,odpad,sezonne_leto,D
00656046,"„DOMUM"", Zariadenie sociálnych služieb Krškany",Krškany,Levice,Nitriansky,48.221253,18.670036,Gastro a stravovacie zariadenia,Zariadenie sociálnych služieb,nemocnicny_kuchynsky_odpad,Kuchynský odpad zo zdravotníckych a sociálnych zariadení,20 01 08,odpad,celorocne,D
00656046,"„DOMUM"", Zariadenie sociálnych služieb Krškany",Krškany,Levice,Nitriansky,48.221253,18.670036,Gastro a stravovacie zariadenia,Zariadenie sociálnych služieb,zvysky_z_taniera,Zvyšky z taniera,20 01 08,odpad,celorocne,D
00656046,"„DOMUM"", Zariadenie sociálnych služieb Krškany",Krškany,Levice,Nitriansky,48.221253,18.670036,Gastro a stravovacie zariadenia,Zariadenie sociálnych služieb,bro_zahrady,Biologicky rozložiteľný odpad zo záhrad,20 02 01,odpad,sezonne_leto,D
00681300,Odvoz a likvidácia odpadu a.s. (OLO a.s.),Bratislava,Bratislava I,Bratislavský,48.153538,17.109671,Komunálny a gastro bioodpad,Odpadové hospodárstvo,kuchynsky_odpad,Biologicky rozložiteľný kuchynský a reštauračný odpad,20 01 08,odpad,celorocne,D
00681300,Odvoz a likvidácia odpadu a.s. (OLO a.s.),Bratislava,Bratislava I,Bratislavský,48.153538,17.109671,Komunálny a gastro bioodpad,Odpadové hospodárstvo,bro_zahrady,Biologicky rozložiteľný odpad zo záhrad,20 02 01,odpad,sezonne_leto,D
00681300,Odvoz a likvidácia odpadu a.s. (OLO a.s.),Bratislava,Bratislava I,Bratislavský,48.153538,17.109671,Komunálny a gastro bioodpad,Odpadové hospodárstvo,jedle_oleje_pouzite,Použité jedlé oleje a tuky,20 01 25,odpad,celorocne,D
00681300,Odvoz a likvidácia odpadu a.s. (OLO a.s.),Bratislava,Bratislava I,Bratislavský,48.153538,17.109671,Komunálny a gastro bioodpad,Odpadové hospodárstvo,tuky_odlucovace,Tuky z odlučovačov,19 08 09,odpad,celorocne,D
00681300,Odvoz a likvidácia odpadu a.s. (OLO a.s.),Bratislava,Bratislava I,Bratislavský,48.153538,17.109671,Komunálny a gastro bioodpad,Odpadové hospodárstvo,potraviny_po_dobe,Nepredané potraviny po dátume spotreby,20 01 08,odpad,celorocne,D
00686981,"Súkromná stredná odborná škola služieb, Hviezdoslavova 11, Bardejov",Bardejov,Bardejov,Prešovský,49.292999,21.27554,Gastro a stravovacie zariadenia,Stredná škola,skolsky_kuchynsky_odpad,Kuchynský odpad zo školských jedální,20 01 08,odpad,celorocne,D
00686981,"Súkromná stredná odborná škola služieb, Hviezdoslavova 11, Bardejov",Bardejov,Bardejov,Prešovský,49.292999,21.27554,Gastro a stravovacie zariadenia,Stredná škola,zvysky_z_taniera,Zvyšky z taniera,20 01 08,odpad,celorocne,D
00686981,"Súkromná stredná odborná škola služieb, Hviezdoslavova 11, Bardejov",Bardejov,Bardejov,Prešovský,49.292999,21.27554,Gastro a stravovacie zariadenia,Stredná škola,gastro_fritovaci_olej,Použitý fritovací olej z gastroprevádzok,20 01 25,odpad,celorocne,D
00686981,"Súkromná stredná odborná škola služieb, Hviezdoslavova 11, Bardejov",Bardejov,Bardejov,Prešovský,49.292999,21.27554,Gastro a stravovacie zariadenia,Stredná škola,bro_zahrady,Biologicky rozložiteľný odpad zo záhrad,20 02 01,odpad,sezonne_leto,D
00691135,Mesto Košice,Košice - mestská časť Západ,Košice II,Košický,48.714333,21.227312,Komunálny a gastro bioodpad,Mesto - správa zelene,travna_hmota_kosba,Trávna hmota z kosby verejnej zelene,20 02 01,odpad,sezonne_leto,D
00691135,Mesto Košice,Košice - mestská časť Západ,Košice II,Košický,48.714333,21.227312,Komunálny a gastro bioodpad,Mesto - správa zelene,konare_stiepka,Konáre a drevná štiepka z údržby zelene,20 02 01,odpad,sezonne_jar,D
00691135,Mesto Košice,Košice - mestská časť Západ,Košice II,Košický,48.714333,21.227312,Komunálny a gastro bioodpad,Mesto - správa zelene,listie,Lístie z verejnej zelene,20 02 01,odpad,sezonne_jesen,D
00691135,Mesto Košice,Košice - mestská časť Západ,Košice II,Košický,48.714333,21.227312,Komunálny a gastro bioodpad,Mesto - správa zelene,bro_zahrady,Biologicky rozložiteľný odpad zo záhrad,20 02 01,odpad,sezonne_leto,D
00691135,Mesto Košice,Košice - mestská časť Západ,Košice II,Košický,48.714333,21.227312,Komunálny a gastro bioodpad,Mesto - správa zelene,kuchynsky_odpad,Biologicky rozložiteľný kuchynský a reštauračný odpad,20 01 08,odpad,celorocne,D
00691135,Mesto Košice,Košice - mestská časť Západ,Košice II,Košický,48.714333,21.227312,Komunálny a gastro bioodpad,Mesto - správa zelene,odpad_trhoviska,Odpad z trhovísk,20 03 02,odpad,sezonne_leto,D
00691852,Zariadenie pre seniorov a Zariadenie opatrovateľskej služby Kežmarok,Kežmarok,Kežmarok,Prešovský,49.136318,20.430447,Gastro a stravovacie zariadenia,Zariadenie sociálnych služieb,nemocnicny_kuchynsky_odpad,Kuchynský odpad zo zdravotníckych a sociálnych zariadení,20 01 08,odpad,celorocne,D
00691852,Zariadenie pre seniorov a Zariadenie opatrovateľskej služby Kežmarok,Kežmarok,Kežmarok,Prešovský,49.136318,20.430447,Gastro a stravovacie zariadenia,Zariadenie sociálnych služieb,zvysky_z_taniera,Zvyšky z taniera,20 01 08,odpad,celorocne,D
00691852,Zariadenie pre seniorov a Zariadenie opatrovateľskej služby Kežmarok,Kežmarok,Kežmarok,Prešovský,49.136318,20.430447,Gastro a stravovacie zariadenia,Zariadenie sociálnych služieb,bro_zahrady,Biologicky rozložiteľný odpad zo záhrad,20 02 01,odpad,sezonne_leto,D
00691976,"Zariadenie pre seniorov Harmónia, Prešov - Cemjata",Prešov,Prešov,Prešovský,49.000411,21.252273,Gastro a stravovacie zariadenia,Zariadenie sociálnych služieb,nemocnicny_kuchynsky_odpad,Kuchynský odpad zo zdravotníckych a sociálnych zariadení,20 01 08,odpad,celorocne,D
00691976,"Zariadenie pre seniorov Harmónia, Prešov - Cemjata",Prešov,Prešov,Prešovský,49.000411,21.252273,Gastro a stravovacie zariadenia,Zariadenie sociálnych služieb,zvysky_z_taniera,Zvyšky z taniera,20 01 08,odpad,celorocne,D
00691976,"Zariadenie pre seniorov Harmónia, Prešov - Cemjata",Prešov,Prešov,Prešovský,49.000411,21.252273,Gastro a stravovacie zariadenia,Zariadenie sociálnych služieb,bro_zahrady,Biologicky rozložiteľný odpad zo záhrad,20 02 01,odpad,sezonne_leto,D
00692000,Zariadenie pre seniorov Náruč,Prešov,Prešov,Prešovský,49.000411,21.252273,Gastro a stravovacie zariadenia,Zariadenie sociálnych služieb,nemocnicny_kuchynsky_odpad,Kuchynský odpad zo zdravotníckych a sociálnych zariadení,20 01 08,odpad,celorocne,D
00692000,Zariadenie pre seniorov Náruč,Prešov,Prešov,Prešovský,49.000411,21.252273,Gastro a stravovacie zariadenia,Zariadenie sociálnych služieb,zvysky_z_taniera,Zvyšky z taniera,20 01 08,odpad,celorocne,D
00692000,Zariadenie pre seniorov Náruč,Prešov,Prešov,Prešovský,49.000411,21.252273,Gastro a stravovacie zariadenia,Zariadenie sociálnych služieb,bro_zahrady,Biologicky rozložiteľný odpad zo záhrad,20 02 01,odpad,sezonne_leto,D
00693804,"COOP Jednota Námestovo, spotrebné družstvo",Námestovo,Námestovo,Žilinský,49.409512,19.480783,Retail a distribúcia potravín,Spotrebné družstvo (predajne),retail_ovocie_zelenina,Neupredané ovocie a zelenina z predajní,20 01 08,odpad,celorocne,D
00693804,"COOP Jednota Námestovo, spotrebné družstvo",Námestovo,Námestovo,Žilinský,49.409512,19.480783,Retail a distribúcia potravín,Spotrebné družstvo (predajne),retail_pecivo,Neupredané pečivo a pekárske výrobky,02 06 01,vedlajsi_produkt,celorocne,D
00693804,"COOP Jednota Námestovo, spotrebné družstvo",Námestovo,Námestovo,Žilinský,49.409512,19.480783,Retail a distribúcia potravín,Spotrebné družstvo (predajne),retail_mliecne,Mliečne výrobky po dátume minimálnej trvanlivosti,20 01 08,odpad,celorocne,D
00693804,"COOP Jednota Námestovo, spotrebné družstvo",Námestovo,Námestovo,Žilinský,49.409512,19.480783,Retail a distribúcia potravín,Spotrebné družstvo (predajne),retail_maso_zvysky,Mäsové a údenárske výrobky po dátume spotreby,02 02 03,odpad,celorocne,D
00693804,"COOP Jednota Námestovo, spotrebné družstvo",Námestovo,Námestovo,Žilinský,49.409512,19.480783,Retail a distribúcia potravín,Spotrebné družstvo (predajne),retail_zmesovy,Zmesový potravinový odpad z predajne,20 01 08,odpad,celorocne,D
00695327,SUBSIDIUM - Špecializované zariadenie a zariadenie pre seniorov,Rožňava,Rožňava,Košický,48.654392,20.531184,Gastro a stravovacie zariadenia,Zariadenie sociálnych služieb,nemocnicny_kuchynsky_odpad,Kuchynský odpad zo zdravotníckych a sociálnych zariadení,20 01 08,odpad,celorocne,D
00695327,SUBSIDIUM - Špecializované zariadenie a zariadenie pre seniorov,Rožňava,Rožňava,Košický,48.654392,20.531184,Gastro a stravovacie zariadenia,Zariadenie sociálnych služieb,zvysky_z_taniera,Zvyšky z taniera,20 01 08,odpad,celorocne,D
00695327,SUBSIDIUM - Špecializované zariadenie a zariadenie pre seniorov,Rožňava,Rožňava,Košický,48.654392,20.531184,Gastro a stravovacie zariadenia,Zariadenie sociálnych služieb,bro_zahrady,Biologicky rozložiteľný odpad zo záhrad,20 02 01,odpad,sezonne_leto,D
00893315,"Stredná odborná škola techniky a služieb, Pod amfiteátrom 7, Levice",Levice,Levice,Nitriansky,48.216667,18.6,Gastro a stravovacie zariadenia,Stredná škola,skolsky_kuchynsky_odpad,Kuchynský odpad zo školských jedální,20 01 08,odpad,celorocne,D
00893315,"Stredná odborná škola techniky a služieb, Pod amfiteátrom 7, Levice",Levice,Levice,Nitriansky,48.216667,18.6,Gastro a stravovacie zariadenia,Stredná škola,zvysky_z_taniera,Zvyšky z taniera,20 01 08,odpad,celorocne,D
00893315,"Stredná odborná škola techniky a služieb, Pod amfiteátrom 7, Levice",Levice,Levice,Nitriansky,48.216667,18.6,Gastro a stravovacie zariadenia,Stredná škola,gastro_fritovaci_olej,Použitý fritovací olej z gastroprevádzok,20 01 25,odpad,celorocne,D
00893315,"Stredná odborná škola techniky a služieb, Pod amfiteátrom 7, Levice",Levice,Levice,Nitriansky,48.216667,18.6,Gastro a stravovacie zariadenia,Stredná škola,bro_zahrady,Biologicky rozložiteľný odpad zo záhrad,20 02 01,odpad,sezonne_leto,D
00893331,"Stredná odborná škola informačných technológií, Ostrovského 1, Košice",Košice - mestská časť Juh,Košice IV,Košický,48.706875,21.259905,Gastro a stravovacie zariadenia,Stredná škola,skolsky_kuchynsky_odpad,Kuchynský odpad zo školských jedální,20 01 08,odpad,celorocne,D
00893331,"Stredná odborná škola informačných technológií, Ostrovského 1, Košice",Košice - mestská časť Juh,Košice IV,Košický,48.706875,21.259905,Gastro a stravovacie zariadenia,Stredná škola,zvysky_z_taniera,Zvyšky z taniera,20 01 08,odpad,celorocne,D
00893331,"Stredná odborná škola informačných technológií, Ostrovského 1, Košice",Košice - mestská časť Juh,Košice IV,Košický,48.706875,21.259905,Gastro a stravovacie zariadenia,Stredná škola,gastro_fritovaci_olej,Použitý fritovací olej z gastroprevádzok,20 01 25,odpad,celorocne,D
00893331,"Stredná odborná škola informačných technológií, Ostrovského 1, Košice",Košice - mestská časť Juh,Košice IV,Košický,48.706875,21.259905,Gastro a stravovacie zariadenia,Stredná škola,bro_zahrady,Biologicky rozložiteľný odpad zo záhrad,20 02 01,odpad,sezonne_leto,D
00893692,Stredná odborná škola polytechnická a služieb arm. gen. L. Svobodu,Svidník,Svidník,Prešovský,49.308408,21.573643,Gastro a stravovacie zariadenia,Stredná škola,skolsky_kuchynsky_odpad,Kuchynský odpad zo školských jedální,20 01 08,odpad,celorocne,D
00893692,Stredná odborná škola polytechnická a služieb arm. gen. L. Svobodu,Svidník,Svidník,Prešovský,49.308408,21.573643,Gastro a stravovacie zariadenia,Stredná škola,zvysky_z_taniera,Zvyšky z taniera,20 01 08,odpad,celorocne,D
00893692,Stredná odborná škola polytechnická a služieb arm. gen. L. Svobodu,Svidník,Svidník,Prešovský,49.308408,21.573643,Gastro a stravovacie zariadenia,Stredná škola,gastro_fritovaci_olej,Použitý fritovací olej z gastroprevádzok,20 01 25,odpad,celorocne,D
00893692,Stredná odborná škola polytechnická a služieb arm. gen. L. Svobodu,Svidník,Svidník,Prešovský,49.308408,21.573643,Gastro a stravovacie zariadenia,Stredná škola,bro_zahrady,Biologicky rozložiteľný odpad zo záhrad,20 02 01,odpad,sezonne_leto,D
11882115,Súkromná stredná odborná škola obchodu a služieb s VJM,Mostová,Galanta,Trnavský,48.140162,17.678594,Gastro a stravovacie zariadenia,Stredná škola,skolsky_kuchynsky_odpad,Kuchynský odpad zo školských jedální,20 01 08,odpad,celorocne,D
11882115,Súkromná stredná odborná škola obchodu a služieb s VJM,Mostová,Galanta,Trnavský,48.140162,17.678594,Gastro a stravovacie zariadenia,Stredná škola,zvysky_z_taniera,Zvyšky z taniera,20 01 08,odpad,celorocne,D
11882115,Súkromná stredná odborná škola obchodu a služieb s VJM,Mostová,Galanta,Trnavský,48.140162,17.678594,Gastro a stravovacie zariadenia,Stredná škola,gastro_fritovaci_olej,Použitý fritovací olej z gastroprevádzok,20 01 25,odpad,celorocne,D
11882115,Súkromná stredná odborná škola obchodu a služieb s VJM,Mostová,Galanta,Trnavský,48.140162,17.678594,Gastro a stravovacie zariadenia,Stredná škola,bro_zahrady,Biologicky rozložiteľný odpad zo záhrad,20 02 01,odpad,sezonne_leto,D
14321114,Anton Kollár - MASIARSTVO TONY,Lažany,Prievidza,Trenčiansky,48.819215,18.622017,Potravinárstvo a nápoje,Mäsospracovanie,kostny_zvysok,Kosti a kostné zvyšky,02 02 02,vedlajsi_produkt,celorocne,D
14321114,Anton Kollár - MASIARSTVO TONY,Lažany,Prievidza,Trenčiansky,48.819215,18.622017,Potravinárstvo a nápoje,Mäsospracovanie,kozne_odrezky,Kožné odrezky a podkožný tuk,02 02 02,odpad,celorocne,D
14321114,Anton Kollár - MASIARSTVO TONY,Lažany,Prievidza,Trenčiansky,48.819215,18.622017,Potravinárstvo a nápoje,Mäsospracovanie,masovy_flotacny_kal,Flotačný kal z mäsospracovania,02 02 04,odpad,celorocne,D
14321114,Anton Kollár - MASIARSTVO TONY,Lažany,Prievidza,Trenčiansky,48.819215,18.622017,Potravinárstvo a nápoje,Mäsospracovanie,zvp_kat3,Živočíšne vedľajšie produkty kategórie 3,02 02 02,vedlajsi_produkt,celorocne,D
14321114,Anton Kollár - MASIARSTVO TONY,Lažany,Prievidza,Trenčiansky,48.819215,18.622017,Potravinárstvo a nápoje,Mäsospracovanie,technicky_zivocisny_tuk,Technický živočíšny tuk,02 02 03,vedlajsi_produkt,celorocne,D
14321114,Anton Kollár - MASIARSTVO TONY,Lažany,Prievidza,Trenčiansky,48.819215,18.622017,Potravinárstvo a nápoje,Mäsospracovanie,masokostna_mucka,Mäsokostná múčka,02 02 02,odpad,celorocne,D
14390710,Vojtech Bárány Mäso - údeniny,Košice - mestská časť Šaca,Košice II,Košický,48.631448,21.171446,Potravinárstvo a nápoje,Mäsospracovanie,kostny_zvysok,Kosti a kostné zvyšky,02 02 02,vedlajsi_produkt,celorocne,D
14390710,Vojtech Bárány Mäso - údeniny,Košice - mestská časť Šaca,Košice II,Košický,48.631448,21.171446,Potravinárstvo a nápoje,Mäsospracovanie,kozne_odrezky,Kožné odrezky a podkožný tuk,02 02 02,odpad,celorocne,D
14390710,Vojtech Bárány Mäso - údeniny,Košice - mestská časť Šaca,Košice II,Košický,48.631448,21.171446,Potravinárstvo a nápoje,Mäsospracovanie,masovy_flotacny_kal,Flotačný kal z mäsospracovania,02 02 04,odpad,celorocne,D
14390710,Vojtech Bárány Mäso - údeniny,Košice - mestská časť Šaca,Košice II,Košický,48.631448,21.171446,Potravinárstvo a nápoje,Mäsospracovanie,zvp_kat3,Živočíšne vedľajšie produkty kategórie 3,02 02 02,vedlajsi_produkt,celorocne,D
14390710,Vojtech Bárány Mäso - údeniny,Košice - mestská časť Šaca,Košice II,Košický,48.631448,21.171446,Potravinárstvo a nápoje,Mäsospracovanie,technicky_zivocisny_tuk,Technický živočíšny tuk,02 02 03,vedlajsi_produkt,celorocne,D
14390710,Vojtech Bárány Mäso - údeniny,Košice - mestská časť Šaca,Košice II,Košický,48.631448,21.171446,Potravinárstvo a nápoje,Mäsospracovanie,masokostna_mucka,Mäsokostná múčka,02 02 02,odpad,celorocne,D
14414805,Jaroslav Darmo Mäso - údeniny,Chynorany,Partizánske,Trenčiansky,48.609821,18.27348,Potravinárstvo a nápoje,Mäsospracovanie,kostny_zvysok,Kosti a kostné zvyšky,02 02 02,vedlajsi_produkt,celorocne,D
14414805,Jaroslav Darmo Mäso - údeniny,Chynorany,Partizánske,Trenčiansky,48.609821,18.27348,Potravinárstvo a nápoje,Mäsospracovanie,kozne_odrezky,Kožné odrezky a podkožný tuk,02 02 02,odpad,celorocne,D
14414805,Jaroslav Darmo Mäso - údeniny,Chynorany,Partizánske,Trenčiansky,48.609821,18.27348,Potravinárstvo a nápoje,Mäsospracovanie,masovy_flotacny_kal,Flotačný kal z mäsospracovania,02 02 04,odpad,celorocne,D
14414805,Jaroslav Darmo Mäso - údeniny,Chynorany,Partizánske,Trenčiansky,48.609821,18.27348,Potravinárstvo a nápoje,Mäsospracovanie,zvp_kat3,Živočíšne vedľajšie produkty kategórie 3,02 02 02,vedlajsi_produkt,celorocne,D
14414805,Jaroslav Darmo Mäso - údeniny,Chynorany,Partizánske,Trenčiansky,48.609821,18.27348,Potravinárstvo a nápoje,Mäsospracovanie,technicky_zivocisny_tuk,Technický živočíšny tuk,02 02 03,vedlajsi_produkt,celorocne,D
14414805,Jaroslav Darmo Mäso - údeniny,Chynorany,Partizánske,Trenčiansky,48.609821,18.27348,Potravinárstvo a nápoje,Mäsospracovanie,masokostna_mucka,Mäsokostná múčka,02 02 02,odpad,celorocne,D
17050111,Gymnázium Juraja Szondyho s VJM,Šahy,Levice,Nitriansky,48.172145,18.713842,Gastro a stravovacie zariadenia,Stredná škola,skolsky_kuchynsky_odpad,Kuchynský odpad zo školských jedální,20 01 08,odpad,celorocne,D
17050111,Gymnázium Juraja Szondyho s VJM,Šahy,Levice,Nitriansky,48.172145,18.713842,Gastro a stravovacie zariadenia,Stredná škola,zvysky_z_taniera,Zvyšky z taniera,20 01 08,odpad,celorocne,D
17050111,Gymnázium Juraja Szondyho s VJM,Šahy,Levice,Nitriansky,48.172145,18.713842,Gastro a stravovacie zariadenia,Stredná škola,gastro_fritovaci_olej,Použitý fritovací olej z gastroprevádzok,20 01 25,odpad,celorocne,D
17050111,Gymnázium Juraja Szondyho s VJM,Šahy,Levice,Nitriansky,48.172145,18.713842,Gastro a stravovacie zariadenia,Stredná škola,bro_zahrady,Biologicky rozložiteľný odpad zo záhrad,20 02 01,odpad,sezonne_leto,D
17050197,Gymnázium Karola Štúra,Modra,Pezinok,Bratislavský,48.336443,17.308037,Gastro a stravovacie zariadenia,Stredná škola,skolsky_kuchynsky_odpad,Kuchynský odpad zo školských jedální,20 01 08,odpad,celorocne,D
17050197,Gymnázium Karola Štúra,Modra,Pezinok,Bratislavský,48.336443,17.308037,Gastro a stravovacie zariadenia,Stredná škola,zvysky_z_taniera,Zvyšky z taniera,20 01 08,odpad,celorocne,D
17050197,Gymnázium Karola Štúra,Modra,Pezinok,Bratislavský,48.336443,17.308037,Gastro a stravovacie zariadenia,Stredná škola,gastro_fritovaci_olej,Použitý fritovací olej z gastroprevádzok,20 01 25,odpad,celorocne,D
17050197,Gymnázium Karola Štúra,Modra,Pezinok,Bratislavský,48.336443,17.308037,Gastro a stravovacie zariadenia,Stredná škola,bro_zahrady,Biologicky rozložiteľný odpad zo záhrad,20 02 01,odpad,sezonne_leto,D
17050227,Gymnázium Janka Jesenského,Bánovce nad Bebravou,Bánovce nad Bebravou,Trenčiansky,48.721667,18.259826,Gastro a stravovacie zariadenia,Stredná škola,skolsky_kuchynsky_odpad,Kuchynský odpad zo školských jedální,20 01 08,odpad,celorocne,D
17050227,Gymnázium Janka Jesenského,Bánovce nad Bebravou,Bánovce nad Bebravou,Trenčiansky,48.721667,18.259826,Gastro a stravovacie zariadenia,Stredná škola,zvysky_z_taniera,Zvyšky z taniera,20 01 08,odpad,celorocne,D
17050227,Gymnázium Janka Jesenského,Bánovce nad Bebravou,Bánovce nad Bebravou,Trenčiansky,48.721667,18.259826,Gastro a stravovacie zariadenia,Stredná škola,gastro_fritovaci_olej,Použitý fritovací olej z gastroprevádzok,20 01 25,odpad,celorocne,D
17050227,Gymnázium Janka Jesenského,Bánovce nad Bebravou,Bánovce nad Bebravou,Trenčiansky,48.721667,18.259826,Gastro a stravovacie zariadenia,Stredná škola,bro_zahrady,Biologicky rozložiteľný odpad zo záhrad,20 02 01,odpad,sezonne_leto,D
17053846,"Stredná odborná škola podnikania a služieb, Hattalova 968/33, Námestovo",Námestovo,Námestovo,Žilinský,49.409512,19.480783,Gastro a stravovacie zariadenia,Stredná škola,skolsky_kuchynsky_odpad,Kuchynský odpad zo školských jedální,20 01 08,odpad,celorocne,D
17053846,"Stredná odborná škola podnikania a služieb, Hattalova 968/33, Námestovo",Námestovo,Námestovo,Žilinský,49.409512,19.480783,Gastro a stravovacie zariadenia,Stredná škola,zvysky_z_taniera,Zvyšky z taniera,20 01 08,odpad,celorocne,D
17053846,"Stredná odborná škola podnikania a služieb, Hattalova 968/33, Námestovo",Námestovo,Námestovo,Žilinský,49.409512,19.480783,Gastro a stravovacie zariadenia,Stredná škola,gastro_fritovaci_olej,Použitý fritovací olej z gastroprevádzok,20 01 25,odpad,celorocne,D
17053846,"Stredná odborná škola podnikania a služieb, Hattalova 968/33, Námestovo",Námestovo,Námestovo,Žilinský,49.409512,19.480783,Gastro a stravovacie zariadenia,Stredná škola,bro_zahrady,Biologicky rozložiteľný odpad zo záhrad,20 02 01,odpad,sezonne_leto,D
17053871,Stredná odborná škola kaderníctva a vizážistiky,Bratislava - mestská časť Ružinov,Bratislava II,Bratislavský,48.149645,17.164279,Gastro a stravovacie zariadenia,Stredná škola,skolsky_kuchynsky_odpad,Kuchynský odpad zo školských jedální,20 01 08,odpad,celorocne,D
17053871,Stredná odborná škola kaderníctva a vizážistiky,Bratislava - mestská časť Ružinov,Bratislava II,Bratislavský,48.149645,17.164279,Gastro a stravovacie zariadenia,Stredná škola,zvysky_z_taniera,Zvyšky z taniera,20 01 08,odpad,celorocne,D
17053871,Stredná odborná škola kaderníctva a vizážistiky,Bratislava - mestská časť Ružinov,Bratislava II,Bratislavský,48.149645,17.164279,Gastro a stravovacie zariadenia,Stredná škola,gastro_fritovaci_olej,Použitý fritovací olej z gastroprevádzok,20 01 25,odpad,celorocne,D
17053871,Stredná odborná škola kaderníctva a vizážistiky,Bratislava - mestská časť Ružinov,Bratislava II,Bratislavský,48.149645,17.164279,Gastro a stravovacie zariadenia,Stredná škola,bro_zahrady,Biologicky rozložiteľný odpad zo záhrad,20 02 01,odpad,sezonne_leto,D
17059186,Zariadenie pre seniorov Nová Dubnica,Nová Dubnica,Ilava,Trenčiansky,48.940148,18.145837,Gastro a stravovacie zariadenia,Zariadenie sociálnych služieb,nemocnicny_kuchynsky_odpad,Kuchynský odpad zo zdravotníckych a sociálnych zariadení,20 01 08,odpad,celorocne,D
17059186,Zariadenie pre seniorov Nová Dubnica,Nová Dubnica,Ilava,Trenčiansky,48.940148,18.145837,Gastro a stravovacie zariadenia,Zariadenie sociálnych služieb,zvysky_z_taniera,Zvyšky z taniera,20 01 08,odpad,celorocne,D
17059186,Zariadenie pre seniorov Nová Dubnica,Nová Dubnica,Ilava,Trenčiansky,48.940148,18.145837,Gastro a stravovacie zariadenia,Zariadenie sociálnych služieb,bro_zahrady,Biologicky rozložiteľný odpad zo záhrad,20 02 01,odpad,sezonne_leto,D
17060664,Centrum sociálnych služieb Brezovec,Dolný Kubín,Dolný Kubín,Žilinský,49.218073,19.29539,Gastro a stravovacie zariadenia,Zariadenie sociálnych služieb,nemocnicny_kuchynsky_odpad,Kuchynský odpad zo zdravotníckych a sociálnych zariadení,20 01 08,odpad,celorocne,D
17060664,Centrum sociálnych služieb Brezovec,Dolný Kubín,Dolný Kubín,Žilinský,49.218073,19.29539,Gastro a stravovacie zariadenia,Zariadenie sociálnych služieb,zvysky_z_taniera,Zvyšky z taniera,20 01 08,odpad,celorocne,D
17060664,Centrum sociálnych služieb Brezovec,Dolný Kubín,Dolný Kubín,Žilinský,49.218073,19.29539,Gastro a stravovacie zariadenia,Zariadenie sociálnych služieb,bro_zahrady,Biologicky rozložiteľný odpad zo záhrad,20 02 01,odpad,sezonne_leto,D
17066913,Centrum sociálnych služieb - Chmelinec,Púchov,Púchov,Trenčiansky,49.123992,18.324242,Gastro a stravovacie zariadenia,Zariadenie sociálnych služieb,nemocnicny_kuchynsky_odpad,Kuchynský odpad zo zdravotníckych a sociálnych zariadení,20 01 08,odpad,celorocne,D
17066913,Centrum sociálnych služieb - Chmelinec,Púchov,Púchov,Trenčiansky,49.123992,18.324242,Gastro a stravovacie zariadenia,Zariadenie sociálnych služieb,zvysky_z_taniera,Zvyšky z taniera,20 01 08,odpad,celorocne,D
17066913,Centrum sociálnych služieb - Chmelinec,Púchov,Púchov,Trenčiansky,49.123992,18.324242,Gastro a stravovacie zariadenia,Zariadenie sociálnych služieb,bro_zahrady,Biologicky rozložiteľný odpad zo záhrad,20 02 01,odpad,sezonne_leto,D
17070503,"Základná škola s materskou školou pri zdravotníckom zariadení, Bardejovské kúpele 13",Bardejov,Bardejov,Prešovský,49.292999,21.27554,Gastro a stravovacie zariadenia,Základná škola,skolsky_kuchynsky_odpad,Kuchynský odpad zo školských jedální,20 01 08,odpad,celorocne,D
17070503,"Základná škola s materskou školou pri zdravotníckom zariadení, Bardejovské kúpele 13",Bardejov,Bardejov,Prešovský,49.292999,21.27554,Gastro a stravovacie zariadenia,Základná škola,zvysky_z_taniera,Zvyšky z taniera,20 01 08,odpad,celorocne,D
17070503,"Základná škola s materskou školou pri zdravotníckom zariadení, Bardejovské kúpele 13",Bardejov,Bardejov,Prešovský,49.292999,21.27554,Gastro a stravovacie zariadenia,Základná škola,gastro_kavova_sedlina,Kávová sedlina z gastroprevádzok,20 01 08,odpad,celorocne,D
17070503,"Základná škola s materskou školou pri zdravotníckom zariadení, Bardejovské kúpele 13",Bardejov,Bardejov,Prešovský,49.292999,21.27554,Gastro a stravovacie zariadenia,Základná škola,bro_zahrady,Biologicky rozložiteľný odpad zo záhrad,20 02 01,odpad,sezonne_leto,D
17078202,Správa mestskej zelene v Košiciach,Košice - mestská časť Juh,Košice IV,Košický,48.706875,21.259905,Komunálny a gastro bioodpad,Mesto - správa zelene,travna_hmota_kosba,Trávna hmota z kosby verejnej zelene,20 02 01,odpad,sezonne_leto,D
17078202,Správa mestskej zelene v Košiciach,Košice - mestská časť Juh,Košice IV,Košický,48.706875,21.259905,Komunálny a gastro bioodpad,Mesto - správa zelene,konare_stiepka,Konáre a drevná štiepka z údržby zelene,20 02 01,odpad,sezonne_jar,D
17078202,Správa mestskej zelene v Košiciach,Košice - mestská časť Juh,Košice IV,Košický,48.706875,21.259905,Komunálny a gastro bioodpad,Mesto - správa zelene,listie,Lístie z verejnej zelene,20 02 01,odpad,sezonne_jesen,D
17078202,Správa mestskej zelene v Košiciach,Košice - mestská časť Juh,Košice IV,Košický,48.706875,21.259905,Komunálny a gastro bioodpad,Mesto - správa zelene,bro_zahrady,Biologicky rozložiteľný odpad zo záhrad,20 02 01,odpad,sezonne_leto,D
17078202,Správa mestskej zelene v Košiciach,Košice - mestská časť Juh,Košice IV,Košický,48.706875,21.259905,Komunálny a gastro bioodpad,Mesto - správa zelene,kuchynsky_odpad,Biologicky rozložiteľný kuchynský a reštauračný odpad,20 01 08,odpad,celorocne,D
17078202,Správa mestskej zelene v Košiciach,Košice - mestská časť Juh,Košice IV,Košický,48.706875,21.259905,Komunálny a gastro bioodpad,Mesto - správa zelene,odpad_trhoviska,Odpad z trhovísk,20 03 02,odpad,sezonne_leto,D
17078482,"Stredná odborná škola gastronómie a služieb, Prešov",Prešov,Prešov,Prešovský,49.000411,21.252273,Gastro a stravovacie zariadenia,Stredná škola,skolsky_kuchynsky_odpad,Kuchynský odpad zo školských jedální,20 01 08,odpad,celorocne,D
17078482,"Stredná odborná škola gastronómie a služieb, Prešov",Prešov,Prešov,Prešovský,49.000411,21.252273,Gastro a stravovacie zariadenia,Stredná škola,zvysky_z_taniera,Zvyšky z taniera,20 01 08,odpad,celorocne,D
17078482,"Stredná odborná škola gastronómie a služieb, Prešov",Prešov,Prešov,Prešovský,49.000411,21.252273,Gastro a stravovacie zariadenia,Stredná škola,gastro_fritovaci_olej,Použitý fritovací olej z gastroprevádzok,20 01 25,odpad,celorocne,D
17078482,"Stredná odborná škola gastronómie a služieb, Prešov",Prešov,Prešov,Prešovský,49.000411,21.252273,Gastro a stravovacie zariadenia,Stredná škola,bro_zahrady,Biologicky rozložiteľný odpad zo záhrad,20 02 01,odpad,sezonne_leto,D
17132151,Milan Černaj Mäso-údeniny,Jelšava,Revúca,Banskobystrický,48.627976,20.24008,Potravinárstvo a nápoje,Mäsospracovanie,kostny_zvysok,Kosti a kostné zvyšky,02 02 02,vedlajsi_produkt,celorocne,D
17132151,Milan Černaj Mäso-údeniny,Jelšava,Revúca,Banskobystrický,48.627976,20.24008,Potravinárstvo a nápoje,Mäsospracovanie,kozne_odrezky,Kožné odrezky a podkožný tuk,02 02 02,odpad,celorocne,D
17132151,Milan Černaj Mäso-údeniny,Jelšava,Revúca,Banskobystrický,48.627976,20.24008,Potravinárstvo a nápoje,Mäsospracovanie,masovy_flotacny_kal,Flotačný kal z mäsospracovania,02 02 04,odpad,celorocne,D
17132151,Milan Černaj Mäso-údeniny,Jelšava,Revúca,Banskobystrický,48.627976,20.24008,Potravinárstvo a nápoje,Mäsospracovanie,zvp_kat3,Živočíšne vedľajšie produkty kategórie 3,02 02 02,vedlajsi_produkt,celorocne,D
17132151,Milan Černaj Mäso-údeniny,Jelšava,Revúca,Banskobystrický,48.627976,20.24008,Potravinárstvo a nápoje,Mäsospracovanie,technicky_zivocisny_tuk,Technický živočíšny tuk,02 02 03,vedlajsi_produkt,celorocne,D
17132151,Milan Černaj Mäso-údeniny,Jelšava,Revúca,Banskobystrický,48.627976,20.24008,Potravinárstvo a nápoje,Mäsospracovanie,masokostna_mucka,Mäsokostná múčka,02 02 02,odpad,celorocne,D
17149355,Centrum sociálnych služieb Bardejov,Bardejov,Bardejov,Prešovský,49.292999,21.27554,Gastro a stravovacie zariadenia,Zariadenie sociálnych služieb,nemocnicny_kuchynsky_odpad,Kuchynský odpad zo zdravotníckych a sociálnych zariadení,20 01 08,odpad,celorocne,D
17149355,Centrum sociálnych služieb Bardejov,Bardejov,Bardejov,Prešovský,49.292999,21.27554,Gastro a stravovacie zariadenia,Zariadenie sociálnych služieb,zvysky_z_taniera,Zvyšky z taniera,20 01 08,odpad,celorocne,D
17149355,Centrum sociálnych služieb Bardejov,Bardejov,Bardejov,Prešovský,49.292999,21.27554,Gastro a stravovacie zariadenia,Zariadenie sociálnych služieb,bro_zahrady,Biologicky rozložiteľný odpad zo záhrad,20 02 01,odpad,sezonne_leto,D
17151341,Gymnázium Michalovce,Michalovce,Michalovce,Košický,48.75,21.933333,Gastro a stravovacie zariadenia,Stredná škola,skolsky_kuchynsky_odpad,Kuchynský odpad zo školských jedální,20 01 08,odpad,celorocne,D
17151341,Gymnázium Michalovce,Michalovce,Michalovce,Košický,48.75,21.933333,Gastro a stravovacie zariadenia,Stredná škola,zvysky_z_taniera,Zvyšky z taniera,20 01 08,odpad,celorocne,D
17151341,Gymnázium Michalovce,Michalovce,Michalovce,Košický,48.75,21.933333,Gastro a stravovacie zariadenia,Stredná škola,gastro_fritovaci_olej,Použitý fritovací olej z gastroprevádzok,20 01 25,odpad,celorocne,D
17151341,Gymnázium Michalovce,Michalovce,Michalovce,Košický,48.75,21.933333,Gastro a stravovacie zariadenia,Stredná škola,bro_zahrady,Biologicky rozložiteľný odpad zo záhrad,20 02 01,odpad,sezonne_leto,D
17219914,Nadežda Planková závodná jedáleň,Humenné,Humenné,Prešovský,48.934603,21.90314,Gastro a stravovacie zariadenia,Závodná a verejná jedáleň,gastro_kuchynsky_odpad,Kuchynský odpad z reštaurácií a hotelov,20 01 08,odpad,celorocne,D
17219914,Nadežda Planková závodná jedáleň,Humenné,Humenné,Prešovský,48.934603,21.90314,Gastro a stravovacie zariadenia,Závodná a verejná jedáleň,zvysky_z_taniera,Zvyšky z taniera,20 01 08,odpad,celorocne,D
17219914,Nadežda Planková závodná jedáleň,Humenné,Humenné,Prešovský,48.934603,21.90314,Gastro a stravovacie zariadenia,Závodná a verejná jedáleň,gastro_fritovaci_olej,Použitý fritovací olej z gastroprevádzok,20 01 25,odpad,celorocne,D
17219914,Nadežda Planková závodná jedáleň,Humenné,Humenné,Prešovský,48.934603,21.90314,Gastro a stravovacie zariadenia,Závodná a verejná jedáleň,tuky_odlucovace,Tuky z odlučovačov,19 08 09,odpad,celorocne,D
17259533,Anton Eliáš Mäso-údeniny,Valaliky,Košice - okolie,Košický,48.641526,21.29313,Potravinárstvo a nápoje,Mäsospracovanie,kostny_zvysok,Kosti a kostné zvyšky,02 02 02,vedlajsi_produkt,celorocne,D
17259533,Anton Eliáš Mäso-údeniny,Valaliky,Košice - okolie,Košický,48.641526,21.29313,Potravinárstvo a nápoje,Mäsospracovanie,kozne_odrezky,Kožné odrezky a podkožný tuk,02 02 02,odpad,celorocne,D
17259533,Anton Eliáš Mäso-údeniny,Valaliky,Košice - okolie,Košický,48.641526,21.29313,Potravinárstvo a nápoje,Mäsospracovanie,masovy_flotacny_kal,Flotačný kal z mäsospracovania,02 02 04,odpad,celorocne,D
17259533,Anton Eliáš Mäso-údeniny,Valaliky,Košice - okolie,Košický,48.641526,21.29313,Potravinárstvo a nápoje,Mäsospracovanie,zvp_kat3,Živočíšne vedľajšie produkty kategórie 3,02 02 02,vedlajsi_produkt,celorocne,D
17259533,Anton Eliáš Mäso-údeniny,Valaliky,Košice - okolie,Košický,48.641526,21.29313,Potravinárstvo a nápoje,Mäsospracovanie,technicky_zivocisny_tuk,Technický živočíšny tuk,02 02 03,vedlajsi_produkt,celorocne,D
17259533,Anton Eliáš Mäso-údeniny,Valaliky,Košice - okolie,Košický,48.641526,21.29313,Potravinárstvo a nápoje,Mäsospracovanie,masokostna_mucka,Mäsokostná múčka,02 02 02,odpad,celorocne,D
17266807,Mária Pastorová - BUFET ZÁHRADA,Michaľany,Trebišov,Košický,48.516667,21.633333,Gastro a stravovacie zariadenia,Reštaurácia,gastro_kuchynsky_odpad,Kuchynský odpad z reštaurácií a hotelov,20 01 08,odpad,celorocne,D
17266807,Mária Pastorová - BUFET ZÁHRADA,Michaľany,Trebišov,Košický,48.516667,21.633333,Gastro a stravovacie zariadenia,Reštaurácia,zvysky_z_taniera,Zvyšky z taniera,20 01 08,odpad,celorocne,D
17266807,Mária Pastorová - BUFET ZÁHRADA,Michaľany,Trebišov,Košický,48.516667,21.633333,Gastro a stravovacie zariadenia,Reštaurácia,gastro_fritovaci_olej,Použitý fritovací olej z gastroprevádzok,20 01 25,odpad,celorocne,D
17266807,Mária Pastorová - BUFET ZÁHRADA,Michaľany,Trebišov,Košický,48.516667,21.633333,Gastro a stravovacie zariadenia,Reštaurácia,gastro_kavova_sedlina,Kávová sedlina z gastroprevádzok,20 01 08,odpad,celorocne,D
17266807,Mária Pastorová - BUFET ZÁHRADA,Michaľany,Trebišov,Košický,48.516667,21.633333,Gastro a stravovacie zariadenia,Reštaurácia,tuky_odlucovace,Tuky z odlučovačov,19 08 09,odpad,celorocne,D
17639301,Poľnohospodárske družstvo Prusy,Prusy,Bánovce nad Bebravou,Trenčiansky,48.758555,18.260143,Poľnohospodárstvo a chov,Poľnohospodárske družstvo,slama_obilna,Obilná slama,02 01 03,vedlajsi_produkt,sezonne_leto,D
17639301,Poľnohospodárske družstvo Prusy,Prusy,Bánovce nad Bebravou,Trenčiansky,48.758555,18.260143,Poľnohospodárstvo a chov,Poľnohospodárske družstvo,kukuricne_korovie,Kukuričné kôrovie a stonky,02 01 03,vedlajsi_produkt,sezonne_jesen,D
17639301,Poľnohospodárske družstvo Prusy,Prusy,Bánovce nad Bebravou,Trenčiansky,48.758555,18.260143,Poľnohospodárstvo a chov,Poľnohospodárske družstvo,repkova_slama,Repková slama,02 01 03,vedlajsi_produkt,sezonne_leto,D
17639301,Poľnohospodárske družstvo Prusy,Prusy,Bánovce nad Bebravou,Trenčiansky,48.758555,18.260143,Poľnohospodárstvo a chov,Poľnohospodárske družstvo,travna_hmota_ttp,Trávna hmota z lúk a TTP,02 01 03,vedlajsi_produkt,sezonne_leto,D
17639301,Poľnohospodárske družstvo Prusy,Prusy,Bánovce nad Bebravou,Trenčiansky,48.758555,18.260143,Poľnohospodárstvo a chov,Poľnohospodárske družstvo,hnoj_hovadzi,Maštaľný hnoj hovädzí,02 01 06,odpad,celorocne,D
17639301,Poľnohospodárske družstvo Prusy,Prusy,Bánovce nad Bebravou,Trenčiansky,48.758555,18.260143,Poľnohospodárstvo a chov,Poľnohospodárske družstvo,hnojovica_osipane,Hnojovica ošípaných,02 01 06,odpad,celorocne,D
17639301,Poľnohospodárske družstvo Prusy,Prusy,Bánovce nad Bebravou,Trenčiansky,48.758555,18.260143,Poľnohospodárstvo a chov,Poľnohospodárske družstvo,odpad_cistenie_zrna,Odpad z čistenia a sušenia obilia,02 01 03,vedlajsi_produkt,sezonne_leto,D
17639301,Poľnohospodárske družstvo Prusy,Prusy,Bánovce nad Bebravou,Trenčiansky,48.758555,18.260143,Poľnohospodárstvo a chov,Poľnohospodárske družstvo,slnecnicove_stonky,Slnečnicové stonky a úbory,02 01 03,odpad,sezonne_jesen,D
17639913,Poľnohospodárske družstvo KLAS,Čata,Levice,Nitriansky,47.95,18.666667,Poľnohospodárstvo a chov,Poľnohospodárske družstvo,slama_obilna,Obilná slama,02 01 03,vedlajsi_produkt,sezonne_leto,D
17639913,Poľnohospodárske družstvo KLAS,Čata,Levice,Nitriansky,47.95,18.666667,Poľnohospodárstvo a chov,Poľnohospodárske družstvo,kukuricne_korovie,Kukuričné kôrovie a stonky,02 01 03,vedlajsi_produkt,sezonne_jesen,D
17639913,Poľnohospodárske družstvo KLAS,Čata,Levice,Nitriansky,47.95,18.666667,Poľnohospodárstvo a chov,Poľnohospodárske družstvo,repkova_slama,Repková slama,02 01 03,vedlajsi_produkt,sezonne_leto,D
17639913,Poľnohospodárske družstvo KLAS,Čata,Levice,Nitriansky,47.95,18.666667,Poľnohospodárstvo a chov,Poľnohospodárske družstvo,travna_hmota_ttp,Trávna hmota z lúk a TTP,02 01 03,vedlajsi_produkt,sezonne_leto,D
17639913,Poľnohospodárske družstvo KLAS,Čata,Levice,Nitriansky,47.95,18.666667,Poľnohospodárstvo a chov,Poľnohospodárske družstvo,hnoj_hovadzi,Maštaľný hnoj hovädzí,02 01 06,odpad,celorocne,D
17639913,Poľnohospodárske družstvo KLAS,Čata,Levice,Nitriansky,47.95,18.666667,Poľnohospodárstvo a chov,Poľnohospodárske družstvo,hnojovica_osipane,Hnojovica ošípaných,02 01 06,odpad,celorocne,D
17639913,Poľnohospodárske družstvo KLAS,Čata,Levice,Nitriansky,47.95,18.666667,Poľnohospodárstvo a chov,Poľnohospodárske družstvo,odpad_cistenie_zrna,Odpad z čistenia a sušenia obilia,02 01 03,vedlajsi_produkt,sezonne_leto,D
17639913,Poľnohospodárske družstvo KLAS,Čata,Levice,Nitriansky,47.95,18.666667,Poľnohospodárstvo a chov,Poľnohospodárske družstvo,slnecnicove_stonky,Slnečnicové stonky a úbory,02 01 03,odpad,sezonne_jesen,D
17642566,Poľnohospodárske družstvo Dolné Srnie,Dolné Srnie,Nové Mesto nad Váhom,Trenčiansky,48.80029,17.819541,Poľnohospodárstvo a chov,Poľnohospodárske družstvo,slama_obilna,Obilná slama,02 01 03,vedlajsi_produkt,sezonne_leto,D
17642566,Poľnohospodárske družstvo Dolné Srnie,Dolné Srnie,Nové Mesto nad Váhom,Trenčiansky,48.80029,17.819541,Poľnohospodárstvo a chov,Poľnohospodárske družstvo,kukuricne_korovie,Kukuričné kôrovie a stonky,02 01 03,vedlajsi_produkt,sezonne_jesen,D
17642566,Poľnohospodárske družstvo Dolné Srnie,Dolné Srnie,Nové Mesto nad Váhom,Trenčiansky,48.80029,17.819541,Poľnohospodárstvo a chov,Poľnohospodárske družstvo,repkova_slama,Repková slama,02 01 03,vedlajsi_produkt,sezonne_leto,D
17642566,Poľnohospodárske družstvo Dolné Srnie,Dolné Srnie,Nové Mesto nad Váhom,Trenčiansky,48.80029,17.819541,Poľnohospodárstvo a chov,Poľnohospodárske družstvo,travna_hmota_ttp,Trávna hmota z lúk a TTP,02 01 03,vedlajsi_produkt,sezonne_leto,D
17642566,Poľnohospodárske družstvo Dolné Srnie,Dolné Srnie,Nové Mesto nad Váhom,Trenčiansky,48.80029,17.819541,Poľnohospodárstvo a chov,Poľnohospodárske družstvo,hnoj_hovadzi,Maštaľný hnoj hovädzí,02 01 06,odpad,celorocne,D
17642566,Poľnohospodárske družstvo Dolné Srnie,Dolné Srnie,Nové Mesto nad Váhom,Trenčiansky,48.80029,17.819541,Poľnohospodárstvo a chov,Poľnohospodárske družstvo,hnojovica_osipane,Hnojovica ošípaných,02 01 06,odpad,celorocne,D
17642566,Poľnohospodárske družstvo Dolné Srnie,Dolné Srnie,Nové Mesto nad Váhom,Trenčiansky,48.80029,17.819541,Poľnohospodárstvo a chov,Poľnohospodárske družstvo,odpad_cistenie_zrna,Odpad z čistenia a sušenia obilia,02 01 03,vedlajsi_produkt,sezonne_leto,D
17642566,Poľnohospodárske družstvo Dolné Srnie,Dolné Srnie,Nové Mesto nad Váhom,Trenčiansky,48.80029,17.819541,Poľnohospodárstvo a chov,Poľnohospodárske družstvo,slnecnicove_stonky,Slnečnicové stonky a úbory,02 01 03,odpad,sezonne_jesen,D
17642795,"COOP Jednota Radošovce, spotrebné družstvo",Radošovce,Skalica,Trnavský,48.766667,17.283333,Retail a distribúcia potravín,Spotrebné družstvo (predajne),retail_ovocie_zelenina,Neupredané ovocie a zelenina z predajní,20 01 08,odpad,celorocne,D
17642795,"COOP Jednota Radošovce, spotrebné družstvo",Radošovce,Skalica,Trnavský,48.766667,17.283333,Retail a distribúcia potravín,Spotrebné družstvo (predajne),retail_pecivo,Neupredané pečivo a pekárske výrobky,02 06 01,vedlajsi_produkt,celorocne,D
17642795,"COOP Jednota Radošovce, spotrebné družstvo",Radošovce,Skalica,Trnavský,48.766667,17.283333,Retail a distribúcia potravín,Spotrebné družstvo (predajne),retail_mliecne,Mliečne výrobky po dátume minimálnej trvanlivosti,20 01 08,odpad,celorocne,D
17642795,"COOP Jednota Radošovce, spotrebné družstvo",Radošovce,Skalica,Trnavský,48.766667,17.283333,Retail a distribúcia potravín,Spotrebné družstvo (predajne),retail_maso_zvysky,Mäsové a údenárske výrobky po dátume spotreby,02 02 03,odpad,celorocne,D
17642795,"COOP Jednota Radošovce, spotrebné družstvo",Radošovce,Skalica,Trnavský,48.766667,17.283333,Retail a distribúcia potravín,Spotrebné družstvo (predajne),retail_zmesovy,Zmesový potravinový odpad z predajne,20 01 08,odpad,celorocne,D
17689503,Margita Farkasová - Reštaurácia,Kráľov Brod,Galanta,Trnavský,48.058997,17.830464,Gastro a stravovacie zariadenia,Reštaurácia,gastro_kuchynsky_odpad,Kuchynský odpad z reštaurácií a hotelov,20 01 08,odpad,celorocne,D
17689503,Margita Farkasová - Reštaurácia,Kráľov Brod,Galanta,Trnavský,48.058997,17.830464,Gastro a stravovacie zariadenia,Reštaurácia,zvysky_z_taniera,Zvyšky z taniera,20 01 08,odpad,celorocne,D
17689503,Margita Farkasová - Reštaurácia,Kráľov Brod,Galanta,Trnavský,48.058997,17.830464,Gastro a stravovacie zariadenia,Reštaurácia,gastro_fritovaci_olej,Použitý fritovací olej z gastroprevádzok,20 01 25,odpad,celorocne,D
17689503,Margita Farkasová - Reštaurácia,Kráľov Brod,Galanta,Trnavský,48.058997,17.830464,Gastro a stravovacie zariadenia,Reštaurácia,gastro_kavova_sedlina,Kávová sedlina z gastroprevádzok,20 01 08,odpad,celorocne,D
17689503,Margita Farkasová - Reštaurácia,Kráľov Brod,Galanta,Trnavský,48.058997,17.830464,Gastro a stravovacie zariadenia,Reštaurácia,tuky_odlucovace,Tuky z odlučovačov,19 08 09,odpad,celorocne,D
17795541,Milan Hric - MÄSO - ÚDENINY,Žiar nad Hronom,Žiar nad Hronom,Banskobystrický,48.590505,18.853646,Potravinárstvo a nápoje,Mäsospracovanie,kostny_zvysok,Kosti a kostné zvyšky,02 02 02,vedlajsi_produkt,celorocne,D
17795541,Milan Hric - MÄSO - ÚDENINY,Žiar nad Hronom,Žiar nad Hronom,Banskobystrický,48.590505,18.853646,Potravinárstvo a nápoje,Mäsospracovanie,kozne_odrezky,Kožné odrezky a podkožný tuk,02 02 02,odpad,celorocne,D
17795541,Milan Hric - MÄSO - ÚDENINY,Žiar nad Hronom,Žiar nad Hronom,Banskobystrický,48.590505,18.853646,Potravinárstvo a nápoje,Mäsospracovanie,masovy_flotacny_kal,Flotačný kal z mäsospracovania,02 02 04,odpad,celorocne,D
17795541,Milan Hric - MÄSO - ÚDENINY,Žiar nad Hronom,Žiar nad Hronom,Banskobystrický,48.590505,18.853646,Potravinárstvo a nápoje,Mäsospracovanie,zvp_kat3,Živočíšne vedľajšie produkty kategórie 3,02 02 02,vedlajsi_produkt,celorocne,D
17795541,Milan Hric - MÄSO - ÚDENINY,Žiar nad Hronom,Žiar nad Hronom,Banskobystrický,48.590505,18.853646,Potravinárstvo a nápoje,Mäsospracovanie,technicky_zivocisny_tuk,Technický živočíšny tuk,02 02 03,vedlajsi_produkt,celorocne,D
17795541,Milan Hric - MÄSO - ÚDENINY,Žiar nad Hronom,Žiar nad Hronom,Banskobystrický,48.590505,18.853646,Potravinárstvo a nápoje,Mäsospracovanie,masokostna_mucka,Mäsokostná múčka,02 02 02,odpad,celorocne,D
17817994,Miloš Kubala MÄSO-ÚDENINY,Radoľa,Kysucké Nové Mesto,Žilinský,49.290202,18.794346,Potravinárstvo a nápoje,Mäsospracovanie,kostny_zvysok,Kosti a kostné zvyšky,02 02 02,vedlajsi_produkt,celorocne,D
17817994,Miloš Kubala MÄSO-ÚDENINY,Radoľa,Kysucké Nové Mesto,Žilinský,49.290202,18.794346,Potravinárstvo a nápoje,Mäsospracovanie,kozne_odrezky,Kožné odrezky a podkožný tuk,02 02 02,odpad,celorocne,D
17817994,Miloš Kubala MÄSO-ÚDENINY,Radoľa,Kysucké Nové Mesto,Žilinský,49.290202,18.794346,Potravinárstvo a nápoje,Mäsospracovanie,masovy_flotacny_kal,Flotačný kal z mäsospracovania,02 02 04,odpad,celorocne,D
17817994,Miloš Kubala MÄSO-ÚDENINY,Radoľa,Kysucké Nové Mesto,Žilinský,49.290202,18.794346,Potravinárstvo a nápoje,Mäsospracovanie,zvp_kat3,Živočíšne vedľajšie produkty kategórie 3,02 02 02,vedlajsi_produkt,celorocne,D
17817994,Miloš Kubala MÄSO-ÚDENINY,Radoľa,Kysucké Nové Mesto,Žilinský,49.290202,18.794346,Potravinárstvo a nápoje,Mäsospracovanie,technicky_zivocisny_tuk,Technický živočíšny tuk,02 02 03,vedlajsi_produkt,celorocne,D
17817994,Miloš Kubala MÄSO-ÚDENINY,Radoľa,Kysucké Nové Mesto,Žilinský,49.290202,18.794346,Potravinárstvo a nápoje,Mäsospracovanie,masokostna_mucka,Mäsokostná múčka,02 02 02,odpad,celorocne,D
18047181,"Vinárske závody Topoľčianky, s.r.o.",Topoľčianky,Zlaté Moravce,Nitriansky,48.420271,18.410113,Potravinárstvo a nápoje,Vinárstvo,hroznove_vylisky,Hroznové výlisky (matolina),02 07 04,vedlajsi_produkt,sezonne_jesen,D
18047181,"Vinárske závody Topoľčianky, s.r.o.",Topoľčianky,Zlaté Moravce,Nitriansky,48.420271,18.410113,Potravinárstvo a nápoje,Vinárstvo,vinne_kaly,Vínne kaly,02 07 05,odpad,sezonne_jesen,D
18047181,"Vinárske závody Topoľčianky, s.r.o.",Topoľčianky,Zlaté Moravce,Nitriansky,48.420271,18.410113,Potravinárstvo a nápoje,Vinárstvo,hroznove_stopky,Hroznové stopky (strapiny),02 07 01,odpad,sezonne_jesen,D
30027551,Štefan Hôrka - Mäso - údeniny,Trenčianska Teplá,Trenčín,Trenčiansky,48.93373,18.120323,Potravinárstvo a nápoje,Mäsospracovanie,kostny_zvysok,Kosti a kostné zvyšky,02 02 02,vedlajsi_produkt,celorocne,D
30027551,Štefan Hôrka - Mäso - údeniny,Trenčianska Teplá,Trenčín,Trenčiansky,48.93373,18.120323,Potravinárstvo a nápoje,Mäsospracovanie,kozne_odrezky,Kožné odrezky a podkožný tuk,02 02 02,odpad,celorocne,D
30027551,Štefan Hôrka - Mäso - údeniny,Trenčianska Teplá,Trenčín,Trenčiansky,48.93373,18.120323,Potravinárstvo a nápoje,Mäsospracovanie,masovy_flotacny_kal,Flotačný kal z mäsospracovania,02 02 04,odpad,celorocne,D
30027551,Štefan Hôrka - Mäso - údeniny,Trenčianska Teplá,Trenčín,Trenčiansky,48.93373,18.120323,Potravinárstvo a nápoje,Mäsospracovanie,zvp_kat3,Živočíšne vedľajšie produkty kategórie 3,02 02 02,vedlajsi_produkt,celorocne,D
30027551,Štefan Hôrka - Mäso - údeniny,Trenčianska Teplá,Trenčín,Trenčiansky,48.93373,18.120323,Potravinárstvo a nápoje,Mäsospracovanie,technicky_zivocisny_tuk,Technický živočíšny tuk,02 02 03,vedlajsi_produkt,celorocne,D
30027551,Štefan Hôrka - Mäso - údeniny,Trenčianska Teplá,Trenčín,Trenčiansky,48.93373,18.120323,Potravinárstvo a nápoje,Mäsospracovanie,masokostna_mucka,Mäsokostná múčka,02 02 02,odpad,celorocne,D
30111641,František Sekera Mliekáreň,Veľká Mača,Galanta,Trnavský,48.245092,17.686623,Potravinárstvo a nápoje,Mliekáreň,srvatka_sladka,Sladká srvátka,02 05 01,vedlajsi_produkt,celorocne,D
30111641,František Sekera Mliekáreň,Veľká Mača,Galanta,Trnavský,48.245092,17.686623,Potravinárstvo a nápoje,Mliekáreň,srvatka_kysla,Kyslá srvátka,02 05 01,odpad,celorocne,D
30111641,František Sekera Mliekáreň,Veľká Mača,Galanta,Trnavský,48.245092,17.686623,Potravinárstvo a nápoje,Mliekáreň,srvatkovy_permeat,Srvátkový permeát,02 05 01,vedlajsi_produkt,celorocne,D
30111641,František Sekera Mliekáreň,Veľká Mača,Galanta,Trnavský,48.245092,17.686623,Potravinárstvo a nápoje,Mliekáreň,cmar,Cmar,02 05 01,krmna_surovina,celorocne,D
30111641,František Sekera Mliekáreň,Veľká Mača,Galanta,Trnavský,48.245092,17.686623,Potravinárstvo a nápoje,Mliekáreň,mliekarensky_kal,Kal z mliekarenskej ČOV,02 05 02,odpad,celorocne,D
30222966,"Technické služby Turčianske Teplice, s. r. o.",Turčianske Teplice,Turčianske Teplice,Žilinský,48.862737,18.858728,Komunálny a gastro bioodpad,Technické služby mesta / obce,travna_hmota_kosba,Trávna hmota z kosby verejnej zelene,20 02 01,odpad,sezonne_leto,D
30222966,"Technické služby Turčianske Teplice, s. r. o.",Turčianske Teplice,Turčianske Teplice,Žilinský,48.862737,18.858728,Komunálny a gastro bioodpad,Technické služby mesta / obce,konare_stiepka,Konáre a drevná štiepka z údržby zelene,20 02 01,odpad,sezonne_jar,D
30222966,"Technické služby Turčianske Teplice, s. r. o.",Turčianske Teplice,Turčianske Teplice,Žilinský,48.862737,18.858728,Komunálny a gastro bioodpad,Technické služby mesta / obce,listie,Lístie z verejnej zelene,20 02 01,odpad,sezonne_jesen,D
30222966,"Technické služby Turčianske Teplice, s. r. o.",Turčianske Teplice,Turčianske Teplice,Žilinský,48.862737,18.858728,Komunálny a gastro bioodpad,Technické služby mesta / obce,bro_zahrady,Biologicky rozložiteľný odpad zo záhrad,20 02 01,odpad,sezonne_leto,D
30222966,"Technické služby Turčianske Teplice, s. r. o.",Turčianske Teplice,Turčianske Teplice,Žilinský,48.862737,18.858728,Komunálny a gastro bioodpad,Technické služby mesta / obce,odpad_trhoviska,Odpad z trhovísk,20 03 02,odpad,sezonne_leto,D
30223423,"Spojená škola sv. Jozefa, Jašíkova 219, Turzovka",Turzovka,Čadca,Žilinský,49.402543,18.628775,Gastro a stravovacie zariadenia,Stredná škola,skolsky_kuchynsky_odpad,Kuchynský odpad zo školských jedální,20 01 08,odpad,celorocne,D
30223423,"Spojená škola sv. Jozefa, Jašíkova 219, Turzovka",Turzovka,Čadca,Žilinský,49.402543,18.628775,Gastro a stravovacie zariadenia,Stredná škola,zvysky_z_taniera,Zvyšky z taniera,20 01 08,odpad,celorocne,D
30223423,"Spojená škola sv. Jozefa, Jašíkova 219, Turzovka",Turzovka,Čadca,Žilinský,49.402543,18.628775,Gastro a stravovacie zariadenia,Stredná škola,gastro_fritovaci_olej,Použitý fritovací olej z gastroprevádzok,20 01 25,odpad,celorocne,D
30223423,"Spojená škola sv. Jozefa, Jašíkova 219, Turzovka",Turzovka,Čadca,Žilinský,49.402543,18.628775,Gastro a stravovacie zariadenia,Stredná škola,bro_zahrady,Biologicky rozložiteľný odpad zo záhrad,20 02 01,odpad,sezonne_leto,D
30225159,"TURIANSKA PEKÁREŇ, spol. s r.o.",Martin,Martin,Žilinský,49.07226,18.929174,Potravinárstvo a nápoje,Pekáreň,pekarenske_zvysky,Pekárenské zvyšky,02 06 01,vedlajsi_produkt,celorocne,D
30225159,"TURIANSKA PEKÁREŇ, spol. s r.o.",Martin,Martin,Žilinský,49.07226,18.929174,Potravinárstvo a nápoje,Pekáreň,cestovinove_zvysky,Cestovinové a múčne zvyšky,02 06 01,vedlajsi_produkt,celorocne,D
30225591,Centrum sociálnych služieb Méta,Martin,Martin,Žilinský,49.07226,18.929174,Gastro a stravovacie zariadenia,Zariadenie sociálnych služieb,nemocnicny_kuchynsky_odpad,Kuchynský odpad zo zdravotníckych a sociálnych zariadení,20 01 08,odpad,celorocne,D
30225591,Centrum sociálnych služieb Méta,Martin,Martin,Žilinský,49.07226,18.929174,Gastro a stravovacie zariadenia,Zariadenie sociálnych služieb,zvysky_z_taniera,Zvyšky z taniera,20 01 08,odpad,celorocne,D
30225591,Centrum sociálnych služieb Méta,Martin,Martin,Žilinský,49.07226,18.929174,Gastro a stravovacie zariadenia,Zariadenie sociálnych služieb,bro_zahrady,Biologicky rozložiteľný odpad zo záhrad,20 02 01,odpad,sezonne_leto,D
30228271,Zariadenie pre seniorov Považská Bystrica,Považská Bystrica,Považská Bystrica,Trenčiansky,49.114507,18.447319,Gastro a stravovacie zariadenia,Zariadenie sociálnych služieb,nemocnicny_kuchynsky_odpad,Kuchynský odpad zo zdravotníckych a sociálnych zariadení,20 01 08,odpad,celorocne,D
30228271,Zariadenie pre seniorov Považská Bystrica,Považská Bystrica,Považská Bystrica,Trenčiansky,49.114507,18.447319,Gastro a stravovacie zariadenia,Zariadenie sociálnych služieb,zvysky_z_taniera,Zvyšky z taniera,20 01 08,odpad,celorocne,D
30228271,Zariadenie pre seniorov Považská Bystrica,Považská Bystrica,Považská Bystrica,Trenčiansky,49.114507,18.447319,Gastro a stravovacie zariadenia,Zariadenie sociálnych služieb,bro_zahrady,Biologicky rozložiteľný odpad zo záhrad,20 02 01,odpad,sezonne_leto,D
30285216,Štefan Kún - Mäso - údeniny,Rožňava,Rožňava,Košický,48.654392,20.531184,Potravinárstvo a nápoje,Mäsospracovanie,kostny_zvysok,Kosti a kostné zvyšky,02 02 02,vedlajsi_produkt,celorocne,D
30285216,Štefan Kún - Mäso - údeniny,Rožňava,Rožňava,Košický,48.654392,20.531184,Potravinárstvo a nápoje,Mäsospracovanie,kozne_odrezky,Kožné odrezky a podkožný tuk,02 02 02,odpad,celorocne,D
30285216,Štefan Kún - Mäso - údeniny,Rožňava,Rožňava,Košický,48.654392,20.531184,Potravinárstvo a nápoje,Mäsospracovanie,masovy_flotacny_kal,Flotačný kal z mäsospracovania,02 02 04,odpad,celorocne,D
30285216,Štefan Kún - Mäso - údeniny,Rožňava,Rožňava,Košický,48.654392,20.531184,Potravinárstvo a nápoje,Mäsospracovanie,zvp_kat3,Živočíšne vedľajšie produkty kategórie 3,02 02 02,vedlajsi_produkt,celorocne,D
30285216,Štefan Kún - Mäso - údeniny,Rožňava,Rožňava,Košický,48.654392,20.531184,Potravinárstvo a nápoje,Mäsospracovanie,technicky_zivocisny_tuk,Technický živočíšny tuk,02 02 03,vedlajsi_produkt,celorocne,D
30285216,Štefan Kún - Mäso - údeniny,Rožňava,Rožňava,Košický,48.654392,20.531184,Potravinárstvo a nápoje,Mäsospracovanie,masokostna_mucka,Mäsokostná múčka,02 02 02,odpad,celorocne,D
30526027,Jozef Furťo - MÄSNA,Ružomberok,Ružomberok,Žilinský,49.08187,19.302965,Potravinárstvo a nápoje,Mäsospracovanie,kostny_zvysok,Kosti a kostné zvyšky,02 02 02,vedlajsi_produkt,celorocne,D
30526027,Jozef Furťo - MÄSNA,Ružomberok,Ružomberok,Žilinský,49.08187,19.302965,Potravinárstvo a nápoje,Mäsospracovanie,kozne_odrezky,Kožné odrezky a podkožný tuk,02 02 02,odpad,celorocne,D
30526027,Jozef Furťo - MÄSNA,Ružomberok,Ružomberok,Žilinský,49.08187,19.302965,Potravinárstvo a nápoje,Mäsospracovanie,masovy_flotacny_kal,Flotačný kal z mäsospracovania,02 02 04,odpad,celorocne,D
30526027,Jozef Furťo - MÄSNA,Ružomberok,Ružomberok,Žilinský,49.08187,19.302965,Potravinárstvo a nápoje,Mäsospracovanie,zvp_kat3,Živočíšne vedľajšie produkty kategórie 3,02 02 02,vedlajsi_produkt,celorocne,D
30526027,Jozef Furťo - MÄSNA,Ružomberok,Ružomberok,Žilinský,49.08187,19.302965,Potravinárstvo a nápoje,Mäsospracovanie,technicky_zivocisny_tuk,Technický živočíšny tuk,02 02 03,vedlajsi_produkt,celorocne,D
30526027,Jozef Furťo - MÄSNA,Ružomberok,Ružomberok,Žilinský,49.08187,19.302965,Potravinárstvo a nápoje,Mäsospracovanie,masokostna_mucka,Mäsokostná múčka,02 02 02,odpad,celorocne,D
30568731,Ján Macuľa - MÄSO - ÚDENINY,Brezno,Brezno,Banskobystrický,48.805335,19.640961,Potravinárstvo a nápoje,Mäsospracovanie,kostny_zvysok,Kosti a kostné zvyšky,02 02 02,vedlajsi_produkt,celorocne,D
30568731,Ján Macuľa - MÄSO - ÚDENINY,Brezno,Brezno,Banskobystrický,48.805335,19.640961,Potravinárstvo a nápoje,Mäsospracovanie,kozne_odrezky,Kožné odrezky a podkožný tuk,02 02 02,odpad,celorocne,D
30568731,Ján Macuľa - MÄSO - ÚDENINY,Brezno,Brezno,Banskobystrický,48.805335,19.640961,Potravinárstvo a nápoje,Mäsospracovanie,masovy_flotacny_kal,Flotačný kal z mäsospracovania,02 02 04,odpad,celorocne,D
30568731,Ján Macuľa - MÄSO - ÚDENINY,Brezno,Brezno,Banskobystrický,48.805335,19.640961,Potravinárstvo a nápoje,Mäsospracovanie,zvp_kat3,Živočíšne vedľajšie produkty kategórie 3,02 02 02,vedlajsi_produkt,celorocne,D
30568731,Ján Macuľa - MÄSO - ÚDENINY,Brezno,Brezno,Banskobystrický,48.805335,19.640961,Potravinárstvo a nápoje,Mäsospracovanie,technicky_zivocisny_tuk,Technický živočíšny tuk,02 02 03,vedlajsi_produkt,celorocne,D
30568731,Ján Macuľa - MÄSO - ÚDENINY,Brezno,Brezno,Banskobystrický,48.805335,19.640961,Potravinárstvo a nápoje,Mäsospracovanie,masokostna_mucka,Mäsokostná múčka,02 02 02,odpad,celorocne,D
30578990,Rudolf Škrobák - RaJ,Mužla,Nové Zámky,Nitriansky,47.78991,18.600899,Gastro a stravovacie zariadenia,Reštaurácia,gastro_kuchynsky_odpad,Kuchynský odpad z reštaurácií a hotelov,20 01 08,odpad,celorocne,D
30578990,Rudolf Škrobák - RaJ,Mužla,Nové Zámky,Nitriansky,47.78991,18.600899,Gastro a stravovacie zariadenia,Reštaurácia,zvysky_z_taniera,Zvyšky z taniera,20 01 08,odpad,celorocne,D
30578990,Rudolf Škrobák - RaJ,Mužla,Nové Zámky,Nitriansky,47.78991,18.600899,Gastro a stravovacie zariadenia,Reštaurácia,gastro_fritovaci_olej,Použitý fritovací olej z gastroprevádzok,20 01 25,odpad,celorocne,D
30578990,Rudolf Škrobák - RaJ,Mužla,Nové Zámky,Nitriansky,47.78991,18.600899,Gastro a stravovacie zariadenia,Reštaurácia,gastro_kavova_sedlina,Kávová sedlina z gastroprevádzok,20 01 08,odpad,celorocne,D
30578990,Rudolf Škrobák - RaJ,Mužla,Nové Zámky,Nitriansky,47.78991,18.600899,Gastro a stravovacie zariadenia,Reštaurácia,tuky_odlucovace,Tuky z odlučovačov,19 08 09,odpad,celorocne,D
30797969,Súkromné gymnázium ESPRIT,Bratislava,Bratislava I,Bratislavský,48.153538,17.109671,Gastro a stravovacie zariadenia,Stredná škola,skolsky_kuchynsky_odpad,Kuchynský odpad zo školských jedální,20 01 08,odpad,celorocne,D
30797969,Súkromné gymnázium ESPRIT,Bratislava,Bratislava I,Bratislavský,48.153538,17.109671,Gastro a stravovacie zariadenia,Stredná škola,zvysky_z_taniera,Zvyšky z taniera,20 01 08,odpad,celorocne,D
30797969,Súkromné gymnázium ESPRIT,Bratislava,Bratislava I,Bratislavský,48.153538,17.109671,Gastro a stravovacie zariadenia,Stredná škola,gastro_fritovaci_olej,Použitý fritovací olej z gastroprevádzok,20 01 25,odpad,celorocne,D
30797969,Súkromné gymnázium ESPRIT,Bratislava,Bratislava I,Bratislavský,48.153538,17.109671,Gastro a stravovacie zariadenia,Stredná škola,bro_zahrady,Biologicky rozložiteľný odpad zo záhrad,20 02 01,odpad,sezonne_leto,D
30804191,Centrum sociálnych služieb Rača,Bratislava - mestská časť Rača,Bratislava III,Bratislavský,48.211512,17.1534,Gastro a stravovacie zariadenia,Zariadenie sociálnych služieb,nemocnicny_kuchynsky_odpad,Kuchynský odpad zo zdravotníckych a sociálnych zariadení,20 01 08,odpad,celorocne,D
30804191,Centrum sociálnych služieb Rača,Bratislava - mestská časť Rača,Bratislava III,Bratislavský,48.211512,17.1534,Gastro a stravovacie zariadenia,Zariadenie sociálnych služieb,zvysky_z_taniera,Zvyšky z taniera,20 01 08,odpad,celorocne,D
30804191,Centrum sociálnych služieb Rača,Bratislava - mestská časť Rača,Bratislava III,Bratislavský,48.211512,17.1534,Gastro a stravovacie zariadenia,Zariadenie sociálnych služieb,bro_zahrady,Biologicky rozložiteľný odpad zo záhrad,20 02 01,odpad,sezonne_leto,D
30808901,Mestské lesy v Bratislave,Bratislava - mestská časť Nové Mesto,Bratislava III,Bratislavský,48.167188,17.138349,"Drevo, lesníctvo a ostatné",Mestské lesy,lesna_stiepka,Lesná štiepka a haluzina,02 01 07,vedlajsi_produkt,celorocne,D
30808901,Mestské lesy v Bratislave,Bratislava - mestská časť Nové Mesto,Bratislava III,Bratislavský,48.167188,17.138349,"Drevo, lesníctvo a ostatné",Mestské lesy,kora,Odpadová kôra,03 01 01,vedlajsi_produkt,celorocne,D
30808901,Mestské lesy v Bratislave,Bratislava - mestská časť Nové Mesto,Bratislava III,Bratislavský,48.167188,17.138349,"Drevo, lesníctvo a ostatné",Mestské lesy,odrezky_dreva,Odrezky a drevný odpad,03 01 05,vedlajsi_produkt,celorocne,D
30808901,Mestské lesy v Bratislave,Bratislava - mestská časť Nové Mesto,Bratislava III,Bratislavský,48.167188,17.138349,"Drevo, lesníctvo a ostatné",Mestské lesy,konare_stiepka,Konáre a drevná štiepka z údržby zelene,20 02 01,odpad,sezonne_jar,D
30847656,"Školská jedáleň pri 1. súkromnom gymnáziu, Bajkalská 20, Bratislava",Bratislava - mestská časť Ružinov,Bratislava II,Bratislavský,48.149645,17.164279,Gastro a stravovacie zariadenia,Školská jedáleň,skolsky_kuchynsky_odpad,Kuchynský odpad zo školských jedální,20 01 08,odpad,celorocne,D
30847656,"Školská jedáleň pri 1. súkromnom gymnáziu, Bajkalská 20, Bratislava",Bratislava - mestská časť Ružinov,Bratislava II,Bratislavský,48.149645,17.164279,Gastro a stravovacie zariadenia,Školská jedáleň,zvysky_z_taniera,Zvyšky z taniera,20 01 08,odpad,celorocne,D
30847656,"Školská jedáleň pri 1. súkromnom gymnáziu, Bajkalská 20, Bratislava",Bratislava - mestská časť Ružinov,Bratislava II,Bratislavský,48.149645,17.164279,Gastro a stravovacie zariadenia,Školská jedáleň,gastro_fritovaci_olej,Použitý fritovací olej z gastroprevádzok,20 01 25,odpad,celorocne,D
30853711,"Materská škola, Linzbothova 9847/18, Bratislava",Bratislava - mestská časť Podunajské Biskupice,Bratislava II,Bratislavský,48.130042,17.207422,Gastro a stravovacie zariadenia,Materská škola,skolsky_kuchynsky_odpad,Kuchynský odpad zo školských jedální,20 01 08,odpad,celorocne,D
30853711,"Materská škola, Linzbothova 9847/18, Bratislava",Bratislava - mestská časť Podunajské Biskupice,Bratislava II,Bratislavský,48.130042,17.207422,Gastro a stravovacie zariadenia,Materská škola,zvysky_z_taniera,Zvyšky z taniera,20 01 08,odpad,celorocne,D
30853711,"Materská škola, Linzbothova 9847/18, Bratislava",Bratislava - mestská časť Podunajské Biskupice,Bratislava II,Bratislavský,48.130042,17.207422,Gastro a stravovacie zariadenia,Materská škola,bro_zahrady,Biologicky rozložiteľný odpad zo záhrad,20 02 01,odpad,sezonne_leto,D
30866065,"Základná škola s materskou školou, Pernek 285",Pernek,Malacky,Bratislavský,48.368333,17.143541,Gastro a stravovacie zariadenia,Základná škola,skolsky_kuchynsky_odpad,Kuchynský odpad zo školských jedální,20 01 08,odpad,celorocne,D
30866065,"Základná škola s materskou školou, Pernek 285",Pernek,Malacky,Bratislavský,48.368333,17.143541,Gastro a stravovacie zariadenia,Základná škola,zvysky_z_taniera,Zvyšky z taniera,20 01 08,odpad,celorocne,D
30866065,"Základná škola s materskou školou, Pernek 285",Pernek,Malacky,Bratislavský,48.368333,17.143541,Gastro a stravovacie zariadenia,Základná škola,gastro_kavova_sedlina,Kávová sedlina z gastroprevádzok,20 01 08,odpad,celorocne,D
30866065,"Základná škola s materskou školou, Pernek 285",Pernek,Malacky,Bratislavský,48.368333,17.143541,Gastro a stravovacie zariadenia,Základná škola,bro_zahrady,Biologicky rozložiteľný odpad zo záhrad,20 02 01,odpad,sezonne_leto,D
30868645,Súkromná stredná odborná škola pedagogická a sociálna,Bratislava - mestská časť Karlova Ves,Bratislava IV,Bratislavský,48.160464,17.047532,Gastro a stravovacie zariadenia,Stredná škola,skolsky_kuchynsky_odpad,Kuchynský odpad zo školských jedální,20 01 08,odpad,celorocne,D
30868645,Súkromná stredná odborná škola pedagogická a sociálna,Bratislava - mestská časť Karlova Ves,Bratislava IV,Bratislavský,48.160464,17.047532,Gastro a stravovacie zariadenia,Stredná škola,zvysky_z_taniera,Zvyšky z taniera,20 01 08,odpad,celorocne,D
30868645,Súkromná stredná odborná škola pedagogická a sociálna,Bratislava - mestská časť Karlova Ves,Bratislava IV,Bratislavský,48.160464,17.047532,Gastro a stravovacie zariadenia,Stredná škola,gastro_fritovaci_olej,Použitý fritovací olej z gastroprevádzok,20 01 25,odpad,celorocne,D
30868645,Súkromná stredná odborná škola pedagogická a sociálna,Bratislava - mestská časť Karlova Ves,Bratislava IV,Bratislavský,48.160464,17.047532,Gastro a stravovacie zariadenia,Stredná škola,bro_zahrady,Biologicky rozložiteľný odpad zo záhrad,20 02 01,odpad,sezonne_leto,D
30996261,"MJM agro Cetín, s.r.o.",Levice,Levice,Nitriansky,48.216667,18.6,Poľnohospodárstvo a chov,Poľnohospodársky podnik,slama_obilna,Obilná slama,02 01 03,vedlajsi_produkt,sezonne_leto,D
30996261,"MJM agro Cetín, s.r.o.",Levice,Levice,Nitriansky,48.216667,18.6,Poľnohospodárstvo a chov,Poľnohospodársky podnik,kukuricne_korovie,Kukuričné kôrovie a stonky,02 01 03,vedlajsi_produkt,sezonne_jesen,D
30996261,"MJM agro Cetín, s.r.o.",Levice,Levice,Nitriansky,48.216667,18.6,Poľnohospodárstvo a chov,Poľnohospodársky podnik,repkova_slama,Repková slama,02 01 03,vedlajsi_produkt,sezonne_leto,D
30996261,"MJM agro Cetín, s.r.o.",Levice,Levice,Nitriansky,48.216667,18.6,Poľnohospodárstvo a chov,Poľnohospodársky podnik,odpad_cistenie_zrna,Odpad z čistenia a sušenia obilia,02 01 03,vedlajsi_produkt,sezonne_leto,D
30996261,"MJM agro Cetín, s.r.o.",Levice,Levice,Nitriansky,48.216667,18.6,Poľnohospodárstvo a chov,Poľnohospodársky podnik,travna_hmota_ttp,Trávna hmota z lúk a TTP,02 01 03,vedlajsi_produkt,sezonne_leto,D
30998034,Poľnohospodárske družstvo Okánikovo,Veľké Kosihy,Komárno,Nitriansky,47.766667,17.883333,Poľnohospodárstvo a chov,Poľnohospodárske družstvo,slama_obilna,Obilná slama,02 01 03,vedlajsi_produkt,sezonne_leto,D
30998034,Poľnohospodárske družstvo Okánikovo,Veľké Kosihy,Komárno,Nitriansky,47.766667,17.883333,Poľnohospodárstvo a chov,Poľnohospodárske družstvo,kukuricne_korovie,Kukuričné kôrovie a stonky,02 01 03,vedlajsi_produkt,sezonne_jesen,D
30998034,Poľnohospodárske družstvo Okánikovo,Veľké Kosihy,Komárno,Nitriansky,47.766667,17.883333,Poľnohospodárstvo a chov,Poľnohospodárske družstvo,repkova_slama,Repková slama,02 01 03,vedlajsi_produkt,sezonne_leto,D
30998034,Poľnohospodárske družstvo Okánikovo,Veľké Kosihy,Komárno,Nitriansky,47.766667,17.883333,Poľnohospodárstvo a chov,Poľnohospodárske družstvo,travna_hmota_ttp,Trávna hmota z lúk a TTP,02 01 03,vedlajsi_produkt,sezonne_leto,D
30998034,Poľnohospodárske družstvo Okánikovo,Veľké Kosihy,Komárno,Nitriansky,47.766667,17.883333,Poľnohospodárstvo a chov,Poľnohospodárske družstvo,hnoj_hovadzi,Maštaľný hnoj hovädzí,02 01 06,odpad,celorocne,D
30998034,Poľnohospodárske družstvo Okánikovo,Veľké Kosihy,Komárno,Nitriansky,47.766667,17.883333,Poľnohospodárstvo a chov,Poľnohospodárske družstvo,hnojovica_osipane,Hnojovica ošípaných,02 01 06,odpad,celorocne,D
30998034,Poľnohospodárske družstvo Okánikovo,Veľké Kosihy,Komárno,Nitriansky,47.766667,17.883333,Poľnohospodárstvo a chov,Poľnohospodárske družstvo,odpad_cistenie_zrna,Odpad z čistenia a sušenia obilia,02 01 03,vedlajsi_produkt,sezonne_leto,D
30998034,Poľnohospodárske družstvo Okánikovo,Veľké Kosihy,Komárno,Nitriansky,47.766667,17.883333,Poľnohospodárstvo a chov,Poľnohospodárske družstvo,slnecnicove_stonky,Slnečnicové stonky a úbory,02 01 03,odpad,sezonne_jesen,D
30999847,Centrum sociálnych služieb - Bánovce nad Bebravou,Bánovce nad Bebravou,Bánovce nad Bebravou,Trenčiansky,48.721667,18.259826,Gastro a stravovacie zariadenia,Zariadenie sociálnych služieb,nemocnicny_kuchynsky_odpad,Kuchynský odpad zo zdravotníckych a sociálnych zariadení,20 01 08,odpad,celorocne,D
30999847,Centrum sociálnych služieb - Bánovce nad Bebravou,Bánovce nad Bebravou,Bánovce nad Bebravou,Trenčiansky,48.721667,18.259826,Gastro a stravovacie zariadenia,Zariadenie sociálnych služieb,zvysky_z_taniera,Zvyšky z taniera,20 01 08,odpad,celorocne,D
30999847,Centrum sociálnych služieb - Bánovce nad Bebravou,Bánovce nad Bebravou,Bánovce nad Bebravou,Trenčiansky,48.721667,18.259826,Gastro a stravovacie zariadenia,Zariadenie sociálnych služieb,bro_zahrady,Biologicky rozložiteľný odpad zo záhrad,20 02 01,odpad,sezonne_leto,D
31102701,LYKO s.r.o.,Stupava,Malacky,Bratislavský,48.273132,17.032746,"Drevo, lesníctvo a ostatné",Píla a drevospracovanie,piliny,Piliny a hobliny,03 01 05,vedlajsi_produkt,celorocne,D
31102701,LYKO s.r.o.,Stupava,Malacky,Bratislavský,48.273132,17.032746,"Drevo, lesníctvo a ostatné",Píla a drevospracovanie,kora,Odpadová kôra,03 01 01,vedlajsi_produkt,celorocne,D
31102701,LYKO s.r.o.,Stupava,Malacky,Bratislavský,48.273132,17.032746,"Drevo, lesníctvo a ostatné",Píla a drevospracovanie,odrezky_dreva,Odrezky a drevný odpad,03 01 05,vedlajsi_produkt,celorocne,D
31105394,Zariadenie sociálnych služieb Zelený dom Skalica,Skalica,Skalica,Trnavský,48.770797,17.20201,Gastro a stravovacie zariadenia,Zariadenie sociálnych služieb,nemocnicny_kuchynsky_odpad,Kuchynský odpad zo zdravotníckych a sociálnych zariadení,20 01 08,odpad,celorocne,D
31105394,Zariadenie sociálnych služieb Zelený dom Skalica,Skalica,Skalica,Trnavský,48.770797,17.20201,Gastro a stravovacie zariadenia,Zariadenie sociálnych služieb,zvysky_z_taniera,Zvyšky z taniera,20 01 08,odpad,celorocne,D
31105394,Zariadenie sociálnych služieb Zelený dom Skalica,Skalica,Skalica,Trnavský,48.770797,17.20201,Gastro a stravovacie zariadenia,Zariadenie sociálnych služieb,bro_zahrady,Biologicky rozložiteľný odpad zo záhrad,20 02 01,odpad,sezonne_leto,D
31106161,Poľnohospodárske družstvo Zlatná na Ostrove,Zlatná na Ostrove,Komárno,Nitriansky,47.767557,17.976459,Poľnohospodárstvo a chov,Poľnohospodárske družstvo,slama_obilna,Obilná slama,02 01 03,vedlajsi_produkt,sezonne_leto,D
31106161,Poľnohospodárske družstvo Zlatná na Ostrove,Zlatná na Ostrove,Komárno,Nitriansky,47.767557,17.976459,Poľnohospodárstvo a chov,Poľnohospodárske družstvo,kukuricne_korovie,Kukuričné kôrovie a stonky,02 01 03,vedlajsi_produkt,sezonne_jesen,D
31106161,Poľnohospodárske družstvo Zlatná na Ostrove,Zlatná na Ostrove,Komárno,Nitriansky,47.767557,17.976459,Poľnohospodárstvo a chov,Poľnohospodárske družstvo,repkova_slama,Repková slama,02 01 03,vedlajsi_produkt,sezonne_leto,D
31106161,Poľnohospodárske družstvo Zlatná na Ostrove,Zlatná na Ostrove,Komárno,Nitriansky,47.767557,17.976459,Poľnohospodárstvo a chov,Poľnohospodárske družstvo,travna_hmota_ttp,Trávna hmota z lúk a TTP,02 01 03,vedlajsi_produkt,sezonne_leto,D
31106161,Poľnohospodárske družstvo Zlatná na Ostrove,Zlatná na Ostrove,Komárno,Nitriansky,47.767557,17.976459,Poľnohospodárstvo a chov,Poľnohospodárske družstvo,hnoj_hovadzi,Maštaľný hnoj hovädzí,02 01 06,odpad,celorocne,D
31106161,Poľnohospodárske družstvo Zlatná na Ostrove,Zlatná na Ostrove,Komárno,Nitriansky,47.767557,17.976459,Poľnohospodárstvo a chov,Poľnohospodárske družstvo,hnojovica_osipane,Hnojovica ošípaných,02 01 06,odpad,celorocne,D
31106161,Poľnohospodárske družstvo Zlatná na Ostrove,Zlatná na Ostrove,Komárno,Nitriansky,47.767557,17.976459,Poľnohospodárstvo a chov,Poľnohospodárske družstvo,odpad_cistenie_zrna,Odpad z čistenia a sušenia obilia,02 01 03,vedlajsi_produkt,sezonne_leto,D
31106161,Poľnohospodárske družstvo Zlatná na Ostrove,Zlatná na Ostrove,Komárno,Nitriansky,47.767557,17.976459,Poľnohospodárstvo a chov,Poľnohospodárske družstvo,slnecnicove_stonky,Slnečnicové stonky a úbory,02 01 03,odpad,sezonne_jesen,D
31118682,Centrum sociálnych služieb - DOMOV JAVORINA,Bzince pod Javorinou,Nové Mesto nad Váhom,Trenčiansky,48.786735,17.771587,Gastro a stravovacie zariadenia,Zariadenie sociálnych služieb,nemocnicny_kuchynsky_odpad,Kuchynský odpad zo zdravotníckych a sociálnych zariadení,20 01 08,odpad,celorocne,D
31118682,Centrum sociálnych služieb - DOMOV JAVORINA,Bzince pod Javorinou,Nové Mesto nad Váhom,Trenčiansky,48.786735,17.771587,Gastro a stravovacie zariadenia,Zariadenie sociálnych služieb,zvysky_z_taniera,Zvyšky z taniera,20 01 08,odpad,celorocne,D
31118682,Centrum sociálnych služieb - DOMOV JAVORINA,Bzince pod Javorinou,Nové Mesto nad Váhom,Trenčiansky,48.786735,17.771587,Gastro a stravovacie zariadenia,Zariadenie sociálnych služieb,bro_zahrady,Biologicky rozložiteľný odpad zo záhrad,20 02 01,odpad,sezonne_leto,D
31193897,OAZIS - Zariadenie sociálnych služieb,Komárno,Komárno,Nitriansky,47.757388,18.129917,Gastro a stravovacie zariadenia,Zariadenie sociálnych služieb,nemocnicny_kuchynsky_odpad,Kuchynský odpad zo zdravotníckych a sociálnych zariadení,20 01 08,odpad,celorocne,D
31193897,OAZIS - Zariadenie sociálnych služieb,Komárno,Komárno,Nitriansky,47.757388,18.129917,Gastro a stravovacie zariadenia,Zariadenie sociálnych služieb,zvysky_z_taniera,Zvyšky z taniera,20 01 08,odpad,celorocne,D
31193897,OAZIS - Zariadenie sociálnych služieb,Komárno,Komárno,Nitriansky,47.757388,18.129917,Gastro a stravovacie zariadenia,Zariadenie sociálnych služieb,bro_zahrady,Biologicky rozložiteľný odpad zo záhrad,20 02 01,odpad,sezonne_leto,D
31305288,Evanjelické gymnázium Jana Amosa Komenského,Košice,Košice I,Košický,48.717227,21.249677,Gastro a stravovacie zariadenia,Stredná škola,skolsky_kuchynsky_odpad,Kuchynský odpad zo školských jedální,20 01 08,odpad,celorocne,D
31305288,Evanjelické gymnázium Jana Amosa Komenského,Košice,Košice I,Košický,48.717227,21.249677,Gastro a stravovacie zariadenia,Stredná škola,zvysky_z_taniera,Zvyšky z taniera,20 01 08,odpad,celorocne,D
31305288,Evanjelické gymnázium Jana Amosa Komenského,Košice,Košice I,Košický,48.717227,21.249677,Gastro a stravovacie zariadenia,Stredná škola,gastro_fritovaci_olej,Použitý fritovací olej z gastroprevádzok,20 01 25,odpad,celorocne,D
31305288,Evanjelické gymnázium Jana Amosa Komenského,Košice,Košice I,Košický,48.717227,21.249677,Gastro a stravovacie zariadenia,Stredná škola,bro_zahrady,Biologicky rozložiteľný odpad zo záhrad,20 02 01,odpad,sezonne_leto,D
31321828,"TESCO STORES SR, a.s.",Bratislava - mestská časť Ružinov,Bratislava II,Bratislavský,48.149645,17.164279,Retail a distribúcia potravín,Obchodný reťazec,retail_ovocie_zelenina,Neupredané ovocie a zelenina z predajní,20 01 08,odpad,celorocne,D
31321828,"TESCO STORES SR, a.s.",Bratislava - mestská časť Ružinov,Bratislava II,Bratislavský,48.149645,17.164279,Retail a distribúcia potravín,Obchodný reťazec,retail_pecivo,Neupredané pečivo a pekárske výrobky,02 06 01,vedlajsi_produkt,celorocne,D
31321828,"TESCO STORES SR, a.s.",Bratislava - mestská časť Ružinov,Bratislava II,Bratislavský,48.149645,17.164279,Retail a distribúcia potravín,Obchodný reťazec,retail_mliecne,Mliečne výrobky po dátume minimálnej trvanlivosti,20 01 08,odpad,celorocne,D
31321828,"TESCO STORES SR, a.s.",Bratislava - mestská časť Ružinov,Bratislava II,Bratislavský,48.149645,17.164279,Retail a distribúcia potravín,Obchodný reťazec,retail_maso_zvysky,Mäsové a údenárske výrobky po dátume spotreby,02 02 03,odpad,celorocne,D
31321828,"TESCO STORES SR, a.s.",Bratislava - mestská časť Ružinov,Bratislava II,Bratislavský,48.149645,17.164279,Retail a distribúcia potravín,Obchodný reťazec,retail_zmesovy,Zmesový potravinový odpad z predajne,20 01 08,odpad,celorocne,D
31321828,"TESCO STORES SR, a.s.",Bratislava - mestská časť Ružinov,Bratislava II,Bratislavský,48.149645,17.164279,Retail a distribúcia potravín,Obchodný reťazec,gastro_fritovaci_olej,Použitý fritovací olej z gastroprevádzok,20 01 25,odpad,celorocne,D
31347037,BILLA s.r.o.,Bratislava - mestská časť Ružinov,Bratislava II,Bratislavský,48.149645,17.164279,Retail a distribúcia potravín,Obchodný reťazec,retail_ovocie_zelenina,Neupredané ovocie a zelenina z predajní,20 01 08,odpad,celorocne,D
31347037,BILLA s.r.o.,Bratislava - mestská časť Ružinov,Bratislava II,Bratislavský,48.149645,17.164279,Retail a distribúcia potravín,Obchodný reťazec,retail_pecivo,Neupredané pečivo a pekárske výrobky,02 06 01,vedlajsi_produkt,celorocne,D
31347037,BILLA s.r.o.,Bratislava - mestská časť Ružinov,Bratislava II,Bratislavský,48.149645,17.164279,Retail a distribúcia potravín,Obchodný reťazec,retail_mliecne,Mliečne výrobky po dátume minimálnej trvanlivosti,20 01 08,odpad,celorocne,D
31347037,BILLA s.r.o.,Bratislava - mestská časť Ružinov,Bratislava II,Bratislavský,48.149645,17.164279,Retail a distribúcia potravín,Obchodný reťazec,retail_maso_zvysky,Mäsové a údenárske výrobky po dátume spotreby,02 02 03,odpad,celorocne,D
31347037,BILLA s.r.o.,Bratislava - mestská časť Ružinov,Bratislava II,Bratislavský,48.149645,17.164279,Retail a distribúcia potravín,Obchodný reťazec,retail_zmesovy,Zmesový potravinový odpad z predajne,20 01 08,odpad,celorocne,D
31347037,BILLA s.r.o.,Bratislava - mestská časť Ružinov,Bratislava II,Bratislavský,48.149645,17.164279,Retail a distribúcia potravín,Obchodný reťazec,gastro_fritovaci_olej,Použitý fritovací olej z gastroprevádzok,20 01 25,odpad,celorocne,D
31386563,Univerzitná nemocnica AGEL Milosrdní bratia s. r. o.,Bratislava,Bratislava I,Bratislavský,48.153538,17.109671,Gastro a stravovacie zariadenia,Nemocnica,nemocnicny_kuchynsky_odpad,Kuchynský odpad zo zdravotníckych a sociálnych zariadení,20 01 08,odpad,celorocne,D
31386563,Univerzitná nemocnica AGEL Milosrdní bratia s. r. o.,Bratislava,Bratislava I,Bratislavský,48.153538,17.109671,Gastro a stravovacie zariadenia,Nemocnica,zvysky_z_taniera,Zvyšky z taniera,20 01 08,odpad,celorocne,D
31386563,Univerzitná nemocnica AGEL Milosrdní bratia s. r. o.,Bratislava,Bratislava I,Bratislavský,48.153538,17.109671,Gastro a stravovacie zariadenia,Nemocnica,gastro_fritovaci_olej,Použitý fritovací olej z gastroprevádzok,20 01 25,odpad,celorocne,D
31408265,"PEKÁREŇ UNO, spol. s r.o.",Cabaj - Čápor,Nitra,Nitriansky,48.245665,18.023092,Potravinárstvo a nápoje,Pekáreň,pekarenske_zvysky,Pekárenské zvyšky,02 06 01,vedlajsi_produkt,celorocne,D
31408265,"PEKÁREŇ UNO, spol. s r.o.",Cabaj - Čápor,Nitra,Nitriansky,48.245665,18.023092,Potravinárstvo a nápoje,Pekáreň,cestovinove_zvysky,Cestovinové a múčne zvyšky,02 06 01,vedlajsi_produkt,celorocne,D
31410146,"Priemyselný park Štúrovo, a. s.",Štúrovo,Nové Zámky,Nitriansky,47.797831,18.71486,"Drevo, lesníctvo a ostatné",Papiereň a celulózka,papierensky_kal,Papierenský kal,03 03 11,odpad,celorocne,D
31410146,"Priemyselný park Štúrovo, a. s.",Štúrovo,Nové Zámky,Nitriansky,47.797831,18.71486,"Drevo, lesníctvo a ostatné",Papiereň a celulózka,vlaknity_vymet,Výmety z vlákien a plnív,03 03 10,odpad,celorocne,D
31410146,"Priemyselný park Štúrovo, a. s.",Štúrovo,Nové Zámky,Nitriansky,47.797831,18.71486,"Drevo, lesníctvo a ostatné",Papiereň a celulózka,kora,Odpadová kôra,03 01 01,vedlajsi_produkt,celorocne,D
31412271,LEVICKÉ MLIEKÁRNE a.s.,Levice,Levice,Nitriansky,48.216667,18.6,Potravinárstvo a nápoje,Mliekáreň,srvatka_sladka,Sladká srvátka,02 05 01,vedlajsi_produkt,celorocne,D
31412271,LEVICKÉ MLIEKÁRNE a.s.,Levice,Levice,Nitriansky,48.216667,18.6,Potravinárstvo a nápoje,Mliekáreň,srvatka_kysla,Kyslá srvátka,02 05 01,odpad,celorocne,D
31412271,LEVICKÉ MLIEKÁRNE a.s.,Levice,Levice,Nitriansky,48.216667,18.6,Potravinárstvo a nápoje,Mliekáreň,srvatkovy_permeat,Srvátkový permeát,02 05 01,vedlajsi_produkt,celorocne,D
31412271,LEVICKÉ MLIEKÁRNE a.s.,Levice,Levice,Nitriansky,48.216667,18.6,Potravinárstvo a nápoje,Mliekáreň,cmar,Cmar,02 05 01,krmna_surovina,celorocne,D
31412271,LEVICKÉ MLIEKÁRNE a.s.,Levice,Levice,Nitriansky,48.216667,18.6,Potravinárstvo a nápoje,Mliekáreň,mliekarensky_kal,Kal z mliekarenskej ČOV,02 05 02,odpad,celorocne,D
31412408,Topoľčianske pekárne a cukrárne a.s. skrátený názov TOPEC a.s.,Topoľčany,Topoľčany,Nitriansky,48.559116,18.176052,Potravinárstvo a nápoje,Pekáreň,pekarenske_zvysky,Pekárenské zvyšky,02 06 01,vedlajsi_produkt,celorocne,D
31412408,Topoľčianske pekárne a cukrárne a.s. skrátený názov TOPEC a.s.,Topoľčany,Topoľčany,Nitriansky,48.559116,18.176052,Potravinárstvo a nápoje,Pekáreň,cestovinove_zvysky,Cestovinové a múčne zvyšky,02 06 01,vedlajsi_produkt,celorocne,D
31412459,"Mlyn Pohronský Ruskov, a.s.",Pohronský Ruskov,Levice,Nitriansky,47.983333,18.666667,Potravinárstvo a nápoje,Mlyn,psenicne_otruby,Pšeničné otruby,02 03 04,krmna_surovina,celorocne,D
31412459,"Mlyn Pohronský Ruskov, a.s.",Pohronský Ruskov,Levice,Nitriansky,47.983333,18.666667,Potravinárstvo a nápoje,Mlyn,mlynske_zmetky,Mlynské zmetky a plevy,02 03 04,vedlajsi_produkt,celorocne,D
31412459,"Mlyn Pohronský Ruskov, a.s.",Pohronský Ruskov,Levice,Nitriansky,47.983333,18.666667,Potravinárstvo a nápoje,Mlyn,odpad_cistenie_zrna,Odpad z čistenia a sušenia obilia,02 01 03,vedlajsi_produkt,sezonne_leto,D
31414958,ABC HOTEL s.r.o.,Nitra,Nitra,Nitriansky,48.31257,18.09061,Gastro a stravovacie zariadenia,Hotel,gastro_kuchynsky_odpad,Kuchynský odpad z reštaurácií a hotelov,20 01 08,odpad,celorocne,D
31414958,ABC HOTEL s.r.o.,Nitra,Nitra,Nitriansky,48.31257,18.09061,Gastro a stravovacie zariadenia,Hotel,zvysky_z_taniera,Zvyšky z taniera,20 01 08,odpad,celorocne,D
31414958,ABC HOTEL s.r.o.,Nitra,Nitra,Nitriansky,48.31257,18.09061,Gastro a stravovacie zariadenia,Hotel,gastro_fritovaci_olej,Použitý fritovací olej z gastroprevádzok,20 01 25,odpad,celorocne,D
31414958,ABC HOTEL s.r.o.,Nitra,Nitra,Nitriansky,48.31257,18.09061,Gastro a stravovacie zariadenia,Hotel,gastro_kavova_sedlina,Kávová sedlina z gastroprevádzok,20 01 08,odpad,celorocne,D
31414958,ABC HOTEL s.r.o.,Nitra,Nitra,Nitriansky,48.31257,18.09061,Gastro a stravovacie zariadenia,Hotel,bro_zahrady,Biologicky rozložiteľný odpad zo záhrad,20 02 01,odpad,sezonne_leto,D
31424384,AGROVAŽAN s.r.o.,Štúrovo,Nové Zámky,Nitriansky,47.797831,18.71486,Poľnohospodárstvo a chov,Poľnohospodársky podnik,slama_obilna,Obilná slama,02 01 03,vedlajsi_produkt,sezonne_leto,D
31424384,AGROVAŽAN s.r.o.,Štúrovo,Nové Zámky,Nitriansky,47.797831,18.71486,Poľnohospodárstvo a chov,Poľnohospodársky podnik,kukuricne_korovie,Kukuričné kôrovie a stonky,02 01 03,vedlajsi_produkt,sezonne_jesen,D
31424384,AGROVAŽAN s.r.o.,Štúrovo,Nové Zámky,Nitriansky,47.797831,18.71486,Poľnohospodárstvo a chov,Poľnohospodársky podnik,repkova_slama,Repková slama,02 01 03,vedlajsi_produkt,sezonne_leto,D
31424384,AGROVAŽAN s.r.o.,Štúrovo,Nové Zámky,Nitriansky,47.797831,18.71486,Poľnohospodárstvo a chov,Poľnohospodársky podnik,odpad_cistenie_zrna,Odpad z čistenia a sušenia obilia,02 01 03,vedlajsi_produkt,sezonne_leto,D
31424384,AGROVAŽAN s.r.o.,Štúrovo,Nové Zámky,Nitriansky,47.797831,18.71486,Poľnohospodárstvo a chov,Poľnohospodársky podnik,travna_hmota_ttp,Trávna hmota z lúk a TTP,02 01 03,vedlajsi_produkt,sezonne_leto,D
31424945,MLYN - verejná obchodná spoločnosť,Veľké Lovce,Nové Zámky,Nitriansky,48.066661,18.333335,Potravinárstvo a nápoje,Mlyn,psenicne_otruby,Pšeničné otruby,02 03 04,krmna_surovina,celorocne,D
31424945,MLYN - verejná obchodná spoločnosť,Veľké Lovce,Nové Zámky,Nitriansky,48.066661,18.333335,Potravinárstvo a nápoje,Mlyn,mlynske_zmetky,Mlynské zmetky a plevy,02 03 04,vedlajsi_produkt,celorocne,D
31424945,MLYN - verejná obchodná spoločnosť,Veľké Lovce,Nové Zámky,Nitriansky,48.066661,18.333335,Potravinárstvo a nápoje,Mlyn,odpad_cistenie_zrna,Odpad z čistenia a sušenia obilia,02 01 03,vedlajsi_produkt,sezonne_leto,D
31425399,Píla Podlužany spol. s r.o.,Podlužany,Bánovce nad Bebravou,Trenčiansky,48.770966,18.239113,"Drevo, lesníctvo a ostatné",Píla a drevospracovanie,piliny,Piliny a hobliny,03 01 05,vedlajsi_produkt,celorocne,D
31425399,Píla Podlužany spol. s r.o.,Podlužany,Bánovce nad Bebravou,Trenčiansky,48.770966,18.239113,"Drevo, lesníctvo a ostatné",Píla a drevospracovanie,kora,Odpadová kôra,03 01 01,vedlajsi_produkt,celorocne,D
31425399,Píla Podlužany spol. s r.o.,Podlužany,Bánovce nad Bebravou,Trenčiansky,48.770966,18.239113,"Drevo, lesníctvo a ostatné",Píla a drevospracovanie,odrezky_dreva,Odrezky a drevný odpad,03 01 05,vedlajsi_produkt,celorocne,D
31429254,"Ed. Haas SK, s.r.o.",Holíč,Skalica,Trnavský,48.8,17.166667,Potravinárstvo a nápoje,Výroba cukroviniek,cukrovinkarske_zvysky,Zvyšky z výroby cukroviniek,02 06 01,vedlajsi_produkt,celorocne,D
31429254,"Ed. Haas SK, s.r.o.",Holíč,Skalica,Trnavský,48.8,17.166667,Potravinárstvo a nápoje,Výroba cukroviniek,kavove_slupky,Kávové šupky (silverskin),02 03 04,vedlajsi_produkt,celorocne,D
31431631,Poľnohospodárske družstvo Kálnica,Kálnica,Nové Mesto nad Váhom,Trenčiansky,48.764557,17.927848,Poľnohospodárstvo a chov,Poľnohospodárske družstvo,slama_obilna,Obilná slama,02 01 03,vedlajsi_produkt,sezonne_leto,D
31431631,Poľnohospodárske družstvo Kálnica,Kálnica,Nové Mesto nad Váhom,Trenčiansky,48.764557,17.927848,Poľnohospodárstvo a chov,Poľnohospodárske družstvo,kukuricne_korovie,Kukuričné kôrovie a stonky,02 01 03,vedlajsi_produkt,sezonne_jesen,D
31431631,Poľnohospodárske družstvo Kálnica,Kálnica,Nové Mesto nad Váhom,Trenčiansky,48.764557,17.927848,Poľnohospodárstvo a chov,Poľnohospodárske družstvo,repkova_slama,Repková slama,02 01 03,vedlajsi_produkt,sezonne_leto,D
31431631,Poľnohospodárske družstvo Kálnica,Kálnica,Nové Mesto nad Váhom,Trenčiansky,48.764557,17.927848,Poľnohospodárstvo a chov,Poľnohospodárske družstvo,travna_hmota_ttp,Trávna hmota z lúk a TTP,02 01 03,vedlajsi_produkt,sezonne_leto,D
31431631,Poľnohospodárske družstvo Kálnica,Kálnica,Nové Mesto nad Váhom,Trenčiansky,48.764557,17.927848,Poľnohospodárstvo a chov,Poľnohospodárske družstvo,hnoj_hovadzi,Maštaľný hnoj hovädzí,02 01 06,odpad,celorocne,D
31431631,Poľnohospodárske družstvo Kálnica,Kálnica,Nové Mesto nad Váhom,Trenčiansky,48.764557,17.927848,Poľnohospodárstvo a chov,Poľnohospodárske družstvo,hnojovica_osipane,Hnojovica ošípaných,02 01 06,odpad,celorocne,D
31431631,Poľnohospodárske družstvo Kálnica,Kálnica,Nové Mesto nad Váhom,Trenčiansky,48.764557,17.927848,Poľnohospodárstvo a chov,Poľnohospodárske družstvo,odpad_cistenie_zrna,Odpad z čistenia a sušenia obilia,02 01 03,vedlajsi_produkt,sezonne_leto,D
31431631,Poľnohospodárske družstvo Kálnica,Kálnica,Nové Mesto nad Váhom,Trenčiansky,48.764557,17.927848,Poľnohospodárstvo a chov,Poľnohospodárske družstvo,slnecnicove_stonky,Slnečnicové stonky a úbory,02 01 03,odpad,sezonne_jesen,D
31434118,HYDINÁRI s.r.o.,Veľké Zálužie,Nitra,Nitriansky,48.308171,17.940569,Poľnohospodárstvo a chov,Hydinárska prevádzka,perie,Perie z hydinových bitúnkov,02 02 02,odpad,celorocne,D
31434118,HYDINÁRI s.r.o.,Veľké Zálužie,Nitra,Nitriansky,48.308171,17.940569,Poľnohospodárstvo a chov,Hydinárska prevádzka,hydinovy_trus,Hydinový trus a podstielka,02 01 06,odpad,celorocne,D
31434118,HYDINÁRI s.r.o.,Veľké Zálužie,Nitra,Nitriansky,48.308171,17.940569,Poľnohospodárstvo a chov,Hydinárska prevádzka,krv_bitunok,Krv z bitúnku,02 02 03,vedlajsi_produkt,celorocne,D
31434118,HYDINÁRI s.r.o.,Veľké Zálužie,Nitra,Nitriansky,48.308171,17.940569,Poľnohospodárstvo a chov,Hydinárska prevádzka,kadavery,Uhynuté zvieratá (kadávery),02 01 02,odpad,celorocne,D
31434118,HYDINÁRI s.r.o.,Veľké Zálužie,Nitra,Nitriansky,48.308171,17.940569,Poľnohospodárstvo a chov,Hydinárska prevádzka,zvp_kat3,Živočíšne vedľajšie produkty kategórie 3,02 02 02,vedlajsi_produkt,celorocne,D
31434118,HYDINÁRI s.r.o.,Veľké Zálužie,Nitra,Nitriansky,48.308171,17.940569,Poľnohospodárstvo a chov,Hydinárska prevádzka,zvp_kat2,Živočíšne vedľajšie produkty kategórie 2,02 02 02,odpad,celorocne,D
31435432,Pekáreň VIESKATRANS spol. s r.o.,Nová Vieska,Nové Zámky,Nitriansky,47.869087,18.461012,Potravinárstvo a nápoje,Pekáreň,pekarenske_zvysky,Pekárenské zvyšky,02 06 01,vedlajsi_produkt,celorocne,D
31435432,Pekáreň VIESKATRANS spol. s r.o.,Nová Vieska,Nové Zámky,Nitriansky,47.869087,18.461012,Potravinárstvo a nápoje,Pekáreň,cestovinove_zvysky,Cestovinové a múčne zvyšky,02 06 01,vedlajsi_produkt,celorocne,D
31436641,"PD Veľká Hradná, a.s.",Veľká Hradná,Trenčín,Trenčiansky,48.768904,18.142173,Poľnohospodárstvo a chov,Poľnohospodárske družstvo,slama_obilna,Obilná slama,02 01 03,vedlajsi_produkt,sezonne_leto,D
31436641,"PD Veľká Hradná, a.s.",Veľká Hradná,Trenčín,Trenčiansky,48.768904,18.142173,Poľnohospodárstvo a chov,Poľnohospodárske družstvo,kukuricne_korovie,Kukuričné kôrovie a stonky,02 01 03,vedlajsi_produkt,sezonne_jesen,D
31436641,"PD Veľká Hradná, a.s.",Veľká Hradná,Trenčín,Trenčiansky,48.768904,18.142173,Poľnohospodárstvo a chov,Poľnohospodárske družstvo,repkova_slama,Repková slama,02 01 03,vedlajsi_produkt,sezonne_leto,D
31436641,"PD Veľká Hradná, a.s.",Veľká Hradná,Trenčín,Trenčiansky,48.768904,18.142173,Poľnohospodárstvo a chov,Poľnohospodárske družstvo,travna_hmota_ttp,Trávna hmota z lúk a TTP,02 01 03,vedlajsi_produkt,sezonne_leto,D
31436641,"PD Veľká Hradná, a.s.",Veľká Hradná,Trenčín,Trenčiansky,48.768904,18.142173,Poľnohospodárstvo a chov,Poľnohospodárske družstvo,hnoj_hovadzi,Maštaľný hnoj hovädzí,02 01 06,odpad,celorocne,D
31436641,"PD Veľká Hradná, a.s.",Veľká Hradná,Trenčín,Trenčiansky,48.768904,18.142173,Poľnohospodárstvo a chov,Poľnohospodárske družstvo,hnojovica_osipane,Hnojovica ošípaných,02 01 06,odpad,celorocne,D
31436641,"PD Veľká Hradná, a.s.",Veľká Hradná,Trenčín,Trenčiansky,48.768904,18.142173,Poľnohospodárstvo a chov,Poľnohospodárske družstvo,odpad_cistenie_zrna,Odpad z čistenia a sušenia obilia,02 01 03,vedlajsi_produkt,sezonne_leto,D
31436641,"PD Veľká Hradná, a.s.",Veľká Hradná,Trenčín,Trenčiansky,48.768904,18.142173,Poľnohospodárstvo a chov,Poľnohospodárske družstvo,slnecnicove_stonky,Slnečnicové stonky a úbory,02 01 03,odpad,sezonne_jesen,D
31438881,"HYDINA SÚLOVCE, s.r.o.",Súlovce,Topoľčany,Nitriansky,48.466667,18.166667,Poľnohospodárstvo a chov,Hydinárska prevádzka,perie,Perie z hydinových bitúnkov,02 02 02,odpad,celorocne,D
31438881,"HYDINA SÚLOVCE, s.r.o.",Súlovce,Topoľčany,Nitriansky,48.466667,18.166667,Poľnohospodárstvo a chov,Hydinárska prevádzka,hydinovy_trus,Hydinový trus a podstielka,02 01 06,odpad,celorocne,D
31438881,"HYDINA SÚLOVCE, s.r.o.",Súlovce,Topoľčany,Nitriansky,48.466667,18.166667,Poľnohospodárstvo a chov,Hydinárska prevádzka,krv_bitunok,Krv z bitúnku,02 02 03,vedlajsi_produkt,celorocne,D
31438881,"HYDINA SÚLOVCE, s.r.o.",Súlovce,Topoľčany,Nitriansky,48.466667,18.166667,Poľnohospodárstvo a chov,Hydinárska prevádzka,kadavery,Uhynuté zvieratá (kadávery),02 01 02,odpad,celorocne,D
31438881,"HYDINA SÚLOVCE, s.r.o.",Súlovce,Topoľčany,Nitriansky,48.466667,18.166667,Poľnohospodárstvo a chov,Hydinárska prevádzka,zvp_kat3,Živočíšne vedľajšie produkty kategórie 3,02 02 02,vedlajsi_produkt,celorocne,D
31438881,"HYDINA SÚLOVCE, s.r.o.",Súlovce,Topoľčany,Nitriansky,48.466667,18.166667,Poľnohospodárstvo a chov,Hydinárska prevádzka,zvp_kat2,Živočíšne vedľajšie produkty kategórie 2,02 02 02,odpad,celorocne,D
31448291,"Pivovar Diakovce, spol. s r.o.",Hanušovce nad Topľou,Vranov nad Topľou,Prešovský,49.033333,21.5,Potravinárstvo a nápoje,Pivovar / minipivovar,pivovarske_mlato,Pivovarské mláto,02 07 01,vedlajsi_produkt,celorocne,D
31448291,"Pivovar Diakovce, spol. s r.o.",Hanušovce nad Topľou,Vranov nad Topľou,Prešovský,49.033333,21.5,Potravinárstvo a nápoje,Pivovar / minipivovar,pivovarske_kvasnice,Pivovarské kvasnice,02 07 05,vedlajsi_produkt,celorocne,D
31448291,"Pivovar Diakovce, spol. s r.o.",Hanušovce nad Topľou,Vranov nad Topľou,Prešovský,49.033333,21.5,Potravinárstvo a nápoje,Pivovar / minipivovar,chmelovy_mlat,Chmeľový mlát,02 07 01,odpad,celorocne,D
31448291,"Pivovar Diakovce, spol. s r.o.",Hanušovce nad Topľou,Vranov nad Topľou,Prešovský,49.033333,21.5,Potravinárstvo a nápoje,Pivovar / minipivovar,kremelinovy_kal,Kremelinový kal z filtrácie,02 07 05,odpad,celorocne,D
31559107,Liptovské pekárne a cukrárne VČELA - Lippek s.r.o.,Liptovský Mikuláš,Liptovský Mikuláš,Žilinský,49.083333,19.616667,Potravinárstvo a nápoje,Pekáreň,pekarenske_zvysky,Pekárenské zvyšky,02 06 01,vedlajsi_produkt,celorocne,D
31559107,Liptovské pekárne a cukrárne VČELA - Lippek s.r.o.,Liptovský Mikuláš,Liptovský Mikuláš,Žilinský,49.083333,19.616667,Potravinárstvo a nápoje,Pekáreň,cestovinove_zvysky,Cestovinové a múčne zvyšky,02 06 01,vedlajsi_produkt,celorocne,D
31561802,"DOBROTA, a.s.",Prievidza,Prievidza,Trenčiansky,48.77104,18.623306,Potravinárstvo a nápoje,Pekáreň,pekarenske_zvysky,Pekárenské zvyšky,02 06 01,vedlajsi_produkt,celorocne,D
31561802,"DOBROTA, a.s.",Prievidza,Prievidza,Trenčiansky,48.77104,18.623306,Potravinárstvo a nápoje,Pekáreň,cestovinove_zvysky,Cestovinové a múčne zvyšky,02 06 01,vedlajsi_produkt,celorocne,D
31562116,"DS Smith Turpak Obaly, a.s.",Martin,Martin,Žilinský,49.07226,18.929174,"Drevo, lesníctvo a ostatné",Papiereň a celulózka,papierensky_kal,Papierenský kal,03 03 11,odpad,celorocne,D
31562116,"DS Smith Turpak Obaly, a.s.",Martin,Martin,Žilinský,49.07226,18.929174,"Drevo, lesníctvo a ostatné",Papiereň a celulózka,vlaknity_vymet,Výmety z vlákien a plnív,03 03 10,odpad,celorocne,D
31562116,"DS Smith Turpak Obaly, a.s.",Martin,Martin,Žilinský,49.07226,18.929174,"Drevo, lesníctvo a ostatné",Papiereň a celulózka,kora,Odpadová kôra,03 01 01,vedlajsi_produkt,celorocne,D
31563490,"Ryba Žilina, spol. s r.o.",Žilina,Žilina,Žilinský,49.223464,18.739498,"Drevo, lesníctvo a ostatné",Rybárstvo a akvakultúra,rybie_zvysky,"Rybie hlavy, vnútornosti a kosti",02 02 03,vedlajsi_produkt,celorocne,D
31563490,"Ryba Žilina, spol. s r.o.",Žilina,Žilina,Žilinský,49.223464,18.739498,"Drevo, lesníctvo a ostatné",Rybárstvo a akvakultúra,kal_akvakultura,Kal z akvakultúry,02 01 01,odpad,celorocne,D
31568386,"SLOVENSKÉ CUKROVARY, s.r.o.",Sereď,Galanta,Trnavský,48.288903,17.730881,Potravinárstvo a nápoje,Cukrovar,repne_rezky,Cukrovarnícke repné rezky,02 04 99,krmna_surovina,sezonne_jesen,D
31568386,"SLOVENSKÉ CUKROVARY, s.r.o.",Sereď,Galanta,Trnavský,48.288903,17.730881,Potravinárstvo a nápoje,Cukrovar,melasa,Melasa,02 04 99,krmna_surovina,sezonne_jesen,D
31568386,"SLOVENSKÉ CUKROVARY, s.r.o.",Sereď,Galanta,Trnavský,48.288903,17.730881,Potravinárstvo a nápoje,Cukrovar,saturacne_kaly,Saturačné kaly,02 04 02,odpad,sezonne_jesen,D
31568386,"SLOVENSKÉ CUKROVARY, s.r.o.",Sereď,Galanta,Trnavský,48.288903,17.730881,Potravinárstvo a nápoje,Cukrovar,repna_zemina,Zemina a chvostíky z prania repy,02 04 01,odpad,sezonne_jesen,D
31574912,"AGROFARMA, spol. s r.o. Červený Kameň",Červený Kameň,Ilava,Trenčiansky,49.083333,18.183333,Poľnohospodárstvo a chov,Živočíšna farma,hnoj_hovadzi,Maštaľný hnoj hovädzí,02 01 06,odpad,celorocne,D
31574912,"AGROFARMA, spol. s r.o. Červený Kameň",Červený Kameň,Ilava,Trenčiansky,49.083333,18.183333,Poľnohospodárstvo a chov,Živočíšna farma,hnojovica_osipane,Hnojovica ošípaných,02 01 06,odpad,celorocne,D
31574912,"AGROFARMA, spol. s r.o. Červený Kameň",Červený Kameň,Ilava,Trenčiansky,49.083333,18.183333,Poľnohospodárstvo a chov,Živočíšna farma,ovciarsky_hnoj,Ovčí a kozí hnoj,02 01 06,odpad,celorocne,D
31574912,"AGROFARMA, spol. s r.o. Červený Kameň",Červený Kameň,Ilava,Trenčiansky,49.083333,18.183333,Poľnohospodárstvo a chov,Živočíšna farma,travna_hmota_ttp,Trávna hmota z lúk a TTP,02 01 03,vedlajsi_produkt,sezonne_leto,D
31574912,"AGROFARMA, spol. s r.o. Červený Kameň",Červený Kameň,Ilava,Trenčiansky,49.083333,18.183333,Poľnohospodárstvo a chov,Živočíšna farma,kadavery,Uhynuté zvieratá (kadávery),02 01 02,odpad,celorocne,D
31577156,"Slovryb, a.s.",Ružomberok,Ružomberok,Žilinský,49.08187,19.302965,"Drevo, lesníctvo a ostatné",Rybárstvo a akvakultúra,rybie_zvysky,"Rybie hlavy, vnútornosti a kosti",02 02 03,vedlajsi_produkt,celorocne,D
31577156,"Slovryb, a.s.",Ružomberok,Ružomberok,Žilinský,49.08187,19.302965,"Drevo, lesníctvo a ostatné",Rybárstvo a akvakultúra,kal_akvakultura,Kal z akvakultúry,02 01 01,odpad,celorocne,D
31579183,Technické služby mesta Prievidza s.r.o.,Prievidza,Prievidza,Trenčiansky,48.77104,18.623306,Komunálny a gastro bioodpad,Technické služby mesta / obce,travna_hmota_kosba,Trávna hmota z kosby verejnej zelene,20 02 01,odpad,sezonne_leto,D
31579183,Technické služby mesta Prievidza s.r.o.,Prievidza,Prievidza,Trenčiansky,48.77104,18.623306,Komunálny a gastro bioodpad,Technické služby mesta / obce,konare_stiepka,Konáre a drevná štiepka z údržby zelene,20 02 01,odpad,sezonne_jar,D
31579183,Technické služby mesta Prievidza s.r.o.,Prievidza,Prievidza,Trenčiansky,48.77104,18.623306,Komunálny a gastro bioodpad,Technické služby mesta / obce,listie,Lístie z verejnej zelene,20 02 01,odpad,sezonne_jesen,D
31579183,Technické služby mesta Prievidza s.r.o.,Prievidza,Prievidza,Trenčiansky,48.77104,18.623306,Komunálny a gastro bioodpad,Technické služby mesta / obce,bro_zahrady,Biologicky rozložiteľný odpad zo záhrad,20 02 01,odpad,sezonne_leto,D
31579183,Technické služby mesta Prievidza s.r.o.,Prievidza,Prievidza,Trenčiansky,48.77104,18.623306,Komunálny a gastro bioodpad,Technické služby mesta / obce,odpad_trhoviska,Odpad z trhovísk,20 03 02,odpad,sezonne_leto,D
31588182,Mestské lesy Nová Baňa s. r. o.,Nová Baňa,Žarnovica,Banskobystrický,48.41225,18.644609,"Drevo, lesníctvo a ostatné",Mestské lesy,lesna_stiepka,Lesná štiepka a haluzina,02 01 07,vedlajsi_produkt,celorocne,D
31588182,Mestské lesy Nová Baňa s. r. o.,Nová Baňa,Žarnovica,Banskobystrický,48.41225,18.644609,"Drevo, lesníctvo a ostatné",Mestské lesy,kora,Odpadová kôra,03 01 01,vedlajsi_produkt,celorocne,D
31588182,Mestské lesy Nová Baňa s. r. o.,Nová Baňa,Žarnovica,Banskobystrický,48.41225,18.644609,"Drevo, lesníctvo a ostatné",Mestské lesy,odrezky_dreva,Odrezky a drevný odpad,03 01 05,vedlajsi_produkt,celorocne,D
31588182,Mestské lesy Nová Baňa s. r. o.,Nová Baňa,Žarnovica,Banskobystrický,48.41225,18.644609,"Drevo, lesníctvo a ostatné",Mestské lesy,konare_stiepka,Konáre a drevná štiepka z údržby zelene,20 02 01,odpad,sezonne_jar,D
31592015,HOTEL ZOBOR s.r.o.,Nitra,Nitra,Nitriansky,48.31257,18.09061,Gastro a stravovacie zariadenia,Hotel,gastro_kuchynsky_odpad,Kuchynský odpad z reštaurácií a hotelov,20 01 08,odpad,celorocne,D
31592015,HOTEL ZOBOR s.r.o.,Nitra,Nitra,Nitriansky,48.31257,18.09061,Gastro a stravovacie zariadenia,Hotel,zvysky_z_taniera,Zvyšky z taniera,20 01 08,odpad,celorocne,D
31592015,HOTEL ZOBOR s.r.o.,Nitra,Nitra,Nitriansky,48.31257,18.09061,Gastro a stravovacie zariadenia,Hotel,gastro_fritovaci_olej,Použitý fritovací olej z gastroprevádzok,20 01 25,odpad,celorocne,D
31592015,HOTEL ZOBOR s.r.o.,Nitra,Nitra,Nitriansky,48.31257,18.09061,Gastro a stravovacie zariadenia,Hotel,gastro_kavova_sedlina,Kávová sedlina z gastroprevádzok,20 01 08,odpad,celorocne,D
31592015,HOTEL ZOBOR s.r.o.,Nitra,Nitra,Nitriansky,48.31257,18.09061,Gastro a stravovacie zariadenia,Hotel,bro_zahrady,Biologicky rozložiteľný odpad zo záhrad,20 02 01,odpad,sezonne_leto,D
31595740,"AGROSTRÁŽOV, spol. s r.o.",Zliechov,Ilava,Trenčiansky,48.95,18.433333,Poľnohospodárstvo a chov,Poľnohospodársky podnik,slama_obilna,Obilná slama,02 01 03,vedlajsi_produkt,sezonne_leto,D
31595740,"AGROSTRÁŽOV, spol. s r.o.",Zliechov,Ilava,Trenčiansky,48.95,18.433333,Poľnohospodárstvo a chov,Poľnohospodársky podnik,kukuricne_korovie,Kukuričné kôrovie a stonky,02 01 03,vedlajsi_produkt,sezonne_jesen,D
31595740,"AGROSTRÁŽOV, spol. s r.o.",Zliechov,Ilava,Trenčiansky,48.95,18.433333,Poľnohospodárstvo a chov,Poľnohospodársky podnik,repkova_slama,Repková slama,02 01 03,vedlajsi_produkt,sezonne_leto,D
31595740,"AGROSTRÁŽOV, spol. s r.o.",Zliechov,Ilava,Trenčiansky,48.95,18.433333,Poľnohospodárstvo a chov,Poľnohospodársky podnik,odpad_cistenie_zrna,Odpad z čistenia a sušenia obilia,02 01 03,vedlajsi_produkt,sezonne_leto,D
31595740,"AGROSTRÁŽOV, spol. s r.o.",Zliechov,Ilava,Trenčiansky,48.95,18.433333,Poľnohospodárstvo a chov,Poľnohospodársky podnik,travna_hmota_ttp,Trávna hmota z lúk a TTP,02 01 03,vedlajsi_produkt,sezonne_leto,D
31598498,Mäsoprodukt spol. s r.o.,Trenčín,Trenčín,Trenčiansky,48.892358,18.039372,Potravinárstvo a nápoje,Mäsospracovanie,kostny_zvysok,Kosti a kostné zvyšky,02 02 02,vedlajsi_produkt,celorocne,D
31598498,Mäsoprodukt spol. s r.o.,Trenčín,Trenčín,Trenčiansky,48.892358,18.039372,Potravinárstvo a nápoje,Mäsospracovanie,kozne_odrezky,Kožné odrezky a podkožný tuk,02 02 02,odpad,celorocne,D
31598498,Mäsoprodukt spol. s r.o.,Trenčín,Trenčín,Trenčiansky,48.892358,18.039372,Potravinárstvo a nápoje,Mäsospracovanie,masovy_flotacny_kal,Flotačný kal z mäsospracovania,02 02 04,odpad,celorocne,D
31598498,Mäsoprodukt spol. s r.o.,Trenčín,Trenčín,Trenčiansky,48.892358,18.039372,Potravinárstvo a nápoje,Mäsospracovanie,zvp_kat3,Živočíšne vedľajšie produkty kategórie 3,02 02 02,vedlajsi_produkt,celorocne,D
31598498,Mäsoprodukt spol. s r.o.,Trenčín,Trenčín,Trenčiansky,48.892358,18.039372,Potravinárstvo a nápoje,Mäsospracovanie,technicky_zivocisny_tuk,Technický živočíšny tuk,02 02 03,vedlajsi_produkt,celorocne,D
31598498,Mäsoprodukt spol. s r.o.,Trenčín,Trenčín,Trenčiansky,48.892358,18.039372,Potravinárstvo a nápoje,Mäsospracovanie,masokostna_mucka,Mäsokostná múčka,02 02 02,odpad,celorocne,D
31598528,"MALENICA, s.r.o.",Pružina,Považská Bystrica,Trenčiansky,49.016667,18.483333,"Drevo, lesníctvo a ostatné",Píla a drevospracovanie,piliny,Piliny a hobliny,03 01 05,vedlajsi_produkt,celorocne,D
31598528,"MALENICA, s.r.o.",Pružina,Považská Bystrica,Trenčiansky,49.016667,18.483333,"Drevo, lesníctvo a ostatné",Píla a drevospracovanie,kora,Odpadová kôra,03 01 01,vedlajsi_produkt,celorocne,D
31598528,"MALENICA, s.r.o.",Pružina,Považská Bystrica,Trenčiansky,49.016667,18.483333,"Drevo, lesníctvo a ostatné",Píla a drevospracovanie,odrezky_dreva,Odrezky a drevný odpad,03 01 05,vedlajsi_produkt,celorocne,D
31600182,"Mestské lesy Kremnica, s.r.o.",Kremnica,Žiar nad Hronom,Banskobystrický,48.7,18.916667,"Drevo, lesníctvo a ostatné",Mestské lesy,lesna_stiepka,Lesná štiepka a haluzina,02 01 07,vedlajsi_produkt,celorocne,D
31600182,"Mestské lesy Kremnica, s.r.o.",Kremnica,Žiar nad Hronom,Banskobystrický,48.7,18.916667,"Drevo, lesníctvo a ostatné",Mestské lesy,kora,Odpadová kôra,03 01 01,vedlajsi_produkt,celorocne,D
31600182,"Mestské lesy Kremnica, s.r.o.",Kremnica,Žiar nad Hronom,Banskobystrický,48.7,18.916667,"Drevo, lesníctvo a ostatné",Mestské lesy,odrezky_dreva,Odrezky a drevný odpad,03 01 05,vedlajsi_produkt,celorocne,D
31600182,"Mestské lesy Kremnica, s.r.o.",Kremnica,Žiar nad Hronom,Banskobystrický,48.7,18.916667,"Drevo, lesníctvo a ostatné",Mestské lesy,konare_stiepka,Konáre a drevná štiepka z údržby zelene,20 02 01,odpad,sezonne_jar,D
31603271,"Mestské lesy, spol. s r.o. Ružomberok",Ružomberok,Ružomberok,Žilinský,49.08187,19.302965,"Drevo, lesníctvo a ostatné",Mestské lesy,lesna_stiepka,Lesná štiepka a haluzina,02 01 07,vedlajsi_produkt,celorocne,D
31603271,"Mestské lesy, spol. s r.o. Ružomberok",Ružomberok,Ružomberok,Žilinský,49.08187,19.302965,"Drevo, lesníctvo a ostatné",Mestské lesy,kora,Odpadová kôra,03 01 01,vedlajsi_produkt,celorocne,D
31603271,"Mestské lesy, spol. s r.o. Ružomberok",Ružomberok,Ružomberok,Žilinský,49.08187,19.302965,"Drevo, lesníctvo a ostatné",Mestské lesy,odrezky_dreva,Odrezky a drevný odpad,03 01 05,vedlajsi_produkt,celorocne,D
31603271,"Mestské lesy, spol. s r.o. Ružomberok",Ružomberok,Ružomberok,Žilinský,49.08187,19.302965,"Drevo, lesníctvo a ostatné",Mestské lesy,konare_stiepka,Konáre a drevná štiepka z údržby zelene,20 02 01,odpad,sezonne_jar,D
31605397,"Obecná píla Ľubietová, spol. s r.o.",Ľubietová,Banská Bystrica,Banskobystrický,48.748315,19.358256,"Drevo, lesníctvo a ostatné",Píla a drevospracovanie,piliny,Piliny a hobliny,03 01 05,vedlajsi_produkt,celorocne,D
31605397,"Obecná píla Ľubietová, spol. s r.o.",Ľubietová,Banská Bystrica,Banskobystrický,48.748315,19.358256,"Drevo, lesníctvo a ostatné",Píla a drevospracovanie,kora,Odpadová kôra,03 01 01,vedlajsi_produkt,celorocne,D
31605397,"Obecná píla Ľubietová, spol. s r.o.",Ľubietová,Banská Bystrica,Banskobystrický,48.748315,19.358256,"Drevo, lesníctvo a ostatné",Píla a drevospracovanie,odrezky_dreva,Odrezky a drevný odpad,03 01 05,vedlajsi_produkt,celorocne,D
31609911,"Technické služby, s.r.o. Dolný Kubín",Dolný Kubín,Dolný Kubín,Žilinský,49.218073,19.29539,Komunálny a gastro bioodpad,Technické služby mesta / obce,travna_hmota_kosba,Trávna hmota z kosby verejnej zelene,20 02 01,odpad,sezonne_leto,D
31609911,"Technické služby, s.r.o. Dolný Kubín",Dolný Kubín,Dolný Kubín,Žilinský,49.218073,19.29539,Komunálny a gastro bioodpad,Technické služby mesta / obce,konare_stiepka,Konáre a drevná štiepka z údržby zelene,20 02 01,odpad,sezonne_jar,D
31609911,"Technické služby, s.r.o. Dolný Kubín",Dolný Kubín,Dolný Kubín,Žilinský,49.218073,19.29539,Komunálny a gastro bioodpad,Technické služby mesta / obce,listie,Lístie z verejnej zelene,20 02 01,odpad,sezonne_jesen,D
31609911,"Technické služby, s.r.o. Dolný Kubín",Dolný Kubín,Dolný Kubín,Žilinský,49.218073,19.29539,Komunálny a gastro bioodpad,Technické služby mesta / obce,bro_zahrady,Biologicky rozložiteľný odpad zo záhrad,20 02 01,odpad,sezonne_leto,D
31609911,"Technické služby, s.r.o. Dolný Kubín",Dolný Kubín,Dolný Kubín,Žilinský,49.218073,19.29539,Komunálny a gastro bioodpad,Technické služby mesta / obce,odpad_trhoviska,Odpad z trhovísk,20 03 02,odpad,sezonne_leto,D
31611907,"DOBROTA Orava, s.r.o.",Dolný Kubín,Dolný Kubín,Žilinský,49.218073,19.29539,Potravinárstvo a nápoje,Pekáreň,pekarenske_zvysky,Pekárenské zvyšky,02 06 01,vedlajsi_produkt,celorocne,D
31611907,"DOBROTA Orava, s.r.o.",Dolný Kubín,Dolný Kubín,Žilinský,49.218073,19.29539,Potravinárstvo a nápoje,Pekáreň,cestovinove_zvysky,Cestovinové a múčne zvyšky,02 06 01,vedlajsi_produkt,celorocne,D
31613314,"Mestské lesy Považská Bystrica, s.r.o.",Považská Bystrica,Považská Bystrica,Trenčiansky,49.114507,18.447319,"Drevo, lesníctvo a ostatné",Mestské lesy,lesna_stiepka,Lesná štiepka a haluzina,02 01 07,vedlajsi_produkt,celorocne,D
31613314,"Mestské lesy Považská Bystrica, s.r.o.",Považská Bystrica,Považská Bystrica,Trenčiansky,49.114507,18.447319,"Drevo, lesníctvo a ostatné",Mestské lesy,kora,Odpadová kôra,03 01 01,vedlajsi_produkt,celorocne,D
31613314,"Mestské lesy Považská Bystrica, s.r.o.",Považská Bystrica,Považská Bystrica,Trenčiansky,49.114507,18.447319,"Drevo, lesníctvo a ostatné",Mestské lesy,odrezky_dreva,Odrezky a drevný odpad,03 01 05,vedlajsi_produkt,celorocne,D
31613314,"Mestské lesy Považská Bystrica, s.r.o.",Považská Bystrica,Považská Bystrica,Trenčiansky,49.114507,18.447319,"Drevo, lesníctvo a ostatné",Mestské lesy,konare_stiepka,Konáre a drevná štiepka z údržby zelene,20 02 01,odpad,sezonne_jar,D
31616798,"Mestské lesy, s.r.o. Krupina",Krupina,Krupina,Banskobystrický,48.352728,19.069182,"Drevo, lesníctvo a ostatné",Mestské lesy,lesna_stiepka,Lesná štiepka a haluzina,02 01 07,vedlajsi_produkt,celorocne,D
31616798,"Mestské lesy, s.r.o. Krupina",Krupina,Krupina,Banskobystrický,48.352728,19.069182,"Drevo, lesníctvo a ostatné",Mestské lesy,kora,Odpadová kôra,03 01 01,vedlajsi_produkt,celorocne,D
31616798,"Mestské lesy, s.r.o. Krupina",Krupina,Krupina,Banskobystrický,48.352728,19.069182,"Drevo, lesníctvo a ostatné",Mestské lesy,odrezky_dreva,Odrezky a drevný odpad,03 01 05,vedlajsi_produkt,celorocne,D
31616798,"Mestské lesy, s.r.o. Krupina",Krupina,Krupina,Banskobystrický,48.352728,19.069182,"Drevo, lesníctvo a ostatné",Mestské lesy,konare_stiepka,Konáre a drevná štiepka z údržby zelene,20 02 01,odpad,sezonne_jar,D
31619002,"HYDINÁREŇ ZÁMOSTIE, s.r.o.",Predajná,Brezno,Banskobystrický,48.813419,19.462852,Poľnohospodárstvo a chov,Hydinárska prevádzka,perie,Perie z hydinových bitúnkov,02 02 02,odpad,celorocne,D
31619002,"HYDINÁREŇ ZÁMOSTIE, s.r.o.",Predajná,Brezno,Banskobystrický,48.813419,19.462852,Poľnohospodárstvo a chov,Hydinárska prevádzka,hydinovy_trus,Hydinový trus a podstielka,02 01 06,odpad,celorocne,D
31619002,"HYDINÁREŇ ZÁMOSTIE, s.r.o.",Predajná,Brezno,Banskobystrický,48.813419,19.462852,Poľnohospodárstvo a chov,Hydinárska prevádzka,krv_bitunok,Krv z bitúnku,02 02 03,vedlajsi_produkt,celorocne,D
31619002,"HYDINÁREŇ ZÁMOSTIE, s.r.o.",Predajná,Brezno,Banskobystrický,48.813419,19.462852,Poľnohospodárstvo a chov,Hydinárska prevádzka,kadavery,Uhynuté zvieratá (kadávery),02 01 02,odpad,celorocne,D
31619002,"HYDINÁREŇ ZÁMOSTIE, s.r.o.",Predajná,Brezno,Banskobystrický,48.813419,19.462852,Poľnohospodárstvo a chov,Hydinárska prevádzka,zvp_kat3,Živočíšne vedľajšie produkty kategórie 3,02 02 02,vedlajsi_produkt,celorocne,D
31619002,"HYDINÁREŇ ZÁMOSTIE, s.r.o.",Predajná,Brezno,Banskobystrický,48.813419,19.462852,Poľnohospodárstvo a chov,Hydinárska prevádzka,zvp_kat2,Živočíšne vedľajšie produkty kategórie 2,02 02 02,odpad,celorocne,D
31628842,"FARMA Zliechov, spol. s r.o.",Zliechov,Ilava,Trenčiansky,48.95,18.433333,Poľnohospodárstvo a chov,Živočíšna farma,hnoj_hovadzi,Maštaľný hnoj hovädzí,02 01 06,odpad,celorocne,D
31628842,"FARMA Zliechov, spol. s r.o.",Zliechov,Ilava,Trenčiansky,48.95,18.433333,Poľnohospodárstvo a chov,Živočíšna farma,hnojovica_osipane,Hnojovica ošípaných,02 01 06,odpad,celorocne,D
31628842,"FARMA Zliechov, spol. s r.o.",Zliechov,Ilava,Trenčiansky,48.95,18.433333,Poľnohospodárstvo a chov,Živočíšna farma,ovciarsky_hnoj,Ovčí a kozí hnoj,02 01 06,odpad,celorocne,D
31628842,"FARMA Zliechov, spol. s r.o.",Zliechov,Ilava,Trenčiansky,48.95,18.433333,Poľnohospodárstvo a chov,Živočíšna farma,travna_hmota_ttp,Trávna hmota z lúk a TTP,02 01 03,vedlajsi_produkt,sezonne_leto,D
31628842,"FARMA Zliechov, spol. s r.o.",Zliechov,Ilava,Trenčiansky,48.95,18.433333,Poľnohospodárstvo a chov,Živočíšna farma,kadavery,Uhynuté zvieratá (kadávery),02 01 02,odpad,celorocne,D
31629857,Zvolenská mliekareň s.r.o.,Zvolen,Zvolen,Banskobystrický,48.576512,19.128476,Potravinárstvo a nápoje,Mliekáreň,srvatka_sladka,Sladká srvátka,02 05 01,vedlajsi_produkt,celorocne,D
31629857,Zvolenská mliekareň s.r.o.,Zvolen,Zvolen,Banskobystrický,48.576512,19.128476,Potravinárstvo a nápoje,Mliekáreň,srvatka_kysla,Kyslá srvátka,02 05 01,odpad,celorocne,D
31629857,Zvolenská mliekareň s.r.o.,Zvolen,Zvolen,Banskobystrický,48.576512,19.128476,Potravinárstvo a nápoje,Mliekáreň,srvatkovy_permeat,Srvátkový permeát,02 05 01,vedlajsi_produkt,celorocne,D
31629857,Zvolenská mliekareň s.r.o.,Zvolen,Zvolen,Banskobystrický,48.576512,19.128476,Potravinárstvo a nápoje,Mliekáreň,cmar,Cmar,02 05 01,krmna_surovina,celorocne,D
31629857,Zvolenská mliekareň s.r.o.,Zvolen,Zvolen,Banskobystrický,48.576512,19.128476,Potravinárstvo a nápoje,Mliekáreň,mliekarensky_kal,Kal z mliekarenskej ČOV,02 05 02,odpad,celorocne,D
31634184,Hotel Podjavorník s.r.o.,Bratislava - mestská časť Staré Mesto,Bratislava I,Bratislavský,48.140553,17.112478,Gastro a stravovacie zariadenia,Hotel,gastro_kuchynsky_odpad,Kuchynský odpad z reštaurácií a hotelov,20 01 08,odpad,celorocne,D
31634184,Hotel Podjavorník s.r.o.,Bratislava - mestská časť Staré Mesto,Bratislava I,Bratislavský,48.140553,17.112478,Gastro a stravovacie zariadenia,Hotel,zvysky_z_taniera,Zvyšky z taniera,20 01 08,odpad,celorocne,D
31634184,Hotel Podjavorník s.r.o.,Bratislava - mestská časť Staré Mesto,Bratislava I,Bratislavský,48.140553,17.112478,Gastro a stravovacie zariadenia,Hotel,gastro_fritovaci_olej,Použitý fritovací olej z gastroprevádzok,20 01 25,odpad,celorocne,D
31634184,Hotel Podjavorník s.r.o.,Bratislava - mestská časť Staré Mesto,Bratislava I,Bratislavský,48.140553,17.112478,Gastro a stravovacie zariadenia,Hotel,gastro_kavova_sedlina,Kávová sedlina z gastroprevádzok,20 01 08,odpad,celorocne,D
31634184,Hotel Podjavorník s.r.o.,Bratislava - mestská časť Staré Mesto,Bratislava I,Bratislavský,48.140553,17.112478,Gastro a stravovacie zariadenia,Hotel,bro_zahrady,Biologicky rozložiteľný odpad zo záhrad,20 02 01,odpad,sezonne_leto,D
31637051,"Mondi SCP, a.s.",Ružomberok,Ružomberok,Žilinský,49.08187,19.302965,"Drevo, lesníctvo a ostatné",Papiereň a celulózka,papierensky_kal,Papierenský kal,03 03 11,odpad,celorocne,D
31637051,"Mondi SCP, a.s.",Ružomberok,Ružomberok,Žilinský,49.08187,19.302965,"Drevo, lesníctvo a ostatné",Papiereň a celulózka,vlaknity_vymet,Výmety z vlákien a plnív,03 03 10,odpad,celorocne,D
31637051,"Mondi SCP, a.s.",Ružomberok,Ružomberok,Žilinský,49.08187,19.302965,"Drevo, lesníctvo a ostatné",Papiereň a celulózka,kora,Odpadová kôra,03 01 01,vedlajsi_produkt,celorocne,D
31638767,Mestské lesy Tisovec s.r.o.,Tisovec,Rimavská Sobota,Banskobystrický,48.681,19.942023,"Drevo, lesníctvo a ostatné",Mestské lesy,lesna_stiepka,Lesná štiepka a haluzina,02 01 07,vedlajsi_produkt,celorocne,D
31638767,Mestské lesy Tisovec s.r.o.,Tisovec,Rimavská Sobota,Banskobystrický,48.681,19.942023,"Drevo, lesníctvo a ostatné",Mestské lesy,kora,Odpadová kôra,03 01 01,vedlajsi_produkt,celorocne,D
31638767,Mestské lesy Tisovec s.r.o.,Tisovec,Rimavská Sobota,Banskobystrický,48.681,19.942023,"Drevo, lesníctvo a ostatné",Mestské lesy,odrezky_dreva,Odrezky a drevný odpad,03 01 05,vedlajsi_produkt,celorocne,D
31638767,Mestské lesy Tisovec s.r.o.,Tisovec,Rimavská Sobota,Banskobystrický,48.681,19.942023,"Drevo, lesníctvo a ostatné",Mestské lesy,konare_stiepka,Konáre a drevná štiepka z údržby zelene,20 02 01,odpad,sezonne_jar,D
31638775,"Mestské lesy Banská Štiavnica, spol. s r.o.",Banská Štiavnica,Banská Štiavnica,Banskobystrický,48.458093,18.89828,"Drevo, lesníctvo a ostatné",Mestské lesy,lesna_stiepka,Lesná štiepka a haluzina,02 01 07,vedlajsi_produkt,celorocne,D
31638775,"Mestské lesy Banská Štiavnica, spol. s r.o.",Banská Štiavnica,Banská Štiavnica,Banskobystrický,48.458093,18.89828,"Drevo, lesníctvo a ostatné",Mestské lesy,kora,Odpadová kôra,03 01 01,vedlajsi_produkt,celorocne,D
31638775,"Mestské lesy Banská Štiavnica, spol. s r.o.",Banská Štiavnica,Banská Štiavnica,Banskobystrický,48.458093,18.89828,"Drevo, lesníctvo a ostatné",Mestské lesy,odrezky_dreva,Odrezky a drevný odpad,03 01 05,vedlajsi_produkt,celorocne,D
31638775,"Mestské lesy Banská Štiavnica, spol. s r.o.",Banská Štiavnica,Banská Štiavnica,Banskobystrický,48.458093,18.89828,"Drevo, lesníctvo a ostatné",Mestské lesy,konare_stiepka,Konáre a drevná štiepka z údržby zelene,20 02 01,odpad,sezonne_jar,D
31639216,"Výskumný ústav ovocných a okrasných drevín a.s. (VÚOOD, a.s.)",Bojnice,Prievidza,Trenčiansky,48.78,18.581862,Poľnohospodárstvo a chov,Ovocné sady a spracovanie ovocia,jablcne_vylisky,Jablčné výlisky,02 07 04,vedlajsi_produkt,sezonne_jesen,D
31639216,"Výskumný ústav ovocných a okrasných drevín a.s. (VÚOOD, a.s.)",Bojnice,Prievidza,Trenčiansky,48.78,18.581862,Poľnohospodárstvo a chov,Ovocné sady a spracovanie ovocia,bobulove_vylisky,Výlisky z bobuľového ovocia,02 07 04,vedlajsi_produkt,sezonne_leto,D
31639216,"Výskumný ústav ovocných a okrasných drevín a.s. (VÚOOD, a.s.)",Bojnice,Prievidza,Trenčiansky,48.78,18.581862,Poľnohospodárstvo a chov,Ovocné sady a spracovanie ovocia,vnate_pozberove,Vňate a pozberové zvyšky zeleniny,02 01 03,odpad,sezonne_jesen,D
31640265,"Kysucké pekárne, a.s.",Čadca,Čadca,Žilinský,49.440819,18.788221,Potravinárstvo a nápoje,Pekáreň,pekarenske_zvysky,Pekárenské zvyšky,02 06 01,vedlajsi_produkt,celorocne,D
31640265,"Kysucké pekárne, a.s.",Čadca,Čadca,Žilinský,49.440819,18.788221,Potravinárstvo a nápoje,Pekáreň,cestovinove_zvysky,Cestovinové a múčne zvyšky,02 06 01,vedlajsi_produkt,celorocne,D
31642365,Mestské lesy Banská Bystrica s.r.o.,Dolný Harmanec,Banská Bystrica,Banskobystrický,48.815627,19.050931,"Drevo, lesníctvo a ostatné",Mestské lesy,lesna_stiepka,Lesná štiepka a haluzina,02 01 07,vedlajsi_produkt,celorocne,D
31642365,Mestské lesy Banská Bystrica s.r.o.,Dolný Harmanec,Banská Bystrica,Banskobystrický,48.815627,19.050931,"Drevo, lesníctvo a ostatné",Mestské lesy,kora,Odpadová kôra,03 01 01,vedlajsi_produkt,celorocne,D
31642365,Mestské lesy Banská Bystrica s.r.o.,Dolný Harmanec,Banská Bystrica,Banskobystrický,48.815627,19.050931,"Drevo, lesníctvo a ostatné",Mestské lesy,odrezky_dreva,Odrezky a drevný odpad,03 01 05,vedlajsi_produkt,celorocne,D
31642365,Mestské lesy Banská Bystrica s.r.o.,Dolný Harmanec,Banská Bystrica,Banskobystrický,48.815627,19.050931,"Drevo, lesníctvo a ostatné",Mestské lesy,konare_stiepka,Konáre a drevná štiepka z údržby zelene,20 02 01,odpad,sezonne_jar,D
31644571,"FARMA JANEK, spol. s r.o.",Beluša,Púchov,Trenčiansky,49.066667,18.333333,Poľnohospodárstvo a chov,Živočíšna farma,hnoj_hovadzi,Maštaľný hnoj hovädzí,02 01 06,odpad,celorocne,D
31644571,"FARMA JANEK, spol. s r.o.",Beluša,Púchov,Trenčiansky,49.066667,18.333333,Poľnohospodárstvo a chov,Živočíšna farma,hnojovica_osipane,Hnojovica ošípaných,02 01 06,odpad,celorocne,D
31644571,"FARMA JANEK, spol. s r.o.",Beluša,Púchov,Trenčiansky,49.066667,18.333333,Poľnohospodárstvo a chov,Živočíšna farma,ovciarsky_hnoj,Ovčí a kozí hnoj,02 01 06,odpad,celorocne,D
31644571,"FARMA JANEK, spol. s r.o.",Beluša,Púchov,Trenčiansky,49.066667,18.333333,Poľnohospodárstvo a chov,Živočíšna farma,travna_hmota_ttp,Trávna hmota z lúk a TTP,02 01 03,vedlajsi_produkt,sezonne_leto,D
31644571,"FARMA JANEK, spol. s r.o.",Beluša,Púchov,Trenčiansky,49.066667,18.333333,Poľnohospodárstvo a chov,Živočíšna farma,kadavery,Uhynuté zvieratá (kadávery),02 01 02,odpad,celorocne,D
31648479,"Plzeňský Prazdroj Slovensko, a.s.",Veľký Šariš,Prešov,Prešovský,49.05,21.2,Potravinárstvo a nápoje,Pivovar / minipivovar,pivovarske_mlato,Pivovarské mláto,02 07 01,vedlajsi_produkt,celorocne,D
31648479,"Plzeňský Prazdroj Slovensko, a.s.",Veľký Šariš,Prešov,Prešovský,49.05,21.2,Potravinárstvo a nápoje,Pivovar / minipivovar,pivovarske_kvasnice,Pivovarské kvasnice,02 07 05,vedlajsi_produkt,celorocne,D
31648479,"Plzeňský Prazdroj Slovensko, a.s.",Veľký Šariš,Prešov,Prešovský,49.05,21.2,Potravinárstvo a nápoje,Pivovar / minipivovar,chmelovy_mlat,Chmeľový mlát,02 07 01,odpad,celorocne,D
31648479,"Plzeňský Prazdroj Slovensko, a.s.",Veľký Šariš,Prešov,Prešovský,49.05,21.2,Potravinárstvo a nápoje,Pivovar / minipivovar,kremelinovy_kal,Kremelinový kal z filtrácie,02 07 05,odpad,celorocne,D
31651321,SYRÁREŇ BEL SLOVENSKO a.s.,Michalovce,Michalovce,Košický,48.75,21.933333,Potravinárstvo a nápoje,Syráreň a bryndziareň,srvatka_sladka,Sladká srvátka,02 05 01,vedlajsi_produkt,celorocne,D
31651321,SYRÁREŇ BEL SLOVENSKO a.s.,Michalovce,Michalovce,Košický,48.75,21.933333,Potravinárstvo a nápoje,Syráreň a bryndziareň,srvatka_kysla,Kyslá srvátka,02 05 01,odpad,celorocne,D
31651321,SYRÁREŇ BEL SLOVENSKO a.s.,Michalovce,Michalovce,Košický,48.75,21.933333,Potravinárstvo a nápoje,Syráreň a bryndziareň,syrarska_srvatka_tuh,Tuhé zvyšky zo syrárskej výroby,02 05 01,vedlajsi_produkt,celorocne,D
31651321,SYRÁREŇ BEL SLOVENSKO a.s.,Michalovce,Michalovce,Košický,48.75,21.933333,Potravinárstvo a nápoje,Syráreň a bryndziareň,mliekarensky_kal,Kal z mliekarenskej ČOV,02 05 02,odpad,celorocne,D
31654363,Tatranská mliekareň a.s.,Kežmarok,Kežmarok,Prešovský,49.136318,20.430447,Potravinárstvo a nápoje,Mliekáreň,srvatka_sladka,Sladká srvátka,02 05 01,vedlajsi_produkt,celorocne,D
31654363,Tatranská mliekareň a.s.,Kežmarok,Kežmarok,Prešovský,49.136318,20.430447,Potravinárstvo a nápoje,Mliekáreň,srvatka_kysla,Kyslá srvátka,02 05 01,odpad,celorocne,D
31654363,Tatranská mliekareň a.s.,Kežmarok,Kežmarok,Prešovský,49.136318,20.430447,Potravinárstvo a nápoje,Mliekáreň,srvatkovy_permeat,Srvátkový permeát,02 05 01,vedlajsi_produkt,celorocne,D
31654363,Tatranská mliekareň a.s.,Kežmarok,Kežmarok,Prešovský,49.136318,20.430447,Potravinárstvo a nápoje,Mliekáreň,cmar,Cmar,02 05 01,krmna_surovina,celorocne,D
31654363,Tatranská mliekareň a.s.,Kežmarok,Kežmarok,Prešovský,49.136318,20.430447,Potravinárstvo a nápoje,Mliekáreň,mliekarensky_kal,Kal z mliekarenskej ČOV,02 05 02,odpad,celorocne,D
31669794,"MÄSOPRODUKT, a.s., Prešov",Prešov,Prešov,Prešovský,49.000411,21.252273,Potravinárstvo a nápoje,Mäsospracovanie,kostny_zvysok,Kosti a kostné zvyšky,02 02 02,vedlajsi_produkt,celorocne,D
31669794,"MÄSOPRODUKT, a.s., Prešov",Prešov,Prešov,Prešovský,49.000411,21.252273,Potravinárstvo a nápoje,Mäsospracovanie,kozne_odrezky,Kožné odrezky a podkožný tuk,02 02 02,odpad,celorocne,D
31669794,"MÄSOPRODUKT, a.s., Prešov",Prešov,Prešov,Prešovský,49.000411,21.252273,Potravinárstvo a nápoje,Mäsospracovanie,masovy_flotacny_kal,Flotačný kal z mäsospracovania,02 02 04,odpad,celorocne,D
31669794,"MÄSOPRODUKT, a.s., Prešov",Prešov,Prešov,Prešovský,49.000411,21.252273,Potravinárstvo a nápoje,Mäsospracovanie,zvp_kat3,Živočíšne vedľajšie produkty kategórie 3,02 02 02,vedlajsi_produkt,celorocne,D
31669794,"MÄSOPRODUKT, a.s., Prešov",Prešov,Prešov,Prešovský,49.000411,21.252273,Potravinárstvo a nápoje,Mäsospracovanie,technicky_zivocisny_tuk,Technický živočíšny tuk,02 02 03,vedlajsi_produkt,celorocne,D
31669794,"MÄSOPRODUKT, a.s., Prešov",Prešov,Prešov,Prešovský,49.000411,21.252273,Potravinárstvo a nápoje,Mäsospracovanie,masokostna_mucka,Mäsokostná múčka,02 02 02,odpad,celorocne,D
31672981,Mestské lesy Košice a.s.,Košice,Košice I,Košický,48.717227,21.249677,"Drevo, lesníctvo a ostatné",Mestské lesy,lesna_stiepka,Lesná štiepka a haluzina,02 01 07,vedlajsi_produkt,celorocne,D
31672981,Mestské lesy Košice a.s.,Košice,Košice I,Košický,48.717227,21.249677,"Drevo, lesníctvo a ostatné",Mestské lesy,kora,Odpadová kôra,03 01 01,vedlajsi_produkt,celorocne,D
31672981,Mestské lesy Košice a.s.,Košice,Košice I,Košický,48.717227,21.249677,"Drevo, lesníctvo a ostatné",Mestské lesy,odrezky_dreva,Odrezky a drevný odpad,03 01 05,vedlajsi_produkt,celorocne,D
31672981,Mestské lesy Košice a.s.,Košice,Košice I,Košický,48.717227,21.249677,"Drevo, lesníctvo a ostatné",Mestské lesy,konare_stiepka,Konáre a drevná štiepka z údržby zelene,20 02 01,odpad,sezonne_jar,D
31673449,"Mestské lesy, Revúca spol. s r.o.",Revúca,Revúca,Banskobystrický,48.683333,20.116667,"Drevo, lesníctvo a ostatné",Mestské lesy,lesna_stiepka,Lesná štiepka a haluzina,02 01 07,vedlajsi_produkt,celorocne,D
31673449,"Mestské lesy, Revúca spol. s r.o.",Revúca,Revúca,Banskobystrický,48.683333,20.116667,"Drevo, lesníctvo a ostatné",Mestské lesy,kora,Odpadová kôra,03 01 01,vedlajsi_produkt,celorocne,D
31673449,"Mestské lesy, Revúca spol. s r.o.",Revúca,Revúca,Banskobystrický,48.683333,20.116667,"Drevo, lesníctvo a ostatné",Mestské lesy,odrezky_dreva,Odrezky a drevný odpad,03 01 05,vedlajsi_produkt,celorocne,D
31673449,"Mestské lesy, Revúca spol. s r.o.",Revúca,Revúca,Banskobystrický,48.683333,20.116667,"Drevo, lesníctvo a ostatné",Mestské lesy,konare_stiepka,Konáre a drevná štiepka z údržby zelene,20 02 01,odpad,sezonne_jar,D
31677258,"PEKÁREŇ GROS, spol. s r.o.",Kežmarok,Kežmarok,Prešovský,49.136318,20.430447,Potravinárstvo a nápoje,Pekáreň,pekarenske_zvysky,Pekárenské zvyšky,02 06 01,vedlajsi_produkt,celorocne,D
31677258,"PEKÁREŇ GROS, spol. s r.o.",Kežmarok,Kežmarok,Prešovský,49.136318,20.430447,Potravinárstvo a nápoje,Pekáreň,cestovinove_zvysky,Cestovinové a múčne zvyšky,02 06 01,vedlajsi_produkt,celorocne,D
31683410,"Mestské lesy Dobšiná, spol. s r.o.",Dobšiná,Rožňava,Košický,48.821028,20.364743,"Drevo, lesníctvo a ostatné",Mestské lesy,lesna_stiepka,Lesná štiepka a haluzina,02 01 07,vedlajsi_produkt,celorocne,D
31683410,"Mestské lesy Dobšiná, spol. s r.o.",Dobšiná,Rožňava,Košický,48.821028,20.364743,"Drevo, lesníctvo a ostatné",Mestské lesy,kora,Odpadová kôra,03 01 01,vedlajsi_produkt,celorocne,D
31683410,"Mestské lesy Dobšiná, spol. s r.o.",Dobšiná,Rožňava,Košický,48.821028,20.364743,"Drevo, lesníctvo a ostatné",Mestské lesy,odrezky_dreva,Odrezky a drevný odpad,03 01 05,vedlajsi_produkt,celorocne,D
31683410,"Mestské lesy Dobšiná, spol. s r.o.",Dobšiná,Rožňava,Košický,48.821028,20.364743,"Drevo, lesníctvo a ostatné",Mestské lesy,konare_stiepka,Konáre a drevná štiepka z údržby zelene,20 02 01,odpad,sezonne_jar,D
31683843,"PILA TERA, spol. s r.o.",Snina,Snina,Prešovský,48.990062,22.155625,"Drevo, lesníctvo a ostatné",Píla a drevospracovanie,piliny,Piliny a hobliny,03 01 05,vedlajsi_produkt,celorocne,D
31683843,"PILA TERA, spol. s r.o.",Snina,Snina,Prešovský,48.990062,22.155625,"Drevo, lesníctvo a ostatné",Píla a drevospracovanie,kora,Odpadová kôra,03 01 01,vedlajsi_produkt,celorocne,D
31683843,"PILA TERA, spol. s r.o.",Snina,Snina,Prešovský,48.990062,22.155625,"Drevo, lesníctvo a ostatné",Píla a drevospracovanie,odrezky_dreva,Odrezky a drevný odpad,03 01 05,vedlajsi_produkt,celorocne,D
31686541,"Mestské lesy Jelšava, s.r.o.",Jelšava,Revúca,Banskobystrický,48.627976,20.24008,"Drevo, lesníctvo a ostatné",Mestské lesy,lesna_stiepka,Lesná štiepka a haluzina,02 01 07,vedlajsi_produkt,celorocne,D
31686541,"Mestské lesy Jelšava, s.r.o.",Jelšava,Revúca,Banskobystrický,48.627976,20.24008,"Drevo, lesníctvo a ostatné",Mestské lesy,kora,Odpadová kôra,03 01 01,vedlajsi_produkt,celorocne,D
31686541,"Mestské lesy Jelšava, s.r.o.",Jelšava,Revúca,Banskobystrický,48.627976,20.24008,"Drevo, lesníctvo a ostatné",Mestské lesy,odrezky_dreva,Odrezky a drevný odpad,03 01 05,vedlajsi_produkt,celorocne,D
31686541,"Mestské lesy Jelšava, s.r.o.",Jelšava,Revúca,Banskobystrický,48.627976,20.24008,"Drevo, lesníctvo a ostatné",Mestské lesy,konare_stiepka,Konáre a drevná štiepka z údržby zelene,20 02 01,odpad,sezonne_jar,D
31704735,"TECHNICKÉ SLUŽBY, spol. s r.o. Lipany",Lipany,Sabinov,Prešovský,49.15,20.966667,Komunálny a gastro bioodpad,Technické služby mesta / obce,travna_hmota_kosba,Trávna hmota z kosby verejnej zelene,20 02 01,odpad,sezonne_leto,D
31704735,"TECHNICKÉ SLUŽBY, spol. s r.o. Lipany",Lipany,Sabinov,Prešovský,49.15,20.966667,Komunálny a gastro bioodpad,Technické služby mesta / obce,konare_stiepka,Konáre a drevná štiepka z údržby zelene,20 02 01,odpad,sezonne_jar,D
31704735,"TECHNICKÉ SLUŽBY, spol. s r.o. Lipany",Lipany,Sabinov,Prešovský,49.15,20.966667,Komunálny a gastro bioodpad,Technické služby mesta / obce,listie,Lístie z verejnej zelene,20 02 01,odpad,sezonne_jesen,D
31704735,"TECHNICKÉ SLUŽBY, spol. s r.o. Lipany",Lipany,Sabinov,Prešovský,49.15,20.966667,Komunálny a gastro bioodpad,Technické služby mesta / obce,bro_zahrady,Biologicky rozložiteľný odpad zo záhrad,20 02 01,odpad,sezonne_leto,D
31704735,"TECHNICKÉ SLUŽBY, spol. s r.o. Lipany",Lipany,Sabinov,Prešovský,49.15,20.966667,Komunálny a gastro bioodpad,Technické služby mesta / obce,odpad_trhoviska,Odpad z trhovísk,20 03 02,odpad,sezonne_leto,D
31713891,Agropotravinárske družstvo Malčice,Malčice,Michalovce,Košický,48.577134,21.854297,Potravinárstvo a nápoje,Vinárstvo,hroznove_vylisky,Hroznové výlisky (matolina),02 07 04,vedlajsi_produkt,sezonne_jesen,D
31713891,Agropotravinárske družstvo Malčice,Malčice,Michalovce,Košický,48.577134,21.854297,Potravinárstvo a nápoje,Vinárstvo,vinne_kaly,Vínne kaly,02 07 05,odpad,sezonne_jesen,D
31713891,Agropotravinárske družstvo Malčice,Malčice,Michalovce,Košický,48.577134,21.854297,Potravinárstvo a nápoje,Vinárstvo,hroznove_stopky,Hroznové stopky (strapiny),02 07 01,odpad,sezonne_jesen,D
31737200,"COOP Jednota Vranov nad Topľou, spotrebné družstvo",Vranov nad Topľou,Vranov nad Topľou,Prešovský,48.890524,21.680564,Retail a distribúcia potravín,Spotrebné družstvo (predajne),retail_ovocie_zelenina,Neupredané ovocie a zelenina z predajní,20 01 08,odpad,celorocne,D
31737200,"COOP Jednota Vranov nad Topľou, spotrebné družstvo",Vranov nad Topľou,Vranov nad Topľou,Prešovský,48.890524,21.680564,Retail a distribúcia potravín,Spotrebné družstvo (predajne),retail_pecivo,Neupredané pečivo a pekárske výrobky,02 06 01,vedlajsi_produkt,celorocne,D
31737200,"COOP Jednota Vranov nad Topľou, spotrebné družstvo",Vranov nad Topľou,Vranov nad Topľou,Prešovský,48.890524,21.680564,Retail a distribúcia potravín,Spotrebné družstvo (predajne),retail_mliecne,Mliečne výrobky po dátume minimálnej trvanlivosti,20 01 08,odpad,celorocne,D
31737200,"COOP Jednota Vranov nad Topľou, spotrebné družstvo",Vranov nad Topľou,Vranov nad Topľou,Prešovský,48.890524,21.680564,Retail a distribúcia potravín,Spotrebné družstvo (predajne),retail_maso_zvysky,Mäsové a údenárske výrobky po dátume spotreby,02 02 03,odpad,celorocne,D
31737200,"COOP Jednota Vranov nad Topľou, spotrebné družstvo",Vranov nad Topľou,Vranov nad Topľou,Prešovský,48.890524,21.680564,Retail a distribúcia potravín,Spotrebné družstvo (predajne),retail_zmesovy,Zmesový potravinový odpad z predajne,20 01 08,odpad,celorocne,D
31745041,"Základná škola, Podzáhradná 51, Bratislava",Bratislava - mestská časť Podunajské Biskupice,Bratislava II,Bratislavský,48.130042,17.207422,Gastro a stravovacie zariadenia,Základná škola,skolsky_kuchynsky_odpad,Kuchynský odpad zo školských jedální,20 01 08,odpad,celorocne,D
31745041,"Základná škola, Podzáhradná 51, Bratislava",Bratislava - mestská časť Podunajské Biskupice,Bratislava II,Bratislavský,48.130042,17.207422,Gastro a stravovacie zariadenia,Základná škola,zvysky_z_taniera,Zvyšky z taniera,20 01 08,odpad,celorocne,D
31745041,"Základná škola, Podzáhradná 51, Bratislava",Bratislava - mestská časť Podunajské Biskupice,Bratislava II,Bratislavský,48.130042,17.207422,Gastro a stravovacie zariadenia,Základná škola,gastro_kavova_sedlina,Kávová sedlina z gastroprevádzok,20 01 08,odpad,celorocne,D
31745041,"Základná škola, Podzáhradná 51, Bratislava",Bratislava - mestská časť Podunajské Biskupice,Bratislava II,Bratislavský,48.130042,17.207422,Gastro a stravovacie zariadenia,Základná škola,bro_zahrady,Biologicky rozložiteľný odpad zo záhrad,20 02 01,odpad,sezonne_leto,D
31748198,"Základná škola s materskou školou s VJM, Vetvárska 7, Bratislava",Bratislava - mestská časť Podunajské Biskupice,Bratislava II,Bratislavský,48.130042,17.207422,Gastro a stravovacie zariadenia,Základná škola,skolsky_kuchynsky_odpad,Kuchynský odpad zo školských jedální,20 01 08,odpad,celorocne,D
31748198,"Základná škola s materskou školou s VJM, Vetvárska 7, Bratislava",Bratislava - mestská časť Podunajské Biskupice,Bratislava II,Bratislavský,48.130042,17.207422,Gastro a stravovacie zariadenia,Základná škola,zvysky_z_taniera,Zvyšky z taniera,20 01 08,odpad,celorocne,D
31748198,"Základná škola s materskou školou s VJM, Vetvárska 7, Bratislava",Bratislava - mestská časť Podunajské Biskupice,Bratislava II,Bratislavský,48.130042,17.207422,Gastro a stravovacie zariadenia,Základná škola,gastro_kavova_sedlina,Kávová sedlina z gastroprevádzok,20 01 08,odpad,celorocne,D
31748198,"Základná škola s materskou školou s VJM, Vetvárska 7, Bratislava",Bratislava - mestská časť Podunajské Biskupice,Bratislava II,Bratislavský,48.130042,17.207422,Gastro a stravovacie zariadenia,Základná škola,bro_zahrady,Biologicky rozložiteľný odpad zo záhrad,20 02 01,odpad,sezonne_leto,D
31748201,"Základná škola, Biskupická 21, Bratislava",Bratislava - mestská časť Podunajské Biskupice,Bratislava II,Bratislavský,48.130042,17.207422,Gastro a stravovacie zariadenia,Základná škola,skolsky_kuchynsky_odpad,Kuchynský odpad zo školských jedální,20 01 08,odpad,celorocne,D
31748201,"Základná škola, Biskupická 21, Bratislava",Bratislava - mestská časť Podunajské Biskupice,Bratislava II,Bratislavský,48.130042,17.207422,Gastro a stravovacie zariadenia,Základná škola,zvysky_z_taniera,Zvyšky z taniera,20 01 08,odpad,celorocne,D
31748201,"Základná škola, Biskupická 21, Bratislava",Bratislava - mestská časť Podunajské Biskupice,Bratislava II,Bratislavský,48.130042,17.207422,Gastro a stravovacie zariadenia,Základná škola,gastro_kavova_sedlina,Kávová sedlina z gastroprevádzok,20 01 08,odpad,celorocne,D
31748201,"Základná škola, Biskupická 21, Bratislava",Bratislava - mestská časť Podunajské Biskupice,Bratislava II,Bratislavský,48.130042,17.207422,Gastro a stravovacie zariadenia,Základná škola,bro_zahrady,Biologicky rozložiteľný odpad zo záhrad,20 02 01,odpad,sezonne_leto,D
31754929,"Základná škola, Černyševského 8, Bratislava",Bratislava - mestská časť Petržalka,Bratislava V,Bratislavský,48.111346,17.110791,Gastro a stravovacie zariadenia,Základná škola,skolsky_kuchynsky_odpad,Kuchynský odpad zo školských jedální,20 01 08,odpad,celorocne,D
31754929,"Základná škola, Černyševského 8, Bratislava",Bratislava - mestská časť Petržalka,Bratislava V,Bratislavský,48.111346,17.110791,Gastro a stravovacie zariadenia,Základná škola,zvysky_z_taniera,Zvyšky z taniera,20 01 08,odpad,celorocne,D
31754929,"Základná škola, Černyševského 8, Bratislava",Bratislava - mestská časť Petržalka,Bratislava V,Bratislavský,48.111346,17.110791,Gastro a stravovacie zariadenia,Základná škola,gastro_kavova_sedlina,Kávová sedlina z gastroprevádzok,20 01 08,odpad,celorocne,D
31754929,"Základná škola, Černyševského 8, Bratislava",Bratislava - mestská časť Petržalka,Bratislava V,Bratislavský,48.111346,17.110791,Gastro a stravovacie zariadenia,Základná škola,bro_zahrady,Biologicky rozložiteľný odpad zo záhrad,20 02 01,odpad,sezonne_leto,D
31770398,Centrum sociálnych služieb Pod Karpatmi,Pezinok,Pezinok,Bratislavský,48.285586,17.27028,Gastro a stravovacie zariadenia,Zariadenie sociálnych služieb,nemocnicny_kuchynsky_odpad,Kuchynský odpad zo zdravotníckych a sociálnych zariadení,20 01 08,odpad,celorocne,D
31770398,Centrum sociálnych služieb Pod Karpatmi,Pezinok,Pezinok,Bratislavský,48.285586,17.27028,Gastro a stravovacie zariadenia,Zariadenie sociálnych služieb,zvysky_z_taniera,Zvyšky z taniera,20 01 08,odpad,celorocne,D
31770398,Centrum sociálnych služieb Pod Karpatmi,Pezinok,Pezinok,Bratislavský,48.285586,17.27028,Gastro a stravovacie zariadenia,Zariadenie sociálnych služieb,bro_zahrady,Biologicky rozložiteľný odpad zo záhrad,20 02 01,odpad,sezonne_leto,D
31780741,"Základná škola, Bieloruská 1, Bratislava",Bratislava - mestská časť Podunajské Biskupice,Bratislava II,Bratislavský,48.130042,17.207422,Gastro a stravovacie zariadenia,Základná škola,skolsky_kuchynsky_odpad,Kuchynský odpad zo školských jedální,20 01 08,odpad,celorocne,D
31780741,"Základná škola, Bieloruská 1, Bratislava",Bratislava - mestská časť Podunajské Biskupice,Bratislava II,Bratislavský,48.130042,17.207422,Gastro a stravovacie zariadenia,Základná škola,zvysky_z_taniera,Zvyšky z taniera,20 01 08,odpad,celorocne,D
31780741,"Základná škola, Bieloruská 1, Bratislava",Bratislava - mestská časť Podunajské Biskupice,Bratislava II,Bratislavský,48.130042,17.207422,Gastro a stravovacie zariadenia,Základná škola,gastro_kavova_sedlina,Kávová sedlina z gastroprevádzok,20 01 08,odpad,celorocne,D
31780741,"Základná škola, Bieloruská 1, Bratislava",Bratislava - mestská časť Podunajské Biskupice,Bratislava II,Bratislavský,48.130042,17.207422,Gastro a stravovacie zariadenia,Základná škola,bro_zahrady,Biologicky rozložiteľný odpad zo záhrad,20 02 01,odpad,sezonne_leto,D
31787045,"Materská škola, Estónska 5207/3, Bratislava",Bratislava - mestská časť Podunajské Biskupice,Bratislava II,Bratislavský,48.130042,17.207422,Gastro a stravovacie zariadenia,Materská škola,skolsky_kuchynsky_odpad,Kuchynský odpad zo školských jedální,20 01 08,odpad,celorocne,D
31787045,"Materská škola, Estónska 5207/3, Bratislava",Bratislava - mestská časť Podunajské Biskupice,Bratislava II,Bratislavský,48.130042,17.207422,Gastro a stravovacie zariadenia,Materská škola,zvysky_z_taniera,Zvyšky z taniera,20 01 08,odpad,celorocne,D
31787045,"Materská škola, Estónska 5207/3, Bratislava",Bratislava - mestská časť Podunajské Biskupice,Bratislava II,Bratislavský,48.130042,17.207422,Gastro a stravovacie zariadenia,Materská škola,bro_zahrady,Biologicky rozložiteľný odpad zo záhrad,20 02 01,odpad,sezonne_leto,D
31810268,"Základná škola s materskou školou, Kuchyňa 551",Kuchyňa,Malacky,Bratislavský,48.405751,17.15852,Gastro a stravovacie zariadenia,Základná škola,skolsky_kuchynsky_odpad,Kuchynský odpad zo školských jedální,20 01 08,odpad,celorocne,D
31810268,"Základná škola s materskou školou, Kuchyňa 551",Kuchyňa,Malacky,Bratislavský,48.405751,17.15852,Gastro a stravovacie zariadenia,Základná škola,zvysky_z_taniera,Zvyšky z taniera,20 01 08,odpad,celorocne,D
31810268,"Základná škola s materskou školou, Kuchyňa 551",Kuchyňa,Malacky,Bratislavský,48.405751,17.15852,Gastro a stravovacie zariadenia,Základná škola,gastro_kavova_sedlina,Kávová sedlina z gastroprevádzok,20 01 08,odpad,celorocne,D
31810268,"Základná škola s materskou školou, Kuchyňa 551",Kuchyňa,Malacky,Bratislavský,48.405751,17.15852,Gastro a stravovacie zariadenia,Základná škola,bro_zahrady,Biologicky rozložiteľný odpad zo záhrad,20 02 01,odpad,sezonne_leto,D
31810276,"Základná škola, Plavecký Štvrtok 351",Plavecký Štvrtok,Malacky,Bratislavský,48.374094,17.005391,Gastro a stravovacie zariadenia,Základná škola,skolsky_kuchynsky_odpad,Kuchynský odpad zo školských jedální,20 01 08,odpad,celorocne,D
31810276,"Základná škola, Plavecký Štvrtok 351",Plavecký Štvrtok,Malacky,Bratislavský,48.374094,17.005391,Gastro a stravovacie zariadenia,Základná škola,zvysky_z_taniera,Zvyšky z taniera,20 01 08,odpad,celorocne,D
31810276,"Základná škola, Plavecký Štvrtok 351",Plavecký Štvrtok,Malacky,Bratislavský,48.374094,17.005391,Gastro a stravovacie zariadenia,Základná škola,gastro_kavova_sedlina,Kávová sedlina z gastroprevádzok,20 01 08,odpad,celorocne,D
31810276,"Základná škola, Plavecký Štvrtok 351",Plavecký Štvrtok,Malacky,Bratislavský,48.374094,17.005391,Gastro a stravovacie zariadenia,Základná škola,bro_zahrady,Biologicky rozložiteľný odpad zo záhrad,20 02 01,odpad,sezonne_leto,D
31810292,"Základná škola, Školská ulica 7/19, Sološnica",Sološnica,Malacky,Bratislavský,48.465196,17.231969,Gastro a stravovacie zariadenia,Základná škola,skolsky_kuchynsky_odpad,Kuchynský odpad zo školských jedální,20 01 08,odpad,celorocne,D
31810292,"Základná škola, Školská ulica 7/19, Sološnica",Sološnica,Malacky,Bratislavský,48.465196,17.231969,Gastro a stravovacie zariadenia,Základná škola,zvysky_z_taniera,Zvyšky z taniera,20 01 08,odpad,celorocne,D
31810292,"Základná škola, Školská ulica 7/19, Sološnica",Sološnica,Malacky,Bratislavský,48.465196,17.231969,Gastro a stravovacie zariadenia,Základná škola,gastro_kavova_sedlina,Kávová sedlina z gastroprevádzok,20 01 08,odpad,celorocne,D
31810292,"Základná škola, Školská ulica 7/19, Sološnica",Sološnica,Malacky,Bratislavský,48.465196,17.231969,Gastro a stravovacie zariadenia,Základná škola,bro_zahrady,Biologicky rozložiteľný odpad zo záhrad,20 02 01,odpad,sezonne_leto,D
31810543,"Základná škola s materskou školou, Budmerice 430",Budmerice,Pezinok,Bratislavský,48.360397,17.405103,Gastro a stravovacie zariadenia,Základná škola,skolsky_kuchynsky_odpad,Kuchynský odpad zo školských jedální,20 01 08,odpad,celorocne,D
31810543,"Základná škola s materskou školou, Budmerice 430",Budmerice,Pezinok,Bratislavský,48.360397,17.405103,Gastro a stravovacie zariadenia,Základná škola,zvysky_z_taniera,Zvyšky z taniera,20 01 08,odpad,celorocne,D
31810543,"Základná škola s materskou školou, Budmerice 430",Budmerice,Pezinok,Bratislavský,48.360397,17.405103,Gastro a stravovacie zariadenia,Základná škola,gastro_kavova_sedlina,Kávová sedlina z gastroprevádzok,20 01 08,odpad,celorocne,D
31810543,"Základná škola s materskou školou, Budmerice 430",Budmerice,Pezinok,Bratislavský,48.360397,17.405103,Gastro a stravovacie zariadenia,Základná škola,bro_zahrady,Biologicky rozložiteľný odpad zo záhrad,20 02 01,odpad,sezonne_leto,D
31811523,"Materská škola, Hlavná 88, Gajary",Gajary,Malacky,Bratislavský,48.468407,16.922298,Gastro a stravovacie zariadenia,Materská škola,skolsky_kuchynsky_odpad,Kuchynský odpad zo školských jedální,20 01 08,odpad,celorocne,D
31811523,"Materská škola, Hlavná 88, Gajary",Gajary,Malacky,Bratislavský,48.468407,16.922298,Gastro a stravovacie zariadenia,Materská škola,zvysky_z_taniera,Zvyšky z taniera,20 01 08,odpad,celorocne,D
31811523,"Materská škola, Hlavná 88, Gajary",Gajary,Malacky,Bratislavský,48.468407,16.922298,Gastro a stravovacie zariadenia,Materská škola,bro_zahrady,Biologicky rozložiteľný odpad zo záhrad,20 02 01,odpad,sezonne_leto,D
31816924,"Základná škola s materskou školou, Studienka 222",Studienka,Malacky,Bratislavský,48.528061,17.136328,Gastro a stravovacie zariadenia,Základná škola,skolsky_kuchynsky_odpad,Kuchynský odpad zo školských jedální,20 01 08,odpad,celorocne,D
31816924,"Základná škola s materskou školou, Studienka 222",Studienka,Malacky,Bratislavský,48.528061,17.136328,Gastro a stravovacie zariadenia,Základná škola,zvysky_z_taniera,Zvyšky z taniera,20 01 08,odpad,celorocne,D
31816924,"Základná škola s materskou školou, Studienka 222",Studienka,Malacky,Bratislavský,48.528061,17.136328,Gastro a stravovacie zariadenia,Základná škola,gastro_kavova_sedlina,Kávová sedlina z gastroprevádzok,20 01 08,odpad,celorocne,D
31816924,"Základná škola s materskou školou, Studienka 222",Studienka,Malacky,Bratislavský,48.528061,17.136328,Gastro a stravovacie zariadenia,Základná škola,bro_zahrady,Biologicky rozložiteľný odpad zo záhrad,20 02 01,odpad,sezonne_leto,D
31817025,"Základná škola s materskou školou, Vištuk 44",Vištuk,Pezinok,Bratislavský,48.334375,17.397091,Gastro a stravovacie zariadenia,Základná škola,skolsky_kuchynsky_odpad,Kuchynský odpad zo školských jedální,20 01 08,odpad,celorocne,D
31817025,"Základná škola s materskou školou, Vištuk 44",Vištuk,Pezinok,Bratislavský,48.334375,17.397091,Gastro a stravovacie zariadenia,Základná škola,zvysky_z_taniera,Zvyšky z taniera,20 01 08,odpad,celorocne,D
31817025,"Základná škola s materskou školou, Vištuk 44",Vištuk,Pezinok,Bratislavský,48.334375,17.397091,Gastro a stravovacie zariadenia,Základná škola,gastro_kavova_sedlina,Kávová sedlina z gastroprevádzok,20 01 08,odpad,celorocne,D
31817025,"Základná škola s materskou školou, Vištuk 44",Vištuk,Pezinok,Bratislavský,48.334375,17.397091,Gastro a stravovacie zariadenia,Základná škola,bro_zahrady,Biologicky rozložiteľný odpad zo záhrad,20 02 01,odpad,sezonne_leto,D
31817033,"Školská jedáleň, Školská 257, Dunajská Lužná",Dunajská Lužná,Senec,Bratislavský,48.082194,17.263614,Gastro a stravovacie zariadenia,Školská jedáleň,skolsky_kuchynsky_odpad,Kuchynský odpad zo školských jedální,20 01 08,odpad,celorocne,D
31817033,"Školská jedáleň, Školská 257, Dunajská Lužná",Dunajská Lužná,Senec,Bratislavský,48.082194,17.263614,Gastro a stravovacie zariadenia,Školská jedáleň,zvysky_z_taniera,Zvyšky z taniera,20 01 08,odpad,celorocne,D
31817033,"Školská jedáleň, Školská 257, Dunajská Lužná",Dunajská Lužná,Senec,Bratislavský,48.082194,17.263614,Gastro a stravovacie zariadenia,Školská jedáleň,gastro_fritovaci_olej,Použitý fritovací olej z gastroprevádzok,20 01 25,odpad,celorocne,D
31822665,Centrum sociálnych služieb - LIPOVEC,Horné Srnie,Trenčín,Trenčiansky,48.983333,18.1,Gastro a stravovacie zariadenia,Zariadenie sociálnych služieb,nemocnicny_kuchynsky_odpad,Kuchynský odpad zo zdravotníckych a sociálnych zariadení,20 01 08,odpad,celorocne,D
31822665,Centrum sociálnych služieb - LIPOVEC,Horné Srnie,Trenčín,Trenčiansky,48.983333,18.1,Gastro a stravovacie zariadenia,Zariadenie sociálnych služieb,zvysky_z_taniera,Zvyšky z taniera,20 01 08,odpad,celorocne,D
31822665,Centrum sociálnych služieb - LIPOVEC,Horné Srnie,Trenčín,Trenčiansky,48.983333,18.1,Gastro a stravovacie zariadenia,Zariadenie sociálnych služieb,bro_zahrady,Biologicky rozložiteľný odpad zo záhrad,20 02 01,odpad,sezonne_leto,D
31824064,Zariadenie pre seniorov Šaštín-Stráže,Šaštín-Stráže,Senica,Trnavský,48.640447,17.149745,Gastro a stravovacie zariadenia,Zariadenie sociálnych služieb,nemocnicny_kuchynsky_odpad,Kuchynský odpad zo zdravotníckych a sociálnych zariadení,20 01 08,odpad,celorocne,D
31824064,Zariadenie pre seniorov Šaštín-Stráže,Šaštín-Stráže,Senica,Trnavský,48.640447,17.149745,Gastro a stravovacie zariadenia,Zariadenie sociálnych služieb,zvysky_z_taniera,Zvyšky z taniera,20 01 08,odpad,celorocne,D
31824064,Zariadenie pre seniorov Šaštín-Stráže,Šaštín-Stráže,Senica,Trnavský,48.640447,17.149745,Gastro a stravovacie zariadenia,Zariadenie sociálnych služieb,bro_zahrady,Biologicky rozložiteľný odpad zo záhrad,20 02 01,odpad,sezonne_leto,D
31824633,Zariadenie pre seniorov a denný stacionár Kolárovo,Kolárovo,Komárno,Nitriansky,47.91593,17.99042,Gastro a stravovacie zariadenia,Zariadenie sociálnych služieb,nemocnicny_kuchynsky_odpad,Kuchynský odpad zo zdravotníckych a sociálnych zariadení,20 01 08,odpad,celorocne,D
31824633,Zariadenie pre seniorov a denný stacionár Kolárovo,Kolárovo,Komárno,Nitriansky,47.91593,17.99042,Gastro a stravovacie zariadenia,Zariadenie sociálnych služieb,zvysky_z_taniera,Zvyšky z taniera,20 01 08,odpad,celorocne,D
31824633,Zariadenie pre seniorov a denný stacionár Kolárovo,Kolárovo,Komárno,Nitriansky,47.91593,17.99042,Gastro a stravovacie zariadenia,Zariadenie sociálnych služieb,bro_zahrady,Biologicky rozložiteľný odpad zo záhrad,20 02 01,odpad,sezonne_leto,D
31825796,"„HARLEKÝN"", Zariadenie sociálnych služieb Topoľčany",Topoľčany,Topoľčany,Nitriansky,48.559116,18.176052,Gastro a stravovacie zariadenia,Zariadenie sociálnych služieb,nemocnicny_kuchynsky_odpad,Kuchynský odpad zo zdravotníckych a sociálnych zariadení,20 01 08,odpad,celorocne,D
31825796,"„HARLEKÝN"", Zariadenie sociálnych služieb Topoľčany",Topoľčany,Topoľčany,Nitriansky,48.559116,18.176052,Gastro a stravovacie zariadenia,Zariadenie sociálnych služieb,zvysky_z_taniera,Zvyšky z taniera,20 01 08,odpad,celorocne,D
31825796,"„HARLEKÝN"", Zariadenie sociálnych služieb Topoľčany",Topoľčany,Topoľčany,Nitriansky,48.559116,18.176052,Gastro a stravovacie zariadenia,Zariadenie sociálnych služieb,bro_zahrady,Biologicky rozložiteľný odpad zo záhrad,20 02 01,odpad,sezonne_leto,D
31897959,"Súkromná Spojená škola EDUCO, Námestovo",Námestovo,Námestovo,Žilinský,49.409512,19.480783,Gastro a stravovacie zariadenia,Stredná škola,skolsky_kuchynsky_odpad,Kuchynský odpad zo školských jedální,20 01 08,odpad,celorocne,D
31897959,"Súkromná Spojená škola EDUCO, Námestovo",Námestovo,Námestovo,Žilinský,49.409512,19.480783,Gastro a stravovacie zariadenia,Stredná škola,zvysky_z_taniera,Zvyšky z taniera,20 01 08,odpad,celorocne,D
31897959,"Súkromná Spojená škola EDUCO, Námestovo",Námestovo,Námestovo,Žilinský,49.409512,19.480783,Gastro a stravovacie zariadenia,Stredná škola,gastro_fritovaci_olej,Použitý fritovací olej z gastroprevádzok,20 01 25,odpad,celorocne,D
31897959,"Súkromná Spojená škola EDUCO, Námestovo",Námestovo,Námestovo,Žilinský,49.409512,19.480783,Gastro a stravovacie zariadenia,Stredná škola,bro_zahrady,Biologicky rozložiteľný odpad zo záhrad,20 02 01,odpad,sezonne_leto,D
31908969,"Nemocnica s poliklinikou Brezno, n.o.",Brezno,Brezno,Banskobystrický,48.805335,19.640961,Gastro a stravovacie zariadenia,Nemocnica,nemocnicny_kuchynsky_odpad,Kuchynský odpad zo zdravotníckych a sociálnych zariadení,20 01 08,odpad,celorocne,D
31908969,"Nemocnica s poliklinikou Brezno, n.o.",Brezno,Brezno,Banskobystrický,48.805335,19.640961,Gastro a stravovacie zariadenia,Nemocnica,zvysky_z_taniera,Zvyšky z taniera,20 01 08,odpad,celorocne,D
31908969,"Nemocnica s poliklinikou Brezno, n.o.",Brezno,Brezno,Banskobystrický,48.805335,19.640961,Gastro a stravovacie zariadenia,Nemocnica,gastro_fritovaci_olej,Použitý fritovací olej z gastroprevádzok,20 01 25,odpad,celorocne,D
32338261,Alžbeta Ladovičová Mäso-údeniny u Ladoviča,Váhovce,Galanta,Trnavský,48.25,17.783333,Potravinárstvo a nápoje,Mäsospracovanie,kostny_zvysok,Kosti a kostné zvyšky,02 02 02,vedlajsi_produkt,celorocne,D
32338261,Alžbeta Ladovičová Mäso-údeniny u Ladoviča,Váhovce,Galanta,Trnavský,48.25,17.783333,Potravinárstvo a nápoje,Mäsospracovanie,kozne_odrezky,Kožné odrezky a podkožný tuk,02 02 02,odpad,celorocne,D
32338261,Alžbeta Ladovičová Mäso-údeniny u Ladoviča,Váhovce,Galanta,Trnavský,48.25,17.783333,Potravinárstvo a nápoje,Mäsospracovanie,masovy_flotacny_kal,Flotačný kal z mäsospracovania,02 02 04,odpad,celorocne,D
32338261,Alžbeta Ladovičová Mäso-údeniny u Ladoviča,Váhovce,Galanta,Trnavský,48.25,17.783333,Potravinárstvo a nápoje,Mäsospracovanie,zvp_kat3,Živočíšne vedľajšie produkty kategórie 3,02 02 02,vedlajsi_produkt,celorocne,D
32338261,Alžbeta Ladovičová Mäso-údeniny u Ladoviča,Váhovce,Galanta,Trnavský,48.25,17.783333,Potravinárstvo a nápoje,Mäsospracovanie,technicky_zivocisny_tuk,Technický živočíšny tuk,02 02 03,vedlajsi_produkt,celorocne,D
32338261,Alžbeta Ladovičová Mäso-údeniny u Ladoviča,Váhovce,Galanta,Trnavský,48.25,17.783333,Potravinárstvo a nápoje,Mäsospracovanie,masokostna_mucka,Mäsokostná múčka,02 02 02,odpad,celorocne,D
32410182,"Peter Bernáth - mäso, údeniny",Nová Vieska,Nové Zámky,Nitriansky,47.869087,18.461012,Potravinárstvo a nápoje,Mäsospracovanie,kostny_zvysok,Kosti a kostné zvyšky,02 02 02,vedlajsi_produkt,celorocne,D
32410182,"Peter Bernáth - mäso, údeniny",Nová Vieska,Nové Zámky,Nitriansky,47.869087,18.461012,Potravinárstvo a nápoje,Mäsospracovanie,kozne_odrezky,Kožné odrezky a podkožný tuk,02 02 02,odpad,celorocne,D
32410182,"Peter Bernáth - mäso, údeniny",Nová Vieska,Nové Zámky,Nitriansky,47.869087,18.461012,Potravinárstvo a nápoje,Mäsospracovanie,masovy_flotacny_kal,Flotačný kal z mäsospracovania,02 02 04,odpad,celorocne,D
32410182,"Peter Bernáth - mäso, údeniny",Nová Vieska,Nové Zámky,Nitriansky,47.869087,18.461012,Potravinárstvo a nápoje,Mäsospracovanie,zvp_kat3,Živočíšne vedľajšie produkty kategórie 3,02 02 02,vedlajsi_produkt,celorocne,D
32410182,"Peter Bernáth - mäso, údeniny",Nová Vieska,Nové Zámky,Nitriansky,47.869087,18.461012,Potravinárstvo a nápoje,Mäsospracovanie,technicky_zivocisny_tuk,Technický živočíšny tuk,02 02 03,vedlajsi_produkt,celorocne,D
32410182,"Peter Bernáth - mäso, údeniny",Nová Vieska,Nové Zámky,Nitriansky,47.869087,18.461012,Potravinárstvo a nápoje,Mäsospracovanie,masokostna_mucka,Mäsokostná múčka,02 02 02,odpad,celorocne,D
32716869,Milan Smaženka Mäso - údeniny,Myjava,Myjava,Trenčiansky,48.754035,17.565022,Potravinárstvo a nápoje,Mäsospracovanie,kostny_zvysok,Kosti a kostné zvyšky,02 02 02,vedlajsi_produkt,celorocne,D
32716869,Milan Smaženka Mäso - údeniny,Myjava,Myjava,Trenčiansky,48.754035,17.565022,Potravinárstvo a nápoje,Mäsospracovanie,kozne_odrezky,Kožné odrezky a podkožný tuk,02 02 02,odpad,celorocne,D
32716869,Milan Smaženka Mäso - údeniny,Myjava,Myjava,Trenčiansky,48.754035,17.565022,Potravinárstvo a nápoje,Mäsospracovanie,masovy_flotacny_kal,Flotačný kal z mäsospracovania,02 02 04,odpad,celorocne,D
32716869,Milan Smaženka Mäso - údeniny,Myjava,Myjava,Trenčiansky,48.754035,17.565022,Potravinárstvo a nápoje,Mäsospracovanie,zvp_kat3,Živočíšne vedľajšie produkty kategórie 3,02 02 02,vedlajsi_produkt,celorocne,D
32716869,Milan Smaženka Mäso - údeniny,Myjava,Myjava,Trenčiansky,48.754035,17.565022,Potravinárstvo a nápoje,Mäsospracovanie,technicky_zivocisny_tuk,Technický živočíšny tuk,02 02 03,vedlajsi_produkt,celorocne,D
32716869,Milan Smaženka Mäso - údeniny,Myjava,Myjava,Trenčiansky,48.754035,17.565022,Potravinárstvo a nápoje,Mäsospracovanie,masokostna_mucka,Mäsokostná múčka,02 02 02,odpad,celorocne,D
33357285,Milan Puchoň Reštaurácia VRTULA,Dolný Hričov,Žilina,Žilinský,49.233333,18.633333,Gastro a stravovacie zariadenia,Reštaurácia,gastro_kuchynsky_odpad,Kuchynský odpad z reštaurácií a hotelov,20 01 08,odpad,celorocne,D
33357285,Milan Puchoň Reštaurácia VRTULA,Dolný Hričov,Žilina,Žilinský,49.233333,18.633333,Gastro a stravovacie zariadenia,Reštaurácia,zvysky_z_taniera,Zvyšky z taniera,20 01 08,odpad,celorocne,D
33357285,Milan Puchoň Reštaurácia VRTULA,Dolný Hričov,Žilina,Žilinský,49.233333,18.633333,Gastro a stravovacie zariadenia,Reštaurácia,gastro_fritovaci_olej,Použitý fritovací olej z gastroprevádzok,20 01 25,odpad,celorocne,D
33357285,Milan Puchoň Reštaurácia VRTULA,Dolný Hričov,Žilina,Žilinský,49.233333,18.633333,Gastro a stravovacie zariadenia,Reštaurácia,gastro_kavova_sedlina,Kávová sedlina z gastroprevádzok,20 01 08,odpad,celorocne,D
33357285,Milan Puchoň Reštaurácia VRTULA,Dolný Hričov,Žilina,Žilinský,49.233333,18.633333,Gastro a stravovacie zariadenia,Reštaurácia,tuky_odlucovace,Tuky z odlučovačov,19 08 09,odpad,celorocne,D
33456691,Dušan Novák Mäso - Údeniny,Šurany,Nové Zámky,Nitriansky,48.086106,18.186834,Potravinárstvo a nápoje,Mäsospracovanie,kostny_zvysok,Kosti a kostné zvyšky,02 02 02,vedlajsi_produkt,celorocne,D
33456691,Dušan Novák Mäso - Údeniny,Šurany,Nové Zámky,Nitriansky,48.086106,18.186834,Potravinárstvo a nápoje,Mäsospracovanie,kozne_odrezky,Kožné odrezky a podkožný tuk,02 02 02,odpad,celorocne,D
33456691,Dušan Novák Mäso - Údeniny,Šurany,Nové Zámky,Nitriansky,48.086106,18.186834,Potravinárstvo a nápoje,Mäsospracovanie,masovy_flotacny_kal,Flotačný kal z mäsospracovania,02 02 04,odpad,celorocne,D
33456691,Dušan Novák Mäso - Údeniny,Šurany,Nové Zámky,Nitriansky,48.086106,18.186834,Potravinárstvo a nápoje,Mäsospracovanie,zvp_kat3,Živočíšne vedľajšie produkty kategórie 3,02 02 02,vedlajsi_produkt,celorocne,D
33456691,Dušan Novák Mäso - Údeniny,Šurany,Nové Zámky,Nitriansky,48.086106,18.186834,Potravinárstvo a nápoje,Mäsospracovanie,technicky_zivocisny_tuk,Technický živočíšny tuk,02 02 03,vedlajsi_produkt,celorocne,D
33456691,Dušan Novák Mäso - Údeniny,Šurany,Nové Zámky,Nitriansky,48.086106,18.186834,Potravinárstvo a nápoje,Mäsospracovanie,masokostna_mucka,Mäsokostná múčka,02 02 02,odpad,celorocne,D
33488070,Karel Štoncner MASO - ÚDENINY,Bolešov,Ilava,Trenčiansky,48.983333,18.15,Potravinárstvo a nápoje,Mäsospracovanie,kostny_zvysok,Kosti a kostné zvyšky,02 02 02,vedlajsi_produkt,celorocne,D
33488070,Karel Štoncner MASO - ÚDENINY,Bolešov,Ilava,Trenčiansky,48.983333,18.15,Potravinárstvo a nápoje,Mäsospracovanie,kozne_odrezky,Kožné odrezky a podkožný tuk,02 02 02,odpad,celorocne,D
33488070,Karel Štoncner MASO - ÚDENINY,Bolešov,Ilava,Trenčiansky,48.983333,18.15,Potravinárstvo a nápoje,Mäsospracovanie,masovy_flotacny_kal,Flotačný kal z mäsospracovania,02 02 04,odpad,celorocne,D
33488070,Karel Štoncner MASO - ÚDENINY,Bolešov,Ilava,Trenčiansky,48.983333,18.15,Potravinárstvo a nápoje,Mäsospracovanie,zvp_kat3,Živočíšne vedľajšie produkty kategórie 3,02 02 02,vedlajsi_produkt,celorocne,D
33488070,Karel Štoncner MASO - ÚDENINY,Bolešov,Ilava,Trenčiansky,48.983333,18.15,Potravinárstvo a nápoje,Mäsospracovanie,technicky_zivocisny_tuk,Technický živočíšny tuk,02 02 03,vedlajsi_produkt,celorocne,D
33488070,Karel Štoncner MASO - ÚDENINY,Bolešov,Ilava,Trenčiansky,48.983333,18.15,Potravinárstvo a nápoje,Mäsospracovanie,masokostna_mucka,Mäsokostná múčka,02 02 02,odpad,celorocne,D
33504181,Dušan Baša Mäso - údeniny,Šenkvice,Pezinok,Bratislavský,48.299537,17.348321,Potravinárstvo a nápoje,Mäsospracovanie,kostny_zvysok,Kosti a kostné zvyšky,02 02 02,vedlajsi_produkt,celorocne,D
33504181,Dušan Baša Mäso - údeniny,Šenkvice,Pezinok,Bratislavský,48.299537,17.348321,Potravinárstvo a nápoje,Mäsospracovanie,kozne_odrezky,Kožné odrezky a podkožný tuk,02 02 02,odpad,celorocne,D
33504181,Dušan Baša Mäso - údeniny,Šenkvice,Pezinok,Bratislavský,48.299537,17.348321,Potravinárstvo a nápoje,Mäsospracovanie,masovy_flotacny_kal,Flotačný kal z mäsospracovania,02 02 04,odpad,celorocne,D
33504181,Dušan Baša Mäso - údeniny,Šenkvice,Pezinok,Bratislavský,48.299537,17.348321,Potravinárstvo a nápoje,Mäsospracovanie,zvp_kat3,Živočíšne vedľajšie produkty kategórie 3,02 02 02,vedlajsi_produkt,celorocne,D
33504181,Dušan Baša Mäso - údeniny,Šenkvice,Pezinok,Bratislavský,48.299537,17.348321,Potravinárstvo a nápoje,Mäsospracovanie,technicky_zivocisny_tuk,Technický živočíšny tuk,02 02 03,vedlajsi_produkt,celorocne,D
33504181,Dušan Baša Mäso - údeniny,Šenkvice,Pezinok,Bratislavský,48.299537,17.348321,Potravinárstvo a nápoje,Mäsospracovanie,masokostna_mucka,Mäsokostná múčka,02 02 02,odpad,celorocne,D
33560498,Anna Kajanová - STRAVOVANIE,Partizánske,Partizánske,Trenčiansky,48.627231,18.365466,Gastro a stravovacie zariadenia,Závodná a verejná jedáleň,gastro_kuchynsky_odpad,Kuchynský odpad z reštaurácií a hotelov,20 01 08,odpad,celorocne,D
33560498,Anna Kajanová - STRAVOVANIE,Partizánske,Partizánske,Trenčiansky,48.627231,18.365466,Gastro a stravovacie zariadenia,Závodná a verejná jedáleň,zvysky_z_taniera,Zvyšky z taniera,20 01 08,odpad,celorocne,D
33560498,Anna Kajanová - STRAVOVANIE,Partizánske,Partizánske,Trenčiansky,48.627231,18.365466,Gastro a stravovacie zariadenia,Závodná a verejná jedáleň,gastro_fritovaci_olej,Použitý fritovací olej z gastroprevádzok,20 01 25,odpad,celorocne,D
33560498,Anna Kajanová - STRAVOVANIE,Partizánske,Partizánske,Trenčiansky,48.627231,18.365466,Gastro a stravovacie zariadenia,Závodná a verejná jedáleň,tuky_odlucovace,Tuky z odlučovačov,19 08 09,odpad,celorocne,D
33657939,Tibor Vida Mäso - údeniny,Strekov,Nové Zámky,Nitriansky,47.9,18.416667,Potravinárstvo a nápoje,Mäsospracovanie,kostny_zvysok,Kosti a kostné zvyšky,02 02 02,vedlajsi_produkt,celorocne,D
33657939,Tibor Vida Mäso - údeniny,Strekov,Nové Zámky,Nitriansky,47.9,18.416667,Potravinárstvo a nápoje,Mäsospracovanie,kozne_odrezky,Kožné odrezky a podkožný tuk,02 02 02,odpad,celorocne,D
33657939,Tibor Vida Mäso - údeniny,Strekov,Nové Zámky,Nitriansky,47.9,18.416667,Potravinárstvo a nápoje,Mäsospracovanie,masovy_flotacny_kal,Flotačný kal z mäsospracovania,02 02 04,odpad,celorocne,D
33657939,Tibor Vida Mäso - údeniny,Strekov,Nové Zámky,Nitriansky,47.9,18.416667,Potravinárstvo a nápoje,Mäsospracovanie,zvp_kat3,Živočíšne vedľajšie produkty kategórie 3,02 02 02,vedlajsi_produkt,celorocne,D
33657939,Tibor Vida Mäso - údeniny,Strekov,Nové Zámky,Nitriansky,47.9,18.416667,Potravinárstvo a nápoje,Mäsospracovanie,technicky_zivocisny_tuk,Technický živočíšny tuk,02 02 03,vedlajsi_produkt,celorocne,D
33657939,Tibor Vida Mäso - údeniny,Strekov,Nové Zámky,Nitriansky,47.9,18.416667,Potravinárstvo a nápoje,Mäsospracovanie,masokostna_mucka,Mäsokostná múčka,02 02 02,odpad,celorocne,D
33891184,Aladár Jurás - Mäso-údeniny,Šaľa,Šaľa,Nitriansky,48.150995,17.876502,Potravinárstvo a nápoje,Mäsospracovanie,kostny_zvysok,Kosti a kostné zvyšky,02 02 02,vedlajsi_produkt,celorocne,D
33891184,Aladár Jurás - Mäso-údeniny,Šaľa,Šaľa,Nitriansky,48.150995,17.876502,Potravinárstvo a nápoje,Mäsospracovanie,kozne_odrezky,Kožné odrezky a podkožný tuk,02 02 02,odpad,celorocne,D
33891184,Aladár Jurás - Mäso-údeniny,Šaľa,Šaľa,Nitriansky,48.150995,17.876502,Potravinárstvo a nápoje,Mäsospracovanie,masovy_flotacny_kal,Flotačný kal z mäsospracovania,02 02 04,odpad,celorocne,D
33891184,Aladár Jurás - Mäso-údeniny,Šaľa,Šaľa,Nitriansky,48.150995,17.876502,Potravinárstvo a nápoje,Mäsospracovanie,zvp_kat3,Živočíšne vedľajšie produkty kategórie 3,02 02 02,vedlajsi_produkt,celorocne,D
33891184,Aladár Jurás - Mäso-údeniny,Šaľa,Šaľa,Nitriansky,48.150995,17.876502,Potravinárstvo a nápoje,Mäsospracovanie,technicky_zivocisny_tuk,Technický živočíšny tuk,02 02 03,vedlajsi_produkt,celorocne,D
33891184,Aladár Jurás - Mäso-údeniny,Šaľa,Šaľa,Nitriansky,48.150995,17.876502,Potravinárstvo a nápoje,Mäsospracovanie,masokostna_mucka,Mäsokostná múčka,02 02 02,odpad,celorocne,D
33956383,Monika Šubová ĽUDOVÁ JEDÁLEŇ,Čechynce,Nitra,Nitriansky,48.25,18.166667,Gastro a stravovacie zariadenia,Závodná a verejná jedáleň,gastro_kuchynsky_odpad,Kuchynský odpad z reštaurácií a hotelov,20 01 08,odpad,celorocne,D
33956383,Monika Šubová ĽUDOVÁ JEDÁLEŇ,Čechynce,Nitra,Nitriansky,48.25,18.166667,Gastro a stravovacie zariadenia,Závodná a verejná jedáleň,zvysky_z_taniera,Zvyšky z taniera,20 01 08,odpad,celorocne,D
33956383,Monika Šubová ĽUDOVÁ JEDÁLEŇ,Čechynce,Nitra,Nitriansky,48.25,18.166667,Gastro a stravovacie zariadenia,Závodná a verejná jedáleň,gastro_fritovaci_olej,Použitý fritovací olej z gastroprevádzok,20 01 25,odpad,celorocne,D
33956383,Monika Šubová ĽUDOVÁ JEDÁLEŇ,Čechynce,Nitra,Nitriansky,48.25,18.166667,Gastro a stravovacie zariadenia,Závodná a verejná jedáleň,tuky_odlucovace,Tuky z odlučovačov,19 08 09,odpad,celorocne,D
34000992,Domov sociálnych služieb pre dospelých a zariadenie pre seniorov SENICA,Senica,Senica,Trnavský,48.679121,17.364383,Gastro a stravovacie zariadenia,Zariadenie sociálnych služieb,nemocnicny_kuchynsky_odpad,Kuchynský odpad zo zdravotníckych a sociálnych zariadení,20 01 08,odpad,celorocne,D
34000992,Domov sociálnych služieb pre dospelých a zariadenie pre seniorov SENICA,Senica,Senica,Trnavský,48.679121,17.364383,Gastro a stravovacie zariadenia,Zariadenie sociálnych služieb,zvysky_z_taniera,Zvyšky z taniera,20 01 08,odpad,celorocne,D
34000992,Domov sociálnych služieb pre dospelých a zariadenie pre seniorov SENICA,Senica,Senica,Trnavský,48.679121,17.364383,Gastro a stravovacie zariadenia,Zariadenie sociálnych služieb,bro_zahrady,Biologicky rozložiteľný odpad zo záhrad,20 02 01,odpad,sezonne_leto,D
34011641,Centrum sociálnych služieb - Nová Bošáca,Nová Bošáca,Nové Mesto nad Váhom,Trenčiansky,48.747801,17.813354,Gastro a stravovacie zariadenia,Zariadenie sociálnych služieb,nemocnicny_kuchynsky_odpad,Kuchynský odpad zo zdravotníckych a sociálnych zariadení,20 01 08,odpad,celorocne,D
34011641,Centrum sociálnych služieb - Nová Bošáca,Nová Bošáca,Nové Mesto nad Váhom,Trenčiansky,48.747801,17.813354,Gastro a stravovacie zariadenia,Zariadenie sociálnych služieb,zvysky_z_taniera,Zvyšky z taniera,20 01 08,odpad,celorocne,D
34011641,Centrum sociálnych služieb - Nová Bošáca,Nová Bošáca,Nové Mesto nad Váhom,Trenčiansky,48.747801,17.813354,Gastro a stravovacie zariadenia,Zariadenie sociálnych služieb,bro_zahrady,Biologicky rozložiteľný odpad zo záhrad,20 02 01,odpad,sezonne_leto,D
34056505,Centrum sociálnych služieb-Juh,Trenčín,Trenčín,Trenčiansky,48.892358,18.039372,Gastro a stravovacie zariadenia,Zariadenie sociálnych služieb,nemocnicny_kuchynsky_odpad,Kuchynský odpad zo zdravotníckych a sociálnych zariadení,20 01 08,odpad,celorocne,D
34056505,Centrum sociálnych služieb-Juh,Trenčín,Trenčín,Trenčiansky,48.892358,18.039372,Gastro a stravovacie zariadenia,Zariadenie sociálnych služieb,zvysky_z_taniera,Zvyšky z taniera,20 01 08,odpad,celorocne,D
34056505,Centrum sociálnych služieb-Juh,Trenčín,Trenčín,Trenčiansky,48.892358,18.039372,Gastro a stravovacie zariadenia,Zariadenie sociálnych služieb,bro_zahrady,Biologicky rozložiteľný odpad zo záhrad,20 02 01,odpad,sezonne_leto,D
34097694,"AGROSTYRO, s.r.o.",Zlaté Moravce,Zlaté Moravce,Nitriansky,48.383333,18.4,Poľnohospodárstvo a chov,Poľnohospodársky podnik,slama_obilna,Obilná slama,02 01 03,vedlajsi_produkt,sezonne_leto,D
34097694,"AGROSTYRO, s.r.o.",Zlaté Moravce,Zlaté Moravce,Nitriansky,48.383333,18.4,Poľnohospodárstvo a chov,Poľnohospodársky podnik,kukuricne_korovie,Kukuričné kôrovie a stonky,02 01 03,vedlajsi_produkt,sezonne_jesen,D
34097694,"AGROSTYRO, s.r.o.",Zlaté Moravce,Zlaté Moravce,Nitriansky,48.383333,18.4,Poľnohospodárstvo a chov,Poľnohospodársky podnik,repkova_slama,Repková slama,02 01 03,vedlajsi_produkt,sezonne_leto,D
34097694,"AGROSTYRO, s.r.o.",Zlaté Moravce,Zlaté Moravce,Nitriansky,48.383333,18.4,Poľnohospodárstvo a chov,Poľnohospodársky podnik,odpad_cistenie_zrna,Odpad z čistenia a sušenia obilia,02 01 03,vedlajsi_produkt,sezonne_leto,D
34097694,"AGROSTYRO, s.r.o.",Zlaté Moravce,Zlaté Moravce,Nitriansky,48.383333,18.4,Poľnohospodárstvo a chov,Poľnohospodársky podnik,travna_hmota_ttp,Trávna hmota z lúk a TTP,02 01 03,vedlajsi_produkt,sezonne_leto,D
34098887,"AGROKLAS, s.r.o.",Beladice,Zlaté Moravce,Nitriansky,48.346006,18.296077,Poľnohospodárstvo a chov,Poľnohospodársky podnik,slama_obilna,Obilná slama,02 01 03,vedlajsi_produkt,sezonne_leto,D
34098887,"AGROKLAS, s.r.o.",Beladice,Zlaté Moravce,Nitriansky,48.346006,18.296077,Poľnohospodárstvo a chov,Poľnohospodársky podnik,kukuricne_korovie,Kukuričné kôrovie a stonky,02 01 03,vedlajsi_produkt,sezonne_jesen,D
34098887,"AGROKLAS, s.r.o.",Beladice,Zlaté Moravce,Nitriansky,48.346006,18.296077,Poľnohospodárstvo a chov,Poľnohospodársky podnik,repkova_slama,Repková slama,02 01 03,vedlajsi_produkt,sezonne_leto,D
34098887,"AGROKLAS, s.r.o.",Beladice,Zlaté Moravce,Nitriansky,48.346006,18.296077,Poľnohospodárstvo a chov,Poľnohospodársky podnik,odpad_cistenie_zrna,Odpad z čistenia a sušenia obilia,02 01 03,vedlajsi_produkt,sezonne_leto,D
34098887,"AGROKLAS, s.r.o.",Beladice,Zlaté Moravce,Nitriansky,48.346006,18.296077,Poľnohospodárstvo a chov,Poľnohospodársky podnik,travna_hmota_ttp,Trávna hmota z lúk a TTP,02 01 03,vedlajsi_produkt,sezonne_leto,D
34100644,"KOMPLEX-odpadová spoločnosť, s.r.o.",Pusté Sady,Galanta,Trnavský,48.311844,17.827826,Komunálny a gastro bioodpad,Odpadové hospodárstvo,kuchynsky_odpad,Biologicky rozložiteľný kuchynský a reštauračný odpad,20 01 08,odpad,celorocne,D
34100644,"KOMPLEX-odpadová spoločnosť, s.r.o.",Pusté Sady,Galanta,Trnavský,48.311844,17.827826,Komunálny a gastro bioodpad,Odpadové hospodárstvo,bro_zahrady,Biologicky rozložiteľný odpad zo záhrad,20 02 01,odpad,sezonne_leto,D
34100644,"KOMPLEX-odpadová spoločnosť, s.r.o.",Pusté Sady,Galanta,Trnavský,48.311844,17.827826,Komunálny a gastro bioodpad,Odpadové hospodárstvo,jedle_oleje_pouzite,Použité jedlé oleje a tuky,20 01 25,odpad,celorocne,D
34100644,"KOMPLEX-odpadová spoločnosť, s.r.o.",Pusté Sady,Galanta,Trnavský,48.311844,17.827826,Komunálny a gastro bioodpad,Odpadové hospodárstvo,tuky_odlucovace,Tuky z odlučovačov,19 08 09,odpad,celorocne,D
34100644,"KOMPLEX-odpadová spoločnosť, s.r.o.",Pusté Sady,Galanta,Trnavský,48.311844,17.827826,Komunálny a gastro bioodpad,Odpadové hospodárstvo,potraviny_po_dobe,Nepredané potraviny po dátume spotreby,20 01 08,odpad,celorocne,D
34103198,AGROTRIA s.r.o.,Svinná,Trenčín,Trenčiansky,48.785155,18.161449,Poľnohospodárstvo a chov,Poľnohospodársky podnik,slama_obilna,Obilná slama,02 01 03,vedlajsi_produkt,sezonne_leto,D
34103198,AGROTRIA s.r.o.,Svinná,Trenčín,Trenčiansky,48.785155,18.161449,Poľnohospodárstvo a chov,Poľnohospodársky podnik,kukuricne_korovie,Kukuričné kôrovie a stonky,02 01 03,vedlajsi_produkt,sezonne_jesen,D
34103198,AGROTRIA s.r.o.,Svinná,Trenčín,Trenčiansky,48.785155,18.161449,Poľnohospodárstvo a chov,Poľnohospodársky podnik,repkova_slama,Repková slama,02 01 03,vedlajsi_produkt,sezonne_leto,D
34103198,AGROTRIA s.r.o.,Svinná,Trenčín,Trenčiansky,48.785155,18.161449,Poľnohospodárstvo a chov,Poľnohospodársky podnik,odpad_cistenie_zrna,Odpad z čistenia a sušenia obilia,02 01 03,vedlajsi_produkt,sezonne_leto,D
34103198,AGROTRIA s.r.o.,Svinná,Trenčín,Trenčiansky,48.785155,18.161449,Poľnohospodárstvo a chov,Poľnohospodársky podnik,travna_hmota_ttp,Trávna hmota z lúk a TTP,02 01 03,vedlajsi_produkt,sezonne_leto,D
34103651,"Výskumný ústav zeleninársky, s.r.o.",Hurbanovo,Komárno,Nitriansky,47.869084,18.189095,Poľnohospodárstvo a chov,Zeleninárstvo,zeleninove_orezky,Orezky a nepodarky zeleniny,02 03 04,odpad,sezonne_leto,D
34103651,"Výskumný ústav zeleninársky, s.r.o.",Hurbanovo,Komárno,Nitriansky,47.869084,18.189095,Poľnohospodárstvo a chov,Zeleninárstvo,kal_pranie_zeleniny,Kal z prania a lúpania zeleniny,02 03 01,odpad,sezonne_leto,D
34103651,"Výskumný ústav zeleninársky, s.r.o.",Hurbanovo,Komárno,Nitriansky,47.869084,18.189095,Poľnohospodárstvo a chov,Zeleninárstvo,vnate_pozberove,Vňate a pozberové zvyšky zeleniny,02 01 03,odpad,sezonne_jesen,D
34103651,"Výskumný ústav zeleninársky, s.r.o.",Hurbanovo,Komárno,Nitriansky,47.869084,18.189095,Poľnohospodárstvo a chov,Zeleninárstvo,zemiakove_supky,Zemiakové šupky a orezky,02 03 04,vedlajsi_produkt,celorocne,D
34124411,"Vinohradnícko vinárske družstvo podielníkov KARPATY, družstvo",Pezinok,Pezinok,Bratislavský,48.285586,17.27028,Potravinárstvo a nápoje,Vinárstvo,hroznove_vylisky,Hroznové výlisky (matolina),02 07 04,vedlajsi_produkt,sezonne_jesen,D
34124411,"Vinohradnícko vinárske družstvo podielníkov KARPATY, družstvo",Pezinok,Pezinok,Bratislavský,48.285586,17.27028,Potravinárstvo a nápoje,Vinárstvo,vinne_kaly,Vínne kaly,02 07 05,odpad,sezonne_jesen,D
34124411,"Vinohradnícko vinárske družstvo podielníkov KARPATY, družstvo",Pezinok,Pezinok,Bratislavský,48.285586,17.27028,Potravinárstvo a nápoje,Vinárstvo,hroznove_stopky,Hroznové stopky (strapiny),02 07 01,odpad,sezonne_jesen,D
34133861,"Kopaničiarska odpadová spoločnosť, s.r.o. (K.O.S., s.r.o.)",Kostolné,Myjava,Trenčiansky,48.736145,17.703515,Komunálny a gastro bioodpad,Odpadové hospodárstvo,kuchynsky_odpad,Biologicky rozložiteľný kuchynský a reštauračný odpad,20 01 08,odpad,celorocne,D
34133861,"Kopaničiarska odpadová spoločnosť, s.r.o. (K.O.S., s.r.o.)",Kostolné,Myjava,Trenčiansky,48.736145,17.703515,Komunálny a gastro bioodpad,Odpadové hospodárstvo,bro_zahrady,Biologicky rozložiteľný odpad zo záhrad,20 02 01,odpad,sezonne_leto,D
34133861,"Kopaničiarska odpadová spoločnosť, s.r.o. (K.O.S., s.r.o.)",Kostolné,Myjava,Trenčiansky,48.736145,17.703515,Komunálny a gastro bioodpad,Odpadové hospodárstvo,jedle_oleje_pouzite,Použité jedlé oleje a tuky,20 01 25,odpad,celorocne,D
34133861,"Kopaničiarska odpadová spoločnosť, s.r.o. (K.O.S., s.r.o.)",Kostolné,Myjava,Trenčiansky,48.736145,17.703515,Komunálny a gastro bioodpad,Odpadové hospodárstvo,tuky_odlucovace,Tuky z odlučovačov,19 08 09,odpad,celorocne,D
34133861,"Kopaničiarska odpadová spoločnosť, s.r.o. (K.O.S., s.r.o.)",Kostolné,Myjava,Trenčiansky,48.736145,17.703515,Komunálny a gastro bioodpad,Odpadové hospodárstvo,potraviny_po_dobe,Nepredané potraviny po dátume spotreby,20 01 08,odpad,celorocne,D
34135278,"Myjavská pekáreň, s.r.o.",Myjava,Myjava,Trenčiansky,48.754035,17.565022,Potravinárstvo a nápoje,Pekáreň,pekarenske_zvysky,Pekárenské zvyšky,02 06 01,vedlajsi_produkt,celorocne,D
34135278,"Myjavská pekáreň, s.r.o.",Myjava,Myjava,Trenčiansky,48.754035,17.565022,Potravinárstvo a nápoje,Pekáreň,cestovinove_zvysky,Cestovinové a múčne zvyšky,02 06 01,vedlajsi_produkt,celorocne,D
34137653,"AGROFARMA Rozina, s.r.o.",Levice,Levice,Nitriansky,48.216667,18.6,Poľnohospodárstvo a chov,Živočíšna farma,hnoj_hovadzi,Maštaľný hnoj hovädzí,02 01 06,odpad,celorocne,D
34137653,"AGROFARMA Rozina, s.r.o.",Levice,Levice,Nitriansky,48.216667,18.6,Poľnohospodárstvo a chov,Živočíšna farma,hnojovica_osipane,Hnojovica ošípaných,02 01 06,odpad,celorocne,D
34137653,"AGROFARMA Rozina, s.r.o.",Levice,Levice,Nitriansky,48.216667,18.6,Poľnohospodárstvo a chov,Živočíšna farma,ovciarsky_hnoj,Ovčí a kozí hnoj,02 01 06,odpad,celorocne,D
34137653,"AGROFARMA Rozina, s.r.o.",Levice,Levice,Nitriansky,48.216667,18.6,Poľnohospodárstvo a chov,Živočíšna farma,travna_hmota_ttp,Trávna hmota z lúk a TTP,02 01 03,vedlajsi_produkt,sezonne_leto,D
34137653,"AGROFARMA Rozina, s.r.o.",Levice,Levice,Nitriansky,48.216667,18.6,Poľnohospodárstvo a chov,Živočíšna farma,kadavery,Uhynuté zvieratá (kadávery),02 01 02,odpad,celorocne,D
34139141,"Masárstvo u Lašáku, s. r. o.",Skalica,Skalica,Trnavský,48.770797,17.20201,Potravinárstvo a nápoje,Mäsospracovanie,kostny_zvysok,Kosti a kostné zvyšky,02 02 02,vedlajsi_produkt,celorocne,D
34139141,"Masárstvo u Lašáku, s. r. o.",Skalica,Skalica,Trnavský,48.770797,17.20201,Potravinárstvo a nápoje,Mäsospracovanie,kozne_odrezky,Kožné odrezky a podkožný tuk,02 02 02,odpad,celorocne,D
34139141,"Masárstvo u Lašáku, s. r. o.",Skalica,Skalica,Trnavský,48.770797,17.20201,Potravinárstvo a nápoje,Mäsospracovanie,masovy_flotacny_kal,Flotačný kal z mäsospracovania,02 02 04,odpad,celorocne,D
34139141,"Masárstvo u Lašáku, s. r. o.",Skalica,Skalica,Trnavský,48.770797,17.20201,Potravinárstvo a nápoje,Mäsospracovanie,zvp_kat3,Živočíšne vedľajšie produkty kategórie 3,02 02 02,vedlajsi_produkt,celorocne,D
34139141,"Masárstvo u Lašáku, s. r. o.",Skalica,Skalica,Trnavský,48.770797,17.20201,Potravinárstvo a nápoje,Mäsospracovanie,technicky_zivocisny_tuk,Technický živočíšny tuk,02 02 03,vedlajsi_produkt,celorocne,D
34139141,"Masárstvo u Lašáku, s. r. o.",Skalica,Skalica,Trnavský,48.770797,17.20201,Potravinárstvo a nápoje,Mäsospracovanie,masokostna_mucka,Mäsokostná múčka,02 02 02,odpad,celorocne,D
34141995,"Mestské lesy, s.r.o. Brezová pod Bradlom",Brezová pod Bradlom,Myjava,Trenčiansky,48.661644,17.53703,"Drevo, lesníctvo a ostatné",Mestské lesy,lesna_stiepka,Lesná štiepka a haluzina,02 01 07,vedlajsi_produkt,celorocne,D
34141995,"Mestské lesy, s.r.o. Brezová pod Bradlom",Brezová pod Bradlom,Myjava,Trenčiansky,48.661644,17.53703,"Drevo, lesníctvo a ostatné",Mestské lesy,kora,Odpadová kôra,03 01 01,vedlajsi_produkt,celorocne,D
34141995,"Mestské lesy, s.r.o. Brezová pod Bradlom",Brezová pod Bradlom,Myjava,Trenčiansky,48.661644,17.53703,"Drevo, lesníctvo a ostatné",Mestské lesy,odrezky_dreva,Odrezky a drevný odpad,03 01 05,vedlajsi_produkt,celorocne,D
34141995,"Mestské lesy, s.r.o. Brezová pod Bradlom",Brezová pod Bradlom,Myjava,Trenčiansky,48.661644,17.53703,"Drevo, lesníctvo a ostatné",Mestské lesy,konare_stiepka,Konáre a drevná štiepka z údržby zelene,20 02 01,odpad,sezonne_jar,D
34143076,Sladovne a.s.,Trnava,Trnava,Trnavský,48.37729,17.586718,Potravinárstvo a nápoje,Sladovňa,sladovy_klicok,Sladový klíčok,02 07 01,krmna_surovina,celorocne,D
34143076,Sladovne a.s.,Trnava,Trnava,Trnavský,48.37729,17.586718,Potravinárstvo a nápoje,Sladovňa,sladovy_prach,Sladový prach a plevy,02 07 01,vedlajsi_produkt,celorocne,D
34144587,"Skládka tuhého komunálneho odpadu N-14, a.s.",Neded,Šaľa,Nitriansky,48.01844,17.974057,Komunálny a gastro bioodpad,Odpadové hospodárstvo,kuchynsky_odpad,Biologicky rozložiteľný kuchynský a reštauračný odpad,20 01 08,odpad,celorocne,D
34144587,"Skládka tuhého komunálneho odpadu N-14, a.s.",Neded,Šaľa,Nitriansky,48.01844,17.974057,Komunálny a gastro bioodpad,Odpadové hospodárstvo,bro_zahrady,Biologicky rozložiteľný odpad zo záhrad,20 02 01,odpad,sezonne_leto,D
34144587,"Skládka tuhého komunálneho odpadu N-14, a.s.",Neded,Šaľa,Nitriansky,48.01844,17.974057,Komunálny a gastro bioodpad,Odpadové hospodárstvo,jedle_oleje_pouzite,Použité jedlé oleje a tuky,20 01 25,odpad,celorocne,D
34144587,"Skládka tuhého komunálneho odpadu N-14, a.s.",Neded,Šaľa,Nitriansky,48.01844,17.974057,Komunálny a gastro bioodpad,Odpadové hospodárstvo,tuky_odlucovace,Tuky z odlučovačov,19 08 09,odpad,celorocne,D
34144587,"Skládka tuhého komunálneho odpadu N-14, a.s.",Neded,Šaľa,Nitriansky,48.01844,17.974057,Komunálny a gastro bioodpad,Odpadové hospodárstvo,potraviny_po_dobe,Nepredané potraviny po dátume spotreby,20 01 08,odpad,celorocne,D
34147781,"ZEA - AGRO, s.r.o.",Želiezovce,Levice,Nitriansky,48.049226,18.658355,Poľnohospodárstvo a chov,Poľnohospodársky podnik,slama_obilna,Obilná slama,02 01 03,vedlajsi_produkt,sezonne_leto,D
34147781,"ZEA - AGRO, s.r.o.",Želiezovce,Levice,Nitriansky,48.049226,18.658355,Poľnohospodárstvo a chov,Poľnohospodársky podnik,kukuricne_korovie,Kukuričné kôrovie a stonky,02 01 03,vedlajsi_produkt,sezonne_jesen,D
34147781,"ZEA - AGRO, s.r.o.",Želiezovce,Levice,Nitriansky,48.049226,18.658355,Poľnohospodárstvo a chov,Poľnohospodársky podnik,repkova_slama,Repková slama,02 01 03,vedlajsi_produkt,sezonne_leto,D
34147781,"ZEA - AGRO, s.r.o.",Želiezovce,Levice,Nitriansky,48.049226,18.658355,Poľnohospodárstvo a chov,Poľnohospodársky podnik,odpad_cistenie_zrna,Odpad z čistenia a sušenia obilia,02 01 03,vedlajsi_produkt,sezonne_leto,D
34147781,"ZEA - AGRO, s.r.o.",Želiezovce,Levice,Nitriansky,48.049226,18.658355,Poľnohospodárstvo a chov,Poľnohospodársky podnik,travna_hmota_ttp,Trávna hmota z lúk a TTP,02 01 03,vedlajsi_produkt,sezonne_leto,D
34150056,"COOP Jednota Levice, spotrebné družstvo",Levice,Levice,Nitriansky,48.216667,18.6,Retail a distribúcia potravín,Spotrebné družstvo (predajne),retail_ovocie_zelenina,Neupredané ovocie a zelenina z predajní,20 01 08,odpad,celorocne,D
34150056,"COOP Jednota Levice, spotrebné družstvo",Levice,Levice,Nitriansky,48.216667,18.6,Retail a distribúcia potravín,Spotrebné družstvo (predajne),retail_pecivo,Neupredané pečivo a pekárske výrobky,02 06 01,vedlajsi_produkt,celorocne,D
34150056,"COOP Jednota Levice, spotrebné družstvo",Levice,Levice,Nitriansky,48.216667,18.6,Retail a distribúcia potravín,Spotrebné družstvo (predajne),retail_mliecne,Mliečne výrobky po dátume minimálnej trvanlivosti,20 01 08,odpad,celorocne,D
34150056,"COOP Jednota Levice, spotrebné družstvo",Levice,Levice,Nitriansky,48.216667,18.6,Retail a distribúcia potravín,Spotrebné družstvo (predajne),retail_maso_zvysky,Mäsové a údenárske výrobky po dátume spotreby,02 02 03,odpad,celorocne,D
34150056,"COOP Jednota Levice, spotrebné družstvo",Levice,Levice,Nitriansky,48.216667,18.6,Retail a distribúcia potravín,Spotrebné družstvo (predajne),retail_zmesovy,Zmesový potravinový odpad z predajne,20 01 08,odpad,celorocne,D
34152521,"BALSYR, s.r.o.",Šelpice,Trnava,Trnavský,48.43796,17.531812,Potravinárstvo a nápoje,Syráreň a bryndziareň,srvatka_sladka,Sladká srvátka,02 05 01,vedlajsi_produkt,celorocne,D
34152521,"BALSYR, s.r.o.",Šelpice,Trnava,Trnavský,48.43796,17.531812,Potravinárstvo a nápoje,Syráreň a bryndziareň,srvatka_kysla,Kyslá srvátka,02 05 01,odpad,celorocne,D
34152521,"BALSYR, s.r.o.",Šelpice,Trnava,Trnavský,48.43796,17.531812,Potravinárstvo a nápoje,Syráreň a bryndziareň,syrarska_srvatka_tuh,Tuhé zvyšky zo syrárskej výroby,02 05 01,vedlajsi_produkt,celorocne,D
34152521,"BALSYR, s.r.o.",Šelpice,Trnava,Trnavský,48.43796,17.531812,Potravinárstvo a nápoje,Syráreň a bryndziareň,mliekarensky_kal,Kal z mliekarenskej ČOV,02 05 02,odpad,celorocne,D
34312056,Daniela Polomčáková - JEDÁLEŇ PALMA,Stará Ľubovňa,Stará Ľubovňa,Prešovský,49.297258,20.687317,Gastro a stravovacie zariadenia,Závodná a verejná jedáleň,gastro_kuchynsky_odpad,Kuchynský odpad z reštaurácií a hotelov,20 01 08,odpad,celorocne,D
34312056,Daniela Polomčáková - JEDÁLEŇ PALMA,Stará Ľubovňa,Stará Ľubovňa,Prešovský,49.297258,20.687317,Gastro a stravovacie zariadenia,Závodná a verejná jedáleň,zvysky_z_taniera,Zvyšky z taniera,20 01 08,odpad,celorocne,D
34312056,Daniela Polomčáková - JEDÁLEŇ PALMA,Stará Ľubovňa,Stará Ľubovňa,Prešovský,49.297258,20.687317,Gastro a stravovacie zariadenia,Závodná a verejná jedáleň,gastro_fritovaci_olej,Použitý fritovací olej z gastroprevádzok,20 01 25,odpad,celorocne,D
34312056,Daniela Polomčáková - JEDÁLEŇ PALMA,Stará Ľubovňa,Stará Ľubovňa,Prešovský,49.297258,20.687317,Gastro a stravovacie zariadenia,Závodná a verejná jedáleň,tuky_odlucovace,Tuky z odlučovačov,19 08 09,odpad,celorocne,D
34510885,Ľudmila Pribulová - Modrá jedáleň,Prešov,Prešov,Prešovský,49.000411,21.252273,Gastro a stravovacie zariadenia,Závodná a verejná jedáleň,gastro_kuchynsky_odpad,Kuchynský odpad z reštaurácií a hotelov,20 01 08,odpad,celorocne,D
34510885,Ľudmila Pribulová - Modrá jedáleň,Prešov,Prešov,Prešovský,49.000411,21.252273,Gastro a stravovacie zariadenia,Závodná a verejná jedáleň,zvysky_z_taniera,Zvyšky z taniera,20 01 08,odpad,celorocne,D
34510885,Ľudmila Pribulová - Modrá jedáleň,Prešov,Prešov,Prešovský,49.000411,21.252273,Gastro a stravovacie zariadenia,Závodná a verejná jedáleň,gastro_fritovaci_olej,Použitý fritovací olej z gastroprevádzok,20 01 25,odpad,celorocne,D
34510885,Ľudmila Pribulová - Modrá jedáleň,Prešov,Prešov,Prešovský,49.000411,21.252273,Gastro a stravovacie zariadenia,Závodná a verejná jedáleň,tuky_odlucovace,Tuky z odlučovačov,19 08 09,odpad,celorocne,D
34706674,Daniel Šagát - Jedáleň SOU-Elektrotechnické,Banská Bystrica,Banská Bystrica,Banskobystrický,48.738539,19.156869,Gastro a stravovacie zariadenia,Závodná a verejná jedáleň,gastro_kuchynsky_odpad,Kuchynský odpad z reštaurácií a hotelov,20 01 08,odpad,celorocne,D
34706674,Daniel Šagát - Jedáleň SOU-Elektrotechnické,Banská Bystrica,Banská Bystrica,Banskobystrický,48.738539,19.156869,Gastro a stravovacie zariadenia,Závodná a verejná jedáleň,zvysky_z_taniera,Zvyšky z taniera,20 01 08,odpad,celorocne,D
34706674,Daniel Šagát - Jedáleň SOU-Elektrotechnické,Banská Bystrica,Banská Bystrica,Banskobystrický,48.738539,19.156869,Gastro a stravovacie zariadenia,Závodná a verejná jedáleň,gastro_fritovaci_olej,Použitý fritovací olej z gastroprevádzok,20 01 25,odpad,celorocne,D
34706674,Daniel Šagát - Jedáleň SOU-Elektrotechnické,Banská Bystrica,Banská Bystrica,Banskobystrický,48.738539,19.156869,Gastro a stravovacie zariadenia,Závodná a verejná jedáleň,tuky_odlucovace,Tuky z odlučovačov,19 08 09,odpad,celorocne,D
34962018,Karol Schroner - Mäso - údeniny,Šurany,Nové Zámky,Nitriansky,48.086106,18.186834,Potravinárstvo a nápoje,Mäsospracovanie,kostny_zvysok,Kosti a kostné zvyšky,02 02 02,vedlajsi_produkt,celorocne,D
34962018,Karol Schroner - Mäso - údeniny,Šurany,Nové Zámky,Nitriansky,48.086106,18.186834,Potravinárstvo a nápoje,Mäsospracovanie,kozne_odrezky,Kožné odrezky a podkožný tuk,02 02 02,odpad,celorocne,D
34962018,Karol Schroner - Mäso - údeniny,Šurany,Nové Zámky,Nitriansky,48.086106,18.186834,Potravinárstvo a nápoje,Mäsospracovanie,masovy_flotacny_kal,Flotačný kal z mäsospracovania,02 02 04,odpad,celorocne,D
34962018,Karol Schroner - Mäso - údeniny,Šurany,Nové Zámky,Nitriansky,48.086106,18.186834,Potravinárstvo a nápoje,Mäsospracovanie,zvp_kat3,Živočíšne vedľajšie produkty kategórie 3,02 02 02,vedlajsi_produkt,celorocne,D
34962018,Karol Schroner - Mäso - údeniny,Šurany,Nové Zámky,Nitriansky,48.086106,18.186834,Potravinárstvo a nápoje,Mäsospracovanie,technicky_zivocisny_tuk,Technický živočíšny tuk,02 02 03,vedlajsi_produkt,celorocne,D
34962018,Karol Schroner - Mäso - údeniny,Šurany,Nové Zámky,Nitriansky,48.086106,18.186834,Potravinárstvo a nápoje,Mäsospracovanie,masokostna_mucka,Mäsokostná múčka,02 02 02,odpad,celorocne,D
35390492,Miroslava Jeneiová - Reštaurácia Mirka,Martin,Martin,Žilinský,49.07226,18.929174,Gastro a stravovacie zariadenia,Reštaurácia,gastro_kuchynsky_odpad,Kuchynský odpad z reštaurácií a hotelov,20 01 08,odpad,celorocne,D
35390492,Miroslava Jeneiová - Reštaurácia Mirka,Martin,Martin,Žilinský,49.07226,18.929174,Gastro a stravovacie zariadenia,Reštaurácia,zvysky_z_taniera,Zvyšky z taniera,20 01 08,odpad,celorocne,D
35390492,Miroslava Jeneiová - Reštaurácia Mirka,Martin,Martin,Žilinský,49.07226,18.929174,Gastro a stravovacie zariadenia,Reštaurácia,gastro_fritovaci_olej,Použitý fritovací olej z gastroprevádzok,20 01 25,odpad,celorocne,D
35390492,Miroslava Jeneiová - Reštaurácia Mirka,Martin,Martin,Žilinský,49.07226,18.929174,Gastro a stravovacie zariadenia,Reštaurácia,gastro_kavova_sedlina,Kávová sedlina z gastroprevádzok,20 01 08,odpad,celorocne,D
35390492,Miroslava Jeneiová - Reštaurácia Mirka,Martin,Martin,Žilinský,49.07226,18.929174,Gastro a stravovacie zariadenia,Reštaurácia,tuky_odlucovace,Tuky z odlučovačov,19 08 09,odpad,celorocne,D
35540915,"Špeciálna základná škola, Hviezdoslavova 164, Hrabušice",Hrabušice,Spišská Nová Ves,Košický,48.977432,20.410809,Gastro a stravovacie zariadenia,Základná škola,skolsky_kuchynsky_odpad,Kuchynský odpad zo školských jedální,20 01 08,odpad,celorocne,D
35540915,"Špeciálna základná škola, Hviezdoslavova 164, Hrabušice",Hrabušice,Spišská Nová Ves,Košický,48.977432,20.410809,Gastro a stravovacie zariadenia,Základná škola,zvysky_z_taniera,Zvyšky z taniera,20 01 08,odpad,celorocne,D
35540915,"Špeciálna základná škola, Hviezdoslavova 164, Hrabušice",Hrabušice,Spišská Nová Ves,Košický,48.977432,20.410809,Gastro a stravovacie zariadenia,Základná škola,gastro_kavova_sedlina,Kávová sedlina z gastroprevádzok,20 01 08,odpad,celorocne,D
35540915,"Špeciálna základná škola, Hviezdoslavova 164, Hrabušice",Hrabušice,Spišská Nová Ves,Košický,48.977432,20.410809,Gastro a stravovacie zariadenia,Základná škola,bro_zahrady,Biologicky rozložiteľný odpad zo záhrad,20 02 01,odpad,sezonne_leto,D
35541148,"Základná škola Mihálya Helmeczyho s VJM, Hunyadiho 1256/16, Kráľovský Chlmec",Kráľovský Chlmec,Trebišov,Košický,48.416667,21.983333,Gastro a stravovacie zariadenia,Základná škola,skolsky_kuchynsky_odpad,Kuchynský odpad zo školských jedální,20 01 08,odpad,celorocne,D
35541148,"Základná škola Mihálya Helmeczyho s VJM, Hunyadiho 1256/16, Kráľovský Chlmec",Kráľovský Chlmec,Trebišov,Košický,48.416667,21.983333,Gastro a stravovacie zariadenia,Základná škola,zvysky_z_taniera,Zvyšky z taniera,20 01 08,odpad,celorocne,D
35541148,"Základná škola Mihálya Helmeczyho s VJM, Hunyadiho 1256/16, Kráľovský Chlmec",Kráľovský Chlmec,Trebišov,Košický,48.416667,21.983333,Gastro a stravovacie zariadenia,Základná škola,gastro_kavova_sedlina,Kávová sedlina z gastroprevádzok,20 01 08,odpad,celorocne,D
35541148,"Základná škola Mihálya Helmeczyho s VJM, Hunyadiho 1256/16, Kráľovský Chlmec",Kráľovský Chlmec,Trebišov,Košický,48.416667,21.983333,Gastro a stravovacie zariadenia,Základná škola,bro_zahrady,Biologicky rozložiteľný odpad zo záhrad,20 02 01,odpad,sezonne_leto,D
35541253,"Základná škola, Školská 339/2, Michaľany",Michaľany,Trebišov,Košický,48.516667,21.633333,Gastro a stravovacie zariadenia,Základná škola,skolsky_kuchynsky_odpad,Kuchynský odpad zo školských jedální,20 01 08,odpad,celorocne,D
35541253,"Základná škola, Školská 339/2, Michaľany",Michaľany,Trebišov,Košický,48.516667,21.633333,Gastro a stravovacie zariadenia,Základná škola,zvysky_z_taniera,Zvyšky z taniera,20 01 08,odpad,celorocne,D
35541253,"Základná škola, Školská 339/2, Michaľany",Michaľany,Trebišov,Košický,48.516667,21.633333,Gastro a stravovacie zariadenia,Základná škola,gastro_kavova_sedlina,Kávová sedlina z gastroprevádzok,20 01 08,odpad,celorocne,D
35541253,"Základná škola, Školská 339/2, Michaľany",Michaľany,Trebišov,Košický,48.516667,21.633333,Gastro a stravovacie zariadenia,Základná škola,bro_zahrady,Biologicky rozložiteľný odpad zo záhrad,20 02 01,odpad,sezonne_leto,D
35542756,"Školská jedáleň, Kežmarská 28, Košice",Košice - mestská časť Západ,Košice II,Košický,48.714333,21.227312,Gastro a stravovacie zariadenia,Školská jedáleň,skolsky_kuchynsky_odpad,Kuchynský odpad zo školských jedální,20 01 08,odpad,celorocne,D
35542756,"Školská jedáleň, Kežmarská 28, Košice",Košice - mestská časť Západ,Košice II,Košický,48.714333,21.227312,Gastro a stravovacie zariadenia,Školská jedáleň,zvysky_z_taniera,Zvyšky z taniera,20 01 08,odpad,celorocne,D
35542756,"Školská jedáleň, Kežmarská 28, Košice",Košice - mestská časť Západ,Košice II,Košický,48.714333,21.227312,Gastro a stravovacie zariadenia,Školská jedáleň,gastro_fritovaci_olej,Použitý fritovací olej z gastroprevádzok,20 01 25,odpad,celorocne,D
35542764,"Školská jedáleň, Trebišovská 10, Košice",Košice - mestská časť Západ,Košice II,Košický,48.714333,21.227312,Gastro a stravovacie zariadenia,Školská jedáleň,skolsky_kuchynsky_odpad,Kuchynský odpad zo školských jedální,20 01 08,odpad,celorocne,D
35542764,"Školská jedáleň, Trebišovská 10, Košice",Košice - mestská časť Západ,Košice II,Košický,48.714333,21.227312,Gastro a stravovacie zariadenia,Školská jedáleň,zvysky_z_taniera,Zvyšky z taniera,20 01 08,odpad,celorocne,D
35542764,"Školská jedáleň, Trebišovská 10, Košice",Košice - mestská časť Západ,Košice II,Košický,48.714333,21.227312,Gastro a stravovacie zariadenia,Školská jedáleň,gastro_fritovaci_olej,Použitý fritovací olej z gastroprevádzok,20 01 25,odpad,celorocne,D
35542772,"Školská jedáleň, Bernolákova 16, Košice",Košice - mestská časť Západ,Košice II,Košický,48.714333,21.227312,Gastro a stravovacie zariadenia,Školská jedáleň,skolsky_kuchynsky_odpad,Kuchynský odpad zo školských jedální,20 01 08,odpad,celorocne,D
35542772,"Školská jedáleň, Bernolákova 16, Košice",Košice - mestská časť Západ,Košice II,Košický,48.714333,21.227312,Gastro a stravovacie zariadenia,Školská jedáleň,zvysky_z_taniera,Zvyšky z taniera,20 01 08,odpad,celorocne,D
35542772,"Školská jedáleň, Bernolákova 16, Košice",Košice - mestská časť Západ,Košice II,Košický,48.714333,21.227312,Gastro a stravovacie zariadenia,Školská jedáleň,gastro_fritovaci_olej,Použitý fritovací olej z gastroprevádzok,20 01 25,odpad,celorocne,D
35543647,"Základná škola, Pionierov 1, Rožňava",Rožňava,Rožňava,Košický,48.654392,20.531184,Gastro a stravovacie zariadenia,Základná škola,skolsky_kuchynsky_odpad,Kuchynský odpad zo školských jedální,20 01 08,odpad,celorocne,D
35543647,"Základná škola, Pionierov 1, Rožňava",Rožňava,Rožňava,Košický,48.654392,20.531184,Gastro a stravovacie zariadenia,Základná škola,zvysky_z_taniera,Zvyšky z taniera,20 01 08,odpad,celorocne,D
35543647,"Základná škola, Pionierov 1, Rožňava",Rožňava,Rožňava,Košický,48.654392,20.531184,Gastro a stravovacie zariadenia,Základná škola,gastro_kavova_sedlina,Kávová sedlina z gastroprevádzok,20 01 08,odpad,celorocne,D
35543647,"Základná škola, Pionierov 1, Rožňava",Rožňava,Rožňava,Košický,48.654392,20.531184,Gastro a stravovacie zariadenia,Základná škola,bro_zahrady,Biologicky rozložiteľný odpad zo záhrad,20 02 01,odpad,sezonne_leto,D
35543752,"Základná škola Eugena Ruffinyho, Zimná 190/144, Dobšiná",Dobšiná,Rožňava,Košický,48.821028,20.364743,Gastro a stravovacie zariadenia,Základná škola,skolsky_kuchynsky_odpad,Kuchynský odpad zo školských jedální,20 01 08,odpad,celorocne,D
35543752,"Základná škola Eugena Ruffinyho, Zimná 190/144, Dobšiná",Dobšiná,Rožňava,Košický,48.821028,20.364743,Gastro a stravovacie zariadenia,Základná škola,zvysky_z_taniera,Zvyšky z taniera,20 01 08,odpad,celorocne,D
35543752,"Základná škola Eugena Ruffinyho, Zimná 190/144, Dobšiná",Dobšiná,Rožňava,Košický,48.821028,20.364743,Gastro a stravovacie zariadenia,Základná škola,gastro_kavova_sedlina,Kávová sedlina z gastroprevádzok,20 01 08,odpad,celorocne,D
35543752,"Základná škola Eugena Ruffinyho, Zimná 190/144, Dobšiná",Dobšiná,Rožňava,Košický,48.821028,20.364743,Gastro a stravovacie zariadenia,Základná škola,bro_zahrady,Biologicky rozložiteľný odpad zo záhrad,20 02 01,odpad,sezonne_leto,D
35545666,"Školská jedáleň, Komenského 6, Sobrance",Sobrance,Sobrance,Košický,48.742148,22.179139,Gastro a stravovacie zariadenia,Školská jedáleň,skolsky_kuchynsky_odpad,Kuchynský odpad zo školských jedální,20 01 08,odpad,celorocne,D
35545666,"Školská jedáleň, Komenského 6, Sobrance",Sobrance,Sobrance,Košický,48.742148,22.179139,Gastro a stravovacie zariadenia,Školská jedáleň,zvysky_z_taniera,Zvyšky z taniera,20 01 08,odpad,celorocne,D
35545666,"Školská jedáleň, Komenského 6, Sobrance",Sobrance,Sobrance,Košický,48.742148,22.179139,Gastro a stravovacie zariadenia,Školská jedáleň,gastro_fritovaci_olej,Použitý fritovací olej z gastroprevádzok,20 01 25,odpad,celorocne,D
35545674,"Školská jedáleň, Komenského 12, Sobrance",Sobrance,Sobrance,Košický,48.742148,22.179139,Gastro a stravovacie zariadenia,Školská jedáleň,skolsky_kuchynsky_odpad,Kuchynský odpad zo školských jedální,20 01 08,odpad,celorocne,D
35545674,"Školská jedáleň, Komenského 12, Sobrance",Sobrance,Sobrance,Košický,48.742148,22.179139,Gastro a stravovacie zariadenia,Školská jedáleň,zvysky_z_taniera,Zvyšky z taniera,20 01 08,odpad,celorocne,D
35545674,"Školská jedáleň, Komenského 12, Sobrance",Sobrance,Sobrance,Košický,48.742148,22.179139,Gastro a stravovacie zariadenia,Školská jedáleň,gastro_fritovaci_olej,Použitý fritovací olej z gastroprevádzok,20 01 25,odpad,celorocne,D
35546069,"Základná škola, Z. Nejedlého 2, Spišská Nová Ves",Spišská Nová Ves,Spišská Nová Ves,Košický,48.943534,20.562964,Gastro a stravovacie zariadenia,Základná škola,skolsky_kuchynsky_odpad,Kuchynský odpad zo školských jedální,20 01 08,odpad,celorocne,D
35546069,"Základná škola, Z. Nejedlého 2, Spišská Nová Ves",Spišská Nová Ves,Spišská Nová Ves,Košický,48.943534,20.562964,Gastro a stravovacie zariadenia,Základná škola,zvysky_z_taniera,Zvyšky z taniera,20 01 08,odpad,celorocne,D
35546069,"Základná škola, Z. Nejedlého 2, Spišská Nová Ves",Spišská Nová Ves,Spišská Nová Ves,Košický,48.943534,20.562964,Gastro a stravovacie zariadenia,Základná škola,gastro_kavova_sedlina,Kávová sedlina z gastroprevádzok,20 01 08,odpad,celorocne,D
35546069,"Základná škola, Z. Nejedlého 2, Spišská Nová Ves",Spišská Nová Ves,Spišská Nová Ves,Košický,48.943534,20.562964,Gastro a stravovacie zariadenia,Základná škola,bro_zahrady,Biologicky rozložiteľný odpad zo záhrad,20 02 01,odpad,sezonne_leto,D
35546484,"Základná škola, Mníšek nad Hnilcom 497",Mníšek nad Hnilcom,Gelnica,Košický,48.8,20.8,Gastro a stravovacie zariadenia,Základná škola,skolsky_kuchynsky_odpad,Kuchynský odpad zo školských jedální,20 01 08,odpad,celorocne,D
35546484,"Základná škola, Mníšek nad Hnilcom 497",Mníšek nad Hnilcom,Gelnica,Košický,48.8,20.8,Gastro a stravovacie zariadenia,Základná škola,zvysky_z_taniera,Zvyšky z taniera,20 01 08,odpad,celorocne,D
35546484,"Základná škola, Mníšek nad Hnilcom 497",Mníšek nad Hnilcom,Gelnica,Košický,48.8,20.8,Gastro a stravovacie zariadenia,Základná škola,gastro_kavova_sedlina,Kávová sedlina z gastroprevádzok,20 01 08,odpad,celorocne,D
35546484,"Základná škola, Mníšek nad Hnilcom 497",Mníšek nad Hnilcom,Gelnica,Košický,48.8,20.8,Gastro a stravovacie zariadenia,Základná škola,bro_zahrady,Biologicky rozložiteľný odpad zo záhrad,20 02 01,odpad,sezonne_leto,D
35559420,"Materská škola, Budapeštianska 1, Košice",Košice - mestská časť Sídlisko Ťahanovce,Košice I,Košický,48.756322,21.26885,Gastro a stravovacie zariadenia,Materská škola,skolsky_kuchynsky_odpad,Kuchynský odpad zo školských jedální,20 01 08,odpad,celorocne,D
35559420,"Materská škola, Budapeštianska 1, Košice",Košice - mestská časť Sídlisko Ťahanovce,Košice I,Košický,48.756322,21.26885,Gastro a stravovacie zariadenia,Materská škola,zvysky_z_taniera,Zvyšky z taniera,20 01 08,odpad,celorocne,D
35559420,"Materská škola, Budapeštianska 1, Košice",Košice - mestská časť Sídlisko Ťahanovce,Košice I,Košický,48.756322,21.26885,Gastro a stravovacie zariadenia,Materská škola,bro_zahrady,Biologicky rozložiteľný odpad zo záhrad,20 02 01,odpad,sezonne_leto,D
35560321,Gymnázium sv. Edity Steinovej,Košice,Košice I,Košický,48.717227,21.249677,Gastro a stravovacie zariadenia,Stredná škola,skolsky_kuchynsky_odpad,Kuchynský odpad zo školských jedální,20 01 08,odpad,celorocne,D
35560321,Gymnázium sv. Edity Steinovej,Košice,Košice I,Košický,48.717227,21.249677,Gastro a stravovacie zariadenia,Stredná škola,zvysky_z_taniera,Zvyšky z taniera,20 01 08,odpad,celorocne,D
35560321,Gymnázium sv. Edity Steinovej,Košice,Košice I,Košický,48.717227,21.249677,Gastro a stravovacie zariadenia,Stredná škola,gastro_fritovaci_olej,Použitý fritovací olej z gastroprevádzok,20 01 25,odpad,celorocne,D
35560321,Gymnázium sv. Edity Steinovej,Košice,Košice I,Košický,48.717227,21.249677,Gastro a stravovacie zariadenia,Stredná škola,bro_zahrady,Biologicky rozložiteľný odpad zo záhrad,20 02 01,odpad,sezonne_leto,D
35564024,Stredná odborná škola pedagogická sv. Cyrila a Metoda,Košice - mestská časť Juh,Košice IV,Košický,48.706875,21.259905,Gastro a stravovacie zariadenia,Stredná škola,skolsky_kuchynsky_odpad,Kuchynský odpad zo školských jedální,20 01 08,odpad,celorocne,D
35564024,Stredná odborná škola pedagogická sv. Cyrila a Metoda,Košice - mestská časť Juh,Košice IV,Košický,48.706875,21.259905,Gastro a stravovacie zariadenia,Stredná škola,zvysky_z_taniera,Zvyšky z taniera,20 01 08,odpad,celorocne,D
35564024,Stredná odborná škola pedagogická sv. Cyrila a Metoda,Košice - mestská časť Juh,Košice IV,Košický,48.706875,21.259905,Gastro a stravovacie zariadenia,Stredná škola,gastro_fritovaci_olej,Použitý fritovací olej z gastroprevádzok,20 01 25,odpad,celorocne,D
35564024,Stredná odborná škola pedagogická sv. Cyrila a Metoda,Košice - mestská časť Juh,Košice IV,Košický,48.706875,21.259905,Gastro a stravovacie zariadenia,Stredná škola,bro_zahrady,Biologicky rozložiteľný odpad zo záhrad,20 02 01,odpad,sezonne_leto,D
35564113,"Základná škola, SNP 13, Spišské Vlachy",Spišské Vlachy,Spišská Nová Ves,Košický,48.947914,20.797352,Gastro a stravovacie zariadenia,Základná škola,skolsky_kuchynsky_odpad,Kuchynský odpad zo školských jedální,20 01 08,odpad,celorocne,D
35564113,"Základná škola, SNP 13, Spišské Vlachy",Spišské Vlachy,Spišská Nová Ves,Košický,48.947914,20.797352,Gastro a stravovacie zariadenia,Základná škola,zvysky_z_taniera,Zvyšky z taniera,20 01 08,odpad,celorocne,D
35564113,"Základná škola, SNP 13, Spišské Vlachy",Spišské Vlachy,Spišská Nová Ves,Košický,48.947914,20.797352,Gastro a stravovacie zariadenia,Základná škola,gastro_kavova_sedlina,Kávová sedlina z gastroprevádzok,20 01 08,odpad,celorocne,D
35564113,"Základná škola, SNP 13, Spišské Vlachy",Spišské Vlachy,Spišská Nová Ves,Košický,48.947914,20.797352,Gastro a stravovacie zariadenia,Základná škola,bro_zahrady,Biologicky rozložiteľný odpad zo záhrad,20 02 01,odpad,sezonne_leto,D
35566451,"Materská škola, Hlavná ulica 3, Krompachy",Krompachy,Spišská Nová Ves,Košický,48.917127,20.873055,Gastro a stravovacie zariadenia,Materská škola,skolsky_kuchynsky_odpad,Kuchynský odpad zo školských jedální,20 01 08,odpad,celorocne,D
35566451,"Materská škola, Hlavná ulica 3, Krompachy",Krompachy,Spišská Nová Ves,Košický,48.917127,20.873055,Gastro a stravovacie zariadenia,Materská škola,zvysky_z_taniera,Zvyšky z taniera,20 01 08,odpad,celorocne,D
35566451,"Materská škola, Hlavná ulica 3, Krompachy",Krompachy,Spišská Nová Ves,Košický,48.917127,20.873055,Gastro a stravovacie zariadenia,Materská škola,bro_zahrady,Biologicky rozložiteľný odpad zo záhrad,20 02 01,odpad,sezonne_leto,D
35581000,"Psychiatrická nemocnica Michalovce, n. o.",Michalovce,Michalovce,Košický,48.75,21.933333,Gastro a stravovacie zariadenia,Nemocnica,nemocnicny_kuchynsky_odpad,Kuchynský odpad zo zdravotníckych a sociálnych zariadení,20 01 08,odpad,celorocne,D
35581000,"Psychiatrická nemocnica Michalovce, n. o.",Michalovce,Michalovce,Košický,48.75,21.933333,Gastro a stravovacie zariadenia,Nemocnica,zvysky_z_taniera,Zvyšky z taniera,20 01 08,odpad,celorocne,D
35581000,"Psychiatrická nemocnica Michalovce, n. o.",Michalovce,Michalovce,Košický,48.75,21.933333,Gastro a stravovacie zariadenia,Nemocnica,gastro_fritovaci_olej,Použitý fritovací olej z gastroprevádzok,20 01 25,odpad,celorocne,D
35582391,"Regionálna nemocnica Sobrance, n. o.",Sobrance,Sobrance,Košický,48.742148,22.179139,Gastro a stravovacie zariadenia,Nemocnica,nemocnicny_kuchynsky_odpad,Kuchynský odpad zo zdravotníckych a sociálnych zariadení,20 01 08,odpad,celorocne,D
35582391,"Regionálna nemocnica Sobrance, n. o.",Sobrance,Sobrance,Košický,48.742148,22.179139,Gastro a stravovacie zariadenia,Nemocnica,zvysky_z_taniera,Zvyšky z taniera,20 01 08,odpad,celorocne,D
35582391,"Regionálna nemocnica Sobrance, n. o.",Sobrance,Sobrance,Košický,48.742148,22.179139,Gastro a stravovacie zariadenia,Nemocnica,gastro_fritovaci_olej,Použitý fritovací olej z gastroprevádzok,20 01 25,odpad,celorocne,D
35583720,"Zariadenie pre seniorov Juraja Schoppera, n.o.",Rožňava,Rožňava,Košický,48.654392,20.531184,Gastro a stravovacie zariadenia,Zariadenie sociálnych služieb,nemocnicny_kuchynsky_odpad,Kuchynský odpad zo zdravotníckych a sociálnych zariadení,20 01 08,odpad,celorocne,D
35583720,"Zariadenie pre seniorov Juraja Schoppera, n.o.",Rožňava,Rožňava,Košický,48.654392,20.531184,Gastro a stravovacie zariadenia,Zariadenie sociálnych služieb,zvysky_z_taniera,Zvyšky z taniera,20 01 08,odpad,celorocne,D
35583720,"Zariadenie pre seniorov Juraja Schoppera, n.o.",Rožňava,Rožňava,Košický,48.654392,20.531184,Gastro a stravovacie zariadenia,Zariadenie sociálnych služieb,bro_zahrady,Biologicky rozložiteľný odpad zo záhrad,20 02 01,odpad,sezonne_leto,D
35630027,"Spojená škola, Školská 212, Sládkovičovo",Sládkovičovo,Galanta,Trnavský,48.208208,17.644866,Gastro a stravovacie zariadenia,Stredná škola,skolsky_kuchynsky_odpad,Kuchynský odpad zo školských jedální,20 01 08,odpad,celorocne,D
35630027,"Spojená škola, Školská 212, Sládkovičovo",Sládkovičovo,Galanta,Trnavský,48.208208,17.644866,Gastro a stravovacie zariadenia,Stredná škola,zvysky_z_taniera,Zvyšky z taniera,20 01 08,odpad,celorocne,D
35630027,"Spojená škola, Školská 212, Sládkovičovo",Sládkovičovo,Galanta,Trnavský,48.208208,17.644866,Gastro a stravovacie zariadenia,Stredná škola,gastro_fritovaci_olej,Použitý fritovací olej z gastroprevádzok,20 01 25,odpad,celorocne,D
35630027,"Spojená škola, Školská 212, Sládkovičovo",Sládkovičovo,Galanta,Trnavský,48.208208,17.644866,Gastro a stravovacie zariadenia,Stredná škola,bro_zahrady,Biologicky rozložiteľný odpad zo záhrad,20 02 01,odpad,sezonne_leto,D
35630043,"Spojená škola, Jatočná 4, Skalica",Skalica,Skalica,Trnavský,48.770797,17.20201,Gastro a stravovacie zariadenia,Stredná škola,skolsky_kuchynsky_odpad,Kuchynský odpad zo školských jedální,20 01 08,odpad,celorocne,D
35630043,"Spojená škola, Jatočná 4, Skalica",Skalica,Skalica,Trnavský,48.770797,17.20201,Gastro a stravovacie zariadenia,Stredná škola,zvysky_z_taniera,Zvyšky z taniera,20 01 08,odpad,celorocne,D
35630043,"Spojená škola, Jatočná 4, Skalica",Skalica,Skalica,Trnavský,48.770797,17.20201,Gastro a stravovacie zariadenia,Stredná škola,gastro_fritovaci_olej,Použitý fritovací olej z gastroprevádzok,20 01 25,odpad,celorocne,D
35630043,"Spojená škola, Jatočná 4, Skalica",Skalica,Skalica,Trnavský,48.770797,17.20201,Gastro a stravovacie zariadenia,Stredná škola,bro_zahrady,Biologicky rozložiteľný odpad zo záhrad,20 02 01,odpad,sezonne_leto,D
35697547,"COOP Jednota Slovensko, spotrebné družstvo",Bratislava,Bratislava I,Bratislavský,48.153538,17.109671,Retail a distribúcia potravín,Spotrebné družstvo (predajne),retail_ovocie_zelenina,Neupredané ovocie a zelenina z predajní,20 01 08,odpad,celorocne,D
35697547,"COOP Jednota Slovensko, spotrebné družstvo",Bratislava,Bratislava I,Bratislavský,48.153538,17.109671,Retail a distribúcia potravín,Spotrebné družstvo (predajne),retail_pecivo,Neupredané pečivo a pekárske výrobky,02 06 01,vedlajsi_produkt,celorocne,D
35697547,"COOP Jednota Slovensko, spotrebné družstvo",Bratislava,Bratislava I,Bratislavský,48.153538,17.109671,Retail a distribúcia potravín,Spotrebné družstvo (predajne),retail_mliecne,Mliečne výrobky po dátume minimálnej trvanlivosti,20 01 08,odpad,celorocne,D
35697547,"COOP Jednota Slovensko, spotrebné družstvo",Bratislava,Bratislava I,Bratislavský,48.153538,17.109671,Retail a distribúcia potravín,Spotrebné družstvo (predajne),retail_maso_zvysky,Mäsové a údenárske výrobky po dátume spotreby,02 02 03,odpad,celorocne,D
35697547,"COOP Jednota Slovensko, spotrebné družstvo",Bratislava,Bratislava I,Bratislavský,48.153538,17.109671,Retail a distribúcia potravín,Spotrebné družstvo (predajne),retail_zmesovy,Zmesový potravinový odpad z predajne,20 01 08,odpad,celorocne,D
35697679,PIVOVAR CODECON spol. s r.o.,Rovinka,Senec,Bratislavský,48.1,17.233333,Potravinárstvo a nápoje,Pivovar / minipivovar,pivovarske_mlato,Pivovarské mláto,02 07 01,vedlajsi_produkt,celorocne,D
35697679,PIVOVAR CODECON spol. s r.o.,Rovinka,Senec,Bratislavský,48.1,17.233333,Potravinárstvo a nápoje,Pivovar / minipivovar,pivovarske_kvasnice,Pivovarské kvasnice,02 07 05,vedlajsi_produkt,celorocne,D
35697679,PIVOVAR CODECON spol. s r.o.,Rovinka,Senec,Bratislavský,48.1,17.233333,Potravinárstvo a nápoje,Pivovar / minipivovar,chmelovy_mlat,Chmeľový mlát,02 07 01,odpad,celorocne,D
35697679,PIVOVAR CODECON spol. s r.o.,Rovinka,Senec,Bratislavský,48.1,17.233333,Potravinárstvo a nápoje,Pivovar / minipivovar,kremelinovy_kal,Kremelinový kal z filtrácie,02 07 05,odpad,celorocne,D
35761555,"MLYN ŠTÚROVO, a.s.",Pohronský Ruskov,Levice,Nitriansky,47.983333,18.666667,Potravinárstvo a nápoje,Mlyn,psenicne_otruby,Pšeničné otruby,02 03 04,krmna_surovina,celorocne,D
35761555,"MLYN ŠTÚROVO, a.s.",Pohronský Ruskov,Levice,Nitriansky,47.983333,18.666667,Potravinárstvo a nápoje,Mlyn,mlynske_zmetky,Mlynské zmetky a plevy,02 03 04,vedlajsi_produkt,celorocne,D
35761555,"MLYN ŠTÚROVO, a.s.",Pohronský Ruskov,Levice,Nitriansky,47.983333,18.666667,Potravinárstvo a nápoje,Mlyn,odpad_cistenie_zrna,Odpad z čistenia a sušenia obilia,02 01 03,vedlajsi_produkt,sezonne_leto,D
35774151,Pekáreň Dunajská Lužná s.r.o.,Dunajská Lužná,Senec,Bratislavský,48.082194,17.263614,Potravinárstvo a nápoje,Pekáreň,pekarenske_zvysky,Pekárenské zvyšky,02 06 01,vedlajsi_produkt,celorocne,D
35774151,Pekáreň Dunajská Lužná s.r.o.,Dunajská Lužná,Senec,Bratislavský,48.082194,17.263614,Potravinárstvo a nápoje,Pekáreň,cestovinove_zvysky,Cestovinové a múčne zvyšky,02 06 01,vedlajsi_produkt,celorocne,D
35782803,Lycos Malt s.r.o.,Trnava,Trnava,Trnavský,48.37729,17.586718,Potravinárstvo a nápoje,Sladovňa,sladovy_klicok,Sladový klíčok,02 07 01,krmna_surovina,celorocne,D
35782803,Lycos Malt s.r.o.,Trnava,Trnava,Trnavský,48.37729,17.586718,Potravinárstvo a nápoje,Sladovňa,sladovy_prach,Sladový prach a plevy,02 07 01,vedlajsi_produkt,celorocne,D
35790164,Kaufland Slovenská republika v.o.s.,Bratislava - mestská časť Nové Mesto,Bratislava III,Bratislavský,48.167188,17.138349,Retail a distribúcia potravín,Obchodný reťazec,retail_ovocie_zelenina,Neupredané ovocie a zelenina z predajní,20 01 08,odpad,celorocne,D
35790164,Kaufland Slovenská republika v.o.s.,Bratislava - mestská časť Nové Mesto,Bratislava III,Bratislavský,48.167188,17.138349,Retail a distribúcia potravín,Obchodný reťazec,retail_pecivo,Neupredané pečivo a pekárske výrobky,02 06 01,vedlajsi_produkt,celorocne,D
35790164,Kaufland Slovenská republika v.o.s.,Bratislava - mestská časť Nové Mesto,Bratislava III,Bratislavský,48.167188,17.138349,Retail a distribúcia potravín,Obchodný reťazec,retail_mliecne,Mliečne výrobky po dátume minimálnej trvanlivosti,20 01 08,odpad,celorocne,D
35790164,Kaufland Slovenská republika v.o.s.,Bratislava - mestská časť Nové Mesto,Bratislava III,Bratislavský,48.167188,17.138349,Retail a distribúcia potravín,Obchodný reťazec,retail_maso_zvysky,Mäsové a údenárske výrobky po dátume spotreby,02 02 03,odpad,celorocne,D
35790164,Kaufland Slovenská republika v.o.s.,Bratislava - mestská časť Nové Mesto,Bratislava III,Bratislavský,48.167188,17.138349,Retail a distribúcia potravín,Obchodný reťazec,retail_zmesovy,Zmesový potravinový odpad z predajne,20 01 08,odpad,celorocne,D
35790164,Kaufland Slovenská republika v.o.s.,Bratislava - mestská časť Nové Mesto,Bratislava III,Bratislavský,48.167188,17.138349,Retail a distribúcia potravín,Obchodný reťazec,gastro_fritovaci_olej,Použitý fritovací olej z gastroprevádzok,20 01 25,odpad,celorocne,D
35793783,"Lidl Slovenská republika, s.r.o.",Bratislava - mestská časť Ružinov,Bratislava II,Bratislavský,48.149645,17.164279,Retail a distribúcia potravín,Obchodný reťazec,retail_ovocie_zelenina,Neupredané ovocie a zelenina z predajní,20 01 08,odpad,celorocne,D
35793783,"Lidl Slovenská republika, s.r.o.",Bratislava - mestská časť Ružinov,Bratislava II,Bratislavský,48.149645,17.164279,Retail a distribúcia potravín,Obchodný reťazec,retail_pecivo,Neupredané pečivo a pekárske výrobky,02 06 01,vedlajsi_produkt,celorocne,D
35793783,"Lidl Slovenská republika, s.r.o.",Bratislava - mestská časť Ružinov,Bratislava II,Bratislavský,48.149645,17.164279,Retail a distribúcia potravín,Obchodný reťazec,retail_mliecne,Mliečne výrobky po dátume minimálnej trvanlivosti,20 01 08,odpad,celorocne,D
35793783,"Lidl Slovenská republika, s.r.o.",Bratislava - mestská časť Ružinov,Bratislava II,Bratislavský,48.149645,17.164279,Retail a distribúcia potravín,Obchodný reťazec,retail_maso_zvysky,Mäsové a údenárske výrobky po dátume spotreby,02 02 03,odpad,celorocne,D
35793783,"Lidl Slovenská republika, s.r.o.",Bratislava - mestská časť Ružinov,Bratislava II,Bratislavský,48.149645,17.164279,Retail a distribúcia potravín,Obchodný reťazec,retail_zmesovy,Zmesový potravinový odpad z predajne,20 01 08,odpad,celorocne,D
35793783,"Lidl Slovenská republika, s.r.o.",Bratislava - mestská časť Ružinov,Bratislava II,Bratislavský,48.149645,17.164279,Retail a distribúcia potravín,Obchodný reťazec,gastro_fritovaci_olej,Použitý fritovací olej z gastroprevádzok,20 01 25,odpad,celorocne,D
35793848,"Skládka odpadov - Dubová, s.r.o.",Dubová,Svidník,Prešovský,49.366667,21.433333,Komunálny a gastro bioodpad,Odpadové hospodárstvo,kuchynsky_odpad,Biologicky rozložiteľný kuchynský a reštauračný odpad,20 01 08,odpad,celorocne,D
35793848,"Skládka odpadov - Dubová, s.r.o.",Dubová,Svidník,Prešovský,49.366667,21.433333,Komunálny a gastro bioodpad,Odpadové hospodárstvo,bro_zahrady,Biologicky rozložiteľný odpad zo záhrad,20 02 01,odpad,sezonne_leto,D
35793848,"Skládka odpadov - Dubová, s.r.o.",Dubová,Svidník,Prešovský,49.366667,21.433333,Komunálny a gastro bioodpad,Odpadové hospodárstvo,jedle_oleje_pouzite,Použité jedlé oleje a tuky,20 01 25,odpad,celorocne,D
35793848,"Skládka odpadov - Dubová, s.r.o.",Dubová,Svidník,Prešovský,49.366667,21.433333,Komunálny a gastro bioodpad,Odpadové hospodárstvo,tuky_odlucovace,Tuky z odlučovačov,19 08 09,odpad,celorocne,D
35793848,"Skládka odpadov - Dubová, s.r.o.",Dubová,Svidník,Prešovský,49.366667,21.433333,Komunálny a gastro bioodpad,Odpadové hospodárstvo,potraviny_po_dobe,Nepredané potraviny po dátume spotreby,20 01 08,odpad,celorocne,D
35798815,GT-Hydina s.r.o.,Komárno,Komárno,Nitriansky,47.757388,18.129917,Poľnohospodárstvo a chov,Hydinárska prevádzka,perie,Perie z hydinových bitúnkov,02 02 02,odpad,celorocne,D
35798815,GT-Hydina s.r.o.,Komárno,Komárno,Nitriansky,47.757388,18.129917,Poľnohospodárstvo a chov,Hydinárska prevádzka,hydinovy_trus,Hydinový trus a podstielka,02 01 06,odpad,celorocne,D
35798815,GT-Hydina s.r.o.,Komárno,Komárno,Nitriansky,47.757388,18.129917,Poľnohospodárstvo a chov,Hydinárska prevádzka,krv_bitunok,Krv z bitúnku,02 02 03,vedlajsi_produkt,celorocne,D
35798815,GT-Hydina s.r.o.,Komárno,Komárno,Nitriansky,47.757388,18.129917,Poľnohospodárstvo a chov,Hydinárska prevádzka,kadavery,Uhynuté zvieratá (kadávery),02 01 02,odpad,celorocne,D
35798815,GT-Hydina s.r.o.,Komárno,Komárno,Nitriansky,47.757388,18.129917,Poľnohospodárstvo a chov,Hydinárska prevádzka,zvp_kat3,Živočíšne vedľajšie produkty kategórie 3,02 02 02,vedlajsi_produkt,celorocne,D
35798815,GT-Hydina s.r.o.,Komárno,Komárno,Nitriansky,47.757388,18.129917,Poľnohospodárstvo a chov,Hydinárska prevádzka,zvp_kat2,Živočíšne vedľajšie produkty kategórie 2,02 02 02,odpad,celorocne,D
35820667,"Mliekoservis Slovakia, a.s.",Dobrá Niva,Zvolen,Banskobystrický,48.473486,19.101794,Potravinárstvo a nápoje,Mliekáreň,srvatka_sladka,Sladká srvátka,02 05 01,vedlajsi_produkt,celorocne,D
35820667,"Mliekoservis Slovakia, a.s.",Dobrá Niva,Zvolen,Banskobystrický,48.473486,19.101794,Potravinárstvo a nápoje,Mliekáreň,srvatka_kysla,Kyslá srvátka,02 05 01,odpad,celorocne,D
35820667,"Mliekoservis Slovakia, a.s.",Dobrá Niva,Zvolen,Banskobystrický,48.473486,19.101794,Potravinárstvo a nápoje,Mliekáreň,srvatkovy_permeat,Srvátkový permeát,02 05 01,vedlajsi_produkt,celorocne,D
35820667,"Mliekoservis Slovakia, a.s.",Dobrá Niva,Zvolen,Banskobystrický,48.473486,19.101794,Potravinárstvo a nápoje,Mliekáreň,cmar,Cmar,02 05 01,krmna_surovina,celorocne,D
35820667,"Mliekoservis Slovakia, a.s.",Dobrá Niva,Zvolen,Banskobystrický,48.473486,19.101794,Potravinárstvo a nápoje,Mliekáreň,mliekarensky_kal,Kal z mliekarenskej ČOV,02 05 02,odpad,celorocne,D
35843462,"PÍLA MALACKY, s.r.o.",Malacky,Malacky,Bratislavský,48.43475,17.020348,"Drevo, lesníctvo a ostatné",Píla a drevospracovanie,piliny,Piliny a hobliny,03 01 05,vedlajsi_produkt,celorocne,D
35843462,"PÍLA MALACKY, s.r.o.",Malacky,Malacky,Bratislavský,48.43475,17.020348,"Drevo, lesníctvo a ostatné",Píla a drevospracovanie,kora,Odpadová kôra,03 01 01,vedlajsi_produkt,celorocne,D
35843462,"PÍLA MALACKY, s.r.o.",Malacky,Malacky,Bratislavský,48.43475,17.020348,"Drevo, lesníctvo a ostatné",Píla a drevospracovanie,odrezky_dreva,Odrezky a drevný odpad,03 01 05,vedlajsi_produkt,celorocne,D
35850370,"Bratislavská vodárenská spoločnosť, a.s.",Bratislava - mestská časť Ružinov,Bratislava II,Bratislavský,48.149645,17.164279,Komunálny a gastro bioodpad,Vodárenská spoločnosť (ČOV),cov_kal_komunalny,Kal z komunálnej ČOV,19 08 05,odpad,celorocne,D
35850370,"Bratislavská vodárenská spoločnosť, a.s.",Bratislava - mestská časť Ružinov,Bratislava II,Bratislavský,48.149645,17.164279,Komunálny a gastro bioodpad,Vodárenská spoločnosť (ČOV),tuky_odlucovace,Tuky z odlučovačov,19 08 09,odpad,celorocne,D
35854723,SLOVŠKROB a.s.,Dolný Ohaj,Nové Zámky,Nitriansky,48.08008,18.252347,Potravinárstvo a nápoje,Škrobáreň,skrobarenske_zvysky,Škrobárenské zvyšky,02 03 01,vedlajsi_produkt,celorocne,D
35854723,SLOVŠKROB a.s.,Dolný Ohaj,Nové Zámky,Nitriansky,48.08008,18.252347,Potravinárstvo a nápoje,Škrobáreň,zemiakove_supky,Zemiakové šupky a orezky,02 03 04,vedlajsi_produkt,celorocne,D
35858451,"Mäso Förster, s.r.o.",Bratislava,Bratislava I,Bratislavský,48.153538,17.109671,Potravinárstvo a nápoje,Mäsospracovanie,kostny_zvysok,Kosti a kostné zvyšky,02 02 02,vedlajsi_produkt,celorocne,D
35858451,"Mäso Förster, s.r.o.",Bratislava,Bratislava I,Bratislavský,48.153538,17.109671,Potravinárstvo a nápoje,Mäsospracovanie,kozne_odrezky,Kožné odrezky a podkožný tuk,02 02 02,odpad,celorocne,D
35858451,"Mäso Förster, s.r.o.",Bratislava,Bratislava I,Bratislavský,48.153538,17.109671,Potravinárstvo a nápoje,Mäsospracovanie,masovy_flotacny_kal,Flotačný kal z mäsospracovania,02 02 04,odpad,celorocne,D
35858451,"Mäso Förster, s.r.o.",Bratislava,Bratislava I,Bratislavský,48.153538,17.109671,Potravinárstvo a nápoje,Mäsospracovanie,zvp_kat3,Živočíšne vedľajšie produkty kategórie 3,02 02 02,vedlajsi_produkt,celorocne,D
35858451,"Mäso Förster, s.r.o.",Bratislava,Bratislava I,Bratislavský,48.153538,17.109671,Potravinárstvo a nápoje,Mäsospracovanie,technicky_zivocisny_tuk,Technický živočíšny tuk,02 02 03,vedlajsi_produkt,celorocne,D
35858451,"Mäso Förster, s.r.o.",Bratislava,Bratislava I,Bratislavský,48.153538,17.109671,Potravinárstvo a nápoje,Mäsospracovanie,masokostna_mucka,Mäsokostná múčka,02 02 02,odpad,celorocne,D
35864761,"Reštaurácia a kaviareň biffi, s.r.o.",Bratislava - mestská časť Rača,Bratislava III,Bratislavský,48.211512,17.1534,Gastro a stravovacie zariadenia,Reštaurácia,gastro_kuchynsky_odpad,Kuchynský odpad z reštaurácií a hotelov,20 01 08,odpad,celorocne,D
35864761,"Reštaurácia a kaviareň biffi, s.r.o.",Bratislava - mestská časť Rača,Bratislava III,Bratislavský,48.211512,17.1534,Gastro a stravovacie zariadenia,Reštaurácia,zvysky_z_taniera,Zvyšky z taniera,20 01 08,odpad,celorocne,D
35864761,"Reštaurácia a kaviareň biffi, s.r.o.",Bratislava - mestská časť Rača,Bratislava III,Bratislavský,48.211512,17.1534,Gastro a stravovacie zariadenia,Reštaurácia,gastro_fritovaci_olej,Použitý fritovací olej z gastroprevádzok,20 01 25,odpad,celorocne,D
35864761,"Reštaurácia a kaviareň biffi, s.r.o.",Bratislava - mestská časť Rača,Bratislava III,Bratislavský,48.211512,17.1534,Gastro a stravovacie zariadenia,Reštaurácia,gastro_kavova_sedlina,Kávová sedlina z gastroprevádzok,20 01 08,odpad,celorocne,D
35864761,"Reštaurácia a kaviareň biffi, s.r.o.",Bratislava - mestská časť Rača,Bratislava III,Bratislavský,48.211512,17.1534,Gastro a stravovacie zariadenia,Reštaurácia,tuky_odlucovace,Tuky z odlučovačov,19 08 09,odpad,celorocne,D
35874287,"Slovenská liehovarnícka, a.s.",Bratislava,Bratislava I,Bratislavský,48.153538,17.109671,Potravinárstvo a nápoje,Liehovar a pálenica,vypalky,Liehovarnícke výpalky,02 07 02,vedlajsi_produkt,celorocne,D
35874287,"Slovenská liehovarnícka, a.s.",Bratislava,Bratislava I,Bratislavský,48.153538,17.109671,Potravinárstvo a nápoje,Liehovar a pálenica,drozdiarske_zvysky,Zvyšky z výroby droždia,02 03 04,vedlajsi_produkt,celorocne,D
35880228,Hotel LIPA Slovakia s. r. o.,Bratislava - mestská časť Ružinov,Bratislava II,Bratislavský,48.149645,17.164279,Gastro a stravovacie zariadenia,Hotel,gastro_kuchynsky_odpad,Kuchynský odpad z reštaurácií a hotelov,20 01 08,odpad,celorocne,D
35880228,Hotel LIPA Slovakia s. r. o.,Bratislava - mestská časť Ružinov,Bratislava II,Bratislavský,48.149645,17.164279,Gastro a stravovacie zariadenia,Hotel,zvysky_z_taniera,Zvyšky z taniera,20 01 08,odpad,celorocne,D
35880228,Hotel LIPA Slovakia s. r. o.,Bratislava - mestská časť Ružinov,Bratislava II,Bratislavský,48.149645,17.164279,Gastro a stravovacie zariadenia,Hotel,gastro_fritovaci_olej,Použitý fritovací olej z gastroprevádzok,20 01 25,odpad,celorocne,D
35880228,Hotel LIPA Slovakia s. r. o.,Bratislava - mestská časť Ružinov,Bratislava II,Bratislavský,48.149645,17.164279,Gastro a stravovacie zariadenia,Hotel,gastro_kavova_sedlina,Kávová sedlina z gastroprevádzok,20 01 08,odpad,celorocne,D
35880228,Hotel LIPA Slovakia s. r. o.,Bratislava - mestská časť Ružinov,Bratislava II,Bratislavský,48.149645,17.164279,Gastro a stravovacie zariadenia,Hotel,bro_zahrady,Biologicky rozložiteľný odpad zo záhrad,20 02 01,odpad,sezonne_leto,D
35880821,ST. NICOLAUS Group a.s.,Bratislava - mestská časť Ružinov,Bratislava II,Bratislavský,48.149645,17.164279,Potravinárstvo a nápoje,Liehovar a pálenica,vypalky,Liehovarnícke výpalky,02 07 02,vedlajsi_produkt,celorocne,D
35880821,ST. NICOLAUS Group a.s.,Bratislava - mestská časť Ružinov,Bratislava II,Bratislavský,48.149645,17.164279,Potravinárstvo a nápoje,Liehovar a pálenica,drozdiarske_zvysky,Zvyšky z výroby droždia,02 03 04,vedlajsi_produkt,celorocne,D
35889543,VÍNO Doľany spol. s r. o.,Doľany,Pezinok,Bratislavský,48.414316,17.378144,Potravinárstvo a nápoje,Vinárstvo,hroznove_vylisky,Hroznové výlisky (matolina),02 07 04,vedlajsi_produkt,sezonne_jesen,D
35889543,VÍNO Doľany spol. s r. o.,Doľany,Pezinok,Bratislavský,48.414316,17.378144,Potravinárstvo a nápoje,Vinárstvo,vinne_kaly,Vínne kaly,02 07 05,odpad,sezonne_jesen,D
35889543,VÍNO Doľany spol. s r. o.,Doľany,Pezinok,Bratislavský,48.414316,17.378144,Potravinárstvo a nápoje,Vinárstvo,hroznove_stopky,Hroznové stopky (strapiny),02 07 01,odpad,sezonne_jesen,D
35898224,"Vinárstvo Kamenica, s. r. o.",Pezinok,Pezinok,Bratislavský,48.285586,17.27028,Potravinárstvo a nápoje,Vinárstvo,hroznove_vylisky,Hroznové výlisky (matolina),02 07 04,vedlajsi_produkt,sezonne_jesen,D
35898224,"Vinárstvo Kamenica, s. r. o.",Pezinok,Pezinok,Bratislavský,48.285586,17.27028,Potravinárstvo a nápoje,Vinárstvo,vinne_kaly,Vínne kaly,02 07 05,odpad,sezonne_jesen,D
35898224,"Vinárstvo Kamenica, s. r. o.",Pezinok,Pezinok,Bratislavský,48.285586,17.27028,Potravinárstvo a nápoje,Vinárstvo,hroznove_stopky,Hroznové stopky (strapiny),02 07 01,odpad,sezonne_jesen,D
35910445,Zeleninárska s.r.o.,Kráľová pri Senci,Senec,Bratislavský,48.195128,17.450829,Poľnohospodárstvo a chov,Zeleninárstvo,zeleninove_orezky,Orezky a nepodarky zeleniny,02 03 04,odpad,sezonne_leto,D
35910445,Zeleninárska s.r.o.,Kráľová pri Senci,Senec,Bratislavský,48.195128,17.450829,Poľnohospodárstvo a chov,Zeleninárstvo,kal_pranie_zeleniny,Kal z prania a lúpania zeleniny,02 03 01,odpad,sezonne_leto,D
35910445,Zeleninárska s.r.o.,Kráľová pri Senci,Senec,Bratislavský,48.195128,17.450829,Poľnohospodárstvo a chov,Zeleninárstvo,vnate_pozberove,Vňate a pozberové zvyšky zeleniny,02 01 03,odpad,sezonne_jesen,D
35910445,Zeleninárska s.r.o.,Kráľová pri Senci,Senec,Bratislavský,48.195128,17.450829,Poľnohospodárstvo a chov,Zeleninárstvo,zemiakove_supky,Zemiakové šupky a orezky,02 03 04,vedlajsi_produkt,celorocne,D
35929006,"AB pivovar, a.s.",Bratislava - mestská časť Staré Mesto,Bratislava I,Bratislavský,48.140553,17.112478,Potravinárstvo a nápoje,Pivovar / minipivovar,pivovarske_mlato,Pivovarské mláto,02 07 01,vedlajsi_produkt,celorocne,D
35929006,"AB pivovar, a.s.",Bratislava - mestská časť Staré Mesto,Bratislava I,Bratislavský,48.140553,17.112478,Potravinárstvo a nápoje,Pivovar / minipivovar,pivovarske_kvasnice,Pivovarské kvasnice,02 07 05,vedlajsi_produkt,celorocne,D
35929006,"AB pivovar, a.s.",Bratislava - mestská časť Staré Mesto,Bratislava I,Bratislavský,48.140553,17.112478,Potravinárstvo a nápoje,Pivovar / minipivovar,chmelovy_mlat,Chmeľový mlát,02 07 01,odpad,celorocne,D
35929006,"AB pivovar, a.s.",Bratislava - mestská časť Staré Mesto,Bratislava I,Bratislavský,48.140553,17.112478,Potravinárstvo a nápoje,Pivovar / minipivovar,kremelinovy_kal,Kremelinový kal z filtrácie,02 07 05,odpad,celorocne,D
35929936,"ROĽNÍCKY MLYN, s.r.o.",Veľké Lovce,Nové Zámky,Nitriansky,48.066661,18.333335,Potravinárstvo a nápoje,Mlyn,psenicne_otruby,Pšeničné otruby,02 03 04,krmna_surovina,celorocne,D
35929936,"ROĽNÍCKY MLYN, s.r.o.",Veľké Lovce,Nové Zámky,Nitriansky,48.066661,18.333335,Potravinárstvo a nápoje,Mlyn,mlynske_zmetky,Mlynské zmetky a plevy,02 03 04,vedlajsi_produkt,celorocne,D
35929936,"ROĽNÍCKY MLYN, s.r.o.",Veľké Lovce,Nové Zámky,Nitriansky,48.066661,18.333335,Potravinárstvo a nápoje,Mlyn,odpad_cistenie_zrna,Odpad z čistenia a sušenia obilia,02 01 03,vedlajsi_produkt,sezonne_leto,D
35949856,Vinárstvo Vištuk a. s.,Bratislava - mestská časť Staré Mesto,Bratislava I,Bratislavský,48.140553,17.112478,Potravinárstvo a nápoje,Vinárstvo,hroznove_vylisky,Hroznové výlisky (matolina),02 07 04,vedlajsi_produkt,sezonne_jesen,D
35949856,Vinárstvo Vištuk a. s.,Bratislava - mestská časť Staré Mesto,Bratislava I,Bratislavský,48.140553,17.112478,Potravinárstvo a nápoje,Vinárstvo,vinne_kaly,Vínne kaly,02 07 05,odpad,sezonne_jesen,D
35949856,Vinárstvo Vištuk a. s.,Bratislava - mestská časť Staré Mesto,Bratislava I,Bratislavský,48.140553,17.112478,Potravinárstvo a nápoje,Vinárstvo,hroznove_stopky,Hroznové stopky (strapiny),02 07 01,odpad,sezonne_jesen,D
35964243,"FARMA MAGJEP, s. r. o.",Tesárske Mlyňany,Zlaté Moravce,Nitriansky,48.332164,18.350798,Poľnohospodárstvo a chov,Živočíšna farma,hnoj_hovadzi,Maštaľný hnoj hovädzí,02 01 06,odpad,celorocne,D
35964243,"FARMA MAGJEP, s. r. o.",Tesárske Mlyňany,Zlaté Moravce,Nitriansky,48.332164,18.350798,Poľnohospodárstvo a chov,Živočíšna farma,hnojovica_osipane,Hnojovica ošípaných,02 01 06,odpad,celorocne,D
35964243,"FARMA MAGJEP, s. r. o.",Tesárske Mlyňany,Zlaté Moravce,Nitriansky,48.332164,18.350798,Poľnohospodárstvo a chov,Živočíšna farma,ovciarsky_hnoj,Ovčí a kozí hnoj,02 01 06,odpad,celorocne,D
35964243,"FARMA MAGJEP, s. r. o.",Tesárske Mlyňany,Zlaté Moravce,Nitriansky,48.332164,18.350798,Poľnohospodárstvo a chov,Živočíšna farma,travna_hmota_ttp,Trávna hmota z lúk a TTP,02 01 03,vedlajsi_produkt,sezonne_leto,D
35964243,"FARMA MAGJEP, s. r. o.",Tesárske Mlyňany,Zlaté Moravce,Nitriansky,48.332164,18.350798,Poľnohospodárstvo a chov,Živočíšna farma,kadavery,Uhynuté zvieratá (kadávery),02 01 02,odpad,celorocne,D
35979381,"HBT VITIS, s.r.o.",Strekov,Nové Zámky,Nitriansky,47.9,18.416667,Potravinárstvo a nápoje,Vinárstvo,hroznove_vylisky,Hroznové výlisky (matolina),02 07 04,vedlajsi_produkt,sezonne_jesen,D
35979381,"HBT VITIS, s.r.o.",Strekov,Nové Zámky,Nitriansky,47.9,18.416667,Potravinárstvo a nápoje,Vinárstvo,vinne_kaly,Vínne kaly,02 07 05,odpad,sezonne_jesen,D
35979381,"HBT VITIS, s.r.o.",Strekov,Nové Zámky,Nitriansky,47.9,18.416667,Potravinárstvo a nápoje,Vinárstvo,hroznove_stopky,Hroznové stopky (strapiny),02 07 01,odpad,sezonne_jesen,D
35984457,"Špeciálna základná škola, Za parkom 966, Veľký Krtíš",Veľký Krtíš,Veľký Krtíš,Banskobystrický,48.20896,19.349119,Gastro a stravovacie zariadenia,Základná škola,skolsky_kuchynsky_odpad,Kuchynský odpad zo školských jedální,20 01 08,odpad,celorocne,D
35984457,"Špeciálna základná škola, Za parkom 966, Veľký Krtíš",Veľký Krtíš,Veľký Krtíš,Banskobystrický,48.20896,19.349119,Gastro a stravovacie zariadenia,Základná škola,zvysky_z_taniera,Zvyšky z taniera,20 01 08,odpad,celorocne,D
35984457,"Špeciálna základná škola, Za parkom 966, Veľký Krtíš",Veľký Krtíš,Veľký Krtíš,Banskobystrický,48.20896,19.349119,Gastro a stravovacie zariadenia,Základná škola,gastro_kavova_sedlina,Kávová sedlina z gastroprevádzok,20 01 08,odpad,celorocne,D
35984457,"Špeciálna základná škola, Za parkom 966, Veľký Krtíš",Veľký Krtíš,Veľký Krtíš,Banskobystrický,48.20896,19.349119,Gastro a stravovacie zariadenia,Základná škola,bro_zahrady,Biologicky rozložiteľný odpad zo záhrad,20 02 01,odpad,sezonne_leto,D
35991593,"Základná škola M. R. Štefánika, Haličská cesta 1191/8, Lučenec",Lučenec,Lučenec,Banskobystrický,48.330282,19.664144,Gastro a stravovacie zariadenia,Základná škola,skolsky_kuchynsky_odpad,Kuchynský odpad zo školských jedální,20 01 08,odpad,celorocne,D
35991593,"Základná škola M. R. Štefánika, Haličská cesta 1191/8, Lučenec",Lučenec,Lučenec,Banskobystrický,48.330282,19.664144,Gastro a stravovacie zariadenia,Základná škola,zvysky_z_taniera,Zvyšky z taniera,20 01 08,odpad,celorocne,D
35991593,"Základná škola M. R. Štefánika, Haličská cesta 1191/8, Lučenec",Lučenec,Lučenec,Banskobystrický,48.330282,19.664144,Gastro a stravovacie zariadenia,Základná škola,gastro_kavova_sedlina,Kávová sedlina z gastroprevádzok,20 01 08,odpad,celorocne,D
35991593,"Základná škola M. R. Štefánika, Haličská cesta 1191/8, Lučenec",Lučenec,Lučenec,Banskobystrický,48.330282,19.664144,Gastro a stravovacie zariadenia,Základná škola,bro_zahrady,Biologicky rozložiteľný odpad zo záhrad,20 02 01,odpad,sezonne_leto,D
35995904,"Základná škola Jana Amosa Komenského, Komenského 652/50, Púchov",Púchov,Púchov,Trenčiansky,49.123992,18.324242,Gastro a stravovacie zariadenia,Základná škola,skolsky_kuchynsky_odpad,Kuchynský odpad zo školských jedální,20 01 08,odpad,celorocne,D
35995904,"Základná škola Jana Amosa Komenského, Komenského 652/50, Púchov",Púchov,Púchov,Trenčiansky,49.123992,18.324242,Gastro a stravovacie zariadenia,Základná škola,zvysky_z_taniera,Zvyšky z taniera,20 01 08,odpad,celorocne,D
35995904,"Základná škola Jana Amosa Komenského, Komenského 652/50, Púchov",Púchov,Púchov,Trenčiansky,49.123992,18.324242,Gastro a stravovacie zariadenia,Základná škola,gastro_kavova_sedlina,Kávová sedlina z gastroprevádzok,20 01 08,odpad,celorocne,D
35995904,"Základná škola Jana Amosa Komenského, Komenského 652/50, Púchov",Púchov,Púchov,Trenčiansky,49.123992,18.324242,Gastro a stravovacie zariadenia,Základná škola,bro_zahrady,Biologicky rozložiteľný odpad zo záhrad,20 02 01,odpad,sezonne_leto,D
36002470,"Píla Maša, s.r.o.",Nitra,Nitra,Nitriansky,48.31257,18.09061,"Drevo, lesníctvo a ostatné",Píla a drevospracovanie,piliny,Piliny a hobliny,03 01 05,vedlajsi_produkt,celorocne,D
36002470,"Píla Maša, s.r.o.",Nitra,Nitra,Nitriansky,48.31257,18.09061,"Drevo, lesníctvo a ostatné",Píla a drevospracovanie,kora,Odpadová kôra,03 01 01,vedlajsi_produkt,celorocne,D
36002470,"Píla Maša, s.r.o.",Nitra,Nitra,Nitriansky,48.31257,18.09061,"Drevo, lesníctvo a ostatné",Píla a drevospracovanie,odrezky_dreva,Odrezky a drevný odpad,03 01 05,vedlajsi_produkt,celorocne,D
36005614,"PÍLA SEB, s.r.o.",Sebechleby,Krupina,Banskobystrický,48.275107,18.952016,"Drevo, lesníctvo a ostatné",Píla a drevospracovanie,piliny,Piliny a hobliny,03 01 05,vedlajsi_produkt,celorocne,D
36005614,"PÍLA SEB, s.r.o.",Sebechleby,Krupina,Banskobystrický,48.275107,18.952016,"Drevo, lesníctvo a ostatné",Píla a drevospracovanie,kora,Odpadová kôra,03 01 01,vedlajsi_produkt,celorocne,D
36005614,"PÍLA SEB, s.r.o.",Sebechleby,Krupina,Banskobystrický,48.275107,18.952016,"Drevo, lesníctvo a ostatné",Píla a drevospracovanie,odrezky_dreva,Odrezky a drevný odpad,03 01 05,vedlajsi_produkt,celorocne,D
36009342,"COOP Jednota Brezno, spotrebné družstvo",Brezno,Brezno,Banskobystrický,48.805335,19.640961,Retail a distribúcia potravín,Spotrebné družstvo (predajne),retail_ovocie_zelenina,Neupredané ovocie a zelenina z predajní,20 01 08,odpad,celorocne,D
36009342,"COOP Jednota Brezno, spotrebné družstvo",Brezno,Brezno,Banskobystrický,48.805335,19.640961,Retail a distribúcia potravín,Spotrebné družstvo (predajne),retail_pecivo,Neupredané pečivo a pekárske výrobky,02 06 01,vedlajsi_produkt,celorocne,D
36009342,"COOP Jednota Brezno, spotrebné družstvo",Brezno,Brezno,Banskobystrický,48.805335,19.640961,Retail a distribúcia potravín,Spotrebné družstvo (predajne),retail_mliecne,Mliečne výrobky po dátume minimálnej trvanlivosti,20 01 08,odpad,celorocne,D
36009342,"COOP Jednota Brezno, spotrebné družstvo",Brezno,Brezno,Banskobystrický,48.805335,19.640961,Retail a distribúcia potravín,Spotrebné družstvo (predajne),retail_maso_zvysky,Mäsové a údenárske výrobky po dátume spotreby,02 02 03,odpad,celorocne,D
36009342,"COOP Jednota Brezno, spotrebné družstvo",Brezno,Brezno,Banskobystrický,48.805335,19.640961,Retail a distribúcia potravín,Spotrebné družstvo (predajne),retail_zmesovy,Zmesový potravinový odpad z predajne,20 01 08,odpad,celorocne,D
36012815,"COOP Jednota Trstená, spotrebné družstvo",Trstená,Tvrdošín,Žilinský,49.363892,19.615641,Retail a distribúcia potravín,Spotrebné družstvo (predajne),retail_ovocie_zelenina,Neupredané ovocie a zelenina z predajní,20 01 08,odpad,celorocne,D
36012815,"COOP Jednota Trstená, spotrebné družstvo",Trstená,Tvrdošín,Žilinský,49.363892,19.615641,Retail a distribúcia potravín,Spotrebné družstvo (predajne),retail_pecivo,Neupredané pečivo a pekárske výrobky,02 06 01,vedlajsi_produkt,celorocne,D
36012815,"COOP Jednota Trstená, spotrebné družstvo",Trstená,Tvrdošín,Žilinský,49.363892,19.615641,Retail a distribúcia potravín,Spotrebné družstvo (predajne),retail_mliecne,Mliečne výrobky po dátume minimálnej trvanlivosti,20 01 08,odpad,celorocne,D
36012815,"COOP Jednota Trstená, spotrebné družstvo",Trstená,Tvrdošín,Žilinský,49.363892,19.615641,Retail a distribúcia potravín,Spotrebné družstvo (predajne),retail_maso_zvysky,Mäsové a údenárske výrobky po dátume spotreby,02 02 03,odpad,celorocne,D
36012815,"COOP Jednota Trstená, spotrebné družstvo",Trstená,Tvrdošín,Žilinský,49.363892,19.615641,Retail a distribúcia potravín,Spotrebné družstvo (predajne),retail_zmesovy,Zmesový potravinový odpad z predajne,20 01 08,odpad,celorocne,D
36014508,"OVISFARMA SK, s. r. o.",Považská Bystrica,Považská Bystrica,Trenčiansky,49.114507,18.447319,Poľnohospodárstvo a chov,Živočíšna farma,hnoj_hovadzi,Maštaľný hnoj hovädzí,02 01 06,odpad,celorocne,D
36014508,"OVISFARMA SK, s. r. o.",Považská Bystrica,Považská Bystrica,Trenčiansky,49.114507,18.447319,Poľnohospodárstvo a chov,Živočíšna farma,hnojovica_osipane,Hnojovica ošípaných,02 01 06,odpad,celorocne,D
36014508,"OVISFARMA SK, s. r. o.",Považská Bystrica,Považská Bystrica,Trenčiansky,49.114507,18.447319,Poľnohospodárstvo a chov,Živočíšna farma,ovciarsky_hnoj,Ovčí a kozí hnoj,02 01 06,odpad,celorocne,D
36014508,"OVISFARMA SK, s. r. o.",Považská Bystrica,Považská Bystrica,Trenčiansky,49.114507,18.447319,Poľnohospodárstvo a chov,Živočíšna farma,travna_hmota_ttp,Trávna hmota z lúk a TTP,02 01 03,vedlajsi_produkt,sezonne_leto,D
36014508,"OVISFARMA SK, s. r. o.",Považská Bystrica,Považská Bystrica,Trenčiansky,49.114507,18.447319,Poľnohospodárstvo a chov,Živočíšna farma,kadavery,Uhynuté zvieratá (kadávery),02 01 02,odpad,celorocne,D
36036102,"SPOL AGRO POČÚVADLO, s.r.o.",Levice,Levice,Nitriansky,48.216667,18.6,Poľnohospodárstvo a chov,Poľnohospodársky podnik,slama_obilna,Obilná slama,02 01 03,vedlajsi_produkt,sezonne_leto,D
36036102,"SPOL AGRO POČÚVADLO, s.r.o.",Levice,Levice,Nitriansky,48.216667,18.6,Poľnohospodárstvo a chov,Poľnohospodársky podnik,kukuricne_korovie,Kukuričné kôrovie a stonky,02 01 03,vedlajsi_produkt,sezonne_jesen,D
36036102,"SPOL AGRO POČÚVADLO, s.r.o.",Levice,Levice,Nitriansky,48.216667,18.6,Poľnohospodárstvo a chov,Poľnohospodársky podnik,repkova_slama,Repková slama,02 01 03,vedlajsi_produkt,sezonne_leto,D
36036102,"SPOL AGRO POČÚVADLO, s.r.o.",Levice,Levice,Nitriansky,48.216667,18.6,Poľnohospodárstvo a chov,Poľnohospodársky podnik,odpad_cistenie_zrna,Odpad z čistenia a sušenia obilia,02 01 03,vedlajsi_produkt,sezonne_leto,D
36036102,"SPOL AGRO POČÚVADLO, s.r.o.",Levice,Levice,Nitriansky,48.216667,18.6,Poľnohospodárstvo a chov,Poľnohospodársky podnik,travna_hmota_ttp,Trávna hmota z lúk a TTP,02 01 03,vedlajsi_produkt,sezonne_leto,D
36040690,"Bryndziareň a syráreň, s.r.o.",Zvolenská Slatina,Zvolen,Banskobystrický,48.560709,19.260067,Potravinárstvo a nápoje,Syráreň a bryndziareň,srvatka_sladka,Sladká srvátka,02 05 01,vedlajsi_produkt,celorocne,D
36040690,"Bryndziareň a syráreň, s.r.o.",Zvolenská Slatina,Zvolen,Banskobystrický,48.560709,19.260067,Potravinárstvo a nápoje,Syráreň a bryndziareň,srvatka_kysla,Kyslá srvátka,02 05 01,odpad,celorocne,D
36040690,"Bryndziareň a syráreň, s.r.o.",Zvolenská Slatina,Zvolen,Banskobystrický,48.560709,19.260067,Potravinárstvo a nápoje,Syráreň a bryndziareň,syrarska_srvatka_tuh,Tuhé zvyšky zo syrárskej výroby,02 05 01,vedlajsi_produkt,celorocne,D
36040690,"Bryndziareň a syráreň, s.r.o.",Zvolenská Slatina,Zvolen,Banskobystrický,48.560709,19.260067,Potravinárstvo a nápoje,Syráreň a bryndziareň,mliekarensky_kal,Kal z mliekarenskej ČOV,02 05 02,odpad,celorocne,D
36043702,HYDINÁREŇ TOMÁŠOVCE s.r.o.,Bratislava,Bratislava I,Bratislavský,48.153538,17.109671,Poľnohospodárstvo a chov,Hydinárska prevádzka,perie,Perie z hydinových bitúnkov,02 02 02,odpad,celorocne,D
36043702,HYDINÁREŇ TOMÁŠOVCE s.r.o.,Bratislava,Bratislava I,Bratislavský,48.153538,17.109671,Poľnohospodárstvo a chov,Hydinárska prevádzka,hydinovy_trus,Hydinový trus a podstielka,02 01 06,odpad,celorocne,D
36043702,HYDINÁREŇ TOMÁŠOVCE s.r.o.,Bratislava,Bratislava I,Bratislavský,48.153538,17.109671,Poľnohospodárstvo a chov,Hydinárska prevádzka,krv_bitunok,Krv z bitúnku,02 02 03,vedlajsi_produkt,celorocne,D
36043702,HYDINÁREŇ TOMÁŠOVCE s.r.o.,Bratislava,Bratislava I,Bratislavský,48.153538,17.109671,Poľnohospodárstvo a chov,Hydinárska prevádzka,kadavery,Uhynuté zvieratá (kadávery),02 01 02,odpad,celorocne,D
36043702,HYDINÁREŇ TOMÁŠOVCE s.r.o.,Bratislava,Bratislava I,Bratislavský,48.153538,17.109671,Poľnohospodárstvo a chov,Hydinárska prevádzka,zvp_kat3,Živočíšne vedľajšie produkty kategórie 3,02 02 02,vedlajsi_produkt,celorocne,D
36043702,HYDINÁREŇ TOMÁŠOVCE s.r.o.,Bratislava,Bratislava I,Bratislavský,48.153538,17.109671,Poľnohospodárstvo a chov,Hydinárska prevádzka,zvp_kat2,Živočíšne vedľajšie produkty kategórie 2,02 02 02,odpad,celorocne,D
36044041,"Pekáreň ALFEX, spol. s r. o.",Tisovec,Rimavská Sobota,Banskobystrický,48.681,19.942023,Potravinárstvo a nápoje,Pekáreň,pekarenske_zvysky,Pekárenské zvyšky,02 06 01,vedlajsi_produkt,celorocne,D
36044041,"Pekáreň ALFEX, spol. s r. o.",Tisovec,Rimavská Sobota,Banskobystrický,48.681,19.942023,Potravinárstvo a nápoje,Pekáreň,cestovinove_zvysky,Cestovinové a múčne zvyšky,02 06 01,vedlajsi_produkt,celorocne,D
36047716,"PEKÁREŇ, s.r.o.",Halič,Lučenec,Banskobystrický,48.354442,19.573333,Potravinárstvo a nápoje,Pekáreň,pekarenske_zvysky,Pekárenské zvyšky,02 06 01,vedlajsi_produkt,celorocne,D
36047716,"PEKÁREŇ, s.r.o.",Halič,Lučenec,Banskobystrický,48.354442,19.573333,Potravinárstvo a nápoje,Pekáreň,cestovinove_zvysky,Cestovinové a múčne zvyšky,02 06 01,vedlajsi_produkt,celorocne,D
36051691,Pivovar STEIGER a.s.,Vyhne,Žiar nad Hronom,Banskobystrický,48.505945,18.798587,Potravinárstvo a nápoje,Pivovar / minipivovar,pivovarske_mlato,Pivovarské mláto,02 07 01,vedlajsi_produkt,celorocne,D
36051691,Pivovar STEIGER a.s.,Vyhne,Žiar nad Hronom,Banskobystrický,48.505945,18.798587,Potravinárstvo a nápoje,Pivovar / minipivovar,pivovarske_kvasnice,Pivovarské kvasnice,02 07 05,vedlajsi_produkt,celorocne,D
36051691,Pivovar STEIGER a.s.,Vyhne,Žiar nad Hronom,Banskobystrický,48.505945,18.798587,Potravinárstvo a nápoje,Pivovar / minipivovar,chmelovy_mlat,Chmeľový mlát,02 07 01,odpad,celorocne,D
36051691,Pivovar STEIGER a.s.,Vyhne,Žiar nad Hronom,Banskobystrický,48.505945,18.798587,Potravinárstvo a nápoje,Pivovar / minipivovar,kremelinovy_kal,Kremelinový kal z filtrácie,02 07 05,odpad,celorocne,D
36056006,"Stredoslovenská vodárenská spoločnosť, a.s.",Banská Bystrica,Banská Bystrica,Banskobystrický,48.738539,19.156869,Komunálny a gastro bioodpad,Vodárenská spoločnosť (ČOV),cov_kal_komunalny,Kal z komunálnej ČOV,19 08 05,odpad,celorocne,D
36056006,"Stredoslovenská vodárenská spoločnosť, a.s.",Banská Bystrica,Banská Bystrica,Banskobystrický,48.738539,19.156869,Komunálny a gastro bioodpad,Vodárenská spoločnosť (ČOV),tuky_odlucovace,Tuky z odlučovačov,19 08 09,odpad,celorocne,D
36057029,Technické služby Detva s.r.o.,Detva,Detva,Banskobystrický,48.544384,19.411609,Komunálny a gastro bioodpad,Technické služby mesta / obce,travna_hmota_kosba,Trávna hmota z kosby verejnej zelene,20 02 01,odpad,sezonne_leto,D
36057029,Technické služby Detva s.r.o.,Detva,Detva,Banskobystrický,48.544384,19.411609,Komunálny a gastro bioodpad,Technické služby mesta / obce,konare_stiepka,Konáre a drevná štiepka z údržby zelene,20 02 01,odpad,sezonne_jar,D
36057029,Technické služby Detva s.r.o.,Detva,Detva,Banskobystrický,48.544384,19.411609,Komunálny a gastro bioodpad,Technické služby mesta / obce,listie,Lístie z verejnej zelene,20 02 01,odpad,sezonne_jesen,D
36057029,Technické služby Detva s.r.o.,Detva,Detva,Banskobystrický,48.544384,19.411609,Komunálny a gastro bioodpad,Technické služby mesta / obce,bro_zahrady,Biologicky rozložiteľný odpad zo záhrad,20 02 01,odpad,sezonne_leto,D
36057029,Technické služby Detva s.r.o.,Detva,Detva,Banskobystrický,48.544384,19.411609,Komunálny a gastro bioodpad,Technické služby mesta / obce,odpad_trhoviska,Odpad z trhovísk,20 03 02,odpad,sezonne_leto,D
36063959,"Základná škola Albína Brunovského, Obchodná ulica 7, Zohor",Zohor,Malacky,Bratislavský,48.317496,16.982457,Gastro a stravovacie zariadenia,Základná škola,skolsky_kuchynsky_odpad,Kuchynský odpad zo školských jedální,20 01 08,odpad,celorocne,D
36063959,"Základná škola Albína Brunovského, Obchodná ulica 7, Zohor",Zohor,Malacky,Bratislavský,48.317496,16.982457,Gastro a stravovacie zariadenia,Základná škola,zvysky_z_taniera,Zvyšky z taniera,20 01 08,odpad,celorocne,D
36063959,"Základná škola Albína Brunovského, Obchodná ulica 7, Zohor",Zohor,Malacky,Bratislavský,48.317496,16.982457,Gastro a stravovacie zariadenia,Základná škola,gastro_kavova_sedlina,Kávová sedlina z gastroprevádzok,20 01 08,odpad,celorocne,D
36063959,"Základná škola Albína Brunovského, Obchodná ulica 7, Zohor",Zohor,Malacky,Bratislavský,48.317496,16.982457,Gastro a stravovacie zariadenia,Základná škola,bro_zahrady,Biologicky rozložiteľný odpad zo záhrad,20 02 01,odpad,sezonne_leto,D
36077739,"Špecializovaná nemocnica pre ortopedickú protetiku Bratislava, n.o.",Bratislava - mestská časť Ružinov,Bratislava II,Bratislavský,48.149645,17.164279,Gastro a stravovacie zariadenia,Nemocnica,nemocnicny_kuchynsky_odpad,Kuchynský odpad zo zdravotníckych a sociálnych zariadení,20 01 08,odpad,celorocne,D
36077739,"Špecializovaná nemocnica pre ortopedickú protetiku Bratislava, n.o.",Bratislava - mestská časť Ružinov,Bratislava II,Bratislavský,48.149645,17.164279,Gastro a stravovacie zariadenia,Nemocnica,zvysky_z_taniera,Zvyšky z taniera,20 01 08,odpad,celorocne,D
36077739,"Špecializovaná nemocnica pre ortopedickú protetiku Bratislava, n.o.",Bratislava - mestská časť Ružinov,Bratislava II,Bratislavský,48.149645,17.164279,Gastro a stravovacie zariadenia,Nemocnica,gastro_fritovaci_olej,Použitý fritovací olej z gastroprevádzok,20 01 25,odpad,celorocne,D
36083895,Nemocnica Piešťany n.f.,Piešťany,Piešťany,Trnavský,48.589897,17.821604,Gastro a stravovacie zariadenia,Nemocnica,nemocnicny_kuchynsky_odpad,Kuchynský odpad zo zdravotníckych a sociálnych zariadení,20 01 08,odpad,celorocne,D
36083895,Nemocnica Piešťany n.f.,Piešťany,Piešťany,Trnavský,48.589897,17.821604,Gastro a stravovacie zariadenia,Nemocnica,zvysky_z_taniera,Zvyšky z taniera,20 01 08,odpad,celorocne,D
36083895,Nemocnica Piešťany n.f.,Piešťany,Piešťany,Trnavský,48.589897,17.821604,Gastro a stravovacie zariadenia,Nemocnica,gastro_fritovaci_olej,Použitý fritovací olej z gastroprevádzok,20 01 25,odpad,celorocne,D
36084166,Domov Klas n.o.,Vrbové,Piešťany,Trnavský,48.619531,17.723876,Gastro a stravovacie zariadenia,Zariadenie sociálnych služieb,nemocnicny_kuchynsky_odpad,Kuchynský odpad zo zdravotníckych a sociálnych zariadení,20 01 08,odpad,celorocne,D
36084166,Domov Klas n.o.,Vrbové,Piešťany,Trnavský,48.619531,17.723876,Gastro a stravovacie zariadenia,Zariadenie sociálnych služieb,zvysky_z_taniera,Zvyšky z taniera,20 01 08,odpad,celorocne,D
36084166,Domov Klas n.o.,Vrbové,Piešťany,Trnavský,48.619531,17.723876,Gastro a stravovacie zariadenia,Zariadenie sociálnych služieb,bro_zahrady,Biologicky rozložiteľný odpad zo záhrad,20 02 01,odpad,sezonne_leto,D
36090212,"Základná škola s materskou školou, Osloboditeľov 9, Červeník",Červeník,Hlohovec,Trnavský,48.458044,17.75582,Gastro a stravovacie zariadenia,Základná škola,skolsky_kuchynsky_odpad,Kuchynský odpad zo školských jedální,20 01 08,odpad,celorocne,D
36090212,"Základná škola s materskou školou, Osloboditeľov 9, Červeník",Červeník,Hlohovec,Trnavský,48.458044,17.75582,Gastro a stravovacie zariadenia,Základná škola,zvysky_z_taniera,Zvyšky z taniera,20 01 08,odpad,celorocne,D
36090212,"Základná škola s materskou školou, Osloboditeľov 9, Červeník",Červeník,Hlohovec,Trnavský,48.458044,17.75582,Gastro a stravovacie zariadenia,Základná škola,gastro_kavova_sedlina,Kávová sedlina z gastroprevádzok,20 01 08,odpad,celorocne,D
36090212,"Základná škola s materskou školou, Osloboditeľov 9, Červeník",Červeník,Hlohovec,Trnavský,48.458044,17.75582,Gastro a stravovacie zariadenia,Základná škola,bro_zahrady,Biologicky rozložiteľný odpad zo záhrad,20 02 01,odpad,sezonne_leto,D
36090361,"Základná škola s materskou školou s VJM, Tomášikovo 4",Tomášikovo,Galanta,Trnavský,48.079033,17.694329,Gastro a stravovacie zariadenia,Základná škola,skolsky_kuchynsky_odpad,Kuchynský odpad zo školských jedální,20 01 08,odpad,celorocne,D
36090361,"Základná škola s materskou školou s VJM, Tomášikovo 4",Tomášikovo,Galanta,Trnavský,48.079033,17.694329,Gastro a stravovacie zariadenia,Základná škola,zvysky_z_taniera,Zvyšky z taniera,20 01 08,odpad,celorocne,D
36090361,"Základná škola s materskou školou s VJM, Tomášikovo 4",Tomášikovo,Galanta,Trnavský,48.079033,17.694329,Gastro a stravovacie zariadenia,Základná škola,gastro_kavova_sedlina,Kávová sedlina z gastroprevádzok,20 01 08,odpad,celorocne,D
36090361,"Základná škola s materskou školou s VJM, Tomášikovo 4",Tomášikovo,Galanta,Trnavský,48.079033,17.694329,Gastro a stravovacie zariadenia,Základná škola,bro_zahrady,Biologicky rozložiteľný odpad zo záhrad,20 02 01,odpad,sezonne_leto,D
36092479,Gymnázium Jána Baltazára Magina,Vrbové,Piešťany,Trnavský,48.619531,17.723876,Gastro a stravovacie zariadenia,Stredná škola,skolsky_kuchynsky_odpad,Kuchynský odpad zo školských jedální,20 01 08,odpad,celorocne,D
36092479,Gymnázium Jána Baltazára Magina,Vrbové,Piešťany,Trnavský,48.619531,17.723876,Gastro a stravovacie zariadenia,Stredná škola,zvysky_z_taniera,Zvyšky z taniera,20 01 08,odpad,celorocne,D
36092479,Gymnázium Jána Baltazára Magina,Vrbové,Piešťany,Trnavský,48.619531,17.723876,Gastro a stravovacie zariadenia,Stredná škola,gastro_fritovaci_olej,Použitý fritovací olej z gastroprevádzok,20 01 25,odpad,celorocne,D
36092479,Gymnázium Jána Baltazára Magina,Vrbové,Piešťany,Trnavský,48.619531,17.723876,Gastro a stravovacie zariadenia,Stredná škola,bro_zahrady,Biologicky rozložiteľný odpad zo záhrad,20 02 01,odpad,sezonne_leto,D
36094218,"Základná škola s materskou školou Sándora Petőfiho s VJM, Richterova 1171, Sládkovičovo",Sládkovičovo,Galanta,Trnavský,48.208208,17.644866,Gastro a stravovacie zariadenia,Základná škola,skolsky_kuchynsky_odpad,Kuchynský odpad zo školských jedální,20 01 08,odpad,celorocne,D
36094218,"Základná škola s materskou školou Sándora Petőfiho s VJM, Richterova 1171, Sládkovičovo",Sládkovičovo,Galanta,Trnavský,48.208208,17.644866,Gastro a stravovacie zariadenia,Základná škola,zvysky_z_taniera,Zvyšky z taniera,20 01 08,odpad,celorocne,D
36094218,"Základná škola s materskou školou Sándora Petőfiho s VJM, Richterova 1171, Sládkovičovo",Sládkovičovo,Galanta,Trnavský,48.208208,17.644866,Gastro a stravovacie zariadenia,Základná škola,gastro_kavova_sedlina,Kávová sedlina z gastroprevádzok,20 01 08,odpad,celorocne,D
36094218,"Základná škola s materskou školou Sándora Petőfiho s VJM, Richterova 1171, Sládkovičovo",Sládkovičovo,Galanta,Trnavský,48.208208,17.644866,Gastro a stravovacie zariadenia,Základná škola,bro_zahrady,Biologicky rozložiteľný odpad zo záhrad,20 02 01,odpad,sezonne_leto,D
36094234,"Spojená škola, Školská 1087, Sládkovičovo",Sládkovičovo,Galanta,Trnavský,48.208208,17.644866,Gastro a stravovacie zariadenia,Stredná škola,skolsky_kuchynsky_odpad,Kuchynský odpad zo školských jedální,20 01 08,odpad,celorocne,D
36094234,"Spojená škola, Školská 1087, Sládkovičovo",Sládkovičovo,Galanta,Trnavský,48.208208,17.644866,Gastro a stravovacie zariadenia,Stredná škola,zvysky_z_taniera,Zvyšky z taniera,20 01 08,odpad,celorocne,D
36094234,"Spojená škola, Školská 1087, Sládkovičovo",Sládkovičovo,Galanta,Trnavský,48.208208,17.644866,Gastro a stravovacie zariadenia,Stredná škola,gastro_fritovaci_olej,Použitý fritovací olej z gastroprevádzok,20 01 25,odpad,celorocne,D
36094234,"Spojená škola, Školská 1087, Sládkovičovo",Sládkovičovo,Galanta,Trnavský,48.208208,17.644866,Gastro a stravovacie zariadenia,Stredná škola,bro_zahrady,Biologicky rozložiteľný odpad zo záhrad,20 02 01,odpad,sezonne_leto,D
36096971,"Domov sociálnych služieb ""Dúha"" Svätý Peter, n.o.",Svätý Peter,Komárno,Nitriansky,47.846468,18.262893,Gastro a stravovacie zariadenia,Zariadenie sociálnych služieb,nemocnicny_kuchynsky_odpad,Kuchynský odpad zo zdravotníckych a sociálnych zariadení,20 01 08,odpad,celorocne,D
36096971,"Domov sociálnych služieb ""Dúha"" Svätý Peter, n.o.",Svätý Peter,Komárno,Nitriansky,47.846468,18.262893,Gastro a stravovacie zariadenia,Zariadenie sociálnych služieb,zvysky_z_taniera,Zvyšky z taniera,20 01 08,odpad,celorocne,D
36096971,"Domov sociálnych služieb ""Dúha"" Svätý Peter, n.o.",Svätý Peter,Komárno,Nitriansky,47.846468,18.262893,Gastro a stravovacie zariadenia,Zariadenie sociálnych služieb,bro_zahrady,Biologicky rozložiteľný odpad zo záhrad,20 02 01,odpad,sezonne_leto,D
36119385,"Nemocnica s poliklinikou Ilava, n. o.",Ilava,Ilava,Trenčiansky,49.0,18.233333,Gastro a stravovacie zariadenia,Nemocnica,nemocnicny_kuchynsky_odpad,Kuchynský odpad zo zdravotníckych a sociálnych zariadení,20 01 08,odpad,celorocne,D
36119385,"Nemocnica s poliklinikou Ilava, n. o.",Ilava,Ilava,Trenčiansky,49.0,18.233333,Gastro a stravovacie zariadenia,Nemocnica,zvysky_z_taniera,Zvyšky z taniera,20 01 08,odpad,celorocne,D
36119385,"Nemocnica s poliklinikou Ilava, n. o.",Ilava,Ilava,Trenčiansky,49.0,18.233333,Gastro a stravovacie zariadenia,Nemocnica,gastro_fritovaci_olej,Použitý fritovací olej z gastroprevádzok,20 01 25,odpad,celorocne,D
36125784,"Základná škola s materskou školou, Slovanská 330/23, Púchov",Púchov,Púchov,Trenčiansky,49.123992,18.324242,Gastro a stravovacie zariadenia,Základná škola,skolsky_kuchynsky_odpad,Kuchynský odpad zo školských jedální,20 01 08,odpad,celorocne,D
36125784,"Základná škola s materskou školou, Slovanská 330/23, Púchov",Púchov,Púchov,Trenčiansky,49.123992,18.324242,Gastro a stravovacie zariadenia,Základná škola,zvysky_z_taniera,Zvyšky z taniera,20 01 08,odpad,celorocne,D
36125784,"Základná škola s materskou školou, Slovanská 330/23, Púchov",Púchov,Púchov,Trenčiansky,49.123992,18.324242,Gastro a stravovacie zariadenia,Základná škola,gastro_kavova_sedlina,Kávová sedlina z gastroprevádzok,20 01 08,odpad,celorocne,D
36125784,"Základná škola s materskou školou, Slovanská 330/23, Púchov",Púchov,Púchov,Trenčiansky,49.123992,18.324242,Gastro a stravovacie zariadenia,Základná škola,bro_zahrady,Biologicky rozložiteľný odpad zo záhrad,20 02 01,odpad,sezonne_leto,D
36125938,"Základná škola s materskou školou Václava Mitúcha, Školská 368/2, Horné Srnie",Horné Srnie,Trenčín,Trenčiansky,48.983333,18.1,Gastro a stravovacie zariadenia,Základná škola,skolsky_kuchynsky_odpad,Kuchynský odpad zo školských jedální,20 01 08,odpad,celorocne,D
36125938,"Základná škola s materskou školou Václava Mitúcha, Školská 368/2, Horné Srnie",Horné Srnie,Trenčín,Trenčiansky,48.983333,18.1,Gastro a stravovacie zariadenia,Základná škola,zvysky_z_taniera,Zvyšky z taniera,20 01 08,odpad,celorocne,D
36125938,"Základná škola s materskou školou Václava Mitúcha, Školská 368/2, Horné Srnie",Horné Srnie,Trenčín,Trenčiansky,48.983333,18.1,Gastro a stravovacie zariadenia,Základná škola,gastro_kavova_sedlina,Kávová sedlina z gastroprevádzok,20 01 08,odpad,celorocne,D
36125938,"Základná škola s materskou školou Václava Mitúcha, Školská 368/2, Horné Srnie",Horné Srnie,Trenčín,Trenčiansky,48.983333,18.1,Gastro a stravovacie zariadenia,Základná škola,bro_zahrady,Biologicky rozložiteľný odpad zo záhrad,20 02 01,odpad,sezonne_leto,D
36129470,"Materská škola, Poľovnícka 12, Nové Mesto nad Váhom",Nové Mesto nad Váhom,Nové Mesto nad Váhom,Trenčiansky,48.763325,17.830386,Gastro a stravovacie zariadenia,Materská škola,skolsky_kuchynsky_odpad,Kuchynský odpad zo školských jedální,20 01 08,odpad,celorocne,D
36129470,"Materská škola, Poľovnícka 12, Nové Mesto nad Váhom",Nové Mesto nad Váhom,Nové Mesto nad Váhom,Trenčiansky,48.763325,17.830386,Gastro a stravovacie zariadenia,Materská škola,zvysky_z_taniera,Zvyšky z taniera,20 01 08,odpad,celorocne,D
36129470,"Materská škola, Poľovnícka 12, Nové Mesto nad Váhom",Nové Mesto nad Váhom,Nové Mesto nad Váhom,Trenčiansky,48.763325,17.830386,Gastro a stravovacie zariadenia,Materská škola,bro_zahrady,Biologicky rozložiteľný odpad zo záhrad,20 02 01,odpad,sezonne_leto,D
36129682,"Materská škola, Chmelinec 1411/6, Púchov",Púchov,Púchov,Trenčiansky,49.123992,18.324242,Gastro a stravovacie zariadenia,Materská škola,skolsky_kuchynsky_odpad,Kuchynský odpad zo školských jedální,20 01 08,odpad,celorocne,D
36129682,"Materská škola, Chmelinec 1411/6, Púchov",Púchov,Púchov,Trenčiansky,49.123992,18.324242,Gastro a stravovacie zariadenia,Materská škola,zvysky_z_taniera,Zvyšky z taniera,20 01 08,odpad,celorocne,D
36129682,"Materská škola, Chmelinec 1411/6, Púchov",Púchov,Púchov,Trenčiansky,49.123992,18.324242,Gastro a stravovacie zariadenia,Materská škola,bro_zahrady,Biologicky rozložiteľný odpad zo záhrad,20 02 01,odpad,sezonne_leto,D
36129691,"Materská škola, Mládežnícka 1438/13, Púchov",Púchov,Púchov,Trenčiansky,49.123992,18.324242,Gastro a stravovacie zariadenia,Materská škola,skolsky_kuchynsky_odpad,Kuchynský odpad zo školských jedální,20 01 08,odpad,celorocne,D
36129691,"Materská škola, Mládežnícka 1438/13, Púchov",Púchov,Púchov,Trenčiansky,49.123992,18.324242,Gastro a stravovacie zariadenia,Materská škola,zvysky_z_taniera,Zvyšky z taniera,20 01 08,odpad,celorocne,D
36129691,"Materská škola, Mládežnícka 1438/13, Púchov",Púchov,Púchov,Trenčiansky,49.123992,18.324242,Gastro a stravovacie zariadenia,Materská škola,bro_zahrady,Biologicky rozložiteľný odpad zo záhrad,20 02 01,odpad,sezonne_leto,D
36129712,"Materská škola, Ľ. Štúra 5/5, Beluša",Beluša,Púchov,Trenčiansky,49.066667,18.333333,Gastro a stravovacie zariadenia,Materská škola,skolsky_kuchynsky_odpad,Kuchynský odpad zo školských jedální,20 01 08,odpad,celorocne,D
36129712,"Materská škola, Ľ. Štúra 5/5, Beluša",Beluša,Púchov,Trenčiansky,49.066667,18.333333,Gastro a stravovacie zariadenia,Materská škola,zvysky_z_taniera,Zvyšky z taniera,20 01 08,odpad,celorocne,D
36129712,"Materská škola, Ľ. Štúra 5/5, Beluša",Beluša,Púchov,Trenčiansky,49.066667,18.333333,Gastro a stravovacie zariadenia,Materská škola,bro_zahrady,Biologicky rozložiteľný odpad zo záhrad,20 02 01,odpad,sezonne_leto,D
36130974,"Materská škola, Požiarna 1292/11, Púchov",Púchov,Púchov,Trenčiansky,49.123992,18.324242,Gastro a stravovacie zariadenia,Materská škola,skolsky_kuchynsky_odpad,Kuchynský odpad zo školských jedální,20 01 08,odpad,celorocne,D
36130974,"Materská škola, Požiarna 1292/11, Púchov",Púchov,Púchov,Trenčiansky,49.123992,18.324242,Gastro a stravovacie zariadenia,Materská škola,zvysky_z_taniera,Zvyšky z taniera,20 01 08,odpad,celorocne,D
36130974,"Materská škola, Požiarna 1292/11, Púchov",Púchov,Púchov,Trenčiansky,49.123992,18.324242,Gastro a stravovacie zariadenia,Materská škola,bro_zahrady,Biologicky rozložiteľný odpad zo záhrad,20 02 01,odpad,sezonne_leto,D
36137430,Súkromná stredná odborná škola Pro scholaris,Žilina,Žilina,Žilinský,49.223464,18.739498,Gastro a stravovacie zariadenia,Stredná škola,skolsky_kuchynsky_odpad,Kuchynský odpad zo školských jedální,20 01 08,odpad,celorocne,D
36137430,Súkromná stredná odborná škola Pro scholaris,Žilina,Žilina,Žilinský,49.223464,18.739498,Gastro a stravovacie zariadenia,Stredná škola,zvysky_z_taniera,Zvyšky z taniera,20 01 08,odpad,celorocne,D
36137430,Súkromná stredná odborná škola Pro scholaris,Žilina,Žilina,Žilinský,49.223464,18.739498,Gastro a stravovacie zariadenia,Stredná škola,gastro_fritovaci_olej,Použitý fritovací olej z gastroprevádzok,20 01 25,odpad,celorocne,D
36137430,Súkromná stredná odborná škola Pro scholaris,Žilina,Žilina,Žilinský,49.223464,18.739498,Gastro a stravovacie zariadenia,Stredná škola,bro_zahrady,Biologicky rozložiteľný odpad zo záhrad,20 02 01,odpad,sezonne_leto,D
36158950,"Základná škola, Školská 7/6, Toporec",Toporec,Kežmarok,Prešovský,49.266667,20.5,Gastro a stravovacie zariadenia,Základná škola,skolsky_kuchynsky_odpad,Kuchynský odpad zo školských jedální,20 01 08,odpad,celorocne,D
36158950,"Základná škola, Školská 7/6, Toporec",Toporec,Kežmarok,Prešovský,49.266667,20.5,Gastro a stravovacie zariadenia,Základná škola,zvysky_z_taniera,Zvyšky z taniera,20 01 08,odpad,celorocne,D
36158950,"Základná škola, Školská 7/6, Toporec",Toporec,Kežmarok,Prešovský,49.266667,20.5,Gastro a stravovacie zariadenia,Základná škola,gastro_kavova_sedlina,Kávová sedlina z gastroprevádzok,20 01 08,odpad,celorocne,D
36158950,"Základná škola, Školská 7/6, Toporec",Toporec,Kežmarok,Prešovský,49.266667,20.5,Gastro a stravovacie zariadenia,Základná škola,bro_zahrady,Biologicky rozložiteľný odpad zo záhrad,20 02 01,odpad,sezonne_leto,D
36167878,"RADOSŤ, n. o. - CENTRUM SOCIÁLNYCH SLUŽIEB",Výrava,Medzilaborce,Prešovský,49.192976,22.004666,Gastro a stravovacie zariadenia,Zariadenie sociálnych služieb,nemocnicny_kuchynsky_odpad,Kuchynský odpad zo zdravotníckych a sociálnych zariadení,20 01 08,odpad,celorocne,D
36167878,"RADOSŤ, n. o. - CENTRUM SOCIÁLNYCH SLUŽIEB",Výrava,Medzilaborce,Prešovský,49.192976,22.004666,Gastro a stravovacie zariadenia,Zariadenie sociálnych služieb,zvysky_z_taniera,Zvyšky z taniera,20 01 08,odpad,celorocne,D
36167878,"RADOSŤ, n. o. - CENTRUM SOCIÁLNYCH SLUŽIEB",Výrava,Medzilaborce,Prešovský,49.192976,22.004666,Gastro a stravovacie zariadenia,Zariadenie sociálnych služieb,bro_zahrady,Biologicky rozložiteľný odpad zo záhrad,20 02 01,odpad,sezonne_leto,D
36168165,Fakultná nemocnica AGEL Košice-Šaca a. s.,Košice,Košice I,Košický,48.717227,21.249677,Gastro a stravovacie zariadenia,Nemocnica,nemocnicny_kuchynsky_odpad,Kuchynský odpad zo zdravotníckych a sociálnych zariadení,20 01 08,odpad,celorocne,D
36168165,Fakultná nemocnica AGEL Košice-Šaca a. s.,Košice,Košice I,Košický,48.717227,21.249677,Gastro a stravovacie zariadenia,Nemocnica,zvysky_z_taniera,Zvyšky z taniera,20 01 08,odpad,celorocne,D
36168165,Fakultná nemocnica AGEL Košice-Šaca a. s.,Košice,Košice I,Košický,48.717227,21.249677,Gastro a stravovacie zariadenia,Nemocnica,gastro_fritovaci_olej,Použitý fritovací olej z gastroprevádzok,20 01 25,odpad,celorocne,D
36173037,"Mestské lesy Rožňava, s.r.o.",Rožňava,Rožňava,Košický,48.654392,20.531184,"Drevo, lesníctvo a ostatné",Mestské lesy,lesna_stiepka,Lesná štiepka a haluzina,02 01 07,vedlajsi_produkt,celorocne,D
36173037,"Mestské lesy Rožňava, s.r.o.",Rožňava,Rožňava,Košický,48.654392,20.531184,"Drevo, lesníctvo a ostatné",Mestské lesy,kora,Odpadová kôra,03 01 01,vedlajsi_produkt,celorocne,D
36173037,"Mestské lesy Rožňava, s.r.o.",Rožňava,Rožňava,Košický,48.654392,20.531184,"Drevo, lesníctvo a ostatné",Mestské lesy,odrezky_dreva,Odrezky a drevný odpad,03 01 05,vedlajsi_produkt,celorocne,D
36173037,"Mestské lesy Rožňava, s.r.o.",Rožňava,Rožňava,Košický,48.654392,20.531184,"Drevo, lesníctvo a ostatné",Mestské lesy,konare_stiepka,Konáre a drevná štiepka z údržby zelene,20 02 01,odpad,sezonne_jar,D
36182672,Nemocnica AGEL Krompachy s.r.o.,Krompachy,Spišská Nová Ves,Košický,48.917127,20.873055,Gastro a stravovacie zariadenia,Nemocnica,nemocnicny_kuchynsky_odpad,Kuchynský odpad zo zdravotníckych a sociálnych zariadení,20 01 08,odpad,celorocne,D
36182672,Nemocnica AGEL Krompachy s.r.o.,Krompachy,Spišská Nová Ves,Košický,48.917127,20.873055,Gastro a stravovacie zariadenia,Nemocnica,zvysky_z_taniera,Zvyšky z taniera,20 01 08,odpad,celorocne,D
36182672,Nemocnica AGEL Krompachy s.r.o.,Krompachy,Spišská Nová Ves,Košický,48.917127,20.873055,Gastro a stravovacie zariadenia,Nemocnica,gastro_fritovaci_olej,Použitý fritovací olej z gastroprevádzok,20 01 25,odpad,celorocne,D
36184187,"SLADOVŇA, a.s. Michalovce",Michalovce,Michalovce,Košický,48.75,21.933333,Potravinárstvo a nápoje,Sladovňa,sladovy_klicok,Sladový klíčok,02 07 01,krmna_surovina,celorocne,D
36184187,"SLADOVŇA, a.s. Michalovce",Michalovce,Michalovce,Košický,48.75,21.933333,Potravinárstvo a nápoje,Sladovňa,sladovy_prach,Sladový prach a plevy,02 07 01,vedlajsi_produkt,celorocne,D
36196479,REŠTAURÁCIA ŠPORT - KANI s.r.o,Košice - mestská časť Staré Mesto,Bratislava I,Bratislavský,48.140553,17.112478,Gastro a stravovacie zariadenia,Reštaurácia,gastro_kuchynsky_odpad,Kuchynský odpad z reštaurácií a hotelov,20 01 08,odpad,celorocne,D
36196479,REŠTAURÁCIA ŠPORT - KANI s.r.o,Košice - mestská časť Staré Mesto,Bratislava I,Bratislavský,48.140553,17.112478,Gastro a stravovacie zariadenia,Reštaurácia,zvysky_z_taniera,Zvyšky z taniera,20 01 08,odpad,celorocne,D
36196479,REŠTAURÁCIA ŠPORT - KANI s.r.o,Košice - mestská časť Staré Mesto,Bratislava I,Bratislavský,48.140553,17.112478,Gastro a stravovacie zariadenia,Reštaurácia,gastro_fritovaci_olej,Použitý fritovací olej z gastroprevádzok,20 01 25,odpad,celorocne,D
36196479,REŠTAURÁCIA ŠPORT - KANI s.r.o,Košice - mestská časť Staré Mesto,Bratislava I,Bratislavský,48.140553,17.112478,Gastro a stravovacie zariadenia,Reštaurácia,gastro_kavova_sedlina,Kávová sedlina z gastroprevádzok,20 01 08,odpad,celorocne,D
36196479,REŠTAURÁCIA ŠPORT - KANI s.r.o,Košice - mestská časť Staré Mesto,Bratislava I,Bratislavský,48.140553,17.112478,Gastro a stravovacie zariadenia,Reštaurácia,tuky_odlucovace,Tuky z odlučovačov,19 08 09,odpad,celorocne,D
36200166,"SHP SLAVOŠOVCE, a.s.",Slavošovce,Rožňava,Košický,48.716667,20.283333,"Drevo, lesníctvo a ostatné",Papiereň a celulózka,papierensky_kal,Papierenský kal,03 03 11,odpad,celorocne,D
36200166,"SHP SLAVOŠOVCE, a.s.",Slavošovce,Rožňava,Košický,48.716667,20.283333,"Drevo, lesníctvo a ostatné",Papiereň a celulózka,vlaknity_vymet,Výmety z vlákien a plnív,03 03 10,odpad,celorocne,D
36200166,"SHP SLAVOŠOVCE, a.s.",Slavošovce,Rožňava,Košický,48.716667,20.283333,"Drevo, lesníctvo a ostatné",Papiereň a celulózka,kora,Odpadová kôra,03 01 01,vedlajsi_produkt,celorocne,D
36204374,ZELENINA s.r.o.,Michalovce,Michalovce,Košický,48.75,21.933333,Poľnohospodárstvo a chov,Zeleninárstvo,zeleninove_orezky,Orezky a nepodarky zeleniny,02 03 04,odpad,sezonne_leto,D
36204374,ZELENINA s.r.o.,Michalovce,Michalovce,Košický,48.75,21.933333,Poľnohospodárstvo a chov,Zeleninárstvo,kal_pranie_zeleniny,Kal z prania a lúpania zeleniny,02 03 01,odpad,sezonne_leto,D
36204374,ZELENINA s.r.o.,Michalovce,Michalovce,Košický,48.75,21.933333,Poľnohospodárstvo a chov,Zeleninárstvo,vnate_pozberove,Vňate a pozberové zvyšky zeleniny,02 01 03,odpad,sezonne_jesen,D
36204374,ZELENINA s.r.o.,Michalovce,Michalovce,Košický,48.75,21.933333,Poľnohospodárstvo a chov,Zeleninárstvo,zemiakove_supky,Zemiakové šupky a orezky,02 03 04,vedlajsi_produkt,celorocne,D
36213608,"ZEMPLÍNSKA ZELENINA, odbytové družstvo",Streda nad Bodrogom,Trebišov,Košický,48.366667,21.766667,Poľnohospodárstvo a chov,Zeleninárstvo,zeleninove_orezky,Orezky a nepodarky zeleniny,02 03 04,odpad,sezonne_leto,D
36213608,"ZEMPLÍNSKA ZELENINA, odbytové družstvo",Streda nad Bodrogom,Trebišov,Košický,48.366667,21.766667,Poľnohospodárstvo a chov,Zeleninárstvo,kal_pranie_zeleniny,Kal z prania a lúpania zeleniny,02 03 01,odpad,sezonne_leto,D
36213608,"ZEMPLÍNSKA ZELENINA, odbytové družstvo",Streda nad Bodrogom,Trebišov,Košický,48.366667,21.766667,Poľnohospodárstvo a chov,Zeleninárstvo,vnate_pozberove,Vňate a pozberové zvyšky zeleniny,02 01 03,odpad,sezonne_jesen,D
36213608,"ZEMPLÍNSKA ZELENINA, odbytové družstvo",Streda nad Bodrogom,Trebišov,Košický,48.366667,21.766667,Poľnohospodárstvo a chov,Zeleninárstvo,zemiakove_supky,Zemiakové šupky a orezky,02 03 04,vedlajsi_produkt,celorocne,D
36228443,"Technické služby Senica, a.s.",Senica,Senica,Trnavský,48.679121,17.364383,Komunálny a gastro bioodpad,Technické služby mesta / obce,travna_hmota_kosba,Trávna hmota z kosby verejnej zelene,20 02 01,odpad,sezonne_leto,D
36228443,"Technické služby Senica, a.s.",Senica,Senica,Trnavský,48.679121,17.364383,Komunálny a gastro bioodpad,Technické služby mesta / obce,konare_stiepka,Konáre a drevná štiepka z údržby zelene,20 02 01,odpad,sezonne_jar,D
36228443,"Technické služby Senica, a.s.",Senica,Senica,Trnavský,48.679121,17.364383,Komunálny a gastro bioodpad,Technické služby mesta / obce,listie,Lístie z verejnej zelene,20 02 01,odpad,sezonne_jesen,D
36228443,"Technické služby Senica, a.s.",Senica,Senica,Trnavský,48.679121,17.364383,Komunálny a gastro bioodpad,Technické služby mesta / obce,bro_zahrady,Biologicky rozložiteľný odpad zo záhrad,20 02 01,odpad,sezonne_leto,D
36228443,"Technické služby Senica, a.s.",Senica,Senica,Trnavský,48.679121,17.364383,Komunálny a gastro bioodpad,Technické služby mesta / obce,odpad_trhoviska,Odpad z trhovísk,20 03 02,odpad,sezonne_leto,D
36232751,"Vodárenská spoločnosť Sládkovičovo, spol. s r.o.",Sládkovičovo,Galanta,Trnavský,48.208208,17.644866,Komunálny a gastro bioodpad,Vodárenská spoločnosť (ČOV),cov_kal_komunalny,Kal z komunálnej ČOV,19 08 05,odpad,celorocne,D
36232751,"Vodárenská spoločnosť Sládkovičovo, spol. s r.o.",Sládkovičovo,Galanta,Trnavský,48.208208,17.644866,Komunálny a gastro bioodpad,Vodárenská spoločnosť (ČOV),tuky_odlucovace,Tuky z odlučovačov,19 08 09,odpad,celorocne,D
36232904,"LIEHOVAR KRYSTAL SEDÍN, s.r.o.",Bratislava,Bratislava I,Bratislavský,48.153538,17.109671,Potravinárstvo a nápoje,Liehovar a pálenica,vypalky,Liehovarnícke výpalky,02 07 02,vedlajsi_produkt,celorocne,D
36232904,"LIEHOVAR KRYSTAL SEDÍN, s.r.o.",Bratislava,Bratislava I,Bratislavský,48.153538,17.109671,Potravinárstvo a nápoje,Liehovar a pálenica,drozdiarske_zvysky,Zvyšky z výroby droždia,02 03 04,vedlajsi_produkt,celorocne,D
36241369,"Slovenské liehovary a likérky, a.s.",Leopoldov,Hlohovec,Trnavský,48.444113,17.765415,Potravinárstvo a nápoje,Liehovar a pálenica,vypalky,Liehovarnícke výpalky,02 07 02,vedlajsi_produkt,celorocne,D
36241369,"Slovenské liehovary a likérky, a.s.",Leopoldov,Hlohovec,Trnavský,48.444113,17.765415,Potravinárstvo a nápoje,Liehovar a pálenica,drozdiarske_zvysky,Zvyšky z výroby droždia,02 03 04,vedlajsi_produkt,celorocne,D
36249734,"PÍLA BREST, s.r.o.",Brestovany,Trnava,Trnavský,48.385557,17.690227,"Drevo, lesníctvo a ostatné",Píla a drevospracovanie,piliny,Piliny a hobliny,03 01 05,vedlajsi_produkt,celorocne,D
36249734,"PÍLA BREST, s.r.o.",Brestovany,Trnava,Trnavský,48.385557,17.690227,"Drevo, lesníctvo a ostatné",Píla a drevospracovanie,kora,Odpadová kôra,03 01 01,vedlajsi_produkt,celorocne,D
36249734,"PÍLA BREST, s.r.o.",Brestovany,Trnava,Trnavský,48.385557,17.690227,"Drevo, lesníctvo a ostatné",Píla a drevospracovanie,odrezky_dreva,Odrezky a drevný odpad,03 01 05,vedlajsi_produkt,celorocne,D
36252484,"Trnavská vodárenská spoločnosť, a.s.",Piešťany,Piešťany,Trnavský,48.589897,17.821604,Komunálny a gastro bioodpad,Vodárenská spoločnosť (ČOV),cov_kal_komunalny,Kal z komunálnej ČOV,19 08 05,odpad,celorocne,D
36252484,"Trnavská vodárenská spoločnosť, a.s.",Piešťany,Piešťany,Trnavský,48.589897,17.821604,Komunálny a gastro bioodpad,Vodárenská spoločnosť (ČOV),tuky_odlucovace,Tuky z odlučovačov,19 08 09,odpad,celorocne,D
36253774,"Sladovňa SESSLER, a.s.",Trnava,Trnava,Trnavský,48.37729,17.586718,Potravinárstvo a nápoje,Sladovňa,sladovy_klicok,Sladový klíčok,02 07 01,krmna_surovina,celorocne,D
36253774,"Sladovňa SESSLER, a.s.",Trnava,Trnava,Trnavský,48.37729,17.586718,Potravinárstvo a nápoje,Sladovňa,sladovy_prach,Sladový prach a plevy,02 07 01,vedlajsi_produkt,celorocne,D
36255556,"Vodárenská spoločnosť Hlohovec, s.r.o.",Hlohovec,Hlohovec,Trnavský,48.427951,17.798585,Komunálny a gastro bioodpad,Vodárenská spoločnosť (ČOV),cov_kal_komunalny,Kal z komunálnej ČOV,19 08 05,odpad,celorocne,D
36255556,"Vodárenská spoločnosť Hlohovec, s.r.o.",Hlohovec,Hlohovec,Trnavský,48.427951,17.798585,Komunálny a gastro bioodpad,Vodárenská spoločnosť (ČOV),tuky_odlucovace,Tuky z odlučovačov,19 08 09,odpad,celorocne,D
36262111,"VS Vinárstvo SOLDÁN, s.r.o.",Veľký Grob,Galanta,Trnavský,48.254044,17.497245,Potravinárstvo a nápoje,Vinárstvo,hroznove_vylisky,Hroznové výlisky (matolina),02 07 04,vedlajsi_produkt,sezonne_jesen,D
36262111,"VS Vinárstvo SOLDÁN, s.r.o.",Veľký Grob,Galanta,Trnavský,48.254044,17.497245,Potravinárstvo a nápoje,Vinárstvo,vinne_kaly,Vínne kaly,02 07 05,odpad,sezonne_jesen,D
36262111,"VS Vinárstvo SOLDÁN, s.r.o.",Veľký Grob,Galanta,Trnavský,48.254044,17.497245,Potravinárstvo a nápoje,Vinárstvo,hroznove_stopky,Hroznové stopky (strapiny),02 07 01,odpad,sezonne_jesen,D
36270628,"Píla Quercus, s.r.o.",Dechtice,Trnava,Trnavský,48.548052,17.595636,"Drevo, lesníctvo a ostatné",Píla a drevospracovanie,piliny,Piliny a hobliny,03 01 05,vedlajsi_produkt,celorocne,D
36270628,"Píla Quercus, s.r.o.",Dechtice,Trnava,Trnavský,48.548052,17.595636,"Drevo, lesníctvo a ostatné",Píla a drevospracovanie,kora,Odpadová kôra,03 01 01,vedlajsi_produkt,celorocne,D
36270628,"Píla Quercus, s.r.o.",Dechtice,Trnava,Trnavský,48.548052,17.595636,"Drevo, lesníctvo a ostatné",Píla a drevospracovanie,odrezky_dreva,Odrezky a drevný odpad,03 01 05,vedlajsi_produkt,celorocne,D
36274305,VINÁRSTVO LAMPART s.r.o.,Šenkvice,Pezinok,Bratislavský,48.299537,17.348321,Potravinárstvo a nápoje,Vinárstvo,hroznove_vylisky,Hroznové výlisky (matolina),02 07 04,vedlajsi_produkt,sezonne_jesen,D
36274305,VINÁRSTVO LAMPART s.r.o.,Šenkvice,Pezinok,Bratislavský,48.299537,17.348321,Potravinárstvo a nápoje,Vinárstvo,vinne_kaly,Vínne kaly,02 07 05,odpad,sezonne_jesen,D
36274305,VINÁRSTVO LAMPART s.r.o.,Šenkvice,Pezinok,Bratislavský,48.299537,17.348321,Potravinárstvo a nápoje,Vinárstvo,hroznove_stopky,Hroznové stopky (strapiny),02 07 01,odpad,sezonne_jesen,D
36276260,"REŠTAURÁCIA STOP, s.r.o.",Galanta,Galanta,Trnavský,48.191057,17.727778,Gastro a stravovacie zariadenia,Reštaurácia,gastro_kuchynsky_odpad,Kuchynský odpad z reštaurácií a hotelov,20 01 08,odpad,celorocne,D
36276260,"REŠTAURÁCIA STOP, s.r.o.",Galanta,Galanta,Trnavský,48.191057,17.727778,Gastro a stravovacie zariadenia,Reštaurácia,zvysky_z_taniera,Zvyšky z taniera,20 01 08,odpad,celorocne,D
36276260,"REŠTAURÁCIA STOP, s.r.o.",Galanta,Galanta,Trnavský,48.191057,17.727778,Gastro a stravovacie zariadenia,Reštaurácia,gastro_fritovaci_olej,Použitý fritovací olej z gastroprevádzok,20 01 25,odpad,celorocne,D
36276260,"REŠTAURÁCIA STOP, s.r.o.",Galanta,Galanta,Trnavský,48.191057,17.727778,Gastro a stravovacie zariadenia,Reštaurácia,gastro_kavova_sedlina,Kávová sedlina z gastroprevádzok,20 01 08,odpad,celorocne,D
36276260,"REŠTAURÁCIA STOP, s.r.o.",Galanta,Galanta,Trnavský,48.191057,17.727778,Gastro a stravovacie zariadenia,Reštaurácia,tuky_odlucovace,Tuky z odlučovačov,19 08 09,odpad,celorocne,D
36292141,"Hotel Guest Centre, spol. s r.o.",Štúrovo,Nové Zámky,Nitriansky,47.797831,18.71486,Gastro a stravovacie zariadenia,Hotel,gastro_kuchynsky_odpad,Kuchynský odpad z reštaurácií a hotelov,20 01 08,odpad,celorocne,D
36292141,"Hotel Guest Centre, spol. s r.o.",Štúrovo,Nové Zámky,Nitriansky,47.797831,18.71486,Gastro a stravovacie zariadenia,Hotel,zvysky_z_taniera,Zvyšky z taniera,20 01 08,odpad,celorocne,D
36292141,"Hotel Guest Centre, spol. s r.o.",Štúrovo,Nové Zámky,Nitriansky,47.797831,18.71486,Gastro a stravovacie zariadenia,Hotel,gastro_fritovaci_olej,Použitý fritovací olej z gastroprevádzok,20 01 25,odpad,celorocne,D
36292141,"Hotel Guest Centre, spol. s r.o.",Štúrovo,Nové Zámky,Nitriansky,47.797831,18.71486,Gastro a stravovacie zariadenia,Hotel,gastro_kavova_sedlina,Kávová sedlina z gastroprevádzok,20 01 08,odpad,celorocne,D
36292141,"Hotel Guest Centre, spol. s r.o.",Štúrovo,Nové Zámky,Nitriansky,47.797831,18.71486,Gastro a stravovacie zariadenia,Hotel,bro_zahrady,Biologicky rozložiteľný odpad zo záhrad,20 02 01,odpad,sezonne_leto,D
36293717,"HOTEL MAGURA, spol. s r.o.",Prievidza,Prievidza,Trenčiansky,48.77104,18.623306,Gastro a stravovacie zariadenia,Hotel,gastro_kuchynsky_odpad,Kuchynský odpad z reštaurácií a hotelov,20 01 08,odpad,celorocne,D
36293717,"HOTEL MAGURA, spol. s r.o.",Prievidza,Prievidza,Trenčiansky,48.77104,18.623306,Gastro a stravovacie zariadenia,Hotel,zvysky_z_taniera,Zvyšky z taniera,20 01 08,odpad,celorocne,D
36293717,"HOTEL MAGURA, spol. s r.o.",Prievidza,Prievidza,Trenčiansky,48.77104,18.623306,Gastro a stravovacie zariadenia,Hotel,gastro_fritovaci_olej,Použitý fritovací olej z gastroprevádzok,20 01 25,odpad,celorocne,D
36293717,"HOTEL MAGURA, spol. s r.o.",Prievidza,Prievidza,Trenčiansky,48.77104,18.623306,Gastro a stravovacie zariadenia,Hotel,gastro_kavova_sedlina,Kávová sedlina z gastroprevádzok,20 01 08,odpad,celorocne,D
36293717,"HOTEL MAGURA, spol. s r.o.",Prievidza,Prievidza,Trenčiansky,48.77104,18.623306,Gastro a stravovacie zariadenia,Hotel,bro_zahrady,Biologicky rozložiteľný odpad zo záhrad,20 02 01,odpad,sezonne_leto,D
36303232,"HOTEL VRŠATEC, spol. s r.o.",Vršatské Podhradie,Ilava,Trenčiansky,49.066667,18.15,Gastro a stravovacie zariadenia,Hotel,gastro_kuchynsky_odpad,Kuchynský odpad z reštaurácií a hotelov,20 01 08,odpad,celorocne,D
36303232,"HOTEL VRŠATEC, spol. s r.o.",Vršatské Podhradie,Ilava,Trenčiansky,49.066667,18.15,Gastro a stravovacie zariadenia,Hotel,zvysky_z_taniera,Zvyšky z taniera,20 01 08,odpad,celorocne,D
36303232,"HOTEL VRŠATEC, spol. s r.o.",Vršatské Podhradie,Ilava,Trenčiansky,49.066667,18.15,Gastro a stravovacie zariadenia,Hotel,gastro_fritovaci_olej,Použitý fritovací olej z gastroprevádzok,20 01 25,odpad,celorocne,D
36303232,"HOTEL VRŠATEC, spol. s r.o.",Vršatské Podhradie,Ilava,Trenčiansky,49.066667,18.15,Gastro a stravovacie zariadenia,Hotel,gastro_kavova_sedlina,Kávová sedlina z gastroprevádzok,20 01 08,odpad,celorocne,D
36303232,"HOTEL VRŠATEC, spol. s r.o.",Vršatské Podhradie,Ilava,Trenčiansky,49.066667,18.15,Gastro a stravovacie zariadenia,Hotel,bro_zahrady,Biologicky rozložiteľný odpad zo záhrad,20 02 01,odpad,sezonne_leto,D
36304689,"LIEHOVARY A ŠKROBÁREŇ, a.s.",Chynorany,Partizánske,Trenčiansky,48.609821,18.27348,Potravinárstvo a nápoje,Liehovar a pálenica,vypalky,Liehovarnícke výpalky,02 07 02,vedlajsi_produkt,celorocne,D
36304689,"LIEHOVARY A ŠKROBÁREŇ, a.s.",Chynorany,Partizánske,Trenčiansky,48.609821,18.27348,Potravinárstvo a nápoje,Liehovar a pálenica,drozdiarske_zvysky,Zvyšky z výroby droždia,02 03 04,vedlajsi_produkt,celorocne,D
36305367,"SPORT HOTELING, spol. s r.o.",Prievidza,Prievidza,Trenčiansky,48.77104,18.623306,Gastro a stravovacie zariadenia,Hotel,gastro_kuchynsky_odpad,Kuchynský odpad z reštaurácií a hotelov,20 01 08,odpad,celorocne,D
36305367,"SPORT HOTELING, spol. s r.o.",Prievidza,Prievidza,Trenčiansky,48.77104,18.623306,Gastro a stravovacie zariadenia,Hotel,zvysky_z_taniera,Zvyšky z taniera,20 01 08,odpad,celorocne,D
36305367,"SPORT HOTELING, spol. s r.o.",Prievidza,Prievidza,Trenčiansky,48.77104,18.623306,Gastro a stravovacie zariadenia,Hotel,gastro_fritovaci_olej,Použitý fritovací olej z gastroprevádzok,20 01 25,odpad,celorocne,D
36305367,"SPORT HOTELING, spol. s r.o.",Prievidza,Prievidza,Trenčiansky,48.77104,18.623306,Gastro a stravovacie zariadenia,Hotel,gastro_kavova_sedlina,Kávová sedlina z gastroprevádzok,20 01 08,odpad,celorocne,D
36305367,"SPORT HOTELING, spol. s r.o.",Prievidza,Prievidza,Trenčiansky,48.77104,18.623306,Gastro a stravovacie zariadenia,Hotel,bro_zahrady,Biologicky rozložiteľný odpad zo záhrad,20 02 01,odpad,sezonne_leto,D
36311693,"Technické služby mesta Partizánske, spol. s r.o.",Partizánske,Partizánske,Trenčiansky,48.627231,18.365466,Komunálny a gastro bioodpad,Technické služby mesta / obce,travna_hmota_kosba,Trávna hmota z kosby verejnej zelene,20 02 01,odpad,sezonne_leto,D
36311693,"Technické služby mesta Partizánske, spol. s r.o.",Partizánske,Partizánske,Trenčiansky,48.627231,18.365466,Komunálny a gastro bioodpad,Technické služby mesta / obce,konare_stiepka,Konáre a drevná štiepka z údržby zelene,20 02 01,odpad,sezonne_jar,D
36311693,"Technické služby mesta Partizánske, spol. s r.o.",Partizánske,Partizánske,Trenčiansky,48.627231,18.365466,Komunálny a gastro bioodpad,Technické služby mesta / obce,listie,Lístie z verejnej zelene,20 02 01,odpad,sezonne_jesen,D
36311693,"Technické služby mesta Partizánske, spol. s r.o.",Partizánske,Partizánske,Trenčiansky,48.627231,18.365466,Komunálny a gastro bioodpad,Technické služby mesta / obce,bro_zahrady,Biologicky rozložiteľný odpad zo záhrad,20 02 01,odpad,sezonne_leto,D
36311693,"Technické služby mesta Partizánske, spol. s r.o.",Partizánske,Partizánske,Trenčiansky,48.627231,18.365466,Komunálny a gastro bioodpad,Technické služby mesta / obce,odpad_trhoviska,Odpad z trhovísk,20 03 02,odpad,sezonne_leto,D
36311740,Mlyn Trenčan spol. s r.o.,Trenčianska Turná,Trenčín,Trenčiansky,48.85,18.016667,Potravinárstvo a nápoje,Mlyn,psenicne_otruby,Pšeničné otruby,02 03 04,krmna_surovina,celorocne,D
36311740,Mlyn Trenčan spol. s r.o.,Trenčianska Turná,Trenčín,Trenčiansky,48.85,18.016667,Potravinárstvo a nápoje,Mlyn,mlynske_zmetky,Mlynské zmetky a plevy,02 03 04,vedlajsi_produkt,celorocne,D
36311740,Mlyn Trenčan spol. s r.o.,Trenčianska Turná,Trenčín,Trenčiansky,48.85,18.016667,Potravinárstvo a nápoje,Mlyn,odpad_cistenie_zrna,Odpad z čistenia a sušenia obilia,02 01 03,vedlajsi_produkt,sezonne_leto,D
36312487,Agrovýkrm Rybany s.r.o.,Malinovo,Senec,Bratislavský,48.154124,17.291732,"Drevo, lesníctvo a ostatné",Rybárstvo a akvakultúra,rybie_zvysky,"Rybie hlavy, vnútornosti a kosti",02 02 03,vedlajsi_produkt,celorocne,D
36312487,Agrovýkrm Rybany s.r.o.,Malinovo,Senec,Bratislavský,48.154124,17.291732,"Drevo, lesníctvo a ostatné",Rybárstvo a akvakultúra,kal_akvakultura,Kal z akvakultúry,02 01 01,odpad,celorocne,D
36315133,RYBHOS s.r.o.,Skačany,Partizánske,Trenčiansky,48.661215,18.378466,"Drevo, lesníctvo a ostatné",Rybárstvo a akvakultúra,rybie_zvysky,"Rybie hlavy, vnútornosti a kosti",02 02 03,vedlajsi_produkt,celorocne,D
36315133,RYBHOS s.r.o.,Skačany,Partizánske,Trenčiansky,48.661215,18.378466,"Drevo, lesníctvo a ostatné",Rybárstvo a akvakultúra,kal_akvakultura,Kal z akvakultúry,02 01 01,odpad,celorocne,D
36319406,Agrofarma Mikulov s.r.o.,Prievidza,Prievidza,Trenčiansky,48.77104,18.623306,Poľnohospodárstvo a chov,Poľnohospodársky podnik,slama_obilna,Obilná slama,02 01 03,vedlajsi_produkt,sezonne_leto,D
36319406,Agrofarma Mikulov s.r.o.,Prievidza,Prievidza,Trenčiansky,48.77104,18.623306,Poľnohospodárstvo a chov,Poľnohospodársky podnik,kukuricne_korovie,Kukuričné kôrovie a stonky,02 01 03,vedlajsi_produkt,sezonne_jesen,D
36319406,Agrofarma Mikulov s.r.o.,Prievidza,Prievidza,Trenčiansky,48.77104,18.623306,Poľnohospodárstvo a chov,Poľnohospodársky podnik,repkova_slama,Repková slama,02 01 03,vedlajsi_produkt,sezonne_leto,D
36319406,Agrofarma Mikulov s.r.o.,Prievidza,Prievidza,Trenčiansky,48.77104,18.623306,Poľnohospodárstvo a chov,Poľnohospodársky podnik,odpad_cistenie_zrna,Odpad z čistenia a sušenia obilia,02 01 03,vedlajsi_produkt,sezonne_leto,D
36319406,Agrofarma Mikulov s.r.o.,Prievidza,Prievidza,Trenčiansky,48.77104,18.623306,Poľnohospodárstvo a chov,Poľnohospodársky podnik,travna_hmota_ttp,Trávna hmota z lúk a TTP,02 01 03,vedlajsi_produkt,sezonne_leto,D
36320226,Poľnohospodárske družstvo Dolná Mariková,Dolná Mariková,Považská Bystrica,Trenčiansky,49.25,18.366667,Poľnohospodárstvo a chov,Poľnohospodárske družstvo,slama_obilna,Obilná slama,02 01 03,vedlajsi_produkt,sezonne_leto,D
36320226,Poľnohospodárske družstvo Dolná Mariková,Dolná Mariková,Považská Bystrica,Trenčiansky,49.25,18.366667,Poľnohospodárstvo a chov,Poľnohospodárske družstvo,kukuricne_korovie,Kukuričné kôrovie a stonky,02 01 03,vedlajsi_produkt,sezonne_jesen,D
36320226,Poľnohospodárske družstvo Dolná Mariková,Dolná Mariková,Považská Bystrica,Trenčiansky,49.25,18.366667,Poľnohospodárstvo a chov,Poľnohospodárske družstvo,repkova_slama,Repková slama,02 01 03,vedlajsi_produkt,sezonne_leto,D
36320226,Poľnohospodárske družstvo Dolná Mariková,Dolná Mariková,Považská Bystrica,Trenčiansky,49.25,18.366667,Poľnohospodárstvo a chov,Poľnohospodárske družstvo,travna_hmota_ttp,Trávna hmota z lúk a TTP,02 01 03,vedlajsi_produkt,sezonne_leto,D
36320226,Poľnohospodárske družstvo Dolná Mariková,Dolná Mariková,Považská Bystrica,Trenčiansky,49.25,18.366667,Poľnohospodárstvo a chov,Poľnohospodárske družstvo,hnoj_hovadzi,Maštaľný hnoj hovädzí,02 01 06,odpad,celorocne,D
36320226,Poľnohospodárske družstvo Dolná Mariková,Dolná Mariková,Považská Bystrica,Trenčiansky,49.25,18.366667,Poľnohospodárstvo a chov,Poľnohospodárske družstvo,hnojovica_osipane,Hnojovica ošípaných,02 01 06,odpad,celorocne,D
36320226,Poľnohospodárske družstvo Dolná Mariková,Dolná Mariková,Považská Bystrica,Trenčiansky,49.25,18.366667,Poľnohospodárstvo a chov,Poľnohospodárske družstvo,odpad_cistenie_zrna,Odpad z čistenia a sušenia obilia,02 01 03,vedlajsi_produkt,sezonne_leto,D
36320226,Poľnohospodárske družstvo Dolná Mariková,Dolná Mariková,Považská Bystrica,Trenčiansky,49.25,18.366667,Poľnohospodárstvo a chov,Poľnohospodárske družstvo,slnecnicove_stonky,Slnečnicové stonky a úbory,02 01 03,odpad,sezonne_jesen,D
36323098,HOTEL.EU s.r.o.,Kanianka,Prievidza,Trenčiansky,48.816667,18.583333,Gastro a stravovacie zariadenia,Hotel,gastro_kuchynsky_odpad,Kuchynský odpad z reštaurácií a hotelov,20 01 08,odpad,celorocne,D
36323098,HOTEL.EU s.r.o.,Kanianka,Prievidza,Trenčiansky,48.816667,18.583333,Gastro a stravovacie zariadenia,Hotel,zvysky_z_taniera,Zvyšky z taniera,20 01 08,odpad,celorocne,D
36323098,HOTEL.EU s.r.o.,Kanianka,Prievidza,Trenčiansky,48.816667,18.583333,Gastro a stravovacie zariadenia,Hotel,gastro_fritovaci_olej,Použitý fritovací olej z gastroprevádzok,20 01 25,odpad,celorocne,D
36323098,HOTEL.EU s.r.o.,Kanianka,Prievidza,Trenčiansky,48.816667,18.583333,Gastro a stravovacie zariadenia,Hotel,gastro_kavova_sedlina,Kávová sedlina z gastroprevádzok,20 01 08,odpad,celorocne,D
36323098,HOTEL.EU s.r.o.,Kanianka,Prievidza,Trenčiansky,48.816667,18.583333,Gastro a stravovacie zariadenia,Hotel,bro_zahrady,Biologicky rozložiteľný odpad zo záhrad,20 02 01,odpad,sezonne_leto,D
36328022,P.R.MLYN s.r.o.,Nové Mesto nad Váhom,Nové Mesto nad Váhom,Trenčiansky,48.763325,17.830386,Potravinárstvo a nápoje,Mlyn,psenicne_otruby,Pšeničné otruby,02 03 04,krmna_surovina,celorocne,D
36328022,P.R.MLYN s.r.o.,Nové Mesto nad Váhom,Nové Mesto nad Váhom,Trenčiansky,48.763325,17.830386,Potravinárstvo a nápoje,Mlyn,mlynske_zmetky,Mlynské zmetky a plevy,02 03 04,vedlajsi_produkt,celorocne,D
36328022,P.R.MLYN s.r.o.,Nové Mesto nad Váhom,Nové Mesto nad Váhom,Trenčiansky,48.763325,17.830386,Potravinárstvo a nápoje,Mlyn,odpad_cistenie_zrna,Odpad z čistenia a sušenia obilia,02 01 03,vedlajsi_produkt,sezonne_leto,D
36334227,Hotel Panoráma Trenčianske Teplice s. r. o.,Trenčianske Teplice,Trenčín,Trenčiansky,48.90985,18.169101,Gastro a stravovacie zariadenia,Hotel,gastro_kuchynsky_odpad,Kuchynský odpad z reštaurácií a hotelov,20 01 08,odpad,celorocne,D
36334227,Hotel Panoráma Trenčianske Teplice s. r. o.,Trenčianske Teplice,Trenčín,Trenčiansky,48.90985,18.169101,Gastro a stravovacie zariadenia,Hotel,zvysky_z_taniera,Zvyšky z taniera,20 01 08,odpad,celorocne,D
36334227,Hotel Panoráma Trenčianske Teplice s. r. o.,Trenčianske Teplice,Trenčín,Trenčiansky,48.90985,18.169101,Gastro a stravovacie zariadenia,Hotel,gastro_fritovaci_olej,Použitý fritovací olej z gastroprevádzok,20 01 25,odpad,celorocne,D
36334227,Hotel Panoráma Trenčianske Teplice s. r. o.,Trenčianske Teplice,Trenčín,Trenčiansky,48.90985,18.169101,Gastro a stravovacie zariadenia,Hotel,gastro_kavova_sedlina,Kávová sedlina z gastroprevádzok,20 01 08,odpad,celorocne,D
36334227,Hotel Panoráma Trenčianske Teplice s. r. o.,Trenčianske Teplice,Trenčín,Trenčiansky,48.90985,18.169101,Gastro a stravovacie zariadenia,Hotel,bro_zahrady,Biologicky rozložiteľný odpad zo záhrad,20 02 01,odpad,sezonne_leto,D
36336190,"GRAND - HOTEL, s.r.o.",Trenčín,Trenčín,Trenčiansky,48.892358,18.039372,Gastro a stravovacie zariadenia,Hotel,gastro_kuchynsky_odpad,Kuchynský odpad z reštaurácií a hotelov,20 01 08,odpad,celorocne,D
36336190,"GRAND - HOTEL, s.r.o.",Trenčín,Trenčín,Trenčiansky,48.892358,18.039372,Gastro a stravovacie zariadenia,Hotel,zvysky_z_taniera,Zvyšky z taniera,20 01 08,odpad,celorocne,D
36336190,"GRAND - HOTEL, s.r.o.",Trenčín,Trenčín,Trenčiansky,48.892358,18.039372,Gastro a stravovacie zariadenia,Hotel,gastro_fritovaci_olej,Použitý fritovací olej z gastroprevádzok,20 01 25,odpad,celorocne,D
36336190,"GRAND - HOTEL, s.r.o.",Trenčín,Trenčín,Trenčiansky,48.892358,18.039372,Gastro a stravovacie zariadenia,Hotel,gastro_kavova_sedlina,Kávová sedlina z gastroprevádzok,20 01 08,odpad,celorocne,D
36336190,"GRAND - HOTEL, s.r.o.",Trenčín,Trenčín,Trenčiansky,48.892358,18.039372,Gastro a stravovacie zariadenia,Hotel,bro_zahrady,Biologicky rozložiteľný odpad zo záhrad,20 02 01,odpad,sezonne_leto,D
36337714,Jumäs Trade s.r.o.,Skalica,Skalica,Trnavský,48.770797,17.20201,Potravinárstvo a nápoje,Mäsospracovanie,kostny_zvysok,Kosti a kostné zvyšky,02 02 02,vedlajsi_produkt,celorocne,D
36337714,Jumäs Trade s.r.o.,Skalica,Skalica,Trnavský,48.770797,17.20201,Potravinárstvo a nápoje,Mäsospracovanie,kozne_odrezky,Kožné odrezky a podkožný tuk,02 02 02,odpad,celorocne,D
36337714,Jumäs Trade s.r.o.,Skalica,Skalica,Trnavský,48.770797,17.20201,Potravinárstvo a nápoje,Mäsospracovanie,masovy_flotacny_kal,Flotačný kal z mäsospracovania,02 02 04,odpad,celorocne,D
36337714,Jumäs Trade s.r.o.,Skalica,Skalica,Trnavský,48.770797,17.20201,Potravinárstvo a nápoje,Mäsospracovanie,zvp_kat3,Živočíšne vedľajšie produkty kategórie 3,02 02 02,vedlajsi_produkt,celorocne,D
36337714,Jumäs Trade s.r.o.,Skalica,Skalica,Trnavský,48.770797,17.20201,Potravinárstvo a nápoje,Mäsospracovanie,technicky_zivocisny_tuk,Technický živočíšny tuk,02 02 03,vedlajsi_produkt,celorocne,D
36337714,Jumäs Trade s.r.o.,Skalica,Skalica,Trnavský,48.770797,17.20201,Potravinárstvo a nápoje,Mäsospracovanie,masokostna_mucka,Mäsokostná múčka,02 02 02,odpad,celorocne,D
36338222,ODM - odbytové družstvo mlieka,Myjava,Myjava,Trenčiansky,48.754035,17.565022,Potravinárstvo a nápoje,Mliekáreň,srvatka_sladka,Sladká srvátka,02 05 01,vedlajsi_produkt,celorocne,D
36338222,ODM - odbytové družstvo mlieka,Myjava,Myjava,Trenčiansky,48.754035,17.565022,Potravinárstvo a nápoje,Mliekáreň,srvatka_kysla,Kyslá srvátka,02 05 01,odpad,celorocne,D
36338222,ODM - odbytové družstvo mlieka,Myjava,Myjava,Trenčiansky,48.754035,17.565022,Potravinárstvo a nápoje,Mliekáreň,srvatkovy_permeat,Srvátkový permeát,02 05 01,vedlajsi_produkt,celorocne,D
36338222,ODM - odbytové družstvo mlieka,Myjava,Myjava,Trenčiansky,48.754035,17.565022,Potravinárstvo a nápoje,Mliekáreň,cmar,Cmar,02 05 01,krmna_surovina,celorocne,D
36338222,ODM - odbytové družstvo mlieka,Myjava,Myjava,Trenčiansky,48.754035,17.565022,Potravinárstvo a nápoje,Mliekáreň,mliekarensky_kal,Kal z mliekarenskej ČOV,02 05 02,odpad,celorocne,D
36339865,Nemocnica AGEL Handlová s.r.o.,Handlová,Prievidza,Trenčiansky,48.731432,18.762694,Gastro a stravovacie zariadenia,Nemocnica,nemocnicny_kuchynsky_odpad,Kuchynský odpad zo zdravotníckych a sociálnych zariadení,20 01 08,odpad,celorocne,D
36339865,Nemocnica AGEL Handlová s.r.o.,Handlová,Prievidza,Trenčiansky,48.731432,18.762694,Gastro a stravovacie zariadenia,Nemocnica,zvysky_z_taniera,Zvyšky z taniera,20 01 08,odpad,celorocne,D
36339865,Nemocnica AGEL Handlová s.r.o.,Handlová,Prievidza,Trenčiansky,48.731432,18.762694,Gastro a stravovacie zariadenia,Nemocnica,gastro_fritovaci_olej,Použitý fritovací olej z gastroprevádzok,20 01 25,odpad,celorocne,D
36340456,Regionálna vodárenská spoločnosť AQUATUR a.s.,Stará Turá,Nové Mesto nad Váhom,Trenčiansky,48.776457,17.692694,Komunálny a gastro bioodpad,Vodárenská spoločnosť (ČOV),cov_kal_komunalny,Kal z komunálnej ČOV,19 08 05,odpad,celorocne,D
36340456,Regionálna vodárenská spoločnosť AQUATUR a.s.,Stará Turá,Nové Mesto nad Váhom,Trenčiansky,48.776457,17.692694,Komunálny a gastro bioodpad,Vodárenská spoločnosť (ČOV),tuky_odlucovace,Tuky z odlučovačov,19 08 09,odpad,celorocne,D
36348015,Nemocnica AGEL Bánovce s.r.o.,Bánovce nad Bebravou,Bánovce nad Bebravou,Trenčiansky,48.721667,18.259826,Gastro a stravovacie zariadenia,Nemocnica,nemocnicny_kuchynsky_odpad,Kuchynský odpad zo zdravotníckych a sociálnych zariadení,20 01 08,odpad,celorocne,D
36348015,Nemocnica AGEL Bánovce s.r.o.,Bánovce nad Bebravou,Bánovce nad Bebravou,Trenčiansky,48.721667,18.259826,Gastro a stravovacie zariadenia,Nemocnica,zvysky_z_taniera,Zvyšky z taniera,20 01 08,odpad,celorocne,D
36348015,Nemocnica AGEL Bánovce s.r.o.,Bánovce nad Bebravou,Bánovce nad Bebravou,Trenčiansky,48.721667,18.259826,Gastro a stravovacie zariadenia,Nemocnica,gastro_fritovaci_olej,Použitý fritovací olej z gastroprevádzok,20 01 25,odpad,celorocne,D
36352802,"Banskobystrický pivovar, a.s.",Banská Bystrica,Banská Bystrica,Banskobystrický,48.738539,19.156869,Potravinárstvo a nápoje,Pivovar / minipivovar,pivovarske_mlato,Pivovarské mláto,02 07 01,vedlajsi_produkt,celorocne,D
36352802,"Banskobystrický pivovar, a.s.",Banská Bystrica,Banská Bystrica,Banskobystrický,48.738539,19.156869,Potravinárstvo a nápoje,Pivovar / minipivovar,pivovarske_kvasnice,Pivovarské kvasnice,02 07 05,vedlajsi_produkt,celorocne,D
36352802,"Banskobystrický pivovar, a.s.",Banská Bystrica,Banská Bystrica,Banskobystrický,48.738539,19.156869,Potravinárstvo a nápoje,Pivovar / minipivovar,chmelovy_mlat,Chmeľový mlát,02 07 01,odpad,celorocne,D
36352802,"Banskobystrický pivovar, a.s.",Banská Bystrica,Banská Bystrica,Banskobystrický,48.738539,19.156869,Potravinárstvo a nápoje,Pivovar / minipivovar,kremelinovy_kal,Kremelinový kal z filtrácie,02 07 05,odpad,celorocne,D
36373974,"HYDINA HOLDING, s.r.o.",Liptovský Mikuláš,Liptovský Mikuláš,Žilinský,49.083333,19.616667,Poľnohospodárstvo a chov,Hydinárska prevádzka,perie,Perie z hydinových bitúnkov,02 02 02,odpad,celorocne,D
36373974,"HYDINA HOLDING, s.r.o.",Liptovský Mikuláš,Liptovský Mikuláš,Žilinský,49.083333,19.616667,Poľnohospodárstvo a chov,Hydinárska prevádzka,hydinovy_trus,Hydinový trus a podstielka,02 01 06,odpad,celorocne,D
36373974,"HYDINA HOLDING, s.r.o.",Liptovský Mikuláš,Liptovský Mikuláš,Žilinský,49.083333,19.616667,Poľnohospodárstvo a chov,Hydinárska prevádzka,krv_bitunok,Krv z bitúnku,02 02 03,vedlajsi_produkt,celorocne,D
36373974,"HYDINA HOLDING, s.r.o.",Liptovský Mikuláš,Liptovský Mikuláš,Žilinský,49.083333,19.616667,Poľnohospodárstvo a chov,Hydinárska prevádzka,kadavery,Uhynuté zvieratá (kadávery),02 01 02,odpad,celorocne,D
36373974,"HYDINA HOLDING, s.r.o.",Liptovský Mikuláš,Liptovský Mikuláš,Žilinský,49.083333,19.616667,Poľnohospodárstvo a chov,Hydinárska prevádzka,zvp_kat3,Živočíšne vedľajšie produkty kategórie 3,02 02 02,vedlajsi_produkt,celorocne,D
36373974,"HYDINA HOLDING, s.r.o.",Liptovský Mikuláš,Liptovský Mikuláš,Žilinský,49.083333,19.616667,Poľnohospodárstvo a chov,Hydinárska prevádzka,zvp_kat2,Živočíšne vedľajšie produkty kategórie 2,02 02 02,odpad,celorocne,D
36379077,"PÍLA DLHÉ POLE, s.r.o.",Dlhé Pole,Žilina,Žilinský,49.302948,18.629806,"Drevo, lesníctvo a ostatné",Píla a drevospracovanie,piliny,Piliny a hobliny,03 01 05,vedlajsi_produkt,celorocne,D
36379077,"PÍLA DLHÉ POLE, s.r.o.",Dlhé Pole,Žilina,Žilinský,49.302948,18.629806,"Drevo, lesníctvo a ostatné",Píla a drevospracovanie,kora,Odpadová kôra,03 01 01,vedlajsi_produkt,celorocne,D
36379077,"PÍLA DLHÉ POLE, s.r.o.",Dlhé Pole,Žilina,Žilinský,49.302948,18.629806,"Drevo, lesníctvo a ostatné",Píla a drevospracovanie,odrezky_dreva,Odrezky a drevný odpad,03 01 05,vedlajsi_produkt,celorocne,D
36391301,"Technické služby Ružomberok, a.s.",Ružomberok,Ružomberok,Žilinský,49.08187,19.302965,Komunálny a gastro bioodpad,Technické služby mesta / obce,travna_hmota_kosba,Trávna hmota z kosby verejnej zelene,20 02 01,odpad,sezonne_leto,D
36391301,"Technické služby Ružomberok, a.s.",Ružomberok,Ružomberok,Žilinský,49.08187,19.302965,Komunálny a gastro bioodpad,Technické služby mesta / obce,konare_stiepka,Konáre a drevná štiepka z údržby zelene,20 02 01,odpad,sezonne_jar,D
36391301,"Technické služby Ružomberok, a.s.",Ružomberok,Ružomberok,Žilinský,49.08187,19.302965,Komunálny a gastro bioodpad,Technické služby mesta / obce,listie,Lístie z verejnej zelene,20 02 01,odpad,sezonne_jesen,D
36391301,"Technické služby Ružomberok, a.s.",Ružomberok,Ružomberok,Žilinský,49.08187,19.302965,Komunálny a gastro bioodpad,Technické služby mesta / obce,bro_zahrady,Biologicky rozložiteľný odpad zo záhrad,20 02 01,odpad,sezonne_leto,D
36391301,"Technické služby Ružomberok, a.s.",Ružomberok,Ružomberok,Žilinský,49.08187,19.302965,Komunálny a gastro bioodpad,Technické služby mesta / obce,odpad_trhoviska,Odpad z trhovísk,20 03 02,odpad,sezonne_leto,D
36393762,"Čínska reštaurácia, s.r.o.",Žilina,Žilina,Žilinský,49.223464,18.739498,Gastro a stravovacie zariadenia,Reštaurácia,gastro_kuchynsky_odpad,Kuchynský odpad z reštaurácií a hotelov,20 01 08,odpad,celorocne,D
36393762,"Čínska reštaurácia, s.r.o.",Žilina,Žilina,Žilinský,49.223464,18.739498,Gastro a stravovacie zariadenia,Reštaurácia,zvysky_z_taniera,Zvyšky z taniera,20 01 08,odpad,celorocne,D
36393762,"Čínska reštaurácia, s.r.o.",Žilina,Žilina,Žilinský,49.223464,18.739498,Gastro a stravovacie zariadenia,Reštaurácia,gastro_fritovaci_olej,Použitý fritovací olej z gastroprevádzok,20 01 25,odpad,celorocne,D
36393762,"Čínska reštaurácia, s.r.o.",Žilina,Žilina,Žilinský,49.223464,18.739498,Gastro a stravovacie zariadenia,Reštaurácia,gastro_kavova_sedlina,Kávová sedlina z gastroprevádzok,20 01 08,odpad,celorocne,D
36393762,"Čínska reštaurácia, s.r.o.",Žilina,Žilina,Žilinský,49.223464,18.739498,Gastro a stravovacie zariadenia,Reštaurácia,tuky_odlucovace,Tuky z odlučovačov,19 08 09,odpad,celorocne,D
36394556,Liptovské pekárne a cukrárne VČELA - Lippek k.s.,Liptovský Mikuláš,Liptovský Mikuláš,Žilinský,49.083333,19.616667,Potravinárstvo a nápoje,Pekáreň,pekarenske_zvysky,Pekárenské zvyšky,02 06 01,vedlajsi_produkt,celorocne,D
36394556,Liptovské pekárne a cukrárne VČELA - Lippek k.s.,Liptovský Mikuláš,Liptovský Mikuláš,Žilinský,49.083333,19.616667,Potravinárstvo a nápoje,Pekáreň,cestovinove_zvysky,Cestovinové a múčne zvyšky,02 06 01,vedlajsi_produkt,celorocne,D
36404152,"Píla Vasilov, s.r.o.",Breza,Námestovo,Žilinský,49.383333,19.4,"Drevo, lesníctvo a ostatné",Píla a drevospracovanie,piliny,Piliny a hobliny,03 01 05,vedlajsi_produkt,celorocne,D
36404152,"Píla Vasilov, s.r.o.",Breza,Námestovo,Žilinský,49.383333,19.4,"Drevo, lesníctvo a ostatné",Píla a drevospracovanie,kora,Odpadová kôra,03 01 01,vedlajsi_produkt,celorocne,D
36404152,"Píla Vasilov, s.r.o.",Breza,Námestovo,Žilinský,49.383333,19.4,"Drevo, lesníctvo a ostatné",Píla a drevospracovanie,odrezky_dreva,Odrezky a drevný odpad,03 01 05,vedlajsi_produkt,celorocne,D
36404594,TURČIANSKA HYDINA s.r.o.,Turčianske Teplice,Turčianske Teplice,Žilinský,48.862737,18.858728,Poľnohospodárstvo a chov,Hydinárska prevádzka,perie,Perie z hydinových bitúnkov,02 02 02,odpad,celorocne,D
36404594,TURČIANSKA HYDINA s.r.o.,Turčianske Teplice,Turčianske Teplice,Žilinský,48.862737,18.858728,Poľnohospodárstvo a chov,Hydinárska prevádzka,hydinovy_trus,Hydinový trus a podstielka,02 01 06,odpad,celorocne,D
36404594,TURČIANSKA HYDINA s.r.o.,Turčianske Teplice,Turčianske Teplice,Žilinský,48.862737,18.858728,Poľnohospodárstvo a chov,Hydinárska prevádzka,krv_bitunok,Krv z bitúnku,02 02 03,vedlajsi_produkt,celorocne,D
36404594,TURČIANSKA HYDINA s.r.o.,Turčianske Teplice,Turčianske Teplice,Žilinský,48.862737,18.858728,Poľnohospodárstvo a chov,Hydinárska prevádzka,kadavery,Uhynuté zvieratá (kadávery),02 01 02,odpad,celorocne,D
36404594,TURČIANSKA HYDINA s.r.o.,Turčianske Teplice,Turčianske Teplice,Žilinský,48.862737,18.858728,Poľnohospodárstvo a chov,Hydinárska prevádzka,zvp_kat3,Živočíšne vedľajšie produkty kategórie 3,02 02 02,vedlajsi_produkt,celorocne,D
36404594,TURČIANSKA HYDINA s.r.o.,Turčianske Teplice,Turčianske Teplice,Žilinský,48.862737,18.858728,Poľnohospodárstvo a chov,Hydinárska prevádzka,zvp_kat2,Živočíšne vedľajšie produkty kategórie 2,02 02 02,odpad,celorocne,D
36410101,"RYBÁRSTVO KLÁŠTOR, s.r.o.",Kláštor pod Znievom,Martin,Žilinský,48.97394,18.805725,"Drevo, lesníctvo a ostatné",Rybárstvo a akvakultúra,rybie_zvysky,"Rybie hlavy, vnútornosti a kosti",02 02 03,vedlajsi_produkt,celorocne,D
36410101,"RYBÁRSTVO KLÁŠTOR, s.r.o.",Kláštor pod Znievom,Martin,Žilinský,48.97394,18.805725,"Drevo, lesníctvo a ostatné",Rybárstvo a akvakultúra,kal_akvakultura,Kal z akvakultúry,02 01 01,odpad,celorocne,D
36413241,"Rybárstvo Brčná, spol. s r.o.",Kláštor pod Znievom,Martin,Žilinský,48.97394,18.805725,"Drevo, lesníctvo a ostatné",Rybárstvo a akvakultúra,rybie_zvysky,"Rybie hlavy, vnútornosti a kosti",02 02 03,vedlajsi_produkt,celorocne,D
36413241,"Rybárstvo Brčná, spol. s r.o.",Kláštor pod Znievom,Martin,Žilinský,48.97394,18.805725,"Drevo, lesníctvo a ostatné",Rybárstvo a akvakultúra,kal_akvakultura,Kal z akvakultúry,02 01 01,odpad,celorocne,D
36414131,"PÍLA - DIAMÍR, s. r. o.",Liptovský Mikuláš,Liptovský Mikuláš,Žilinský,49.083333,19.616667,"Drevo, lesníctvo a ostatné",Píla a drevospracovanie,piliny,Piliny a hobliny,03 01 05,vedlajsi_produkt,celorocne,D
36414131,"PÍLA - DIAMÍR, s. r. o.",Liptovský Mikuláš,Liptovský Mikuláš,Žilinský,49.083333,19.616667,"Drevo, lesníctvo a ostatné",Píla a drevospracovanie,kora,Odpadová kôra,03 01 01,vedlajsi_produkt,celorocne,D
36414131,"PÍLA - DIAMÍR, s. r. o.",Liptovský Mikuláš,Liptovský Mikuláš,Žilinský,49.083333,19.616667,"Drevo, lesníctvo a ostatné",Píla a drevospracovanie,odrezky_dreva,Odrezky a drevný odpad,03 01 05,vedlajsi_produkt,celorocne,D
36426563,"Ta & Mi, BITÚNOK, s.r.o.",Čadca,Čadca,Žilinský,49.440819,18.788221,Potravinárstvo a nápoje,Bitúnok,bachorovy_obsah,Obsah bachora a tráviaceho traktu,02 02 04,odpad,celorocne,D
36426563,"Ta & Mi, BITÚNOK, s.r.o.",Čadca,Čadca,Žilinský,49.440819,18.788221,Potravinárstvo a nápoje,Bitúnok,krv_bitunok,Krv z bitúnku,02 02 03,vedlajsi_produkt,celorocne,D
36426563,"Ta & Mi, BITÚNOK, s.r.o.",Čadca,Čadca,Žilinský,49.440819,18.788221,Potravinárstvo a nápoje,Bitúnok,kostny_zvysok,Kosti a kostné zvyšky,02 02 02,vedlajsi_produkt,celorocne,D
36426563,"Ta & Mi, BITÚNOK, s.r.o.",Čadca,Čadca,Žilinský,49.440819,18.788221,Potravinárstvo a nápoje,Bitúnok,kozne_odrezky,Kožné odrezky a podkožný tuk,02 02 02,odpad,celorocne,D
36426563,"Ta & Mi, BITÚNOK, s.r.o.",Čadca,Čadca,Žilinský,49.440819,18.788221,Potravinárstvo a nápoje,Bitúnok,masovy_flotacny_kal,Flotačný kal z mäsospracovania,02 02 04,odpad,celorocne,D
36426563,"Ta & Mi, BITÚNOK, s.r.o.",Čadca,Čadca,Žilinský,49.440819,18.788221,Potravinárstvo a nápoje,Bitúnok,zvp_kat3,Živočíšne vedľajšie produkty kategórie 3,02 02 02,vedlajsi_produkt,celorocne,D
36426563,"Ta & Mi, BITÚNOK, s.r.o.",Čadca,Čadca,Žilinský,49.440819,18.788221,Potravinárstvo a nápoje,Bitúnok,zvp_kat2,Živočíšne vedľajšie produkty kategórie 2,02 02 02,odpad,celorocne,D
36426563,"Ta & Mi, BITÚNOK, s.r.o.",Čadca,Čadca,Žilinský,49.440819,18.788221,Potravinárstvo a nápoje,Bitúnok,zvp_kat1,Živočíšne vedľajšie produkty kategórie 1,02 01 02,odpad,celorocne,D
36426563,"Ta & Mi, BITÚNOK, s.r.o.",Čadca,Čadca,Žilinský,49.440819,18.788221,Potravinárstvo a nápoje,Bitúnok,technicky_zivocisny_tuk,Technický živočíšny tuk,02 02 03,vedlajsi_produkt,celorocne,D
36438103,"PEKÁREŇ ĎUROŠKA, s. r. o.",Rosina,Žilina,Žilinský,49.183333,18.766667,Potravinárstvo a nápoje,Pekáreň,pekarenske_zvysky,Pekárenské zvyšky,02 06 01,vedlajsi_produkt,celorocne,D
36438103,"PEKÁREŇ ĎUROŠKA, s. r. o.",Rosina,Žilina,Žilinský,49.183333,18.766667,Potravinárstvo a nápoje,Pekáreň,cestovinove_zvysky,Cestovinové a múčne zvyšky,02 06 01,vedlajsi_produkt,celorocne,D
36448311,"Mestské lesy, s.r.o. Poprad",Poprad,Poprad,Prešovský,49.054152,20.29764,"Drevo, lesníctvo a ostatné",Mestské lesy,lesna_stiepka,Lesná štiepka a haluzina,02 01 07,vedlajsi_produkt,celorocne,D
36448311,"Mestské lesy, s.r.o. Poprad",Poprad,Poprad,Prešovský,49.054152,20.29764,"Drevo, lesníctvo a ostatné",Mestské lesy,kora,Odpadová kôra,03 01 01,vedlajsi_produkt,celorocne,D
36448311,"Mestské lesy, s.r.o. Poprad",Poprad,Poprad,Prešovský,49.054152,20.29764,"Drevo, lesníctvo a ostatné",Mestské lesy,odrezky_dreva,Odrezky a drevný odpad,03 01 05,vedlajsi_produkt,celorocne,D
36448311,"Mestské lesy, s.r.o. Poprad",Poprad,Poprad,Prešovský,49.054152,20.29764,"Drevo, lesníctvo a ostatné",Mestské lesy,konare_stiepka,Konáre a drevná štiepka z údržby zelene,20 02 01,odpad,sezonne_jar,D
36450308,"Minipivovar TATRAS, s. r. o.",Poprad,Poprad,Prešovský,49.054152,20.29764,Potravinárstvo a nápoje,Pivovar / minipivovar,pivovarske_mlato,Pivovarské mláto,02 07 01,vedlajsi_produkt,celorocne,D
36450308,"Minipivovar TATRAS, s. r. o.",Poprad,Poprad,Prešovský,49.054152,20.29764,Potravinárstvo a nápoje,Pivovar / minipivovar,pivovarske_kvasnice,Pivovarské kvasnice,02 07 05,vedlajsi_produkt,celorocne,D
36450308,"Minipivovar TATRAS, s. r. o.",Poprad,Poprad,Prešovský,49.054152,20.29764,Potravinárstvo a nápoje,Pivovar / minipivovar,chmelovy_mlat,Chmeľový mlát,02 07 01,odpad,celorocne,D
36450308,"Minipivovar TATRAS, s. r. o.",Poprad,Poprad,Prešovský,49.054152,20.29764,Potravinárstvo a nápoje,Pivovar / minipivovar,kremelinovy_kal,Kremelinový kal z filtrácie,02 07 05,odpad,celorocne,D
36450332,"Tatranská odpadová spoločnosť s.r.o., Žakovce",Žakovce,Kežmarok,Prešovský,49.081721,20.39728,Komunálny a gastro bioodpad,Odpadové hospodárstvo,kuchynsky_odpad,Biologicky rozložiteľný kuchynský a reštauračný odpad,20 01 08,odpad,celorocne,D
36450332,"Tatranská odpadová spoločnosť s.r.o., Žakovce",Žakovce,Kežmarok,Prešovský,49.081721,20.39728,Komunálny a gastro bioodpad,Odpadové hospodárstvo,bro_zahrady,Biologicky rozložiteľný odpad zo záhrad,20 02 01,odpad,sezonne_leto,D
36450332,"Tatranská odpadová spoločnosť s.r.o., Žakovce",Žakovce,Kežmarok,Prešovský,49.081721,20.39728,Komunálny a gastro bioodpad,Odpadové hospodárstvo,jedle_oleje_pouzite,Použité jedlé oleje a tuky,20 01 25,odpad,celorocne,D
36450332,"Tatranská odpadová spoločnosť s.r.o., Žakovce",Žakovce,Kežmarok,Prešovský,49.081721,20.39728,Komunálny a gastro bioodpad,Odpadové hospodárstvo,tuky_odlucovace,Tuky z odlučovačov,19 08 09,odpad,celorocne,D
36450332,"Tatranská odpadová spoločnosť s.r.o., Žakovce",Žakovce,Kežmarok,Prešovský,49.081721,20.39728,Komunálny a gastro bioodpad,Odpadové hospodárstvo,potraviny_po_dobe,Nepredané potraviny po dátume spotreby,20 01 08,odpad,celorocne,D
36470775,"MK Slovensko, s.r.o.",Oščadnica,Čadca,Žilinský,49.433333,18.883333,Potravinárstvo a nápoje,Pekáreň,pekarenske_zvysky,Pekárenské zvyšky,02 06 01,vedlajsi_produkt,celorocne,D
36470775,"MK Slovensko, s.r.o.",Oščadnica,Čadca,Žilinský,49.433333,18.883333,Potravinárstvo a nápoje,Pekáreň,cestovinove_zvysky,Cestovinové a múčne zvyšky,02 06 01,vedlajsi_produkt,celorocne,D
36473022,Pivovar u Dobřenských s. r. o.,Košice,Košice I,Košický,48.717227,21.249677,Potravinárstvo a nápoje,Pivovar / minipivovar,pivovarske_mlato,Pivovarské mláto,02 07 01,vedlajsi_produkt,celorocne,D
36473022,Pivovar u Dobřenských s. r. o.,Košice,Košice I,Košický,48.717227,21.249677,Potravinárstvo a nápoje,Pivovar / minipivovar,pivovarske_kvasnice,Pivovarské kvasnice,02 07 05,vedlajsi_produkt,celorocne,D
36473022,Pivovar u Dobřenských s. r. o.,Košice,Košice I,Košický,48.717227,21.249677,Potravinárstvo a nápoje,Pivovar / minipivovar,chmelovy_mlat,Chmeľový mlát,02 07 01,odpad,celorocne,D
36473022,Pivovar u Dobřenských s. r. o.,Košice,Košice I,Košický,48.717227,21.249677,Potravinárstvo a nápoje,Pivovar / minipivovar,kremelinovy_kal,Kremelinový kal z filtrácie,02 07 05,odpad,celorocne,D
36485250,"Podtatranská vodárenská spoločnosť, a.s.",Poprad,Poprad,Prešovský,49.054152,20.29764,Komunálny a gastro bioodpad,Vodárenská spoločnosť (ČOV),cov_kal_komunalny,Kal z komunálnej ČOV,19 08 05,odpad,celorocne,D
36485250,"Podtatranská vodárenská spoločnosť, a.s.",Poprad,Poprad,Prešovský,49.054152,20.29764,Komunálny a gastro bioodpad,Vodárenská spoločnosť (ČOV),tuky_odlucovace,Tuky z odlučovačov,19 08 09,odpad,celorocne,D
36490369,"Mestské lesy Sabinov, s.r.o.",Sabinov,Sabinov,Prešovský,49.102044,21.100545,"Drevo, lesníctvo a ostatné",Mestské lesy,lesna_stiepka,Lesná štiepka a haluzina,02 01 07,vedlajsi_produkt,celorocne,D
36490369,"Mestské lesy Sabinov, s.r.o.",Sabinov,Sabinov,Prešovský,49.102044,21.100545,"Drevo, lesníctvo a ostatné",Mestské lesy,kora,Odpadová kôra,03 01 01,vedlajsi_produkt,celorocne,D
36490369,"Mestské lesy Sabinov, s.r.o.",Sabinov,Sabinov,Prešovský,49.102044,21.100545,"Drevo, lesníctvo a ostatné",Mestské lesy,odrezky_dreva,Odrezky a drevný odpad,03 01 05,vedlajsi_produkt,celorocne,D
36490369,"Mestské lesy Sabinov, s.r.o.",Sabinov,Sabinov,Prešovský,49.102044,21.100545,"Drevo, lesníctvo a ostatné",Mestské lesy,konare_stiepka,Konáre a drevná štiepka z údržby zelene,20 02 01,odpad,sezonne_jar,D
36497622,"Tatranská sladovňa, s.r.o.",Poprad,Poprad,Prešovský,49.054152,20.29764,Potravinárstvo a nápoje,Sladovňa,sladovy_klicok,Sladový klíčok,02 07 01,krmna_surovina,celorocne,D
36497622,"Tatranská sladovňa, s.r.o.",Poprad,Poprad,Prešovský,49.054152,20.29764,Potravinárstvo a nápoje,Sladovňa,sladovy_prach,Sladový prach a plevy,02 07 01,vedlajsi_produkt,celorocne,D
36504807,HYDINA KUBUS s.r.o.,Veľký Slavkov,Poprad,Prešovský,49.093395,20.282281,Poľnohospodárstvo a chov,Hydinárska prevádzka,perie,Perie z hydinových bitúnkov,02 02 02,odpad,celorocne,D
36504807,HYDINA KUBUS s.r.o.,Veľký Slavkov,Poprad,Prešovský,49.093395,20.282281,Poľnohospodárstvo a chov,Hydinárska prevádzka,hydinovy_trus,Hydinový trus a podstielka,02 01 06,odpad,celorocne,D
36504807,HYDINA KUBUS s.r.o.,Veľký Slavkov,Poprad,Prešovský,49.093395,20.282281,Poľnohospodárstvo a chov,Hydinárska prevádzka,krv_bitunok,Krv z bitúnku,02 02 03,vedlajsi_produkt,celorocne,D
36504807,HYDINA KUBUS s.r.o.,Veľký Slavkov,Poprad,Prešovský,49.093395,20.282281,Poľnohospodárstvo a chov,Hydinárska prevádzka,kadavery,Uhynuté zvieratá (kadávery),02 01 02,odpad,celorocne,D
36504807,HYDINA KUBUS s.r.o.,Veľký Slavkov,Poprad,Prešovský,49.093395,20.282281,Poľnohospodárstvo a chov,Hydinárska prevádzka,zvp_kat3,Živočíšne vedľajšie produkty kategórie 3,02 02 02,vedlajsi_produkt,celorocne,D
36504807,HYDINA KUBUS s.r.o.,Veľký Slavkov,Poprad,Prešovský,49.093395,20.282281,Poľnohospodárstvo a chov,Hydinárska prevádzka,zvp_kat2,Živočíšne vedľajšie produkty kategórie 2,02 02 02,odpad,celorocne,D
36505323,"MÄSOVÝROBA ŠTEFAN KNIŽKA, s.r.o.",Hranovnica,Poprad,Prešovský,48.987283,20.308073,Potravinárstvo a nápoje,Mäsospracovanie,kostny_zvysok,Kosti a kostné zvyšky,02 02 02,vedlajsi_produkt,celorocne,D
36505323,"MÄSOVÝROBA ŠTEFAN KNIŽKA, s.r.o.",Hranovnica,Poprad,Prešovský,48.987283,20.308073,Potravinárstvo a nápoje,Mäsospracovanie,kozne_odrezky,Kožné odrezky a podkožný tuk,02 02 02,odpad,celorocne,D
36505323,"MÄSOVÝROBA ŠTEFAN KNIŽKA, s.r.o.",Hranovnica,Poprad,Prešovský,48.987283,20.308073,Potravinárstvo a nápoje,Mäsospracovanie,masovy_flotacny_kal,Flotačný kal z mäsospracovania,02 02 04,odpad,celorocne,D
36505323,"MÄSOVÝROBA ŠTEFAN KNIŽKA, s.r.o.",Hranovnica,Poprad,Prešovský,48.987283,20.308073,Potravinárstvo a nápoje,Mäsospracovanie,zvp_kat3,Živočíšne vedľajšie produkty kategórie 3,02 02 02,vedlajsi_produkt,celorocne,D
36505323,"MÄSOVÝROBA ŠTEFAN KNIŽKA, s.r.o.",Hranovnica,Poprad,Prešovský,48.987283,20.308073,Potravinárstvo a nápoje,Mäsospracovanie,technicky_zivocisny_tuk,Technický živočíšny tuk,02 02 03,vedlajsi_produkt,celorocne,D
36505323,"MÄSOVÝROBA ŠTEFAN KNIŽKA, s.r.o.",Hranovnica,Poprad,Prešovský,48.987283,20.308073,Potravinárstvo a nápoje,Mäsospracovanie,masokostna_mucka,Mäsokostná múčka,02 02 02,odpad,celorocne,D
36509108,"Nemocnica Snina, s.r.o.",Snina,Snina,Prešovský,48.990062,22.155625,Gastro a stravovacie zariadenia,Nemocnica,nemocnicny_kuchynsky_odpad,Kuchynský odpad zo zdravotníckych a sociálnych zariadení,20 01 08,odpad,celorocne,D
36509108,"Nemocnica Snina, s.r.o.",Snina,Snina,Prešovský,48.990062,22.155625,Gastro a stravovacie zariadenia,Nemocnica,zvysky_z_taniera,Zvyšky z taniera,20 01 08,odpad,celorocne,D
36509108,"Nemocnica Snina, s.r.o.",Snina,Snina,Prešovský,48.990062,22.155625,Gastro a stravovacie zariadenia,Nemocnica,gastro_fritovaci_olej,Použitý fritovací olej z gastroprevádzok,20 01 25,odpad,celorocne,D
36513458,"Nemocnica Poprad, a.s.",Poprad,Poprad,Prešovský,49.054152,20.29764,Gastro a stravovacie zariadenia,Nemocnica,nemocnicny_kuchynsky_odpad,Kuchynský odpad zo zdravotníckych a sociálnych zariadení,20 01 08,odpad,celorocne,D
36513458,"Nemocnica Poprad, a.s.",Poprad,Poprad,Prešovský,49.054152,20.29764,Gastro a stravovacie zariadenia,Nemocnica,zvysky_z_taniera,Zvyšky z taniera,20 01 08,odpad,celorocne,D
36513458,"Nemocnica Poprad, a.s.",Poprad,Poprad,Prešovský,49.054152,20.29764,Gastro a stravovacie zariadenia,Nemocnica,gastro_fritovaci_olej,Použitý fritovací olej z gastroprevádzok,20 01 25,odpad,celorocne,D
36517828,BIO - EKOFARMA s.r.o.,Košeca,Ilava,Trenčiansky,49.016667,18.266667,Poľnohospodárstvo a chov,Živočíšna farma,hnoj_hovadzi,Maštaľný hnoj hovädzí,02 01 06,odpad,celorocne,D
36517828,BIO - EKOFARMA s.r.o.,Košeca,Ilava,Trenčiansky,49.016667,18.266667,Poľnohospodárstvo a chov,Živočíšna farma,hnojovica_osipane,Hnojovica ošípaných,02 01 06,odpad,celorocne,D
36517828,BIO - EKOFARMA s.r.o.,Košeca,Ilava,Trenčiansky,49.016667,18.266667,Poľnohospodárstvo a chov,Živočíšna farma,ovciarsky_hnoj,Ovčí a kozí hnoj,02 01 06,odpad,celorocne,D
36517828,BIO - EKOFARMA s.r.o.,Košeca,Ilava,Trenčiansky,49.016667,18.266667,Poľnohospodárstvo a chov,Živočíšna farma,travna_hmota_ttp,Trávna hmota z lúk a TTP,02 01 03,vedlajsi_produkt,sezonne_leto,D
36517828,BIO - EKOFARMA s.r.o.,Košeca,Ilava,Trenčiansky,49.016667,18.266667,Poľnohospodárstvo a chov,Živočíšna farma,kadavery,Uhynuté zvieratá (kadávery),02 01 02,odpad,celorocne,D
36520161,"COOP Jednota Komárno, spotrebné družstvo",Komárno,Komárno,Nitriansky,47.757388,18.129917,Retail a distribúcia potravín,Spotrebné družstvo (predajne),retail_ovocie_zelenina,Neupredané ovocie a zelenina z predajní,20 01 08,odpad,celorocne,D
36520161,"COOP Jednota Komárno, spotrebné družstvo",Komárno,Komárno,Nitriansky,47.757388,18.129917,Retail a distribúcia potravín,Spotrebné družstvo (predajne),retail_pecivo,Neupredané pečivo a pekárske výrobky,02 06 01,vedlajsi_produkt,celorocne,D
36520161,"COOP Jednota Komárno, spotrebné družstvo",Komárno,Komárno,Nitriansky,47.757388,18.129917,Retail a distribúcia potravín,Spotrebné družstvo (predajne),retail_mliecne,Mliečne výrobky po dátume minimálnej trvanlivosti,20 01 08,odpad,celorocne,D
36520161,"COOP Jednota Komárno, spotrebné družstvo",Komárno,Komárno,Nitriansky,47.757388,18.129917,Retail a distribúcia potravín,Spotrebné družstvo (predajne),retail_maso_zvysky,Mäsové a údenárske výrobky po dátume spotreby,02 02 03,odpad,celorocne,D
36520161,"COOP Jednota Komárno, spotrebné družstvo",Komárno,Komárno,Nitriansky,47.757388,18.129917,Retail a distribúcia potravín,Spotrebné družstvo (predajne),retail_zmesovy,Zmesový potravinový odpad z predajne,20 01 08,odpad,celorocne,D
36521973,"H.K. - AGRO, s.r.o.",Nesvady,Komárno,Nitriansky,47.929281,18.127526,Poľnohospodárstvo a chov,Poľnohospodársky podnik,slama_obilna,Obilná slama,02 01 03,vedlajsi_produkt,sezonne_leto,D
36521973,"H.K. - AGRO, s.r.o.",Nesvady,Komárno,Nitriansky,47.929281,18.127526,Poľnohospodárstvo a chov,Poľnohospodársky podnik,kukuricne_korovie,Kukuričné kôrovie a stonky,02 01 03,vedlajsi_produkt,sezonne_jesen,D
36521973,"H.K. - AGRO, s.r.o.",Nesvady,Komárno,Nitriansky,47.929281,18.127526,Poľnohospodárstvo a chov,Poľnohospodársky podnik,repkova_slama,Repková slama,02 01 03,vedlajsi_produkt,sezonne_leto,D
36521973,"H.K. - AGRO, s.r.o.",Nesvady,Komárno,Nitriansky,47.929281,18.127526,Poľnohospodárstvo a chov,Poľnohospodársky podnik,odpad_cistenie_zrna,Odpad z čistenia a sušenia obilia,02 01 03,vedlajsi_produkt,sezonne_leto,D
36521973,"H.K. - AGRO, s.r.o.",Nesvady,Komárno,Nitriansky,47.929281,18.127526,Poľnohospodárstvo a chov,Poľnohospodársky podnik,travna_hmota_ttp,Trávna hmota z lúk a TTP,02 01 03,vedlajsi_produkt,sezonne_leto,D
36536776,"PEKÁREŇ JURAJ OREMUS, spol. s r.o.",Bánov,Nové Zámky,Nitriansky,48.048624,18.191323,Potravinárstvo a nápoje,Pekáreň,pekarenske_zvysky,Pekárenské zvyšky,02 06 01,vedlajsi_produkt,celorocne,D
36536776,"PEKÁREŇ JURAJ OREMUS, spol. s r.o.",Bánov,Nové Zámky,Nitriansky,48.048624,18.191323,Potravinárstvo a nápoje,Pekáreň,cestovinove_zvysky,Cestovinové a múčne zvyšky,02 06 01,vedlajsi_produkt,celorocne,D
36540510,"Píla Zbrojníky, s.r.o.",Zbrojníky,Levice,Nitriansky,48.117035,18.702789,"Drevo, lesníctvo a ostatné",Píla a drevospracovanie,piliny,Piliny a hobliny,03 01 05,vedlajsi_produkt,celorocne,D
36540510,"Píla Zbrojníky, s.r.o.",Zbrojníky,Levice,Nitriansky,48.117035,18.702789,"Drevo, lesníctvo a ostatné",Píla a drevospracovanie,kora,Odpadová kôra,03 01 01,vedlajsi_produkt,celorocne,D
36540510,"Píla Zbrojníky, s.r.o.",Zbrojníky,Levice,Nitriansky,48.117035,18.702789,"Drevo, lesníctvo a ostatné",Píla a drevospracovanie,odrezky_dreva,Odrezky a drevný odpad,03 01 05,vedlajsi_produkt,celorocne,D
36541991,"Heineken Slovensko Sladovne, a.s.",Hurbanovo,Komárno,Nitriansky,47.869084,18.189095,Potravinárstvo a nápoje,Sladovňa,sladovy_klicok,Sladový klíčok,02 07 01,krmna_surovina,celorocne,D
36541991,"Heineken Slovensko Sladovne, a.s.",Hurbanovo,Komárno,Nitriansky,47.869084,18.189095,Potravinárstvo a nápoje,Sladovňa,sladovy_prach,Sladový prach a plevy,02 07 01,vedlajsi_produkt,celorocne,D
36544370,"DREVONA Píla Tekovský Hrádok, s.r.o.",Želiezovce,Levice,Nitriansky,48.049226,18.658355,"Drevo, lesníctvo a ostatné",Píla a drevospracovanie,piliny,Piliny a hobliny,03 01 05,vedlajsi_produkt,celorocne,D
36544370,"DREVONA Píla Tekovský Hrádok, s.r.o.",Želiezovce,Levice,Nitriansky,48.049226,18.658355,"Drevo, lesníctvo a ostatné",Píla a drevospracovanie,kora,Odpadová kôra,03 01 01,vedlajsi_produkt,celorocne,D
36544370,"DREVONA Píla Tekovský Hrádok, s.r.o.",Želiezovce,Levice,Nitriansky,48.049226,18.658355,"Drevo, lesníctvo a ostatné",Píla a drevospracovanie,odrezky_dreva,Odrezky a drevný odpad,03 01 05,vedlajsi_produkt,celorocne,D
36550949,"Západoslovenská vodárenská spoločnosť, a.s.",Nitra,Nitra,Nitriansky,48.31257,18.09061,Komunálny a gastro bioodpad,Vodárenská spoločnosť (ČOV),cov_kal_komunalny,Kal z komunálnej ČOV,19 08 05,odpad,celorocne,D
36550949,"Západoslovenská vodárenská spoločnosť, a.s.",Nitra,Nitra,Nitriansky,48.31257,18.09061,Komunálny a gastro bioodpad,Vodárenská spoločnosť (ČOV),tuky_odlucovace,Tuky z odlučovačov,19 08 09,odpad,celorocne,D
36552933,"Mliekofarma - SK, spol. s r.o.",Kvakovce,Vranov nad Topľou,Prešovský,48.983333,21.683333,Potravinárstvo a nápoje,Mliekáreň,srvatka_sladka,Sladká srvátka,02 05 01,vedlajsi_produkt,celorocne,D
36552933,"Mliekofarma - SK, spol. s r.o.",Kvakovce,Vranov nad Topľou,Prešovský,48.983333,21.683333,Potravinárstvo a nápoje,Mliekáreň,srvatka_kysla,Kyslá srvátka,02 05 01,odpad,celorocne,D
36552933,"Mliekofarma - SK, spol. s r.o.",Kvakovce,Vranov nad Topľou,Prešovský,48.983333,21.683333,Potravinárstvo a nápoje,Mliekáreň,srvatkovy_permeat,Srvátkový permeát,02 05 01,vedlajsi_produkt,celorocne,D
36552933,"Mliekofarma - SK, spol. s r.o.",Kvakovce,Vranov nad Topľou,Prešovský,48.983333,21.683333,Potravinárstvo a nápoje,Mliekáreň,cmar,Cmar,02 05 01,krmna_surovina,celorocne,D
36552933,"Mliekofarma - SK, spol. s r.o.",Kvakovce,Vranov nad Topľou,Prešovský,48.983333,21.683333,Potravinárstvo a nápoje,Mliekáreň,mliekarensky_kal,Kal z mliekarenskej ČOV,02 05 02,odpad,celorocne,D
36555096,"Ponitrianska mliekarenská spoločnosť, s.r.o.",Bánov,Nové Zámky,Nitriansky,48.048624,18.191323,Potravinárstvo a nápoje,Mliekáreň,srvatka_sladka,Sladká srvátka,02 05 01,vedlajsi_produkt,celorocne,D
36555096,"Ponitrianska mliekarenská spoločnosť, s.r.o.",Bánov,Nové Zámky,Nitriansky,48.048624,18.191323,Potravinárstvo a nápoje,Mliekáreň,srvatka_kysla,Kyslá srvátka,02 05 01,odpad,celorocne,D
36555096,"Ponitrianska mliekarenská spoločnosť, s.r.o.",Bánov,Nové Zámky,Nitriansky,48.048624,18.191323,Potravinárstvo a nápoje,Mliekáreň,srvatkovy_permeat,Srvátkový permeát,02 05 01,vedlajsi_produkt,celorocne,D
36555096,"Ponitrianska mliekarenská spoločnosť, s.r.o.",Bánov,Nové Zámky,Nitriansky,48.048624,18.191323,Potravinárstvo a nápoje,Mliekáreň,cmar,Cmar,02 05 01,krmna_surovina,celorocne,D
36555096,"Ponitrianska mliekarenská spoločnosť, s.r.o.",Bánov,Nové Zámky,Nitriansky,48.048624,18.191323,Potravinárstvo a nápoje,Mliekáreň,mliekarensky_kal,Kal z mliekarenskej ČOV,02 05 02,odpad,celorocne,D
36558451,VVD - Vinohradnícko vinárske družstvo,Dvory nad Žitavou,Nové Zámky,Nitriansky,47.994311,18.268975,Potravinárstvo a nápoje,Vinárstvo,hroznove_vylisky,Hroznové výlisky (matolina),02 07 04,vedlajsi_produkt,sezonne_jesen,D
36558451,VVD - Vinohradnícko vinárske družstvo,Dvory nad Žitavou,Nové Zámky,Nitriansky,47.994311,18.268975,Potravinárstvo a nápoje,Vinárstvo,vinne_kaly,Vínne kaly,02 07 05,odpad,sezonne_jesen,D
36558451,VVD - Vinohradnícko vinárske družstvo,Dvory nad Žitavou,Nové Zámky,Nitriansky,47.994311,18.268975,Potravinárstvo a nápoje,Vinárstvo,hroznove_stopky,Hroznové stopky (strapiny),02 07 01,odpad,sezonne_jesen,D
36558486,ZPD - Zeleninársko potravinárske družstvo,Dvory nad Žitavou,Nové Zámky,Nitriansky,47.994311,18.268975,Potravinárstvo a nápoje,Vinárstvo,hroznove_vylisky,Hroznové výlisky (matolina),02 07 04,vedlajsi_produkt,sezonne_jesen,D
36558486,ZPD - Zeleninársko potravinárske družstvo,Dvory nad Žitavou,Nové Zámky,Nitriansky,47.994311,18.268975,Potravinárstvo a nápoje,Vinárstvo,vinne_kaly,Vínne kaly,02 07 05,odpad,sezonne_jesen,D
36558486,ZPD - Zeleninársko potravinárske družstvo,Dvory nad Žitavou,Nové Zámky,Nitriansky,47.994311,18.268975,Potravinárstvo a nápoje,Vinárstvo,hroznove_stopky,Hroznové stopky (strapiny),02 07 01,odpad,sezonne_jesen,D
36559946,"AGROLIM, s.r.o.",Hurbanovo,Komárno,Nitriansky,47.869084,18.189095,Poľnohospodárstvo a chov,Poľnohospodársky podnik,slama_obilna,Obilná slama,02 01 03,vedlajsi_produkt,sezonne_leto,D
36559946,"AGROLIM, s.r.o.",Hurbanovo,Komárno,Nitriansky,47.869084,18.189095,Poľnohospodárstvo a chov,Poľnohospodársky podnik,kukuricne_korovie,Kukuričné kôrovie a stonky,02 01 03,vedlajsi_produkt,sezonne_jesen,D
36559946,"AGROLIM, s.r.o.",Hurbanovo,Komárno,Nitriansky,47.869084,18.189095,Poľnohospodárstvo a chov,Poľnohospodársky podnik,repkova_slama,Repková slama,02 01 03,vedlajsi_produkt,sezonne_leto,D
36559946,"AGROLIM, s.r.o.",Hurbanovo,Komárno,Nitriansky,47.869084,18.189095,Poľnohospodárstvo a chov,Poľnohospodársky podnik,odpad_cistenie_zrna,Odpad z čistenia a sušenia obilia,02 01 03,vedlajsi_produkt,sezonne_leto,D
36559946,"AGROLIM, s.r.o.",Hurbanovo,Komárno,Nitriansky,47.869084,18.189095,Poľnohospodárstvo a chov,Poľnohospodársky podnik,travna_hmota_ttp,Trávna hmota z lúk a TTP,02 01 03,vedlajsi_produkt,sezonne_leto,D
36563242,"Hotel Nitra, s.r.o.",Nitra,Nitra,Nitriansky,48.31257,18.09061,Gastro a stravovacie zariadenia,Hotel,gastro_kuchynsky_odpad,Kuchynský odpad z reštaurácií a hotelov,20 01 08,odpad,celorocne,D
36563242,"Hotel Nitra, s.r.o.",Nitra,Nitra,Nitriansky,48.31257,18.09061,Gastro a stravovacie zariadenia,Hotel,zvysky_z_taniera,Zvyšky z taniera,20 01 08,odpad,celorocne,D
36563242,"Hotel Nitra, s.r.o.",Nitra,Nitra,Nitriansky,48.31257,18.09061,Gastro a stravovacie zariadenia,Hotel,gastro_fritovaci_olej,Použitý fritovací olej z gastroprevádzok,20 01 25,odpad,celorocne,D
36563242,"Hotel Nitra, s.r.o.",Nitra,Nitra,Nitriansky,48.31257,18.09061,Gastro a stravovacie zariadenia,Hotel,gastro_kavova_sedlina,Kávová sedlina z gastroprevádzok,20 01 08,odpad,celorocne,D
36563242,"Hotel Nitra, s.r.o.",Nitra,Nitra,Nitriansky,48.31257,18.09061,Gastro a stravovacie zariadenia,Hotel,bro_zahrady,Biologicky rozložiteľný odpad zo záhrad,20 02 01,odpad,sezonne_leto,D
36566811,HYDINA KRIŽAN s. r. o.,Vlkas,Nové Zámky,Nitriansky,48.116667,18.283333,Poľnohospodárstvo a chov,Hydinárska prevádzka,perie,Perie z hydinových bitúnkov,02 02 02,odpad,celorocne,D
36566811,HYDINA KRIŽAN s. r. o.,Vlkas,Nové Zámky,Nitriansky,48.116667,18.283333,Poľnohospodárstvo a chov,Hydinárska prevádzka,hydinovy_trus,Hydinový trus a podstielka,02 01 06,odpad,celorocne,D
36566811,HYDINA KRIŽAN s. r. o.,Vlkas,Nové Zámky,Nitriansky,48.116667,18.283333,Poľnohospodárstvo a chov,Hydinárska prevádzka,krv_bitunok,Krv z bitúnku,02 02 03,vedlajsi_produkt,celorocne,D
36566811,HYDINA KRIŽAN s. r. o.,Vlkas,Nové Zámky,Nitriansky,48.116667,18.283333,Poľnohospodárstvo a chov,Hydinárska prevádzka,kadavery,Uhynuté zvieratá (kadávery),02 01 02,odpad,celorocne,D
36566811,HYDINA KRIŽAN s. r. o.,Vlkas,Nové Zámky,Nitriansky,48.116667,18.283333,Poľnohospodárstvo a chov,Hydinárska prevádzka,zvp_kat3,Živočíšne vedľajšie produkty kategórie 3,02 02 02,vedlajsi_produkt,celorocne,D
36566811,HYDINA KRIŽAN s. r. o.,Vlkas,Nové Zámky,Nitriansky,48.116667,18.283333,Poľnohospodárstvo a chov,Hydinárska prevádzka,zvp_kat2,Živočíšne vedľajšie produkty kategórie 2,02 02 02,odpad,celorocne,D
36570109,MOJA Jedáleň s.r.o.,Parchovany,Trebišov,Košický,48.75,21.716667,Gastro a stravovacie zariadenia,Závodná a verejná jedáleň,gastro_kuchynsky_odpad,Kuchynský odpad z reštaurácií a hotelov,20 01 08,odpad,celorocne,D
36570109,MOJA Jedáleň s.r.o.,Parchovany,Trebišov,Košický,48.75,21.716667,Gastro a stravovacie zariadenia,Závodná a verejná jedáleň,zvysky_z_taniera,Zvyšky z taniera,20 01 08,odpad,celorocne,D
36570109,MOJA Jedáleň s.r.o.,Parchovany,Trebišov,Košický,48.75,21.716667,Gastro a stravovacie zariadenia,Závodná a verejná jedáleň,gastro_fritovaci_olej,Použitý fritovací olej z gastroprevádzok,20 01 25,odpad,celorocne,D
36570109,MOJA Jedáleň s.r.o.,Parchovany,Trebišov,Košický,48.75,21.716667,Gastro a stravovacie zariadenia,Závodná a verejná jedáleň,tuky_odlucovace,Tuky z odlučovačov,19 08 09,odpad,celorocne,D
36574627,"Mestské lesy a majetky, spol. s r.o.",Spišské Vlachy,Spišská Nová Ves,Košický,48.947914,20.797352,"Drevo, lesníctvo a ostatné",Mestské lesy,lesna_stiepka,Lesná štiepka a haluzina,02 01 07,vedlajsi_produkt,celorocne,D
36574627,"Mestské lesy a majetky, spol. s r.o.",Spišské Vlachy,Spišská Nová Ves,Košický,48.947914,20.797352,"Drevo, lesníctvo a ostatné",Mestské lesy,kora,Odpadová kôra,03 01 01,vedlajsi_produkt,celorocne,D
36574627,"Mestské lesy a majetky, spol. s r.o.",Spišské Vlachy,Spišská Nová Ves,Košický,48.947914,20.797352,"Drevo, lesníctvo a ostatné",Mestské lesy,odrezky_dreva,Odrezky a drevný odpad,03 01 05,vedlajsi_produkt,celorocne,D
36574627,"Mestské lesy a majetky, spol. s r.o.",Spišské Vlachy,Spišská Nová Ves,Košický,48.947914,20.797352,"Drevo, lesníctvo a ostatné",Mestské lesy,konare_stiepka,Konáre a drevná štiepka z údržby zelene,20 02 01,odpad,sezonne_jar,D
36588016,VINÁRSTVO Viničky s.r.o.,Ladmovce,Trebišov,Košický,48.416667,21.783333,Potravinárstvo a nápoje,Vinárstvo,hroznove_vylisky,Hroznové výlisky (matolina),02 07 04,vedlajsi_produkt,sezonne_jesen,D
36588016,VINÁRSTVO Viničky s.r.o.,Ladmovce,Trebišov,Košický,48.416667,21.783333,Potravinárstvo a nápoje,Vinárstvo,vinne_kaly,Vínne kaly,02 07 05,odpad,sezonne_jesen,D
36588016,VINÁRSTVO Viničky s.r.o.,Ladmovce,Trebišov,Košický,48.416667,21.783333,Potravinárstvo a nápoje,Vinárstvo,hroznove_stopky,Hroznové stopky (strapiny),02 07 01,odpad,sezonne_jesen,D
36594849,Nemocnica AGEL Levoča a.s.,Levoča,Levoča,Prešovský,49.025112,20.587999,Gastro a stravovacie zariadenia,Nemocnica,nemocnicny_kuchynsky_odpad,Kuchynský odpad zo zdravotníckych a sociálnych zariadení,20 01 08,odpad,celorocne,D
36594849,Nemocnica AGEL Levoča a.s.,Levoča,Levoča,Prešovský,49.025112,20.587999,Gastro a stravovacie zariadenia,Nemocnica,zvysky_z_taniera,Zvyšky z taniera,20 01 08,odpad,celorocne,D
36594849,Nemocnica AGEL Levoča a.s.,Levoča,Levoča,Prešovský,49.025112,20.587999,Gastro a stravovacie zariadenia,Nemocnica,gastro_fritovaci_olej,Použitý fritovací olej z gastroprevádzok,20 01 25,odpad,celorocne,D
36597341,"Nemocnica s poliklinikou sv. Barbory Rožňava, a.s.",Rožňava,Rožňava,Košický,48.654392,20.531184,Gastro a stravovacie zariadenia,Nemocnica,nemocnicny_kuchynsky_odpad,Kuchynský odpad zo zdravotníckych a sociálnych zariadení,20 01 08,odpad,celorocne,D
36597341,"Nemocnica s poliklinikou sv. Barbory Rožňava, a.s.",Rožňava,Rožňava,Košický,48.654392,20.531184,Gastro a stravovacie zariadenia,Nemocnica,zvysky_z_taniera,Zvyšky z taniera,20 01 08,odpad,celorocne,D
36597341,"Nemocnica s poliklinikou sv. Barbory Rožňava, a.s.",Rožňava,Rožňava,Košický,48.654392,20.531184,Gastro a stravovacie zariadenia,Nemocnica,gastro_fritovaci_olej,Použitý fritovací olej z gastroprevádzok,20 01 25,odpad,celorocne,D
36597350,"Nemocnica s poliklinikou Spišská Nová Ves, a.s.",Spišská Nová Ves,Spišská Nová Ves,Košický,48.943534,20.562964,Gastro a stravovacie zariadenia,Nemocnica,nemocnicny_kuchynsky_odpad,Kuchynský odpad zo zdravotníckych a sociálnych zariadení,20 01 08,odpad,celorocne,D
36597350,"Nemocnica s poliklinikou Spišská Nová Ves, a.s.",Spišská Nová Ves,Spišská Nová Ves,Košický,48.943534,20.562964,Gastro a stravovacie zariadenia,Nemocnica,zvysky_z_taniera,Zvyšky z taniera,20 01 08,odpad,celorocne,D
36597350,"Nemocnica s poliklinikou Spišská Nová Ves, a.s.",Spišská Nová Ves,Spišská Nová Ves,Košický,48.943534,20.562964,Gastro a stravovacie zariadenia,Nemocnica,gastro_fritovaci_olej,Použitý fritovací olej z gastroprevádzok,20 01 25,odpad,celorocne,D
36597376,"Nemocnica s poliklinikou Trebišov, a.s.",Trebišov,Trebišov,Košický,48.628622,21.720171,Gastro a stravovacie zariadenia,Nemocnica,nemocnicny_kuchynsky_odpad,Kuchynský odpad zo zdravotníckych a sociálnych zariadení,20 01 08,odpad,celorocne,D
36597376,"Nemocnica s poliklinikou Trebišov, a.s.",Trebišov,Trebišov,Košický,48.628622,21.720171,Gastro a stravovacie zariadenia,Nemocnica,zvysky_z_taniera,Zvyšky z taniera,20 01 08,odpad,celorocne,D
36597376,"Nemocnica s poliklinikou Trebišov, a.s.",Trebišov,Trebišov,Košický,48.628622,21.720171,Gastro a stravovacie zariadenia,Nemocnica,gastro_fritovaci_olej,Použitý fritovací olej z gastroprevádzok,20 01 25,odpad,celorocne,D
36597741,ILKE - BIOPLYNOVÁ STANICA spol. s r.o.,Kráľovský Chlmec,Trebišov,Košický,48.416667,21.983333,Komunálny a gastro bioodpad,Bioplynová stanica,digestat,Digestát z bioplynovej stanice,19 06 06,odpad,celorocne,D
36597741,ILKE - BIOPLYNOVÁ STANICA spol. s r.o.,Kráľovský Chlmec,Trebišov,Košický,48.416667,21.983333,Komunálny a gastro bioodpad,Bioplynová stanica,kukuricne_korovie,Kukuričné kôrovie a stonky,02 01 03,vedlajsi_produkt,sezonne_jesen,D
36597741,ILKE - BIOPLYNOVÁ STANICA spol. s r.o.,Kráľovský Chlmec,Trebišov,Košický,48.416667,21.983333,Komunálny a gastro bioodpad,Bioplynová stanica,hnojovica_osipane,Hnojovica ošípaných,02 01 06,odpad,celorocne,D
36603244,Kluknavská mliekáreň - obchodno - odbytové družstvo,Jaklovce,Gelnica,Košický,48.873225,20.995106,Potravinárstvo a nápoje,Mliekáreň,srvatka_sladka,Sladká srvátka,02 05 01,vedlajsi_produkt,celorocne,D
36603244,Kluknavská mliekáreň - obchodno - odbytové družstvo,Jaklovce,Gelnica,Košický,48.873225,20.995106,Potravinárstvo a nápoje,Mliekáreň,srvatka_kysla,Kyslá srvátka,02 05 01,odpad,celorocne,D
36603244,Kluknavská mliekáreň - obchodno - odbytové družstvo,Jaklovce,Gelnica,Košický,48.873225,20.995106,Potravinárstvo a nápoje,Mliekáreň,srvatkovy_permeat,Srvátkový permeát,02 05 01,vedlajsi_produkt,celorocne,D
36603244,Kluknavská mliekáreň - obchodno - odbytové družstvo,Jaklovce,Gelnica,Košický,48.873225,20.995106,Potravinárstvo a nápoje,Mliekáreň,cmar,Cmar,02 05 01,krmna_surovina,celorocne,D
36603244,Kluknavská mliekáreň - obchodno - odbytové družstvo,Jaklovce,Gelnica,Košický,48.873225,20.995106,Potravinárstvo a nápoje,Mliekáreň,mliekarensky_kal,Kal z mliekarenskej ČOV,02 05 02,odpad,celorocne,D
36609111,"ŠPORTHOTEL TRNÁVKA, spol. s r.o.",Bratislava,Bratislava I,Bratislavský,48.153538,17.109671,Gastro a stravovacie zariadenia,Hotel,gastro_kuchynsky_odpad,Kuchynský odpad z reštaurácií a hotelov,20 01 08,odpad,celorocne,D
36609111,"ŠPORTHOTEL TRNÁVKA, spol. s r.o.",Bratislava,Bratislava I,Bratislavský,48.153538,17.109671,Gastro a stravovacie zariadenia,Hotel,zvysky_z_taniera,Zvyšky z taniera,20 01 08,odpad,celorocne,D
36609111,"ŠPORTHOTEL TRNÁVKA, spol. s r.o.",Bratislava,Bratislava I,Bratislavský,48.153538,17.109671,Gastro a stravovacie zariadenia,Hotel,gastro_fritovaci_olej,Použitý fritovací olej z gastroprevádzok,20 01 25,odpad,celorocne,D
36609111,"ŠPORTHOTEL TRNÁVKA, spol. s r.o.",Bratislava,Bratislava I,Bratislavský,48.153538,17.109671,Gastro a stravovacie zariadenia,Hotel,gastro_kavova_sedlina,Kávová sedlina z gastroprevádzok,20 01 08,odpad,celorocne,D
36609111,"ŠPORTHOTEL TRNÁVKA, spol. s r.o.",Bratislava,Bratislava I,Bratislavský,48.153538,17.109671,Gastro a stravovacie zariadenia,Hotel,bro_zahrady,Biologicky rozložiteľný odpad zo záhrad,20 02 01,odpad,sezonne_leto,D
36613100,"PÍLA NA ŠMÝKANCI, s.r.o.",Liptovský Peter,Liptovský Mikuláš,Žilinský,49.053383,19.735175,"Drevo, lesníctvo a ostatné",Píla a drevospracovanie,piliny,Piliny a hobliny,03 01 05,vedlajsi_produkt,celorocne,D
36613100,"PÍLA NA ŠMÝKANCI, s.r.o.",Liptovský Peter,Liptovský Mikuláš,Žilinský,49.053383,19.735175,"Drevo, lesníctvo a ostatné",Píla a drevospracovanie,kora,Odpadová kôra,03 01 01,vedlajsi_produkt,celorocne,D
36613100,"PÍLA NA ŠMÝKANCI, s.r.o.",Liptovský Peter,Liptovský Mikuláš,Žilinský,49.053383,19.735175,"Drevo, lesníctvo a ostatné",Píla a drevospracovanie,odrezky_dreva,Odrezky a drevný odpad,03 01 05,vedlajsi_produkt,celorocne,D
36613606,"Hotel N°16, s.r.o.",Bratislava - mestská časť Staré Mesto,Bratislava I,Bratislavský,48.140553,17.112478,Gastro a stravovacie zariadenia,Hotel,gastro_kuchynsky_odpad,Kuchynský odpad z reštaurácií a hotelov,20 01 08,odpad,celorocne,D
36613606,"Hotel N°16, s.r.o.",Bratislava - mestská časť Staré Mesto,Bratislava I,Bratislavský,48.140553,17.112478,Gastro a stravovacie zariadenia,Hotel,zvysky_z_taniera,Zvyšky z taniera,20 01 08,odpad,celorocne,D
36613606,"Hotel N°16, s.r.o.",Bratislava - mestská časť Staré Mesto,Bratislava I,Bratislavský,48.140553,17.112478,Gastro a stravovacie zariadenia,Hotel,gastro_fritovaci_olej,Použitý fritovací olej z gastroprevádzok,20 01 25,odpad,celorocne,D
36613606,"Hotel N°16, s.r.o.",Bratislava - mestská časť Staré Mesto,Bratislava I,Bratislavský,48.140553,17.112478,Gastro a stravovacie zariadenia,Hotel,gastro_kavova_sedlina,Kávová sedlina z gastroprevádzok,20 01 08,odpad,celorocne,D
36613606,"Hotel N°16, s.r.o.",Bratislava - mestská časť Staré Mesto,Bratislava I,Bratislavský,48.140553,17.112478,Gastro a stravovacie zariadenia,Hotel,bro_zahrady,Biologicky rozložiteľný odpad zo záhrad,20 02 01,odpad,sezonne_leto,D
36623199,"Starohorská vinárska spoločnosť, družstvo",Sebechleby,Krupina,Banskobystrický,48.275107,18.952016,Potravinárstvo a nápoje,Vinárstvo,hroznove_vylisky,Hroznové výlisky (matolina),02 07 04,vedlajsi_produkt,sezonne_jesen,D
36623199,"Starohorská vinárska spoločnosť, družstvo",Sebechleby,Krupina,Banskobystrický,48.275107,18.952016,Potravinárstvo a nápoje,Vinárstvo,vinne_kaly,Vínne kaly,02 07 05,odpad,sezonne_jesen,D
36623199,"Starohorská vinárska spoločnosť, družstvo",Sebechleby,Krupina,Banskobystrický,48.275107,18.952016,Potravinárstvo a nápoje,Vinárstvo,hroznove_stopky,Hroznové stopky (strapiny),02 07 01,odpad,sezonne_jesen,D
36632945,"PEKÁREŇ LOPEJ, s.r.o.",Lopej,,,,,Potravinárstvo a nápoje,Pekáreň,pekarenske_zvysky,Pekárenské zvyšky,02 06 01,vedlajsi_produkt,celorocne,D
36632945,"PEKÁREŇ LOPEJ, s.r.o.",Lopej,,,,,Potravinárstvo a nápoje,Pekáreň,cestovinove_zvysky,Cestovinové a múčne zvyšky,02 06 01,vedlajsi_produkt,celorocne,D
36635359,"Slatinská pekáreň, s.r.o.",Kriváň,Detva,Banskobystrický,48.530221,19.444957,Potravinárstvo a nápoje,Pekáreň,pekarenske_zvysky,Pekárenské zvyšky,02 06 01,vedlajsi_produkt,celorocne,D
36635359,"Slatinská pekáreň, s.r.o.",Kriváň,Detva,Banskobystrický,48.530221,19.444957,Potravinárstvo a nápoje,Pekáreň,cestovinove_zvysky,Cestovinové a múčne zvyšky,02 06 01,vedlajsi_produkt,celorocne,D
36643807,"Mestské lesy Lučenec, s.r.o.",Lučenec,Lučenec,Banskobystrický,48.330282,19.664144,"Drevo, lesníctvo a ostatné",Mestské lesy,lesna_stiepka,Lesná štiepka a haluzina,02 01 07,vedlajsi_produkt,celorocne,D
36643807,"Mestské lesy Lučenec, s.r.o.",Lučenec,Lučenec,Banskobystrický,48.330282,19.664144,"Drevo, lesníctvo a ostatné",Mestské lesy,kora,Odpadová kôra,03 01 01,vedlajsi_produkt,celorocne,D
36643807,"Mestské lesy Lučenec, s.r.o.",Lučenec,Lučenec,Banskobystrický,48.330282,19.664144,"Drevo, lesníctvo a ostatné",Mestské lesy,odrezky_dreva,Odrezky a drevný odpad,03 01 05,vedlajsi_produkt,celorocne,D
36643807,"Mestské lesy Lučenec, s.r.o.",Lučenec,Lučenec,Banskobystrický,48.330282,19.664144,"Drevo, lesníctvo a ostatné",Mestské lesy,konare_stiepka,Konáre a drevná štiepka z údržby zelene,20 02 01,odpad,sezonne_jar,D
36644811,"Mliekáreň Kopanice Selce, s.r.o.",Selce,Banská Bystrica,Banskobystrický,48.766999,19.200351,Potravinárstvo a nápoje,Mliekáreň,srvatka_sladka,Sladká srvátka,02 05 01,vedlajsi_produkt,celorocne,D
36644811,"Mliekáreň Kopanice Selce, s.r.o.",Selce,Banská Bystrica,Banskobystrický,48.766999,19.200351,Potravinárstvo a nápoje,Mliekáreň,srvatka_kysla,Kyslá srvátka,02 05 01,odpad,celorocne,D
36644811,"Mliekáreň Kopanice Selce, s.r.o.",Selce,Banská Bystrica,Banskobystrický,48.766999,19.200351,Potravinárstvo a nápoje,Mliekáreň,srvatkovy_permeat,Srvátkový permeát,02 05 01,vedlajsi_produkt,celorocne,D
36644811,"Mliekáreň Kopanice Selce, s.r.o.",Selce,Banská Bystrica,Banskobystrický,48.766999,19.200351,Potravinárstvo a nápoje,Mliekáreň,cmar,Cmar,02 05 01,krmna_surovina,celorocne,D
36644811,"Mliekáreň Kopanice Selce, s.r.o.",Selce,Banská Bystrica,Banskobystrický,48.766999,19.200351,Potravinárstvo a nápoje,Mliekáreň,mliekarensky_kal,Kal z mliekarenskej ČOV,02 05 02,odpad,celorocne,D
36645559,"Píla Bátka, s.r.o.",Rimavská Sobota,Rimavská Sobota,Banskobystrický,48.383832,20.016302,"Drevo, lesníctvo a ostatné",Píla a drevospracovanie,piliny,Piliny a hobliny,03 01 05,vedlajsi_produkt,celorocne,D
36645559,"Píla Bátka, s.r.o.",Rimavská Sobota,Rimavská Sobota,Banskobystrický,48.383832,20.016302,"Drevo, lesníctvo a ostatné",Píla a drevospracovanie,kora,Odpadová kôra,03 01 01,vedlajsi_produkt,celorocne,D
36645559,"Píla Bátka, s.r.o.",Rimavská Sobota,Rimavská Sobota,Banskobystrický,48.383832,20.016302,"Drevo, lesníctvo a ostatné",Píla a drevospracovanie,odrezky_dreva,Odrezky a drevný odpad,03 01 05,vedlajsi_produkt,celorocne,D
36645672,PEKÁREŇ U FLOSNÍKOV s.r.o.,Brezno,Brezno,Banskobystrický,48.805335,19.640961,Potravinárstvo a nápoje,Pekáreň,pekarenske_zvysky,Pekárenské zvyšky,02 06 01,vedlajsi_produkt,celorocne,D
36645672,PEKÁREŇ U FLOSNÍKOV s.r.o.,Brezno,Brezno,Banskobystrický,48.805335,19.640961,Potravinárstvo a nápoje,Pekáreň,cestovinove_zvysky,Cestovinové a múčne zvyšky,02 06 01,vedlajsi_produkt,celorocne,D
36648701,1. Súkromné Banskobystrické gymnázium s.r.o.,Banská Bystrica,Banská Bystrica,Banskobystrický,48.738539,19.156869,Gastro a stravovacie zariadenia,Stredná škola,skolsky_kuchynsky_odpad,Kuchynský odpad zo školských jedální,20 01 08,odpad,celorocne,D
36648701,1. Súkromné Banskobystrické gymnázium s.r.o.,Banská Bystrica,Banská Bystrica,Banskobystrický,48.738539,19.156869,Gastro a stravovacie zariadenia,Stredná škola,zvysky_z_taniera,Zvyšky z taniera,20 01 08,odpad,celorocne,D
36648701,1. Súkromné Banskobystrické gymnázium s.r.o.,Banská Bystrica,Banská Bystrica,Banskobystrický,48.738539,19.156869,Gastro a stravovacie zariadenia,Stredná škola,gastro_fritovaci_olej,Použitý fritovací olej z gastroprevádzok,20 01 25,odpad,celorocne,D
36648701,1. Súkromné Banskobystrické gymnázium s.r.o.,Banská Bystrica,Banská Bystrica,Banskobystrický,48.738539,19.156869,Gastro a stravovacie zariadenia,Stredná škola,bro_zahrady,Biologicky rozložiteľný odpad zo záhrad,20 02 01,odpad,sezonne_leto,D
36656372,"Vinárstvo BLAHO, s.r.o.",Zeleneč,Trnava,Trnavský,48.332228,17.594315,Potravinárstvo a nápoje,Vinárstvo,hroznove_vylisky,Hroznové výlisky (matolina),02 07 04,vedlajsi_produkt,sezonne_jesen,D
36656372,"Vinárstvo BLAHO, s.r.o.",Zeleneč,Trnava,Trnavský,48.332228,17.594315,Potravinárstvo a nápoje,Vinárstvo,vinne_kaly,Vínne kaly,02 07 05,odpad,sezonne_jesen,D
36656372,"Vinárstvo BLAHO, s.r.o.",Zeleneč,Trnava,Trnavský,48.332228,17.594315,Potravinárstvo a nápoje,Vinárstvo,hroznove_stopky,Hroznové stopky (strapiny),02 07 01,odpad,sezonne_jesen,D
36657301,Dunaj škrob Romada s.r.o.,Štúrovo,Nové Zámky,Nitriansky,47.797831,18.71486,Potravinárstvo a nápoje,Škrobáreň,skrobarenske_zvysky,Škrobárenské zvyšky,02 03 01,vedlajsi_produkt,celorocne,D
36657301,Dunaj škrob Romada s.r.o.,Štúrovo,Nové Zámky,Nitriansky,47.797831,18.71486,Potravinárstvo a nápoje,Škrobáreň,zemiakove_supky,Zemiakové šupky a orezky,02 03 04,vedlajsi_produkt,celorocne,D
36672076,"Považská vodárenská spoločnosť, a.s.",Považská Bystrica,Považská Bystrica,Trenčiansky,49.114507,18.447319,Komunálny a gastro bioodpad,Vodárenská spoločnosť (ČOV),cov_kal_komunalny,Kal z komunálnej ČOV,19 08 05,odpad,celorocne,D
36672076,"Považská vodárenská spoločnosť, a.s.",Považská Bystrica,Považská Bystrica,Trenčiansky,49.114507,18.447319,Komunálny a gastro bioodpad,Vodárenská spoločnosť (ČOV),tuky_odlucovace,Tuky z odlučovačov,19 08 09,odpad,celorocne,D
36672084,"Turčianska vodárenská spoločnosť, a.s.",Martin,Martin,Žilinský,49.07226,18.929174,Komunálny a gastro bioodpad,Vodárenská spoločnosť (ČOV),cov_kal_komunalny,Kal z komunálnej ČOV,19 08 05,odpad,celorocne,D
36672084,"Turčianska vodárenská spoločnosť, a.s.",Martin,Martin,Žilinský,49.07226,18.929174,Komunálny a gastro bioodpad,Vodárenská spoločnosť (ČOV),tuky_odlucovace,Tuky z odlučovačov,19 08 09,odpad,celorocne,D
36672254,"Oravská vodárenská spoločnosť, a.s.",Dolný Kubín,Dolný Kubín,Žilinský,49.218073,19.29539,Komunálny a gastro bioodpad,Vodárenská spoločnosť (ČOV),cov_kal_komunalny,Kal z komunálnej ČOV,19 08 05,odpad,celorocne,D
36672254,"Oravská vodárenská spoločnosť, a.s.",Dolný Kubín,Dolný Kubín,Žilinský,49.218073,19.29539,Komunálny a gastro bioodpad,Vodárenská spoločnosť (ČOV),tuky_odlucovace,Tuky z odlučovačov,19 08 09,odpad,celorocne,D
36672271,"Vodárenská spoločnosť Ružomberok, a. s.",Ružomberok,Ružomberok,Žilinský,49.08187,19.302965,Komunálny a gastro bioodpad,Vodárenská spoločnosť (ČOV),cov_kal_komunalny,Kal z komunálnej ČOV,19 08 05,odpad,celorocne,D
36672271,"Vodárenská spoločnosť Ružomberok, a. s.",Ružomberok,Ružomberok,Žilinský,49.08187,19.302965,Komunálny a gastro bioodpad,Vodárenská spoločnosť (ČOV),tuky_odlucovace,Tuky z odlučovačov,19 08 09,odpad,celorocne,D
36672441,"Liptovská vodárenská spoločnosť, a.s.",Liptovský Mikuláš,Liptovský Mikuláš,Žilinský,49.083333,19.616667,Komunálny a gastro bioodpad,Vodárenská spoločnosť (ČOV),cov_kal_komunalny,Kal z komunálnej ČOV,19 08 05,odpad,celorocne,D
36672441,"Liptovská vodárenská spoločnosť, a.s.",Liptovský Mikuláš,Liptovský Mikuláš,Žilinský,49.083333,19.616667,Komunálny a gastro bioodpad,Vodárenská spoločnosť (ČOV),tuky_odlucovace,Tuky z odlučovačov,19 08 09,odpad,celorocne,D
36682888,"Regionálna vodárenská spoločnosť Vlára - Váh, s.r.o.",Nemšová,Trenčín,Trenčiansky,48.961676,18.113025,Komunálny a gastro bioodpad,Vodárenská spoločnosť (ČOV),cov_kal_komunalny,Kal z komunálnej ČOV,19 08 05,odpad,celorocne,D
36682888,"Regionálna vodárenská spoločnosť Vlára - Váh, s.r.o.",Nemšová,Trenčín,Trenčiansky,48.961676,18.113025,Komunálny a gastro bioodpad,Vodárenská spoločnosť (ČOV),tuky_odlucovace,Tuky z odlučovačov,19 08 09,odpad,celorocne,D
36690473,"Spojená Nitrianska Pekáreň, a.s. (SNIPEK, a.s.)",Topoľčany,Topoľčany,Nitriansky,48.559116,18.176052,Potravinárstvo a nápoje,Pekáreň,pekarenske_zvysky,Pekárenské zvyšky,02 06 01,vedlajsi_produkt,celorocne,D
36690473,"Spojená Nitrianska Pekáreň, a.s. (SNIPEK, a.s.)",Topoľčany,Topoľčany,Nitriansky,48.559116,18.176052,Potravinárstvo a nápoje,Pekáreň,cestovinove_zvysky,Cestovinové a múčne zvyšky,02 06 01,vedlajsi_produkt,celorocne,D
36708780,"FISH&AGRO farma, s.r.o.",Lednické Rovne,Púchov,Trenčiansky,49.066667,18.283333,Poľnohospodárstvo a chov,Živočíšna farma,hnoj_hovadzi,Maštaľný hnoj hovädzí,02 01 06,odpad,celorocne,D
36708780,"FISH&AGRO farma, s.r.o.",Lednické Rovne,Púchov,Trenčiansky,49.066667,18.283333,Poľnohospodárstvo a chov,Živočíšna farma,hnojovica_osipane,Hnojovica ošípaných,02 01 06,odpad,celorocne,D
36708780,"FISH&AGRO farma, s.r.o.",Lednické Rovne,Púchov,Trenčiansky,49.066667,18.283333,Poľnohospodárstvo a chov,Živočíšna farma,ovciarsky_hnoj,Ovčí a kozí hnoj,02 01 06,odpad,celorocne,D
36708780,"FISH&AGRO farma, s.r.o.",Lednické Rovne,Púchov,Trenčiansky,49.066667,18.283333,Poľnohospodárstvo a chov,Živočíšna farma,travna_hmota_ttp,Trávna hmota z lúk a TTP,02 01 03,vedlajsi_produkt,sezonne_leto,D
36708780,"FISH&AGRO farma, s.r.o.",Lednické Rovne,Púchov,Trenčiansky,49.066667,18.283333,Poľnohospodárstvo a chov,Živočíšna farma,kadavery,Uhynuté zvieratá (kadávery),02 01 02,odpad,celorocne,D
36713091,"Nemocnica s poliklinikou Hlohovec, s.r.o.",Hlohovec,Hlohovec,Trnavský,48.427951,17.798585,Gastro a stravovacie zariadenia,Nemocnica,nemocnicny_kuchynsky_odpad,Kuchynský odpad zo zdravotníckych a sociálnych zariadení,20 01 08,odpad,celorocne,D
36713091,"Nemocnica s poliklinikou Hlohovec, s.r.o.",Hlohovec,Hlohovec,Trnavský,48.427951,17.798585,Gastro a stravovacie zariadenia,Nemocnica,zvysky_z_taniera,Zvyšky z taniera,20 01 08,odpad,celorocne,D
36713091,"Nemocnica s poliklinikou Hlohovec, s.r.o.",Hlohovec,Hlohovec,Trnavský,48.427951,17.798585,Gastro a stravovacie zariadenia,Nemocnica,gastro_fritovaci_olej,Použitý fritovací olej z gastroprevádzok,20 01 25,odpad,celorocne,D
36722804,Poľnohospodárske družstvo Krajné,Krajné,Myjava,Trenčiansky,48.700576,17.68716,Poľnohospodárstvo a chov,Poľnohospodárske družstvo,slama_obilna,Obilná slama,02 01 03,vedlajsi_produkt,sezonne_leto,D
36722804,Poľnohospodárske družstvo Krajné,Krajné,Myjava,Trenčiansky,48.700576,17.68716,Poľnohospodárstvo a chov,Poľnohospodárske družstvo,kukuricne_korovie,Kukuričné kôrovie a stonky,02 01 03,vedlajsi_produkt,sezonne_jesen,D
36722804,Poľnohospodárske družstvo Krajné,Krajné,Myjava,Trenčiansky,48.700576,17.68716,Poľnohospodárstvo a chov,Poľnohospodárske družstvo,repkova_slama,Repková slama,02 01 03,vedlajsi_produkt,sezonne_leto,D
36722804,Poľnohospodárske družstvo Krajné,Krajné,Myjava,Trenčiansky,48.700576,17.68716,Poľnohospodárstvo a chov,Poľnohospodárske družstvo,travna_hmota_ttp,Trávna hmota z lúk a TTP,02 01 03,vedlajsi_produkt,sezonne_leto,D
36722804,Poľnohospodárske družstvo Krajné,Krajné,Myjava,Trenčiansky,48.700576,17.68716,Poľnohospodárstvo a chov,Poľnohospodárske družstvo,hnoj_hovadzi,Maštaľný hnoj hovädzí,02 01 06,odpad,celorocne,D
36722804,Poľnohospodárske družstvo Krajné,Krajné,Myjava,Trenčiansky,48.700576,17.68716,Poľnohospodárstvo a chov,Poľnohospodárske družstvo,hnojovica_osipane,Hnojovica ošípaných,02 01 06,odpad,celorocne,D
36722804,Poľnohospodárske družstvo Krajné,Krajné,Myjava,Trenčiansky,48.700576,17.68716,Poľnohospodárstvo a chov,Poľnohospodárske družstvo,odpad_cistenie_zrna,Odpad z čistenia a sušenia obilia,02 01 03,vedlajsi_produkt,sezonne_leto,D
36722804,Poľnohospodárske družstvo Krajné,Krajné,Myjava,Trenčiansky,48.700576,17.68716,Poľnohospodárstvo a chov,Poľnohospodárske družstvo,slnecnicove_stonky,Slnečnicové stonky a úbory,02 01 03,odpad,sezonne_jesen,D
36723681,"Obchodná vodárenská spoločnosť Liptovské Matiašovce, s.r.o.",Liptovské Matiašovce,Liptovský Mikuláš,Žilinský,49.166667,19.566667,Komunálny a gastro bioodpad,Vodárenská spoločnosť (ČOV),cov_kal_komunalny,Kal z komunálnej ČOV,19 08 05,odpad,celorocne,D
36723681,"Obchodná vodárenská spoločnosť Liptovské Matiašovce, s.r.o.",Liptovské Matiašovce,Liptovský Mikuláš,Žilinský,49.166667,19.566667,Komunálny a gastro bioodpad,Vodárenská spoločnosť (ČOV),tuky_odlucovace,Tuky z odlučovačov,19 08 09,odpad,celorocne,D
36727156,"AGRO - PO, s.r.o.",Ivanka pri Nitre,Nitra,Nitriansky,48.233333,18.116667,Poľnohospodárstvo a chov,Poľnohospodársky podnik,slama_obilna,Obilná slama,02 01 03,vedlajsi_produkt,sezonne_leto,D
36727156,"AGRO - PO, s.r.o.",Ivanka pri Nitre,Nitra,Nitriansky,48.233333,18.116667,Poľnohospodárstvo a chov,Poľnohospodársky podnik,kukuricne_korovie,Kukuričné kôrovie a stonky,02 01 03,vedlajsi_produkt,sezonne_jesen,D
36727156,"AGRO - PO, s.r.o.",Ivanka pri Nitre,Nitra,Nitriansky,48.233333,18.116667,Poľnohospodárstvo a chov,Poľnohospodársky podnik,repkova_slama,Repková slama,02 01 03,vedlajsi_produkt,sezonne_leto,D
36727156,"AGRO - PO, s.r.o.",Ivanka pri Nitre,Nitra,Nitriansky,48.233333,18.116667,Poľnohospodárstvo a chov,Poľnohospodársky podnik,odpad_cistenie_zrna,Odpad z čistenia a sušenia obilia,02 01 03,vedlajsi_produkt,sezonne_leto,D
36727156,"AGRO - PO, s.r.o.",Ivanka pri Nitre,Nitra,Nitriansky,48.233333,18.116667,Poľnohospodárstvo a chov,Poľnohospodársky podnik,travna_hmota_ttp,Trávna hmota z lúk a TTP,02 01 03,vedlajsi_produkt,sezonne_leto,D
36727504,Reštaurácia Avalon s.r.o.,Bratislava,Bratislava I,Bratislavský,48.153538,17.109671,Gastro a stravovacie zariadenia,Reštaurácia,gastro_kuchynsky_odpad,Kuchynský odpad z reštaurácií a hotelov,20 01 08,odpad,celorocne,D
36727504,Reštaurácia Avalon s.r.o.,Bratislava,Bratislava I,Bratislavský,48.153538,17.109671,Gastro a stravovacie zariadenia,Reštaurácia,zvysky_z_taniera,Zvyšky z taniera,20 01 08,odpad,celorocne,D
36727504,Reštaurácia Avalon s.r.o.,Bratislava,Bratislava I,Bratislavský,48.153538,17.109671,Gastro a stravovacie zariadenia,Reštaurácia,gastro_fritovaci_olej,Použitý fritovací olej z gastroprevádzok,20 01 25,odpad,celorocne,D
36727504,Reštaurácia Avalon s.r.o.,Bratislava,Bratislava I,Bratislavský,48.153538,17.109671,Gastro a stravovacie zariadenia,Reštaurácia,gastro_kavova_sedlina,Kávová sedlina z gastroprevádzok,20 01 08,odpad,celorocne,D
36727504,Reštaurácia Avalon s.r.o.,Bratislava,Bratislava I,Bratislavský,48.153538,17.109671,Gastro a stravovacie zariadenia,Reštaurácia,tuky_odlucovace,Tuky z odlučovačov,19 08 09,odpad,celorocne,D
36735302,"Pivovarský dom, s. r. o.",Svit,Poprad,Prešovský,49.058236,20.196529,Potravinárstvo a nápoje,Pivovar / minipivovar,pivovarske_mlato,Pivovarské mláto,02 07 01,vedlajsi_produkt,celorocne,D
36735302,"Pivovarský dom, s. r. o.",Svit,Poprad,Prešovský,49.058236,20.196529,Potravinárstvo a nápoje,Pivovar / minipivovar,pivovarske_kvasnice,Pivovarské kvasnice,02 07 05,vedlajsi_produkt,celorocne,D
36735302,"Pivovarský dom, s. r. o.",Svit,Poprad,Prešovský,49.058236,20.196529,Potravinárstvo a nápoje,Pivovar / minipivovar,chmelovy_mlat,Chmeľový mlát,02 07 01,odpad,celorocne,D
36735302,"Pivovarský dom, s. r. o.",Svit,Poprad,Prešovský,49.058236,20.196529,Potravinárstvo a nápoje,Pivovar / minipivovar,kremelinovy_kal,Kremelinový kal z filtrácie,02 07 05,odpad,celorocne,D
36739596,"Prvý piešťanský pivovar, s. r. o.",Piešťany,Piešťany,Trnavský,48.589897,17.821604,Potravinárstvo a nápoje,Pivovar / minipivovar,pivovarske_mlato,Pivovarské mláto,02 07 01,vedlajsi_produkt,celorocne,D
36739596,"Prvý piešťanský pivovar, s. r. o.",Piešťany,Piešťany,Trnavský,48.589897,17.821604,Potravinárstvo a nápoje,Pivovar / minipivovar,pivovarske_kvasnice,Pivovarské kvasnice,02 07 05,vedlajsi_produkt,celorocne,D
36739596,"Prvý piešťanský pivovar, s. r. o.",Piešťany,Piešťany,Trnavský,48.589897,17.821604,Potravinárstvo a nápoje,Pivovar / minipivovar,chmelovy_mlat,Chmeľový mlát,02 07 01,odpad,celorocne,D
36739596,"Prvý piešťanský pivovar, s. r. o.",Piešťany,Piešťany,Trnavský,48.589897,17.821604,Potravinárstvo a nápoje,Pivovar / minipivovar,kremelinovy_kal,Kremelinový kal z filtrácie,02 07 05,odpad,celorocne,D
36774669,"Pekáreň Delika, s.r.o.",Rišňovce,Nitra,Nitriansky,48.369248,17.896178,Potravinárstvo a nápoje,Pekáreň,pekarenske_zvysky,Pekárenské zvyšky,02 06 01,vedlajsi_produkt,celorocne,D
36774669,"Pekáreň Delika, s.r.o.",Rišňovce,Nitra,Nitriansky,48.369248,17.896178,Potravinárstvo a nápoje,Pekáreň,cestovinove_zvysky,Cestovinové a múčne zvyšky,02 06 01,vedlajsi_produkt,celorocne,D
36776955,"Víno Hubinský, s. r. o.",Vinosady,Pezinok,Bratislavský,48.310552,17.29264,Potravinárstvo a nápoje,Vinárstvo,hroznove_vylisky,Hroznové výlisky (matolina),02 07 04,vedlajsi_produkt,sezonne_jesen,D
36776955,"Víno Hubinský, s. r. o.",Vinosady,Pezinok,Bratislavský,48.310552,17.29264,Potravinárstvo a nápoje,Vinárstvo,vinne_kaly,Vínne kaly,02 07 05,odpad,sezonne_jesen,D
36776955,"Víno Hubinský, s. r. o.",Vinosady,Pezinok,Bratislavský,48.310552,17.29264,Potravinárstvo a nápoje,Vinárstvo,hroznove_stopky,Hroznové stopky (strapiny),02 07 01,odpad,sezonne_jesen,D
36802026,Pivovar GOLEM s.r.o.,Košice,Košice I,Košický,48.717227,21.249677,Potravinárstvo a nápoje,Pivovar / minipivovar,pivovarske_mlato,Pivovarské mláto,02 07 01,vedlajsi_produkt,celorocne,D
36802026,Pivovar GOLEM s.r.o.,Košice,Košice I,Košický,48.717227,21.249677,Potravinárstvo a nápoje,Pivovar / minipivovar,pivovarske_kvasnice,Pivovarské kvasnice,02 07 05,vedlajsi_produkt,celorocne,D
36802026,Pivovar GOLEM s.r.o.,Košice,Košice I,Košický,48.717227,21.249677,Potravinárstvo a nápoje,Pivovar / minipivovar,chmelovy_mlat,Chmeľový mlát,02 07 01,odpad,celorocne,D
36802026,Pivovar GOLEM s.r.o.,Košice,Košice I,Košický,48.717227,21.249677,Potravinárstvo a nápoje,Pivovar / minipivovar,kremelinovy_kal,Kremelinový kal z filtrácie,02 07 05,odpad,celorocne,D
36803529,"MORUS KALMAY VINOHRADNÍCTVO VINÁRSTVO, s. r. o.",Ružomberok,Ružomberok,Žilinský,49.08187,19.302965,Potravinárstvo a nápoje,Vinárstvo,hroznove_vylisky,Hroznové výlisky (matolina),02 07 04,vedlajsi_produkt,sezonne_jesen,D
36803529,"MORUS KALMAY VINOHRADNÍCTVO VINÁRSTVO, s. r. o.",Ružomberok,Ružomberok,Žilinský,49.08187,19.302965,Potravinárstvo a nápoje,Vinárstvo,vinne_kaly,Vínne kaly,02 07 05,odpad,sezonne_jesen,D
36803529,"MORUS KALMAY VINOHRADNÍCTVO VINÁRSTVO, s. r. o.",Ružomberok,Ružomberok,Žilinský,49.08187,19.302965,Potravinárstvo a nápoje,Vinárstvo,hroznove_stopky,Hroznové stopky (strapiny),02 07 01,odpad,sezonne_jesen,D
36813443,PEKÁREŇ BECKOV s.r.o.,Bratislava - mestská časť Nové Mesto,Bratislava III,Bratislavský,48.167188,17.138349,Potravinárstvo a nápoje,Pekáreň,pekarenske_zvysky,Pekárenské zvyšky,02 06 01,vedlajsi_produkt,celorocne,D
36813443,PEKÁREŇ BECKOV s.r.o.,Bratislava - mestská časť Nové Mesto,Bratislava III,Bratislavský,48.167188,17.138349,Potravinárstvo a nápoje,Pekáreň,cestovinove_zvysky,Cestovinové a múčne zvyšky,02 06 01,vedlajsi_produkt,celorocne,D
36817571,HYDINA s. r. o.,Ondrejovce,Levice,Nitriansky,48.137625,18.518794,Poľnohospodárstvo a chov,Hydinárska prevádzka,perie,Perie z hydinových bitúnkov,02 02 02,odpad,celorocne,D
36817571,HYDINA s. r. o.,Ondrejovce,Levice,Nitriansky,48.137625,18.518794,Poľnohospodárstvo a chov,Hydinárska prevádzka,hydinovy_trus,Hydinový trus a podstielka,02 01 06,odpad,celorocne,D
36817571,HYDINA s. r. o.,Ondrejovce,Levice,Nitriansky,48.137625,18.518794,Poľnohospodárstvo a chov,Hydinárska prevádzka,krv_bitunok,Krv z bitúnku,02 02 03,vedlajsi_produkt,celorocne,D
36817571,HYDINA s. r. o.,Ondrejovce,Levice,Nitriansky,48.137625,18.518794,Poľnohospodárstvo a chov,Hydinárska prevádzka,kadavery,Uhynuté zvieratá (kadávery),02 01 02,odpad,celorocne,D
36817571,HYDINA s. r. o.,Ondrejovce,Levice,Nitriansky,48.137625,18.518794,Poľnohospodárstvo a chov,Hydinárska prevádzka,zvp_kat3,Živočíšne vedľajšie produkty kategórie 3,02 02 02,vedlajsi_produkt,celorocne,D
36817571,HYDINA s. r. o.,Ondrejovce,Levice,Nitriansky,48.137625,18.518794,Poľnohospodárstvo a chov,Hydinárska prevádzka,zvp_kat2,Živočíšne vedľajšie produkty kategórie 2,02 02 02,odpad,celorocne,D
36843148,"Zelenina Nižná Myšľa, s. r. o.",Nižná Myšľa,Košice - okolie,Košický,48.623714,21.363905,Poľnohospodárstvo a chov,Zeleninárstvo,zeleninove_orezky,Orezky a nepodarky zeleniny,02 03 04,odpad,sezonne_leto,D
36843148,"Zelenina Nižná Myšľa, s. r. o.",Nižná Myšľa,Košice - okolie,Košický,48.623714,21.363905,Poľnohospodárstvo a chov,Zeleninárstvo,kal_pranie_zeleniny,Kal z prania a lúpania zeleniny,02 03 01,odpad,sezonne_leto,D
36843148,"Zelenina Nižná Myšľa, s. r. o.",Nižná Myšľa,Košice - okolie,Košický,48.623714,21.363905,Poľnohospodárstvo a chov,Zeleninárstvo,vnate_pozberove,Vňate a pozberové zvyšky zeleniny,02 01 03,odpad,sezonne_jesen,D
36843148,"Zelenina Nižná Myšľa, s. r. o.",Nižná Myšľa,Košice - okolie,Košický,48.623714,21.363905,Poľnohospodárstvo a chov,Zeleninárstvo,zemiakove_supky,Zemiakové šupky a orezky,02 03 04,vedlajsi_produkt,celorocne,D
36845981,"ALEXANDRA HOTEL, s. r. o.",Púchov,Púchov,Trenčiansky,49.123992,18.324242,Gastro a stravovacie zariadenia,Hotel,gastro_kuchynsky_odpad,Kuchynský odpad z reštaurácií a hotelov,20 01 08,odpad,celorocne,D
36845981,"ALEXANDRA HOTEL, s. r. o.",Púchov,Púchov,Trenčiansky,49.123992,18.324242,Gastro a stravovacie zariadenia,Hotel,zvysky_z_taniera,Zvyšky z taniera,20 01 08,odpad,celorocne,D
36845981,"ALEXANDRA HOTEL, s. r. o.",Púchov,Púchov,Trenčiansky,49.123992,18.324242,Gastro a stravovacie zariadenia,Hotel,gastro_fritovaci_olej,Použitý fritovací olej z gastroprevádzok,20 01 25,odpad,celorocne,D
36845981,"ALEXANDRA HOTEL, s. r. o.",Púchov,Púchov,Trenčiansky,49.123992,18.324242,Gastro a stravovacie zariadenia,Hotel,gastro_kavova_sedlina,Kávová sedlina z gastroprevádzok,20 01 08,odpad,celorocne,D
36845981,"ALEXANDRA HOTEL, s. r. o.",Púchov,Púchov,Trenčiansky,49.123992,18.324242,Gastro a stravovacie zariadenia,Hotel,bro_zahrady,Biologicky rozložiteľný odpad zo záhrad,20 02 01,odpad,sezonne_leto,D
36920151,Viliam Ruman - Reštaurácia JAMAJKA,Galanta,Galanta,Trnavský,48.191057,17.727778,Gastro a stravovacie zariadenia,Reštaurácia,gastro_kuchynsky_odpad,Kuchynský odpad z reštaurácií a hotelov,20 01 08,odpad,celorocne,D
36920151,Viliam Ruman - Reštaurácia JAMAJKA,Galanta,Galanta,Trnavský,48.191057,17.727778,Gastro a stravovacie zariadenia,Reštaurácia,zvysky_z_taniera,Zvyšky z taniera,20 01 08,odpad,celorocne,D
36920151,Viliam Ruman - Reštaurácia JAMAJKA,Galanta,Galanta,Trnavský,48.191057,17.727778,Gastro a stravovacie zariadenia,Reštaurácia,gastro_fritovaci_olej,Použitý fritovací olej z gastroprevádzok,20 01 25,odpad,celorocne,D
36920151,Viliam Ruman - Reštaurácia JAMAJKA,Galanta,Galanta,Trnavský,48.191057,17.727778,Gastro a stravovacie zariadenia,Reštaurácia,gastro_kavova_sedlina,Kávová sedlina z gastroprevádzok,20 01 08,odpad,celorocne,D
36920151,Viliam Ruman - Reštaurácia JAMAJKA,Galanta,Galanta,Trnavský,48.191057,17.727778,Gastro a stravovacie zariadenia,Reštaurácia,tuky_odlucovace,Tuky z odlučovačov,19 08 09,odpad,celorocne,D
37586475,Jana Ježíková - POHOSTINSTVO BOHUMÍN,Turzovka,Čadca,Žilinský,49.402543,18.628775,Gastro a stravovacie zariadenia,Reštaurácia,gastro_kuchynsky_odpad,Kuchynský odpad z reštaurácií a hotelov,20 01 08,odpad,celorocne,D
37586475,Jana Ježíková - POHOSTINSTVO BOHUMÍN,Turzovka,Čadca,Žilinský,49.402543,18.628775,Gastro a stravovacie zariadenia,Reštaurácia,zvysky_z_taniera,Zvyšky z taniera,20 01 08,odpad,celorocne,D
37586475,Jana Ježíková - POHOSTINSTVO BOHUMÍN,Turzovka,Čadca,Žilinský,49.402543,18.628775,Gastro a stravovacie zariadenia,Reštaurácia,gastro_fritovaci_olej,Použitý fritovací olej z gastroprevádzok,20 01 25,odpad,celorocne,D
37586475,Jana Ježíková - POHOSTINSTVO BOHUMÍN,Turzovka,Čadca,Žilinský,49.402543,18.628775,Gastro a stravovacie zariadenia,Reštaurácia,gastro_kavova_sedlina,Kávová sedlina z gastroprevádzok,20 01 08,odpad,celorocne,D
37586475,Jana Ježíková - POHOSTINSTVO BOHUMÍN,Turzovka,Čadca,Žilinský,49.402543,18.628775,Gastro a stravovacie zariadenia,Reštaurácia,tuky_odlucovace,Tuky z odlučovačov,19 08 09,odpad,celorocne,D
37796046,"Cirkevná spojená škola, Švermova 10, Snina",Snina,Snina,Prešovský,48.990062,22.155625,Gastro a stravovacie zariadenia,Stredná škola,skolsky_kuchynsky_odpad,Kuchynský odpad zo školských jedální,20 01 08,odpad,celorocne,D
37796046,"Cirkevná spojená škola, Švermova 10, Snina",Snina,Snina,Prešovský,48.990062,22.155625,Gastro a stravovacie zariadenia,Stredná škola,zvysky_z_taniera,Zvyšky z taniera,20 01 08,odpad,celorocne,D
37796046,"Cirkevná spojená škola, Švermova 10, Snina",Snina,Snina,Prešovský,48.990062,22.155625,Gastro a stravovacie zariadenia,Stredná škola,gastro_fritovaci_olej,Použitý fritovací olej z gastroprevádzok,20 01 25,odpad,celorocne,D
37796046,"Cirkevná spojená škola, Švermova 10, Snina",Snina,Snina,Prešovský,48.990062,22.155625,Gastro a stravovacie zariadenia,Stredná škola,bro_zahrady,Biologicky rozložiteľný odpad zo záhrad,20 02 01,odpad,sezonne_leto,D
37810421,"Základná škola Janka Kráľa, Žiarska 679/13, Liptovský Mikuláš",Liptovský Mikuláš,Liptovský Mikuláš,Žilinský,49.083333,19.616667,Gastro a stravovacie zariadenia,Základná škola,skolsky_kuchynsky_odpad,Kuchynský odpad zo školských jedální,20 01 08,odpad,celorocne,D
37810421,"Základná škola Janka Kráľa, Žiarska 679/13, Liptovský Mikuláš",Liptovský Mikuláš,Liptovský Mikuláš,Žilinský,49.083333,19.616667,Gastro a stravovacie zariadenia,Základná škola,zvysky_z_taniera,Zvyšky z taniera,20 01 08,odpad,celorocne,D
37810421,"Základná škola Janka Kráľa, Žiarska 679/13, Liptovský Mikuláš",Liptovský Mikuláš,Liptovský Mikuláš,Žilinský,49.083333,19.616667,Gastro a stravovacie zariadenia,Základná škola,gastro_kavova_sedlina,Kávová sedlina z gastroprevádzok,20 01 08,odpad,celorocne,D
37810421,"Základná škola Janka Kráľa, Žiarska 679/13, Liptovský Mikuláš",Liptovský Mikuláš,Liptovský Mikuláš,Žilinský,49.083333,19.616667,Gastro a stravovacie zariadenia,Základná škola,bro_zahrady,Biologicky rozložiteľný odpad zo záhrad,20 02 01,odpad,sezonne_leto,D
37810472,"Základná škola Miloša Janošku, Ul. čs. brigády 4, Liptovský Mikuláš",Liptovský Mikuláš,Liptovský Mikuláš,Žilinský,49.083333,19.616667,Gastro a stravovacie zariadenia,Základná škola,skolsky_kuchynsky_odpad,Kuchynský odpad zo školských jedální,20 01 08,odpad,celorocne,D
37810472,"Základná škola Miloša Janošku, Ul. čs. brigády 4, Liptovský Mikuláš",Liptovský Mikuláš,Liptovský Mikuláš,Žilinský,49.083333,19.616667,Gastro a stravovacie zariadenia,Základná škola,zvysky_z_taniera,Zvyšky z taniera,20 01 08,odpad,celorocne,D
37810472,"Základná škola Miloša Janošku, Ul. čs. brigády 4, Liptovský Mikuláš",Liptovský Mikuláš,Liptovský Mikuláš,Žilinský,49.083333,19.616667,Gastro a stravovacie zariadenia,Základná škola,gastro_kavova_sedlina,Kávová sedlina z gastroprevádzok,20 01 08,odpad,celorocne,D
37810472,"Základná škola Miloša Janošku, Ul. čs. brigády 4, Liptovský Mikuláš",Liptovský Mikuláš,Liptovský Mikuláš,Žilinský,49.083333,19.616667,Gastro a stravovacie zariadenia,Základná škola,bro_zahrady,Biologicky rozložiteľný odpad zo záhrad,20 02 01,odpad,sezonne_leto,D
37810481,"Základná škola s materskou školou, Starojánska 11/11, Liptovský Ján",Liptovský Ján,Liptovský Mikuláš,Žilinský,49.049582,19.680264,Gastro a stravovacie zariadenia,Základná škola,skolsky_kuchynsky_odpad,Kuchynský odpad zo školských jedální,20 01 08,odpad,celorocne,D
37810481,"Základná škola s materskou školou, Starojánska 11/11, Liptovský Ján",Liptovský Ján,Liptovský Mikuláš,Žilinský,49.049582,19.680264,Gastro a stravovacie zariadenia,Základná škola,zvysky_z_taniera,Zvyšky z taniera,20 01 08,odpad,celorocne,D
37810481,"Základná škola s materskou školou, Starojánska 11/11, Liptovský Ján",Liptovský Ján,Liptovský Mikuláš,Žilinský,49.049582,19.680264,Gastro a stravovacie zariadenia,Základná škola,gastro_kavova_sedlina,Kávová sedlina z gastroprevádzok,20 01 08,odpad,celorocne,D
37810481,"Základná škola s materskou školou, Starojánska 11/11, Liptovský Ján",Liptovský Ján,Liptovský Mikuláš,Žilinský,49.049582,19.680264,Gastro a stravovacie zariadenia,Základná škola,bro_zahrady,Biologicky rozložiteľný odpad zo záhrad,20 02 01,odpad,sezonne_leto,D
37811711,"Základná škola Alexandra Dubčeka, Družstevná 11, Martin",Martin,Martin,Žilinský,49.07226,18.929174,Gastro a stravovacie zariadenia,Základná škola,skolsky_kuchynsky_odpad,Kuchynský odpad zo školských jedální,20 01 08,odpad,celorocne,D
37811711,"Základná škola Alexandra Dubčeka, Družstevná 11, Martin",Martin,Martin,Žilinský,49.07226,18.929174,Gastro a stravovacie zariadenia,Základná škola,zvysky_z_taniera,Zvyšky z taniera,20 01 08,odpad,celorocne,D
37811711,"Základná škola Alexandra Dubčeka, Družstevná 11, Martin",Martin,Martin,Žilinský,49.07226,18.929174,Gastro a stravovacie zariadenia,Základná škola,gastro_kavova_sedlina,Kávová sedlina z gastroprevádzok,20 01 08,odpad,celorocne,D
37811711,"Základná škola Alexandra Dubčeka, Družstevná 11, Martin",Martin,Martin,Žilinský,49.07226,18.929174,Gastro a stravovacie zariadenia,Základná škola,bro_zahrady,Biologicky rozložiteľný odpad zo záhrad,20 02 01,odpad,sezonne_leto,D
37811860,"Základná škola, Nade Hejnej 4, Martin",Martin,Martin,Žilinský,49.07226,18.929174,Gastro a stravovacie zariadenia,Základná škola,skolsky_kuchynsky_odpad,Kuchynský odpad zo školských jedální,20 01 08,odpad,celorocne,D
37811860,"Základná škola, Nade Hejnej 4, Martin",Martin,Martin,Žilinský,49.07226,18.929174,Gastro a stravovacie zariadenia,Základná škola,zvysky_z_taniera,Zvyšky z taniera,20 01 08,odpad,celorocne,D
37811860,"Základná škola, Nade Hejnej 4, Martin",Martin,Martin,Žilinský,49.07226,18.929174,Gastro a stravovacie zariadenia,Základná škola,gastro_kavova_sedlina,Kávová sedlina z gastroprevádzok,20 01 08,odpad,celorocne,D
37811860,"Základná škola, Nade Hejnej 4, Martin",Martin,Martin,Žilinský,49.07226,18.929174,Gastro a stravovacie zariadenia,Základná škola,bro_zahrady,Biologicky rozložiteľný odpad zo záhrad,20 02 01,odpad,sezonne_leto,D
37811894,"Základná škola s materskou školou, Podhájska 10A, Martin",Martin,Martin,Žilinský,49.07226,18.929174,Gastro a stravovacie zariadenia,Základná škola,skolsky_kuchynsky_odpad,Kuchynský odpad zo školských jedální,20 01 08,odpad,celorocne,D
37811894,"Základná škola s materskou školou, Podhájska 10A, Martin",Martin,Martin,Žilinský,49.07226,18.929174,Gastro a stravovacie zariadenia,Základná škola,zvysky_z_taniera,Zvyšky z taniera,20 01 08,odpad,celorocne,D
37811894,"Základná škola s materskou školou, Podhájska 10A, Martin",Martin,Martin,Žilinský,49.07226,18.929174,Gastro a stravovacie zariadenia,Základná škola,gastro_kavova_sedlina,Kávová sedlina z gastroprevádzok,20 01 08,odpad,celorocne,D
37811894,"Základná škola s materskou školou, Podhájska 10A, Martin",Martin,Martin,Žilinský,49.07226,18.929174,Gastro a stravovacie zariadenia,Základná škola,bro_zahrady,Biologicky rozložiteľný odpad zo záhrad,20 02 01,odpad,sezonne_leto,D
37811924,"Základná škola, P. Mudroňa 3, Martin",Martin,Martin,Žilinský,49.07226,18.929174,Gastro a stravovacie zariadenia,Základná škola,skolsky_kuchynsky_odpad,Kuchynský odpad zo školských jedální,20 01 08,odpad,celorocne,D
37811924,"Základná škola, P. Mudroňa 3, Martin",Martin,Martin,Žilinský,49.07226,18.929174,Gastro a stravovacie zariadenia,Základná škola,zvysky_z_taniera,Zvyšky z taniera,20 01 08,odpad,celorocne,D
37811924,"Základná škola, P. Mudroňa 3, Martin",Martin,Martin,Žilinský,49.07226,18.929174,Gastro a stravovacie zariadenia,Základná škola,gastro_kavova_sedlina,Kávová sedlina z gastroprevádzok,20 01 08,odpad,celorocne,D
37811924,"Základná škola, P. Mudroňa 3, Martin",Martin,Martin,Žilinský,49.07226,18.929174,Gastro a stravovacie zariadenia,Základná škola,bro_zahrady,Biologicky rozložiteľný odpad zo záhrad,20 02 01,odpad,sezonne_leto,D
37812009,"Základná škola s materskou školou, Priehradná 11, Martin",Martin,Martin,Žilinský,49.07226,18.929174,Gastro a stravovacie zariadenia,Základná škola,skolsky_kuchynsky_odpad,Kuchynský odpad zo školských jedální,20 01 08,odpad,celorocne,D
37812009,"Základná škola s materskou školou, Priehradná 11, Martin",Martin,Martin,Žilinský,49.07226,18.929174,Gastro a stravovacie zariadenia,Základná škola,zvysky_z_taniera,Zvyšky z taniera,20 01 08,odpad,celorocne,D
37812009,"Základná škola s materskou školou, Priehradná 11, Martin",Martin,Martin,Žilinský,49.07226,18.929174,Gastro a stravovacie zariadenia,Základná škola,gastro_kavova_sedlina,Kávová sedlina z gastroprevádzok,20 01 08,odpad,celorocne,D
37812009,"Základná škola s materskou školou, Priehradná 11, Martin",Martin,Martin,Žilinský,49.07226,18.929174,Gastro a stravovacie zariadenia,Základná škola,bro_zahrady,Biologicky rozložiteľný odpad zo záhrad,20 02 01,odpad,sezonne_leto,D
37812416,"Školská jedáleň, M. R. Štefánika 1, Vrútky",Vrútky,Martin,Žilinský,49.10886,18.92507,Gastro a stravovacie zariadenia,Školská jedáleň,skolsky_kuchynsky_odpad,Kuchynský odpad zo školských jedální,20 01 08,odpad,celorocne,D
37812416,"Školská jedáleň, M. R. Štefánika 1, Vrútky",Vrútky,Martin,Žilinský,49.10886,18.92507,Gastro a stravovacie zariadenia,Školská jedáleň,zvysky_z_taniera,Zvyšky z taniera,20 01 08,odpad,celorocne,D
37812416,"Školská jedáleň, M. R. Štefánika 1, Vrútky",Vrútky,Martin,Žilinský,49.10886,18.92507,Gastro a stravovacie zariadenia,Školská jedáleň,gastro_fritovaci_olej,Použitý fritovací olej z gastroprevádzok,20 01 25,odpad,celorocne,D
37812556,"Materská škola, Horný Vadičov 515",Horný Vadičov,Kysucké Nové Mesto,Žilinský,49.266667,18.883333,Gastro a stravovacie zariadenia,Materská škola,skolsky_kuchynsky_odpad,Kuchynský odpad zo školských jedální,20 01 08,odpad,celorocne,D
37812556,"Materská škola, Horný Vadičov 515",Horný Vadičov,Kysucké Nové Mesto,Žilinský,49.266667,18.883333,Gastro a stravovacie zariadenia,Materská škola,zvysky_z_taniera,Zvyšky z taniera,20 01 08,odpad,celorocne,D
37812556,"Materská škola, Horný Vadičov 515",Horný Vadičov,Kysucké Nové Mesto,Žilinský,49.266667,18.883333,Gastro a stravovacie zariadenia,Materská škola,bro_zahrady,Biologicky rozložiteľný odpad zo záhrad,20 02 01,odpad,sezonne_leto,D
37812769,"Materská škola, Kysucký Lieskovec 309",Kysucký Lieskovec,Kysucké Nové Mesto,Žilinský,49.333333,18.816667,Gastro a stravovacie zariadenia,Materská škola,skolsky_kuchynsky_odpad,Kuchynský odpad zo školských jedální,20 01 08,odpad,celorocne,D
37812769,"Materská škola, Kysucký Lieskovec 309",Kysucký Lieskovec,Kysucké Nové Mesto,Žilinský,49.333333,18.816667,Gastro a stravovacie zariadenia,Materská škola,zvysky_z_taniera,Zvyšky z taniera,20 01 08,odpad,celorocne,D
37812769,"Materská škola, Kysucký Lieskovec 309",Kysucký Lieskovec,Kysucké Nové Mesto,Žilinský,49.333333,18.816667,Gastro a stravovacie zariadenia,Materská škola,bro_zahrady,Biologicky rozložiteľný odpad zo záhrad,20 02 01,odpad,sezonne_leto,D
37814036,"Materská škola, Pod brehom 207, Hruštín",Hruštín,Námestovo,Žilinský,49.316667,19.35,Gastro a stravovacie zariadenia,Materská škola,skolsky_kuchynsky_odpad,Kuchynský odpad zo školských jedální,20 01 08,odpad,celorocne,D
37814036,"Materská škola, Pod brehom 207, Hruštín",Hruštín,Námestovo,Žilinský,49.316667,19.35,Gastro a stravovacie zariadenia,Materská škola,zvysky_z_taniera,Zvyšky z taniera,20 01 08,odpad,celorocne,D
37814036,"Materská škola, Pod brehom 207, Hruštín",Hruštín,Námestovo,Žilinský,49.316667,19.35,Gastro a stravovacie zariadenia,Materská škola,bro_zahrady,Biologicky rozložiteľný odpad zo záhrad,20 02 01,odpad,sezonne_leto,D
37815687,"Materská škola, Východná 715",Východná,Liptovský Mikuláš,Žilinský,49.061229,19.894612,Gastro a stravovacie zariadenia,Materská škola,skolsky_kuchynsky_odpad,Kuchynský odpad zo školských jedální,20 01 08,odpad,celorocne,D
37815687,"Materská škola, Východná 715",Východná,Liptovský Mikuláš,Žilinský,49.061229,19.894612,Gastro a stravovacie zariadenia,Materská škola,zvysky_z_taniera,Zvyšky z taniera,20 01 08,odpad,celorocne,D
37815687,"Materská škola, Východná 715",Východná,Liptovský Mikuláš,Žilinský,49.061229,19.894612,Gastro a stravovacie zariadenia,Materská škola,bro_zahrady,Biologicky rozložiteľný odpad zo záhrad,20 02 01,odpad,sezonne_leto,D
37818627,Centrum sociálnych služieb Nádej,Žarnovica,Žarnovica,Banskobystrický,48.483398,18.72155,Gastro a stravovacie zariadenia,Zariadenie sociálnych služieb,nemocnicny_kuchynsky_odpad,Kuchynský odpad zo zdravotníckych a sociálnych zariadení,20 01 08,odpad,celorocne,D
37818627,Centrum sociálnych služieb Nádej,Žarnovica,Žarnovica,Banskobystrický,48.483398,18.72155,Gastro a stravovacie zariadenia,Zariadenie sociálnych služieb,zvysky_z_taniera,Zvyšky z taniera,20 01 08,odpad,celorocne,D
37818627,Centrum sociálnych služieb Nádej,Žarnovica,Žarnovica,Banskobystrický,48.483398,18.72155,Gastro a stravovacie zariadenia,Zariadenie sociálnych služieb,bro_zahrady,Biologicky rozložiteľný odpad zo záhrad,20 02 01,odpad,sezonne_leto,D
37828851,"Základná škola Lajosa Mocsáryho s VJM, Farská lúka 64/B, Fiľakovo",Fiľakovo,Lučenec,Banskobystrický,48.270503,19.821673,Gastro a stravovacie zariadenia,Základná škola,skolsky_kuchynsky_odpad,Kuchynský odpad zo školských jedální,20 01 08,odpad,celorocne,D
37828851,"Základná škola Lajosa Mocsáryho s VJM, Farská lúka 64/B, Fiľakovo",Fiľakovo,Lučenec,Banskobystrický,48.270503,19.821673,Gastro a stravovacie zariadenia,Základná škola,zvysky_z_taniera,Zvyšky z taniera,20 01 08,odpad,celorocne,D
37828851,"Základná škola Lajosa Mocsáryho s VJM, Farská lúka 64/B, Fiľakovo",Fiľakovo,Lučenec,Banskobystrický,48.270503,19.821673,Gastro a stravovacie zariadenia,Základná škola,gastro_kavova_sedlina,Kávová sedlina z gastroprevádzok,20 01 08,odpad,celorocne,D
37828851,"Základná škola Lajosa Mocsáryho s VJM, Farská lúka 64/B, Fiľakovo",Fiľakovo,Lučenec,Banskobystrický,48.270503,19.821673,Gastro a stravovacie zariadenia,Základná škola,bro_zahrady,Biologicky rozložiteľný odpad zo záhrad,20 02 01,odpad,sezonne_leto,D
37831291,"Základná škola s materskou školou, Krivec 1355, Hriňová",Hriňová,Detva,Banskobystrický,48.576422,19.525427,Gastro a stravovacie zariadenia,Základná škola,skolsky_kuchynsky_odpad,Kuchynský odpad zo školských jedální,20 01 08,odpad,celorocne,D
37831291,"Základná škola s materskou školou, Krivec 1355, Hriňová",Hriňová,Detva,Banskobystrický,48.576422,19.525427,Gastro a stravovacie zariadenia,Základná škola,zvysky_z_taniera,Zvyšky z taniera,20 01 08,odpad,celorocne,D
37831291,"Základná škola s materskou školou, Krivec 1355, Hriňová",Hriňová,Detva,Banskobystrický,48.576422,19.525427,Gastro a stravovacie zariadenia,Základná škola,gastro_kavova_sedlina,Kávová sedlina z gastroprevádzok,20 01 08,odpad,celorocne,D
37831291,"Základná škola s materskou školou, Krivec 1355, Hriňová",Hriňová,Detva,Banskobystrický,48.576422,19.525427,Gastro a stravovacie zariadenia,Základná škola,bro_zahrady,Biologicky rozložiteľný odpad zo záhrad,20 02 01,odpad,sezonne_leto,D
37833472,"Základná škola s materskou školou Juraja Slávika Neresnického, Dobrá Niva",Dobrá Niva,Zvolen,Banskobystrický,48.473486,19.101794,Gastro a stravovacie zariadenia,Základná škola,skolsky_kuchynsky_odpad,Kuchynský odpad zo školských jedální,20 01 08,odpad,celorocne,D
37833472,"Základná škola s materskou školou Juraja Slávika Neresnického, Dobrá Niva",Dobrá Niva,Zvolen,Banskobystrický,48.473486,19.101794,Gastro a stravovacie zariadenia,Základná škola,zvysky_z_taniera,Zvyšky z taniera,20 01 08,odpad,celorocne,D
37833472,"Základná škola s materskou školou Juraja Slávika Neresnického, Dobrá Niva",Dobrá Niva,Zvolen,Banskobystrický,48.473486,19.101794,Gastro a stravovacie zariadenia,Základná škola,gastro_kavova_sedlina,Kávová sedlina z gastroprevádzok,20 01 08,odpad,celorocne,D
37833472,"Základná škola s materskou školou Juraja Slávika Neresnického, Dobrá Niva",Dobrá Niva,Zvolen,Banskobystrický,48.473486,19.101794,Gastro a stravovacie zariadenia,Základná škola,bro_zahrady,Biologicky rozložiteľný odpad zo záhrad,20 02 01,odpad,sezonne_leto,D
37836374,"Základná škola s VJM - Alapiskola, Rohovce 106",Rohovce,Dunajská Streda,Trnavský,47.996929,17.409561,Gastro a stravovacie zariadenia,Základná škola,skolsky_kuchynsky_odpad,Kuchynský odpad zo školských jedální,20 01 08,odpad,celorocne,D
37836374,"Základná škola s VJM - Alapiskola, Rohovce 106",Rohovce,Dunajská Streda,Trnavský,47.996929,17.409561,Gastro a stravovacie zariadenia,Základná škola,zvysky_z_taniera,Zvyšky z taniera,20 01 08,odpad,celorocne,D
37836374,"Základná škola s VJM - Alapiskola, Rohovce 106",Rohovce,Dunajská Streda,Trnavský,47.996929,17.409561,Gastro a stravovacie zariadenia,Základná škola,gastro_kavova_sedlina,Kávová sedlina z gastroprevádzok,20 01 08,odpad,celorocne,D
37836374,"Základná škola s VJM - Alapiskola, Rohovce 106",Rohovce,Dunajská Streda,Trnavský,47.996929,17.409561,Gastro a stravovacie zariadenia,Základná škola,bro_zahrady,Biologicky rozložiteľný odpad zo záhrad,20 02 01,odpad,sezonne_leto,D
37836714,"Základná škola s materskou školou Istvána Széchenyiho s VJM, Hlavná 299, Horné Saliby",Horné Saliby,Galanta,Trnavský,48.122648,17.752084,Gastro a stravovacie zariadenia,Základná škola,skolsky_kuchynsky_odpad,Kuchynský odpad zo školských jedální,20 01 08,odpad,celorocne,D
37836714,"Základná škola s materskou školou Istvána Széchenyiho s VJM, Hlavná 299, Horné Saliby",Horné Saliby,Galanta,Trnavský,48.122648,17.752084,Gastro a stravovacie zariadenia,Základná škola,zvysky_z_taniera,Zvyšky z taniera,20 01 08,odpad,celorocne,D
37836714,"Základná škola s materskou školou Istvána Széchenyiho s VJM, Hlavná 299, Horné Saliby",Horné Saliby,Galanta,Trnavský,48.122648,17.752084,Gastro a stravovacie zariadenia,Základná škola,gastro_kavova_sedlina,Kávová sedlina z gastroprevádzok,20 01 08,odpad,celorocne,D
37836714,"Základná škola s materskou školou Istvána Széchenyiho s VJM, Hlavná 299, Horné Saliby",Horné Saliby,Galanta,Trnavský,48.122648,17.752084,Gastro a stravovacie zariadenia,Základná škola,bro_zahrady,Biologicky rozložiteľný odpad zo záhrad,20 02 01,odpad,sezonne_leto,D
37836781,"Základná škola s materskou školou, Na výhone 188/16, Moravany nad Váhom",Moravany nad Váhom,Piešťany,Trnavský,48.602463,17.862269,Gastro a stravovacie zariadenia,Základná škola,skolsky_kuchynsky_odpad,Kuchynský odpad zo školských jedální,20 01 08,odpad,celorocne,D
37836781,"Základná škola s materskou školou, Na výhone 188/16, Moravany nad Váhom",Moravany nad Váhom,Piešťany,Trnavský,48.602463,17.862269,Gastro a stravovacie zariadenia,Základná škola,zvysky_z_taniera,Zvyšky z taniera,20 01 08,odpad,celorocne,D
37836781,"Základná škola s materskou školou, Na výhone 188/16, Moravany nad Váhom",Moravany nad Váhom,Piešťany,Trnavský,48.602463,17.862269,Gastro a stravovacie zariadenia,Základná škola,gastro_kavova_sedlina,Kávová sedlina z gastroprevádzok,20 01 08,odpad,celorocne,D
37836781,"Základná škola s materskou školou, Na výhone 188/16, Moravany nad Váhom",Moravany nad Váhom,Piešťany,Trnavský,48.602463,17.862269,Gastro a stravovacie zariadenia,Základná škola,bro_zahrady,Biologicky rozložiteľný odpad zo záhrad,20 02 01,odpad,sezonne_leto,D
37838521,"Základná škola, Sasinkova 530/2, Kopčany",Kopčany,Michalovce,Košický,48.583333,21.916667,Gastro a stravovacie zariadenia,Základná škola,skolsky_kuchynsky_odpad,Kuchynský odpad zo školských jedální,20 01 08,odpad,celorocne,D
37838521,"Základná škola, Sasinkova 530/2, Kopčany",Kopčany,Michalovce,Košický,48.583333,21.916667,Gastro a stravovacie zariadenia,Základná škola,zvysky_z_taniera,Zvyšky z taniera,20 01 08,odpad,celorocne,D
37838521,"Základná škola, Sasinkova 530/2, Kopčany",Kopčany,Michalovce,Košický,48.583333,21.916667,Gastro a stravovacie zariadenia,Základná škola,gastro_kavova_sedlina,Kávová sedlina z gastroprevádzok,20 01 08,odpad,celorocne,D
37838521,"Základná škola, Sasinkova 530/2, Kopčany",Kopčany,Michalovce,Košický,48.583333,21.916667,Gastro a stravovacie zariadenia,Základná škola,bro_zahrady,Biologicky rozložiteľný odpad zo záhrad,20 02 01,odpad,sezonne_leto,D
37840576,"Základná škola s materskou školou s VJM, Mostová 210",Mostová,Galanta,Trnavský,48.140162,17.678594,Gastro a stravovacie zariadenia,Základná škola,skolsky_kuchynsky_odpad,Kuchynský odpad zo školských jedální,20 01 08,odpad,celorocne,D
37840576,"Základná škola s materskou školou s VJM, Mostová 210",Mostová,Galanta,Trnavský,48.140162,17.678594,Gastro a stravovacie zariadenia,Základná škola,zvysky_z_taniera,Zvyšky z taniera,20 01 08,odpad,celorocne,D
37840576,"Základná škola s materskou školou s VJM, Mostová 210",Mostová,Galanta,Trnavský,48.140162,17.678594,Gastro a stravovacie zariadenia,Základná škola,gastro_kavova_sedlina,Kávová sedlina z gastroprevádzok,20 01 08,odpad,celorocne,D
37840576,"Základná škola s materskou školou s VJM, Mostová 210",Mostová,Galanta,Trnavský,48.140162,17.678594,Gastro a stravovacie zariadenia,Základná škola,bro_zahrady,Biologicky rozložiteľný odpad zo záhrad,20 02 01,odpad,sezonne_leto,D
37840592,"Základná škola, Vinohrady nad Váhom 347",Vinohrady nad Váhom,Galanta,Trnavský,48.300461,17.766113,Gastro a stravovacie zariadenia,Základná škola,skolsky_kuchynsky_odpad,Kuchynský odpad zo školských jedální,20 01 08,odpad,celorocne,D
37840592,"Základná škola, Vinohrady nad Váhom 347",Vinohrady nad Váhom,Galanta,Trnavský,48.300461,17.766113,Gastro a stravovacie zariadenia,Základná škola,zvysky_z_taniera,Zvyšky z taniera,20 01 08,odpad,celorocne,D
37840592,"Základná škola, Vinohrady nad Váhom 347",Vinohrady nad Váhom,Galanta,Trnavský,48.300461,17.766113,Gastro a stravovacie zariadenia,Základná škola,gastro_kavova_sedlina,Kávová sedlina z gastroprevádzok,20 01 08,odpad,celorocne,D
37840592,"Základná škola, Vinohrady nad Váhom 347",Vinohrady nad Váhom,Galanta,Trnavský,48.300461,17.766113,Gastro a stravovacie zariadenia,Základná škola,bro_zahrady,Biologicky rozložiteľný odpad zo záhrad,20 02 01,odpad,sezonne_leto,D
37840631,"Základná škola s materskou školou, Veľký Grob 382",Veľký Grob,Galanta,Trnavský,48.254044,17.497245,Gastro a stravovacie zariadenia,Základná škola,skolsky_kuchynsky_odpad,Kuchynský odpad zo školských jedální,20 01 08,odpad,celorocne,D
37840631,"Základná škola s materskou školou, Veľký Grob 382",Veľký Grob,Galanta,Trnavský,48.254044,17.497245,Gastro a stravovacie zariadenia,Základná škola,zvysky_z_taniera,Zvyšky z taniera,20 01 08,odpad,celorocne,D
37840631,"Základná škola s materskou školou, Veľký Grob 382",Veľký Grob,Galanta,Trnavský,48.254044,17.497245,Gastro a stravovacie zariadenia,Základná škola,gastro_kavova_sedlina,Kávová sedlina z gastroprevádzok,20 01 08,odpad,celorocne,D
37840631,"Základná škola s materskou školou, Veľký Grob 382",Veľký Grob,Galanta,Trnavský,48.254044,17.497245,Gastro a stravovacie zariadenia,Základná škola,bro_zahrady,Biologicky rozložiteľný odpad zo záhrad,20 02 01,odpad,sezonne_leto,D
37840657,"Základná škola s materskou školou, Smolinské 407",Smolinské,Senica,Trnavský,48.683333,17.133333,Gastro a stravovacie zariadenia,Základná škola,skolsky_kuchynsky_odpad,Kuchynský odpad zo školských jedální,20 01 08,odpad,celorocne,D
37840657,"Základná škola s materskou školou, Smolinské 407",Smolinské,Senica,Trnavský,48.683333,17.133333,Gastro a stravovacie zariadenia,Základná škola,zvysky_z_taniera,Zvyšky z taniera,20 01 08,odpad,celorocne,D
37840657,"Základná škola s materskou školou, Smolinské 407",Smolinské,Senica,Trnavský,48.683333,17.133333,Gastro a stravovacie zariadenia,Základná škola,gastro_kavova_sedlina,Kávová sedlina z gastroprevádzok,20 01 08,odpad,celorocne,D
37840657,"Základná škola s materskou školou, Smolinské 407",Smolinské,Senica,Trnavský,48.683333,17.133333,Gastro a stravovacie zariadenia,Základná škola,bro_zahrady,Biologicky rozložiteľný odpad zo záhrad,20 02 01,odpad,sezonne_leto,D
37841491,"Materská škola, Nám. A. Hlinku 32, Cífer",Cífer,Trnava,Trnavský,48.315284,17.490022,Gastro a stravovacie zariadenia,Materská škola,skolsky_kuchynsky_odpad,Kuchynský odpad zo školských jedální,20 01 08,odpad,celorocne,D
37841491,"Materská škola, Nám. A. Hlinku 32, Cífer",Cífer,Trnava,Trnavský,48.315284,17.490022,Gastro a stravovacie zariadenia,Materská škola,zvysky_z_taniera,Zvyšky z taniera,20 01 08,odpad,celorocne,D
37841491,"Materská škola, Nám. A. Hlinku 32, Cífer",Cífer,Trnava,Trnavský,48.315284,17.490022,Gastro a stravovacie zariadenia,Materská škola,bro_zahrady,Biologicky rozložiteľný odpad zo záhrad,20 02 01,odpad,sezonne_leto,D
37842129,"Materská škola, Dr. Clementisa 59, Skalica",Skalica,Skalica,Trnavský,48.770797,17.20201,Gastro a stravovacie zariadenia,Materská škola,skolsky_kuchynsky_odpad,Kuchynský odpad zo školských jedální,20 01 08,odpad,celorocne,D
37842129,"Materská škola, Dr. Clementisa 59, Skalica",Skalica,Skalica,Trnavský,48.770797,17.20201,Gastro a stravovacie zariadenia,Materská škola,zvysky_z_taniera,Zvyšky z taniera,20 01 08,odpad,celorocne,D
37842129,"Materská škola, Dr. Clementisa 59, Skalica",Skalica,Skalica,Trnavský,48.770797,17.20201,Gastro a stravovacie zariadenia,Materská škola,bro_zahrady,Biologicky rozložiteľný odpad zo záhrad,20 02 01,odpad,sezonne_leto,D
37842323,"Materská škola, Štefana Majora 1393/175, Veľké Úľany",Veľké Úľany,Galanta,Trnavský,48.162887,17.57621,Gastro a stravovacie zariadenia,Materská škola,skolsky_kuchynsky_odpad,Kuchynský odpad zo školských jedální,20 01 08,odpad,celorocne,D
37842323,"Materská škola, Štefana Majora 1393/175, Veľké Úľany",Veľké Úľany,Galanta,Trnavský,48.162887,17.57621,Gastro a stravovacie zariadenia,Materská škola,zvysky_z_taniera,Zvyšky z taniera,20 01 08,odpad,celorocne,D
37842323,"Materská škola, Štefana Majora 1393/175, Veľké Úľany",Veľké Úľany,Galanta,Trnavský,48.162887,17.57621,Gastro a stravovacie zariadenia,Materská škola,bro_zahrady,Biologicky rozložiteľný odpad zo záhrad,20 02 01,odpad,sezonne_leto,D
37842382,"Materská škola, Lazová 926/5, Pata",Pata,Galanta,Trnavský,48.275779,17.825432,Gastro a stravovacie zariadenia,Materská škola,skolsky_kuchynsky_odpad,Kuchynský odpad zo školských jedální,20 01 08,odpad,celorocne,D
37842382,"Materská škola, Lazová 926/5, Pata",Pata,Galanta,Trnavský,48.275779,17.825432,Gastro a stravovacie zariadenia,Materská škola,zvysky_z_taniera,Zvyšky z taniera,20 01 08,odpad,celorocne,D
37842382,"Materská škola, Lazová 926/5, Pata",Pata,Galanta,Trnavský,48.275779,17.825432,Gastro a stravovacie zariadenia,Materská škola,bro_zahrady,Biologicky rozložiteľný odpad zo záhrad,20 02 01,odpad,sezonne_leto,D
37843061,"Materská škola, Radošovce 13",Radošovce,Skalica,Trnavský,48.766667,17.283333,Gastro a stravovacie zariadenia,Materská škola,skolsky_kuchynsky_odpad,Kuchynský odpad zo školských jedální,20 01 08,odpad,celorocne,D
37843061,"Materská škola, Radošovce 13",Radošovce,Skalica,Trnavský,48.766667,17.283333,Gastro a stravovacie zariadenia,Materská škola,zvysky_z_taniera,Zvyšky z taniera,20 01 08,odpad,celorocne,D
37843061,"Materská škola, Radošovce 13",Radošovce,Skalica,Trnavský,48.766667,17.283333,Gastro a stravovacie zariadenia,Materská škola,bro_zahrady,Biologicky rozložiteľný odpad zo záhrad,20 02 01,odpad,sezonne_leto,D
37844016,"Materská škola, Sídlisko 9. mája 322, Vrbové",Vrbové,Piešťany,Trnavský,48.619531,17.723876,Gastro a stravovacie zariadenia,Materská škola,skolsky_kuchynsky_odpad,Kuchynský odpad zo školských jedální,20 01 08,odpad,celorocne,D
37844016,"Materská škola, Sídlisko 9. mája 322, Vrbové",Vrbové,Piešťany,Trnavský,48.619531,17.723876,Gastro a stravovacie zariadenia,Materská škola,zvysky_z_taniera,Zvyšky z taniera,20 01 08,odpad,celorocne,D
37844016,"Materská škola, Sídlisko 9. mája 322, Vrbové",Vrbové,Piešťany,Trnavský,48.619531,17.723876,Gastro a stravovacie zariadenia,Materská škola,bro_zahrady,Biologicky rozložiteľný odpad zo záhrad,20 02 01,odpad,sezonne_leto,D
37847481,"Školská jedáleň, Štefana Majora 1444/83, Veľké Úľany",Veľké Úľany,Galanta,Trnavský,48.162887,17.57621,Gastro a stravovacie zariadenia,Školská jedáleň,skolsky_kuchynsky_odpad,Kuchynský odpad zo školských jedální,20 01 08,odpad,celorocne,D
37847481,"Školská jedáleň, Štefana Majora 1444/83, Veľké Úľany",Veľké Úľany,Galanta,Trnavský,48.162887,17.57621,Gastro a stravovacie zariadenia,Školská jedáleň,zvysky_z_taniera,Zvyšky z taniera,20 01 08,odpad,celorocne,D
37847481,"Školská jedáleň, Štefana Majora 1444/83, Veľké Úľany",Veľké Úľany,Galanta,Trnavský,48.162887,17.57621,Gastro a stravovacie zariadenia,Školská jedáleň,gastro_fritovaci_olej,Použitý fritovací olej z gastroprevádzok,20 01 25,odpad,celorocne,D
37851888,"Základná škola s materskou školou Józsefa Bódisa s VJM, Čenkovce 95",Čenkovce,Dunajská Streda,Trnavský,48.106207,17.433109,Gastro a stravovacie zariadenia,Základná škola,skolsky_kuchynsky_odpad,Kuchynský odpad zo školských jedální,20 01 08,odpad,celorocne,D
37851888,"Základná škola s materskou školou Józsefa Bódisa s VJM, Čenkovce 95",Čenkovce,Dunajská Streda,Trnavský,48.106207,17.433109,Gastro a stravovacie zariadenia,Základná škola,zvysky_z_taniera,Zvyšky z taniera,20 01 08,odpad,celorocne,D
37851888,"Základná škola s materskou školou Józsefa Bódisa s VJM, Čenkovce 95",Čenkovce,Dunajská Streda,Trnavský,48.106207,17.433109,Gastro a stravovacie zariadenia,Základná škola,gastro_kavova_sedlina,Kávová sedlina z gastroprevádzok,20 01 08,odpad,celorocne,D
37851888,"Základná škola s materskou školou Józsefa Bódisa s VJM, Čenkovce 95",Čenkovce,Dunajská Streda,Trnavský,48.106207,17.433109,Gastro a stravovacie zariadenia,Základná škola,bro_zahrady,Biologicky rozložiteľný odpad zo záhrad,20 02 01,odpad,sezonne_leto,D
37855735,"Materská škola, Dvorany nad Nitrou 22",Dvorany nad Nitrou,Topoľčany,Nitriansky,48.489267,18.11335,Gastro a stravovacie zariadenia,Materská škola,skolsky_kuchynsky_odpad,Kuchynský odpad zo školských jedální,20 01 08,odpad,celorocne,D
37855735,"Materská škola, Dvorany nad Nitrou 22",Dvorany nad Nitrou,Topoľčany,Nitriansky,48.489267,18.11335,Gastro a stravovacie zariadenia,Materská škola,zvysky_z_taniera,Zvyšky z taniera,20 01 08,odpad,celorocne,D
37855735,"Materská škola, Dvorany nad Nitrou 22",Dvorany nad Nitrou,Topoľčany,Nitriansky,48.489267,18.11335,Gastro a stravovacie zariadenia,Materská škola,bro_zahrady,Biologicky rozložiteľný odpad zo záhrad,20 02 01,odpad,sezonne_leto,D
37861077,"Školská jedáleň, Adyho 4, Štúrovo",Štúrovo,Nové Zámky,Nitriansky,47.797831,18.71486,Gastro a stravovacie zariadenia,Školská jedáleň,skolsky_kuchynsky_odpad,Kuchynský odpad zo školských jedální,20 01 08,odpad,celorocne,D
37861077,"Školská jedáleň, Adyho 4, Štúrovo",Štúrovo,Nové Zámky,Nitriansky,47.797831,18.71486,Gastro a stravovacie zariadenia,Školská jedáleň,zvysky_z_taniera,Zvyšky z taniera,20 01 08,odpad,celorocne,D
37861077,"Školská jedáleň, Adyho 4, Štúrovo",Štúrovo,Nové Zámky,Nitriansky,47.797831,18.71486,Gastro a stravovacie zariadenia,Školská jedáleň,gastro_fritovaci_olej,Použitý fritovací olej z gastroprevádzok,20 01 25,odpad,celorocne,D
37863606,"Materská škola, Družstevná 22, Šaľa",Šaľa,Šaľa,Nitriansky,48.150995,17.876502,Gastro a stravovacie zariadenia,Materská škola,skolsky_kuchynsky_odpad,Kuchynský odpad zo školských jedální,20 01 08,odpad,celorocne,D
37863606,"Materská škola, Družstevná 22, Šaľa",Šaľa,Šaľa,Nitriansky,48.150995,17.876502,Gastro a stravovacie zariadenia,Materská škola,zvysky_z_taniera,Zvyšky z taniera,20 01 08,odpad,celorocne,D
37863606,"Materská škola, Družstevná 22, Šaľa",Šaľa,Šaľa,Nitriansky,48.150995,17.876502,Gastro a stravovacie zariadenia,Materská škola,bro_zahrady,Biologicky rozložiteľný odpad zo záhrad,20 02 01,odpad,sezonne_leto,D
37863894,"Základná škola s materskou školou Juraja Holčeka, Dolný Ohaj",Dolný Ohaj,Nové Zámky,Nitriansky,48.08008,18.252347,Gastro a stravovacie zariadenia,Základná škola,skolsky_kuchynsky_odpad,Kuchynský odpad zo školských jedální,20 01 08,odpad,celorocne,D
37863894,"Základná škola s materskou školou Juraja Holčeka, Dolný Ohaj",Dolný Ohaj,Nové Zámky,Nitriansky,48.08008,18.252347,Gastro a stravovacie zariadenia,Základná škola,zvysky_z_taniera,Zvyšky z taniera,20 01 08,odpad,celorocne,D
37863894,"Základná škola s materskou školou Juraja Holčeka, Dolný Ohaj",Dolný Ohaj,Nové Zámky,Nitriansky,48.08008,18.252347,Gastro a stravovacie zariadenia,Základná škola,gastro_kavova_sedlina,Kávová sedlina z gastroprevádzok,20 01 08,odpad,celorocne,D
37863894,"Základná škola s materskou školou Juraja Holčeka, Dolný Ohaj",Dolný Ohaj,Nové Zámky,Nitriansky,48.08008,18.252347,Gastro a stravovacie zariadenia,Základná škola,bro_zahrady,Biologicky rozložiteľný odpad zo záhrad,20 02 01,odpad,sezonne_leto,D
37864122,"Materská škola, MDŽ 26, Šurany",Šurany,Nové Zámky,Nitriansky,48.086106,18.186834,Gastro a stravovacie zariadenia,Materská škola,skolsky_kuchynsky_odpad,Kuchynský odpad zo školských jedální,20 01 08,odpad,celorocne,D
37864122,"Materská škola, MDŽ 26, Šurany",Šurany,Nové Zámky,Nitriansky,48.086106,18.186834,Gastro a stravovacie zariadenia,Materská škola,zvysky_z_taniera,Zvyšky z taniera,20 01 08,odpad,celorocne,D
37864122,"Materská škola, MDŽ 26, Šurany",Šurany,Nové Zámky,Nitriansky,48.086106,18.186834,Gastro a stravovacie zariadenia,Materská škola,bro_zahrady,Biologicky rozložiteľný odpad zo záhrad,20 02 01,odpad,sezonne_leto,D
37866672,"Základná škola s materskou školou, Dolný Jatov 189",Jatov,Nové Zámky,Nitriansky,48.128462,18.028264,Gastro a stravovacie zariadenia,Základná škola,skolsky_kuchynsky_odpad,Kuchynský odpad zo školských jedální,20 01 08,odpad,celorocne,D
37866672,"Základná škola s materskou školou, Dolný Jatov 189",Jatov,Nové Zámky,Nitriansky,48.128462,18.028264,Gastro a stravovacie zariadenia,Základná škola,zvysky_z_taniera,Zvyšky z taniera,20 01 08,odpad,celorocne,D
37866672,"Základná škola s materskou školou, Dolný Jatov 189",Jatov,Nové Zámky,Nitriansky,48.128462,18.028264,Gastro a stravovacie zariadenia,Základná škola,gastro_kavova_sedlina,Kávová sedlina z gastroprevádzok,20 01 08,odpad,celorocne,D
37866672,"Základná škola s materskou školou, Dolný Jatov 189",Jatov,Nové Zámky,Nitriansky,48.128462,18.028264,Gastro a stravovacie zariadenia,Základná škola,bro_zahrady,Biologicky rozložiteľný odpad zo záhrad,20 02 01,odpad,sezonne_leto,D
37874004,"Základná škola s materskou školou, Pod papierňou 16A, Bardejov",Bardejov,Bardejov,Prešovský,49.292999,21.27554,Gastro a stravovacie zariadenia,Základná škola,skolsky_kuchynsky_odpad,Kuchynský odpad zo školských jedální,20 01 08,odpad,celorocne,D
37874004,"Základná škola s materskou školou, Pod papierňou 16A, Bardejov",Bardejov,Bardejov,Prešovský,49.292999,21.27554,Gastro a stravovacie zariadenia,Základná škola,zvysky_z_taniera,Zvyšky z taniera,20 01 08,odpad,celorocne,D
37874004,"Základná škola s materskou školou, Pod papierňou 16A, Bardejov",Bardejov,Bardejov,Prešovský,49.292999,21.27554,Gastro a stravovacie zariadenia,Základná škola,gastro_kavova_sedlina,Kávová sedlina z gastroprevádzok,20 01 08,odpad,celorocne,D
37874004,"Základná škola s materskou školou, Pod papierňou 16A, Bardejov",Bardejov,Bardejov,Prešovský,49.292999,21.27554,Gastro a stravovacie zariadenia,Základná škola,bro_zahrady,Biologicky rozložiteľný odpad zo záhrad,20 02 01,odpad,sezonne_leto,D
37874021,"Základná škola, Wolkerova 10, Bardejov",Bardejov,Bardejov,Prešovský,49.292999,21.27554,Gastro a stravovacie zariadenia,Základná škola,skolsky_kuchynsky_odpad,Kuchynský odpad zo školských jedální,20 01 08,odpad,celorocne,D
37874021,"Základná škola, Wolkerova 10, Bardejov",Bardejov,Bardejov,Prešovský,49.292999,21.27554,Gastro a stravovacie zariadenia,Základná škola,zvysky_z_taniera,Zvyšky z taniera,20 01 08,odpad,celorocne,D
37874021,"Základná škola, Wolkerova 10, Bardejov",Bardejov,Bardejov,Prešovský,49.292999,21.27554,Gastro a stravovacie zariadenia,Základná škola,gastro_kavova_sedlina,Kávová sedlina z gastroprevádzok,20 01 08,odpad,celorocne,D
37874021,"Základná škola, Wolkerova 10, Bardejov",Bardejov,Bardejov,Prešovský,49.292999,21.27554,Gastro a stravovacie zariadenia,Základná škola,bro_zahrady,Biologicky rozložiteľný odpad zo záhrad,20 02 01,odpad,sezonne_leto,D
37874217,"Základná škola s materskou školou, Spišské Hanušovce 66",Spišské Hanušovce,Kežmarok,Prešovský,49.331411,20.346897,Gastro a stravovacie zariadenia,Základná škola,skolsky_kuchynsky_odpad,Kuchynský odpad zo školských jedální,20 01 08,odpad,celorocne,D
37874217,"Základná škola s materskou školou, Spišské Hanušovce 66",Spišské Hanušovce,Kežmarok,Prešovský,49.331411,20.346897,Gastro a stravovacie zariadenia,Základná škola,zvysky_z_taniera,Zvyšky z taniera,20 01 08,odpad,celorocne,D
37874217,"Základná škola s materskou školou, Spišské Hanušovce 66",Spišské Hanušovce,Kežmarok,Prešovský,49.331411,20.346897,Gastro a stravovacie zariadenia,Základná škola,gastro_kavova_sedlina,Kávová sedlina z gastroprevádzok,20 01 08,odpad,celorocne,D
37874217,"Základná škola s materskou školou, Spišské Hanušovce 66",Spišské Hanušovce,Kežmarok,Prešovský,49.331411,20.346897,Gastro a stravovacie zariadenia,Základná škola,bro_zahrady,Biologicky rozložiteľný odpad zo záhrad,20 02 01,odpad,sezonne_leto,D
37874314,"Materská škola, Školská 231/2, Huncovce",Huncovce,Kežmarok,Prešovský,49.117868,20.378184,Gastro a stravovacie zariadenia,Materská škola,skolsky_kuchynsky_odpad,Kuchynský odpad zo školských jedální,20 01 08,odpad,celorocne,D
37874314,"Materská škola, Školská 231/2, Huncovce",Huncovce,Kežmarok,Prešovský,49.117868,20.378184,Gastro a stravovacie zariadenia,Materská škola,zvysky_z_taniera,Zvyšky z taniera,20 01 08,odpad,celorocne,D
37874314,"Materská škola, Školská 231/2, Huncovce",Huncovce,Kežmarok,Prešovský,49.117868,20.378184,Gastro a stravovacie zariadenia,Materská škola,bro_zahrady,Biologicky rozložiteľný odpad zo záhrad,20 02 01,odpad,sezonne_leto,D
37876457,"Základná škola s materskou školou, Školská 42/22, Vikartovce",Vikartovce,Poprad,Prešovský,48.992835,20.154403,Gastro a stravovacie zariadenia,Základná škola,skolsky_kuchynsky_odpad,Kuchynský odpad zo školských jedální,20 01 08,odpad,celorocne,D
37876457,"Základná škola s materskou školou, Školská 42/22, Vikartovce",Vikartovce,Poprad,Prešovský,48.992835,20.154403,Gastro a stravovacie zariadenia,Základná škola,zvysky_z_taniera,Zvyšky z taniera,20 01 08,odpad,celorocne,D
37876457,"Základná škola s materskou školou, Školská 42/22, Vikartovce",Vikartovce,Poprad,Prešovský,48.992835,20.154403,Gastro a stravovacie zariadenia,Základná škola,gastro_kavova_sedlina,Kávová sedlina z gastroprevádzok,20 01 08,odpad,celorocne,D
37876457,"Základná škola s materskou školou, Školská 42/22, Vikartovce",Vikartovce,Poprad,Prešovský,48.992835,20.154403,Gastro a stravovacie zariadenia,Základná škola,bro_zahrady,Biologicky rozložiteľný odpad zo záhrad,20 02 01,odpad,sezonne_leto,D
37876643,"Materská škola, Duk. hrdinov 2078/13, Snina",Snina,Snina,Prešovský,48.990062,22.155625,Gastro a stravovacie zariadenia,Materská škola,skolsky_kuchynsky_odpad,Kuchynský odpad zo školských jedální,20 01 08,odpad,celorocne,D
37876643,"Materská škola, Duk. hrdinov 2078/13, Snina",Snina,Snina,Prešovský,48.990062,22.155625,Gastro a stravovacie zariadenia,Materská škola,zvysky_z_taniera,Zvyšky z taniera,20 01 08,odpad,celorocne,D
37876643,"Materská škola, Duk. hrdinov 2078/13, Snina",Snina,Snina,Prešovský,48.990062,22.155625,Gastro a stravovacie zariadenia,Materská škola,bro_zahrady,Biologicky rozložiteľný odpad zo záhrad,20 02 01,odpad,sezonne_leto,D
37876899,"Spojená škola, Letná ulica 3453/34, Poprad",Poprad,Poprad,Prešovský,49.054152,20.29764,Gastro a stravovacie zariadenia,Stredná škola,skolsky_kuchynsky_odpad,Kuchynský odpad zo školských jedální,20 01 08,odpad,celorocne,D
37876899,"Spojená škola, Letná ulica 3453/34, Poprad",Poprad,Poprad,Prešovský,49.054152,20.29764,Gastro a stravovacie zariadenia,Stredná škola,zvysky_z_taniera,Zvyšky z taniera,20 01 08,odpad,celorocne,D
37876899,"Spojená škola, Letná ulica 3453/34, Poprad",Poprad,Poprad,Prešovský,49.054152,20.29764,Gastro a stravovacie zariadenia,Stredná škola,gastro_fritovaci_olej,Použitý fritovací olej z gastroprevádzok,20 01 25,odpad,celorocne,D
37876899,"Spojená škola, Letná ulica 3453/34, Poprad",Poprad,Poprad,Prešovský,49.054152,20.29764,Gastro a stravovacie zariadenia,Stredná škola,bro_zahrady,Biologicky rozložiteľný odpad zo záhrad,20 02 01,odpad,sezonne_leto,D
37880080,"Stredná odborná škola služieb, Košická 20, Prešov",Prešov,Prešov,Prešovský,49.000411,21.252273,Gastro a stravovacie zariadenia,Stredná škola,skolsky_kuchynsky_odpad,Kuchynský odpad zo školských jedální,20 01 08,odpad,celorocne,D
37880080,"Stredná odborná škola služieb, Košická 20, Prešov",Prešov,Prešov,Prešovský,49.000411,21.252273,Gastro a stravovacie zariadenia,Stredná škola,zvysky_z_taniera,Zvyšky z taniera,20 01 08,odpad,celorocne,D
37880080,"Stredná odborná škola služieb, Košická 20, Prešov",Prešov,Prešov,Prešovský,49.000411,21.252273,Gastro a stravovacie zariadenia,Stredná škola,gastro_fritovaci_olej,Použitý fritovací olej z gastroprevádzok,20 01 25,odpad,celorocne,D
37880080,"Stredná odborná škola služieb, Košická 20, Prešov",Prešov,Prešov,Prešovský,49.000411,21.252273,Gastro a stravovacie zariadenia,Stredná škola,bro_zahrady,Biologicky rozložiteľný odpad zo záhrad,20 02 01,odpad,sezonne_leto,D
37883658,"Základná škola s materskou školou, Smilno 205",Smilno,Bardejov,Prešovský,49.383333,21.35,Gastro a stravovacie zariadenia,Základná škola,skolsky_kuchynsky_odpad,Kuchynský odpad zo školských jedální,20 01 08,odpad,celorocne,D
37883658,"Základná škola s materskou školou, Smilno 205",Smilno,Bardejov,Prešovský,49.383333,21.35,Gastro a stravovacie zariadenia,Základná škola,zvysky_z_taniera,Zvyšky z taniera,20 01 08,odpad,celorocne,D
37883658,"Základná škola s materskou školou, Smilno 205",Smilno,Bardejov,Prešovský,49.383333,21.35,Gastro a stravovacie zariadenia,Základná škola,gastro_kavova_sedlina,Kávová sedlina z gastroprevádzok,20 01 08,odpad,celorocne,D
37883658,"Základná škola s materskou školou, Smilno 205",Smilno,Bardejov,Prešovský,49.383333,21.35,Gastro a stravovacie zariadenia,Základná škola,bro_zahrady,Biologicky rozložiteľný odpad zo záhrad,20 02 01,odpad,sezonne_leto,D
37886436,Nemocnica Dr. Vojtecha Alexandra v Kežmarku n.o.,Kežmarok,Kežmarok,Prešovský,49.136318,20.430447,Gastro a stravovacie zariadenia,Nemocnica,nemocnicny_kuchynsky_odpad,Kuchynský odpad zo zdravotníckych a sociálnych zariadení,20 01 08,odpad,celorocne,D
37886436,Nemocnica Dr. Vojtecha Alexandra v Kežmarku n.o.,Kežmarok,Kežmarok,Prešovský,49.136318,20.430447,Gastro a stravovacie zariadenia,Nemocnica,zvysky_z_taniera,Zvyšky z taniera,20 01 08,odpad,celorocne,D
37886436,Nemocnica Dr. Vojtecha Alexandra v Kežmarku n.o.,Kežmarok,Kežmarok,Prešovský,49.136318,20.430447,Gastro a stravovacie zariadenia,Nemocnica,gastro_fritovaci_olej,Použitý fritovací olej z gastroprevádzok,20 01 25,odpad,celorocne,D
37886851,"Ľubovnianska nemocnica, n.o.",Stará Ľubovňa,Stará Ľubovňa,Prešovský,49.297258,20.687317,Gastro a stravovacie zariadenia,Nemocnica,nemocnicny_kuchynsky_odpad,Kuchynský odpad zo zdravotníckych a sociálnych zariadení,20 01 08,odpad,celorocne,D
37886851,"Ľubovnianska nemocnica, n.o.",Stará Ľubovňa,Stará Ľubovňa,Prešovský,49.297258,20.687317,Gastro a stravovacie zariadenia,Nemocnica,zvysky_z_taniera,Zvyšky z taniera,20 01 08,odpad,celorocne,D
37886851,"Ľubovnianska nemocnica, n.o.",Stará Ľubovňa,Stará Ľubovňa,Prešovský,49.297258,20.687317,Gastro a stravovacie zariadenia,Nemocnica,gastro_fritovaci_olej,Použitý fritovací olej z gastroprevádzok,20 01 25,odpad,celorocne,D
37886908,"Súkromná školská jedáleň, n. o. Prešov",Prešov,Prešov,Prešovský,49.000411,21.252273,Gastro a stravovacie zariadenia,Školská jedáleň,skolsky_kuchynsky_odpad,Kuchynský odpad zo školských jedální,20 01 08,odpad,celorocne,D
37886908,"Súkromná školská jedáleň, n. o. Prešov",Prešov,Prešov,Prešovský,49.000411,21.252273,Gastro a stravovacie zariadenia,Školská jedáleň,zvysky_z_taniera,Zvyšky z taniera,20 01 08,odpad,celorocne,D
37886908,"Súkromná školská jedáleň, n. o. Prešov",Prešov,Prešov,Prešovský,49.000411,21.252273,Gastro a stravovacie zariadenia,Školská jedáleň,gastro_fritovaci_olej,Použitý fritovací olej z gastroprevádzok,20 01 25,odpad,celorocne,D
37887947,"Charitatívno-diakonický domov sociálnych služieb, n.o.",Svit,Poprad,Prešovský,49.058236,20.196529,Gastro a stravovacie zariadenia,Zariadenie sociálnych služieb,nemocnicny_kuchynsky_odpad,Kuchynský odpad zo zdravotníckych a sociálnych zariadení,20 01 08,odpad,celorocne,D
37887947,"Charitatívno-diakonický domov sociálnych služieb, n.o.",Svit,Poprad,Prešovský,49.058236,20.196529,Gastro a stravovacie zariadenia,Zariadenie sociálnych služieb,zvysky_z_taniera,Zvyšky z taniera,20 01 08,odpad,celorocne,D
37887947,"Charitatívno-diakonický domov sociálnych služieb, n.o.",Svit,Poprad,Prešovský,49.058236,20.196529,Gastro a stravovacie zariadenia,Zariadenie sociálnych služieb,bro_zahrady,Biologicky rozložiteľný odpad zo záhrad,20 02 01,odpad,sezonne_leto,D
37903152,"Materská škola, Lietava 368",Lietava,Žilina,Žilinský,49.168923,18.676346,Gastro a stravovacie zariadenia,Materská škola,skolsky_kuchynsky_odpad,Kuchynský odpad zo školských jedální,20 01 08,odpad,celorocne,D
37903152,"Materská škola, Lietava 368",Lietava,Žilina,Žilinský,49.168923,18.676346,Gastro a stravovacie zariadenia,Materská škola,zvysky_z_taniera,Zvyšky z taniera,20 01 08,odpad,celorocne,D
37903152,"Materská škola, Lietava 368",Lietava,Žilina,Žilinský,49.168923,18.676346,Gastro a stravovacie zariadenia,Materská škola,bro_zahrady,Biologicky rozložiteľný odpad zo záhrad,20 02 01,odpad,sezonne_leto,D
37904591,"Materská škola, Svrčinovec 856",Svrčinovec,Čadca,Žilinský,49.387301,18.767884,Gastro a stravovacie zariadenia,Materská škola,skolsky_kuchynsky_odpad,Kuchynský odpad zo školských jedální,20 01 08,odpad,celorocne,D
37904591,"Materská škola, Svrčinovec 856",Svrčinovec,Čadca,Žilinský,49.387301,18.767884,Gastro a stravovacie zariadenia,Materská škola,zvysky_z_taniera,Zvyšky z taniera,20 01 08,odpad,celorocne,D
37904591,"Materská škola, Svrčinovec 856",Svrčinovec,Čadca,Žilinský,49.387301,18.767884,Gastro a stravovacie zariadenia,Materská škola,bro_zahrady,Biologicky rozložiteľný odpad zo záhrad,20 02 01,odpad,sezonne_leto,D
37904957,"Materská škola, Čajakova 4A, Žilina",Žilina,Žilina,Žilinský,49.223464,18.739498,Gastro a stravovacie zariadenia,Materská škola,skolsky_kuchynsky_odpad,Kuchynský odpad zo školských jedální,20 01 08,odpad,celorocne,D
37904957,"Materská škola, Čajakova 4A, Žilina",Žilina,Žilina,Žilinský,49.223464,18.739498,Gastro a stravovacie zariadenia,Materská škola,zvysky_z_taniera,Zvyšky z taniera,20 01 08,odpad,celorocne,D
37904957,"Materská škola, Čajakova 4A, Žilina",Žilina,Žilina,Žilinský,49.223464,18.739498,Gastro a stravovacie zariadenia,Materská škola,bro_zahrady,Biologicky rozložiteľný odpad zo záhrad,20 02 01,odpad,sezonne_leto,D
37904990,"Materská škola, Smrečany 117",Smrečany,Liptovský Mikuláš,Žilinský,49.116667,19.65,Gastro a stravovacie zariadenia,Materská škola,skolsky_kuchynsky_odpad,Kuchynský odpad zo školských jedální,20 01 08,odpad,celorocne,D
37904990,"Materská škola, Smrečany 117",Smrečany,Liptovský Mikuláš,Žilinský,49.116667,19.65,Gastro a stravovacie zariadenia,Materská škola,zvysky_z_taniera,Zvyšky z taniera,20 01 08,odpad,celorocne,D
37904990,"Materská škola, Smrečany 117",Smrečany,Liptovský Mikuláš,Žilinský,49.116667,19.65,Gastro a stravovacie zariadenia,Materská škola,bro_zahrady,Biologicky rozložiteľný odpad zo záhrad,20 02 01,odpad,sezonne_leto,D
37905074,"Materská škola, Stavbárska 4, Žilina",Žilina,Žilina,Žilinský,49.223464,18.739498,Gastro a stravovacie zariadenia,Materská škola,skolsky_kuchynsky_odpad,Kuchynský odpad zo školských jedální,20 01 08,odpad,celorocne,D
37905074,"Materská škola, Stavbárska 4, Žilina",Žilina,Žilina,Žilinský,49.223464,18.739498,Gastro a stravovacie zariadenia,Materská škola,zvysky_z_taniera,Zvyšky z taniera,20 01 08,odpad,celorocne,D
37905074,"Materská škola, Stavbárska 4, Žilina",Žilina,Žilina,Žilinský,49.223464,18.739498,Gastro a stravovacie zariadenia,Materská škola,bro_zahrady,Biologicky rozložiteľný odpad zo záhrad,20 02 01,odpad,sezonne_leto,D
37906089,"Materská škola, Ochodnica 355",Ochodnica,Kysucké Nové Mesto,Žilinský,49.35,18.783333,Gastro a stravovacie zariadenia,Materská škola,skolsky_kuchynsky_odpad,Kuchynský odpad zo školských jedální,20 01 08,odpad,celorocne,D
37906089,"Materská škola, Ochodnica 355",Ochodnica,Kysucké Nové Mesto,Žilinský,49.35,18.783333,Gastro a stravovacie zariadenia,Materská škola,zvysky_z_taniera,Zvyšky z taniera,20 01 08,odpad,celorocne,D
37906089,"Materská škola, Ochodnica 355",Ochodnica,Kysucké Nové Mesto,Žilinský,49.35,18.783333,Gastro a stravovacie zariadenia,Materská škola,bro_zahrady,Biologicky rozložiteľný odpad zo záhrad,20 02 01,odpad,sezonne_leto,D
37909533,"Spojená škola Kráľovnej pokoja, Na Závaží 2, Žilina",Žilina,Žilina,Žilinský,49.223464,18.739498,Gastro a stravovacie zariadenia,Stredná škola,skolsky_kuchynsky_odpad,Kuchynský odpad zo školských jedální,20 01 08,odpad,celorocne,D
37909533,"Spojená škola Kráľovnej pokoja, Na Závaží 2, Žilina",Žilina,Žilina,Žilinský,49.223464,18.739498,Gastro a stravovacie zariadenia,Stredná škola,zvysky_z_taniera,Zvyšky z taniera,20 01 08,odpad,celorocne,D
37909533,"Spojená škola Kráľovnej pokoja, Na Závaží 2, Žilina",Žilina,Žilina,Žilinský,49.223464,18.739498,Gastro a stravovacie zariadenia,Stredná škola,gastro_fritovaci_olej,Použitý fritovací olej z gastroprevádzok,20 01 25,odpad,celorocne,D
37909533,"Spojená škola Kráľovnej pokoja, Na Závaží 2, Žilina",Žilina,Žilina,Žilinský,49.223464,18.739498,Gastro a stravovacie zariadenia,Stredná škola,bro_zahrady,Biologicky rozložiteľný odpad zo záhrad,20 02 01,odpad,sezonne_leto,D
37909631,"Materská škola, Korňa 720",Korňa,Čadca,Žilinský,49.414,18.541,Gastro a stravovacie zariadenia,Materská škola,skolsky_kuchynsky_odpad,Kuchynský odpad zo školských jedální,20 01 08,odpad,celorocne,D
37909631,"Materská škola, Korňa 720",Korňa,Čadca,Žilinský,49.414,18.541,Gastro a stravovacie zariadenia,Materská škola,zvysky_z_taniera,Zvyšky z taniera,20 01 08,odpad,celorocne,D
37909631,"Materská škola, Korňa 720",Korňa,Čadca,Žilinský,49.414,18.541,Gastro a stravovacie zariadenia,Materská škola,bro_zahrady,Biologicky rozložiteľný odpad zo záhrad,20 02 01,odpad,sezonne_leto,D
37923617,"SPOKOJNOSŤ - centrum sociálnych služieb, n.o.",Prievidza,Prievidza,Trenčiansky,48.77104,18.623306,Gastro a stravovacie zariadenia,Zariadenie sociálnych služieb,nemocnicny_kuchynsky_odpad,Kuchynský odpad zo zdravotníckych a sociálnych zariadení,20 01 08,odpad,celorocne,D
37923617,"SPOKOJNOSŤ - centrum sociálnych služieb, n.o.",Prievidza,Prievidza,Trenčiansky,48.77104,18.623306,Gastro a stravovacie zariadenia,Zariadenie sociálnych služieb,zvysky_z_taniera,Zvyšky z taniera,20 01 08,odpad,celorocne,D
37923617,"SPOKOJNOSŤ - centrum sociálnych služieb, n.o.",Prievidza,Prievidza,Trenčiansky,48.77104,18.623306,Gastro a stravovacie zariadenia,Zariadenie sociálnych služieb,bro_zahrady,Biologicky rozložiteľný odpad zo záhrad,20 02 01,odpad,sezonne_leto,D
37939076,Súkromné gymnázium DSA,Bardejov,Bardejov,Prešovský,49.292999,21.27554,Gastro a stravovacie zariadenia,Stredná škola,skolsky_kuchynsky_odpad,Kuchynský odpad zo školských jedální,20 01 08,odpad,celorocne,D
37939076,Súkromné gymnázium DSA,Bardejov,Bardejov,Prešovský,49.292999,21.27554,Gastro a stravovacie zariadenia,Stredná škola,zvysky_z_taniera,Zvyšky z taniera,20 01 08,odpad,celorocne,D
37939076,Súkromné gymnázium DSA,Bardejov,Bardejov,Prešovský,49.292999,21.27554,Gastro a stravovacie zariadenia,Stredná škola,gastro_fritovaci_olej,Použitý fritovací olej z gastroprevádzok,20 01 25,odpad,celorocne,D
37939076,Súkromné gymnázium DSA,Bardejov,Bardejov,Prešovský,49.292999,21.27554,Gastro a stravovacie zariadenia,Stredná škola,bro_zahrady,Biologicky rozložiteľný odpad zo záhrad,20 02 01,odpad,sezonne_leto,D
37942484,"Stredná odborná škola technická, Družstevná 1474/19, Humenné",Humenné,Humenné,Prešovský,48.934603,21.90314,Gastro a stravovacie zariadenia,Stredná škola,skolsky_kuchynsky_odpad,Kuchynský odpad zo školských jedální,20 01 08,odpad,celorocne,D
37942484,"Stredná odborná škola technická, Družstevná 1474/19, Humenné",Humenné,Humenné,Prešovský,48.934603,21.90314,Gastro a stravovacie zariadenia,Stredná škola,zvysky_z_taniera,Zvyšky z taniera,20 01 08,odpad,celorocne,D
37942484,"Stredná odborná škola technická, Družstevná 1474/19, Humenné",Humenné,Humenné,Prešovský,48.934603,21.90314,Gastro a stravovacie zariadenia,Stredná škola,gastro_fritovaci_olej,Použitý fritovací olej z gastroprevádzok,20 01 25,odpad,celorocne,D
37942484,"Stredná odborná škola technická, Družstevná 1474/19, Humenné",Humenné,Humenné,Prešovský,48.934603,21.90314,Gastro a stravovacie zariadenia,Stredná škola,bro_zahrady,Biologicky rozložiteľný odpad zo záhrad,20 02 01,odpad,sezonne_leto,D
37942743,"Spojená škola sv. Jána Pavla II., Dlhé hony 3522/2, Poprad",Poprad,Poprad,Prešovský,49.054152,20.29764,Gastro a stravovacie zariadenia,Stredná škola,skolsky_kuchynsky_odpad,Kuchynský odpad zo školských jedální,20 01 08,odpad,celorocne,D
37942743,"Spojená škola sv. Jána Pavla II., Dlhé hony 3522/2, Poprad",Poprad,Poprad,Prešovský,49.054152,20.29764,Gastro a stravovacie zariadenia,Stredná škola,zvysky_z_taniera,Zvyšky z taniera,20 01 08,odpad,celorocne,D
37942743,"Spojená škola sv. Jána Pavla II., Dlhé hony 3522/2, Poprad",Poprad,Poprad,Prešovský,49.054152,20.29764,Gastro a stravovacie zariadenia,Stredná škola,gastro_fritovaci_olej,Použitý fritovací olej z gastroprevádzok,20 01 25,odpad,celorocne,D
37942743,"Spojená škola sv. Jána Pavla II., Dlhé hony 3522/2, Poprad",Poprad,Poprad,Prešovský,49.054152,20.29764,Gastro a stravovacie zariadenia,Stredná škola,bro_zahrady,Biologicky rozložiteľný odpad zo záhrad,20 02 01,odpad,sezonne_leto,D
37947541,"Stredná odborná škola polytechnická Jána Antonína Baťu, Svit",Svit,Poprad,Prešovský,49.058236,20.196529,Gastro a stravovacie zariadenia,Stredná škola,skolsky_kuchynsky_odpad,Kuchynský odpad zo školských jedální,20 01 08,odpad,celorocne,D
37947541,"Stredná odborná škola polytechnická Jána Antonína Baťu, Svit",Svit,Poprad,Prešovský,49.058236,20.196529,Gastro a stravovacie zariadenia,Stredná škola,zvysky_z_taniera,Zvyšky z taniera,20 01 08,odpad,celorocne,D
37947541,"Stredná odborná škola polytechnická Jána Antonína Baťu, Svit",Svit,Poprad,Prešovský,49.058236,20.196529,Gastro a stravovacie zariadenia,Stredná škola,gastro_fritovaci_olej,Použitý fritovací olej z gastroprevádzok,20 01 25,odpad,celorocne,D
37947541,"Stredná odborná škola polytechnická Jána Antonína Baťu, Svit",Svit,Poprad,Prešovský,49.058236,20.196529,Gastro a stravovacie zariadenia,Stredná škola,bro_zahrady,Biologicky rozložiteľný odpad zo záhrad,20 02 01,odpad,sezonne_leto,D
37947958,"Materská škola, Partizánska 22, Humenné",Humenné,Humenné,Prešovský,48.934603,21.90314,Gastro a stravovacie zariadenia,Materská škola,skolsky_kuchynsky_odpad,Kuchynský odpad zo školských jedální,20 01 08,odpad,celorocne,D
37947958,"Materská škola, Partizánska 22, Humenné",Humenné,Humenné,Prešovský,48.934603,21.90314,Gastro a stravovacie zariadenia,Materská škola,zvysky_z_taniera,Zvyšky z taniera,20 01 08,odpad,celorocne,D
37947958,"Materská škola, Partizánska 22, Humenné",Humenné,Humenné,Prešovský,48.934603,21.90314,Gastro a stravovacie zariadenia,Materská škola,bro_zahrady,Biologicky rozložiteľný odpad zo záhrad,20 02 01,odpad,sezonne_leto,D
37950410,"Cirkevná školská jedáleň, Daxnerova ul. 42, Rimavská Sobota",Rimavská Sobota,Rimavská Sobota,Banskobystrický,48.383832,20.016302,Gastro a stravovacie zariadenia,Školská jedáleň,skolsky_kuchynsky_odpad,Kuchynský odpad zo školských jedální,20 01 08,odpad,celorocne,D
37950410,"Cirkevná školská jedáleň, Daxnerova ul. 42, Rimavská Sobota",Rimavská Sobota,Rimavská Sobota,Banskobystrický,48.383832,20.016302,Gastro a stravovacie zariadenia,Školská jedáleň,zvysky_z_taniera,Zvyšky z taniera,20 01 08,odpad,celorocne,D
37950410,"Cirkevná školská jedáleň, Daxnerova ul. 42, Rimavská Sobota",Rimavská Sobota,Rimavská Sobota,Banskobystrický,48.383832,20.016302,Gastro a stravovacie zariadenia,Školská jedáleň,gastro_fritovaci_olej,Použitý fritovací olej z gastroprevádzok,20 01 25,odpad,celorocne,D
37954431,"Jedáleň 21. storočia, n.o.",Žilina,Žilina,Žilinský,49.223464,18.739498,Gastro a stravovacie zariadenia,Závodná a verejná jedáleň,gastro_kuchynsky_odpad,Kuchynský odpad z reštaurácií a hotelov,20 01 08,odpad,celorocne,D
37954431,"Jedáleň 21. storočia, n.o.",Žilina,Žilina,Žilinský,49.223464,18.739498,Gastro a stravovacie zariadenia,Závodná a verejná jedáleň,zvysky_z_taniera,Zvyšky z taniera,20 01 08,odpad,celorocne,D
37954431,"Jedáleň 21. storočia, n.o.",Žilina,Žilina,Žilinský,49.223464,18.739498,Gastro a stravovacie zariadenia,Závodná a verejná jedáleň,gastro_fritovaci_olej,Použitý fritovací olej z gastroprevádzok,20 01 25,odpad,celorocne,D
37954431,"Jedáleň 21. storočia, n.o.",Žilina,Žilina,Žilinský,49.223464,18.739498,Gastro a stravovacie zariadenia,Závodná a verejná jedáleň,tuky_odlucovace,Tuky z odlučovačov,19 08 09,odpad,celorocne,D
37954571,Všeobecná nemocnica s poliklinikou Lučenec n.o.,Lučenec,Lučenec,Banskobystrický,48.330282,19.664144,Gastro a stravovacie zariadenia,Nemocnica,nemocnicny_kuchynsky_odpad,Kuchynský odpad zo zdravotníckych a sociálnych zariadení,20 01 08,odpad,celorocne,D
37954571,Všeobecná nemocnica s poliklinikou Lučenec n.o.,Lučenec,Lučenec,Banskobystrický,48.330282,19.664144,Gastro a stravovacie zariadenia,Nemocnica,zvysky_z_taniera,Zvyšky z taniera,20 01 08,odpad,celorocne,D
37954571,Všeobecná nemocnica s poliklinikou Lučenec n.o.,Lučenec,Lučenec,Banskobystrický,48.330282,19.664144,Gastro a stravovacie zariadenia,Nemocnica,gastro_fritovaci_olej,Použitý fritovací olej z gastroprevádzok,20 01 25,odpad,celorocne,D
37957660,"Materská škola, marš. Malinovského 1985/41, Zvolen",Zvolen,Zvolen,Banskobystrický,48.576512,19.128476,Gastro a stravovacie zariadenia,Materská škola,skolsky_kuchynsky_odpad,Kuchynský odpad zo školských jedální,20 01 08,odpad,celorocne,D
37957660,"Materská škola, marš. Malinovského 1985/41, Zvolen",Zvolen,Zvolen,Banskobystrický,48.576512,19.128476,Gastro a stravovacie zariadenia,Materská škola,zvysky_z_taniera,Zvyšky z taniera,20 01 08,odpad,celorocne,D
37957660,"Materská škola, marš. Malinovského 1985/41, Zvolen",Zvolen,Zvolen,Banskobystrický,48.576512,19.128476,Gastro a stravovacie zariadenia,Materská škola,bro_zahrady,Biologicky rozložiteľný odpad zo záhrad,20 02 01,odpad,sezonne_leto,D
37958470,"Katolícka spojená škola sv. Františka Assiského, Banská Štiavnica",Banská Štiavnica,Banská Štiavnica,Banskobystrický,48.458093,18.89828,Gastro a stravovacie zariadenia,Stredná škola,skolsky_kuchynsky_odpad,Kuchynský odpad zo školských jedální,20 01 08,odpad,celorocne,D
37958470,"Katolícka spojená škola sv. Františka Assiského, Banská Štiavnica",Banská Štiavnica,Banská Štiavnica,Banskobystrický,48.458093,18.89828,Gastro a stravovacie zariadenia,Stredná škola,zvysky_z_taniera,Zvyšky z taniera,20 01 08,odpad,celorocne,D
37958470,"Katolícka spojená škola sv. Františka Assiského, Banská Štiavnica",Banská Štiavnica,Banská Štiavnica,Banskobystrický,48.458093,18.89828,Gastro a stravovacie zariadenia,Stredná škola,gastro_fritovaci_olej,Použitý fritovací olej z gastroprevádzok,20 01 25,odpad,celorocne,D
37958470,"Katolícka spojená škola sv. Františka Assiského, Banská Štiavnica",Banská Štiavnica,Banská Štiavnica,Banskobystrický,48.458093,18.89828,Gastro a stravovacie zariadenia,Stredná škola,bro_zahrady,Biologicky rozložiteľný odpad zo záhrad,20 02 01,odpad,sezonne_leto,D
37959999,"Materská škola, Lhenická 34, Budča",Budča,Zvolen,Banskobystrický,48.5743,19.065196,Gastro a stravovacie zariadenia,Materská škola,skolsky_kuchynsky_odpad,Kuchynský odpad zo školských jedální,20 01 08,odpad,celorocne,D
37959999,"Materská škola, Lhenická 34, Budča",Budča,Zvolen,Banskobystrický,48.5743,19.065196,Gastro a stravovacie zariadenia,Materská škola,zvysky_z_taniera,Zvyšky z taniera,20 01 08,odpad,celorocne,D
37959999,"Materská škola, Lhenická 34, Budča",Budča,Zvolen,Banskobystrický,48.5743,19.065196,Gastro a stravovacie zariadenia,Materská škola,bro_zahrady,Biologicky rozložiteľný odpad zo záhrad,20 02 01,odpad,sezonne_leto,D
37961161,"Materská škola, Farská ulica 1274/2, Cabaj-Čápor",Cabaj-Čápor,Nitra,Nitriansky,48.245665,18.023092,Gastro a stravovacie zariadenia,Materská škola,skolsky_kuchynsky_odpad,Kuchynský odpad zo školských jedální,20 01 08,odpad,celorocne,D
37961161,"Materská škola, Farská ulica 1274/2, Cabaj-Čápor",Cabaj-Čápor,Nitra,Nitriansky,48.245665,18.023092,Gastro a stravovacie zariadenia,Materská škola,zvysky_z_taniera,Zvyšky z taniera,20 01 08,odpad,celorocne,D
37961161,"Materská škola, Farská ulica 1274/2, Cabaj-Čápor",Cabaj-Čápor,Nitra,Nitriansky,48.245665,18.023092,Gastro a stravovacie zariadenia,Materská škola,bro_zahrady,Biologicky rozložiteľný odpad zo záhrad,20 02 01,odpad,sezonne_leto,D
37961284,"Materská škola, Nám. Gy. Széchényiho 3, Nové Zámky",Nové Zámky,Nové Zámky,Nitriansky,47.98334,18.166661,Gastro a stravovacie zariadenia,Materská škola,skolsky_kuchynsky_odpad,Kuchynský odpad zo školských jedální,20 01 08,odpad,celorocne,D
37961284,"Materská škola, Nám. Gy. Széchényiho 3, Nové Zámky",Nové Zámky,Nové Zámky,Nitriansky,47.98334,18.166661,Gastro a stravovacie zariadenia,Materská škola,zvysky_z_taniera,Zvyšky z taniera,20 01 08,odpad,celorocne,D
37961284,"Materská škola, Nám. Gy. Széchényiho 3, Nové Zámky",Nové Zámky,Nové Zámky,Nitriansky,47.98334,18.166661,Gastro a stravovacie zariadenia,Materská škola,bro_zahrady,Biologicky rozložiteľný odpad zo záhrad,20 02 01,odpad,sezonne_leto,D
37971832,"Špecializovaná nemocnica sv. Svorada Zobor, n.o.",Nitra,Nitra,Nitriansky,48.31257,18.09061,Gastro a stravovacie zariadenia,Nemocnica,nemocnicny_kuchynsky_odpad,Kuchynský odpad zo zdravotníckych a sociálnych zariadení,20 01 08,odpad,celorocne,D
37971832,"Špecializovaná nemocnica sv. Svorada Zobor, n.o.",Nitra,Nitra,Nitriansky,48.31257,18.09061,Gastro a stravovacie zariadenia,Nemocnica,zvysky_z_taniera,Zvyšky z taniera,20 01 08,odpad,celorocne,D
37971832,"Špecializovaná nemocnica sv. Svorada Zobor, n.o.",Nitra,Nitra,Nitriansky,48.31257,18.09061,Gastro a stravovacie zariadenia,Nemocnica,gastro_fritovaci_olej,Použitý fritovací olej z gastroprevádzok,20 01 25,odpad,celorocne,D
37980513,Zariadenie pre seniorov a domov sociálnych služieb mesta Liptovský Mikuláš,Liptovský Mikuláš,Liptovský Mikuláš,Žilinský,49.083333,19.616667,Gastro a stravovacie zariadenia,Zariadenie sociálnych služieb,nemocnicny_kuchynsky_odpad,Kuchynský odpad zo zdravotníckych a sociálnych zariadení,20 01 08,odpad,celorocne,D
37980513,Zariadenie pre seniorov a domov sociálnych služieb mesta Liptovský Mikuláš,Liptovský Mikuláš,Liptovský Mikuláš,Žilinský,49.083333,19.616667,Gastro a stravovacie zariadenia,Zariadenie sociálnych služieb,zvysky_z_taniera,Zvyšky z taniera,20 01 08,odpad,celorocne,D
37980513,Zariadenie pre seniorov a domov sociálnych služieb mesta Liptovský Mikuláš,Liptovský Mikuláš,Liptovský Mikuláš,Žilinský,49.083333,19.616667,Gastro a stravovacie zariadenia,Zariadenie sociálnych služieb,bro_zahrady,Biologicky rozložiteľný odpad zo záhrad,20 02 01,odpad,sezonne_leto,D
37986261,"Domov Barborka Unín, n.o.",Unín,Skalica,Trnavský,48.725737,17.215748,Gastro a stravovacie zariadenia,Zariadenie sociálnych služieb,nemocnicny_kuchynsky_odpad,Kuchynský odpad zo zdravotníckych a sociálnych zariadení,20 01 08,odpad,celorocne,D
37986261,"Domov Barborka Unín, n.o.",Unín,Skalica,Trnavský,48.725737,17.215748,Gastro a stravovacie zariadenia,Zariadenie sociálnych služieb,zvysky_z_taniera,Zvyšky z taniera,20 01 08,odpad,celorocne,D
37986261,"Domov Barborka Unín, n.o.",Unín,Skalica,Trnavský,48.725737,17.215748,Gastro a stravovacie zariadenia,Zariadenie sociálnych služieb,bro_zahrady,Biologicky rozložiteľný odpad zo záhrad,20 02 01,odpad,sezonne_leto,D
37986775,"Štíbor - Mestské centrum sociálnych služieb n.o., Skalica",Skalica,Skalica,Trnavský,48.770797,17.20201,Gastro a stravovacie zariadenia,Zariadenie sociálnych služieb,nemocnicny_kuchynsky_odpad,Kuchynský odpad zo zdravotníckych a sociálnych zariadení,20 01 08,odpad,celorocne,D
37986775,"Štíbor - Mestské centrum sociálnych služieb n.o., Skalica",Skalica,Skalica,Trnavský,48.770797,17.20201,Gastro a stravovacie zariadenia,Zariadenie sociálnych služieb,zvysky_z_taniera,Zvyšky z taniera,20 01 08,odpad,celorocne,D
37986775,"Štíbor - Mestské centrum sociálnych služieb n.o., Skalica",Skalica,Skalica,Trnavský,48.770797,17.20201,Gastro a stravovacie zariadenia,Zariadenie sociálnych služieb,bro_zahrady,Biologicky rozložiteľný odpad zo záhrad,20 02 01,odpad,sezonne_leto,D
37986830,"Dom seniorov Brodské, n.o.",Brodské,Skalica,Trnavský,48.770797,17.20201,Gastro a stravovacie zariadenia,Zariadenie sociálnych služieb,nemocnicny_kuchynsky_odpad,Kuchynský odpad zo zdravotníckych a sociálnych zariadení,20 01 08,odpad,celorocne,D
37986830,"Dom seniorov Brodské, n.o.",Brodské,Skalica,Trnavský,48.770797,17.20201,Gastro a stravovacie zariadenia,Zariadenie sociálnych služieb,zvysky_z_taniera,Zvyšky z taniera,20 01 08,odpad,celorocne,D
37986830,"Dom seniorov Brodské, n.o.",Brodské,Skalica,Trnavský,48.770797,17.20201,Gastro a stravovacie zariadenia,Zariadenie sociálnych služieb,bro_zahrady,Biologicky rozložiteľný odpad zo záhrad,20 02 01,odpad,sezonne_leto,D
37990357,"Základná škola s materskou školou, Kornela Mahra 11, Trnava",Trnava,Trnava,Trnavský,48.37729,17.586718,Gastro a stravovacie zariadenia,Základná škola,skolsky_kuchynsky_odpad,Kuchynský odpad zo školských jedální,20 01 08,odpad,celorocne,D
37990357,"Základná škola s materskou školou, Kornela Mahra 11, Trnava",Trnava,Trnava,Trnavský,48.37729,17.586718,Gastro a stravovacie zariadenia,Základná škola,zvysky_z_taniera,Zvyšky z taniera,20 01 08,odpad,celorocne,D
37990357,"Základná škola s materskou školou, Kornela Mahra 11, Trnava",Trnava,Trnava,Trnavský,48.37729,17.586718,Gastro a stravovacie zariadenia,Základná škola,gastro_kavova_sedlina,Kávová sedlina z gastroprevádzok,20 01 08,odpad,celorocne,D
37990357,"Základná škola s materskou školou, Kornela Mahra 11, Trnava",Trnava,Trnava,Trnavský,48.37729,17.586718,Gastro a stravovacie zariadenia,Základná škola,bro_zahrady,Biologicky rozložiteľný odpad zo záhrad,20 02 01,odpad,sezonne_leto,D
37990411,"Materská škola, Lúčky 14, Holíč",Holíč,Skalica,Trnavský,48.8,17.166667,Gastro a stravovacie zariadenia,Materská škola,skolsky_kuchynsky_odpad,Kuchynský odpad zo školských jedální,20 01 08,odpad,celorocne,D
37990411,"Materská škola, Lúčky 14, Holíč",Holíč,Skalica,Trnavský,48.8,17.166667,Gastro a stravovacie zariadenia,Materská škola,zvysky_z_taniera,Zvyšky z taniera,20 01 08,odpad,celorocne,D
37990411,"Materská škola, Lúčky 14, Holíč",Holíč,Skalica,Trnavský,48.8,17.166667,Gastro a stravovacie zariadenia,Materská škola,bro_zahrady,Biologicky rozložiteľný odpad zo záhrad,20 02 01,odpad,sezonne_leto,D
40340783,Miroslav Kubica MASO-UDENINY,Breza,Námestovo,Žilinský,49.383333,19.4,Potravinárstvo a nápoje,Mäsospracovanie,kostny_zvysok,Kosti a kostné zvyšky,02 02 02,vedlajsi_produkt,celorocne,D
40340783,Miroslav Kubica MASO-UDENINY,Breza,Námestovo,Žilinský,49.383333,19.4,Potravinárstvo a nápoje,Mäsospracovanie,kozne_odrezky,Kožné odrezky a podkožný tuk,02 02 02,odpad,celorocne,D
40340783,Miroslav Kubica MASO-UDENINY,Breza,Námestovo,Žilinský,49.383333,19.4,Potravinárstvo a nápoje,Mäsospracovanie,masovy_flotacny_kal,Flotačný kal z mäsospracovania,02 02 04,odpad,celorocne,D
40340783,Miroslav Kubica MASO-UDENINY,Breza,Námestovo,Žilinský,49.383333,19.4,Potravinárstvo a nápoje,Mäsospracovanie,zvp_kat3,Živočíšne vedľajšie produkty kategórie 3,02 02 02,vedlajsi_produkt,celorocne,D
40340783,Miroslav Kubica MASO-UDENINY,Breza,Námestovo,Žilinský,49.383333,19.4,Potravinárstvo a nápoje,Mäsospracovanie,technicky_zivocisny_tuk,Technický živočíšny tuk,02 02 03,vedlajsi_produkt,celorocne,D
40340783,Miroslav Kubica MASO-UDENINY,Breza,Námestovo,Žilinský,49.383333,19.4,Potravinárstvo a nápoje,Mäsospracovanie,masokostna_mucka,Mäsokostná múčka,02 02 02,odpad,celorocne,D
40423298,Radoslav Zaťko Mäso - údeniny,Malá Čausa,Prievidza,Trenčiansky,48.794864,18.700866,Potravinárstvo a nápoje,Mäsospracovanie,kostny_zvysok,Kosti a kostné zvyšky,02 02 02,vedlajsi_produkt,celorocne,D
40423298,Radoslav Zaťko Mäso - údeniny,Malá Čausa,Prievidza,Trenčiansky,48.794864,18.700866,Potravinárstvo a nápoje,Mäsospracovanie,kozne_odrezky,Kožné odrezky a podkožný tuk,02 02 02,odpad,celorocne,D
40423298,Radoslav Zaťko Mäso - údeniny,Malá Čausa,Prievidza,Trenčiansky,48.794864,18.700866,Potravinárstvo a nápoje,Mäsospracovanie,masovy_flotacny_kal,Flotačný kal z mäsospracovania,02 02 04,odpad,celorocne,D
40423298,Radoslav Zaťko Mäso - údeniny,Malá Čausa,Prievidza,Trenčiansky,48.794864,18.700866,Potravinárstvo a nápoje,Mäsospracovanie,zvp_kat3,Živočíšne vedľajšie produkty kategórie 3,02 02 02,vedlajsi_produkt,celorocne,D
40423298,Radoslav Zaťko Mäso - údeniny,Malá Čausa,Prievidza,Trenčiansky,48.794864,18.700866,Potravinárstvo a nápoje,Mäsospracovanie,technicky_zivocisny_tuk,Technický živočíšny tuk,02 02 03,vedlajsi_produkt,celorocne,D
40423298,Radoslav Zaťko Mäso - údeniny,Malá Čausa,Prievidza,Trenčiansky,48.794864,18.700866,Potravinárstvo a nápoje,Mäsospracovanie,masokostna_mucka,Mäsokostná múčka,02 02 02,odpad,celorocne,D
40573656,Mária Rebej MÄSO ÚDENINY,Kamenica nad Cirochou,Humenné,Prešovský,48.933333,22.0,Potravinárstvo a nápoje,Mäsospracovanie,kostny_zvysok,Kosti a kostné zvyšky,02 02 02,vedlajsi_produkt,celorocne,D
40573656,Mária Rebej MÄSO ÚDENINY,Kamenica nad Cirochou,Humenné,Prešovský,48.933333,22.0,Potravinárstvo a nápoje,Mäsospracovanie,kozne_odrezky,Kožné odrezky a podkožný tuk,02 02 02,odpad,celorocne,D
40573656,Mária Rebej MÄSO ÚDENINY,Kamenica nad Cirochou,Humenné,Prešovský,48.933333,22.0,Potravinárstvo a nápoje,Mäsospracovanie,masovy_flotacny_kal,Flotačný kal z mäsospracovania,02 02 04,odpad,celorocne,D
40573656,Mária Rebej MÄSO ÚDENINY,Kamenica nad Cirochou,Humenné,Prešovský,48.933333,22.0,Potravinárstvo a nápoje,Mäsospracovanie,zvp_kat3,Živočíšne vedľajšie produkty kategórie 3,02 02 02,vedlajsi_produkt,celorocne,D
40573656,Mária Rebej MÄSO ÚDENINY,Kamenica nad Cirochou,Humenné,Prešovský,48.933333,22.0,Potravinárstvo a nápoje,Mäsospracovanie,technicky_zivocisny_tuk,Technický živočíšny tuk,02 02 03,vedlajsi_produkt,celorocne,D
40573656,Mária Rebej MÄSO ÚDENINY,Kamenica nad Cirochou,Humenné,Prešovský,48.933333,22.0,Potravinárstvo a nápoje,Mäsospracovanie,masokostna_mucka,Mäsokostná múčka,02 02 02,odpad,celorocne,D
40641333,Anna Maríková - Závodná jedáleň Olšovská,Plavecké Podhradie,Malacky,Bratislavský,48.481793,17.261951,Gastro a stravovacie zariadenia,Závodná a verejná jedáleň,gastro_kuchynsky_odpad,Kuchynský odpad z reštaurácií a hotelov,20 01 08,odpad,celorocne,D
40641333,Anna Maríková - Závodná jedáleň Olšovská,Plavecké Podhradie,Malacky,Bratislavský,48.481793,17.261951,Gastro a stravovacie zariadenia,Závodná a verejná jedáleň,zvysky_z_taniera,Zvyšky z taniera,20 01 08,odpad,celorocne,D
40641333,Anna Maríková - Závodná jedáleň Olšovská,Plavecké Podhradie,Malacky,Bratislavský,48.481793,17.261951,Gastro a stravovacie zariadenia,Závodná a verejná jedáleň,gastro_fritovaci_olej,Použitý fritovací olej z gastroprevádzok,20 01 25,odpad,celorocne,D
40641333,Anna Maríková - Závodná jedáleň Olšovská,Plavecké Podhradie,Malacky,Bratislavský,48.481793,17.261951,Gastro a stravovacie zariadenia,Závodná a verejná jedáleň,tuky_odlucovace,Tuky z odlučovačov,19 08 09,odpad,celorocne,D
40924092,Ladislav Balogh - Mäso-údeniny,Nový Tekov,Levice,Nitriansky,48.244126,18.517993,Potravinárstvo a nápoje,Mäsospracovanie,kostny_zvysok,Kosti a kostné zvyšky,02 02 02,vedlajsi_produkt,celorocne,D
40924092,Ladislav Balogh - Mäso-údeniny,Nový Tekov,Levice,Nitriansky,48.244126,18.517993,Potravinárstvo a nápoje,Mäsospracovanie,kozne_odrezky,Kožné odrezky a podkožný tuk,02 02 02,odpad,celorocne,D
40924092,Ladislav Balogh - Mäso-údeniny,Nový Tekov,Levice,Nitriansky,48.244126,18.517993,Potravinárstvo a nápoje,Mäsospracovanie,masovy_flotacny_kal,Flotačný kal z mäsospracovania,02 02 04,odpad,celorocne,D
40924092,Ladislav Balogh - Mäso-údeniny,Nový Tekov,Levice,Nitriansky,48.244126,18.517993,Potravinárstvo a nápoje,Mäsospracovanie,zvp_kat3,Živočíšne vedľajšie produkty kategórie 3,02 02 02,vedlajsi_produkt,celorocne,D
40924092,Ladislav Balogh - Mäso-údeniny,Nový Tekov,Levice,Nitriansky,48.244126,18.517993,Potravinárstvo a nápoje,Mäsospracovanie,technicky_zivocisny_tuk,Technický živočíšny tuk,02 02 03,vedlajsi_produkt,celorocne,D
40924092,Ladislav Balogh - Mäso-údeniny,Nový Tekov,Levice,Nitriansky,48.244126,18.517993,Potravinárstvo a nápoje,Mäsospracovanie,masokostna_mucka,Mäsokostná múčka,02 02 02,odpad,celorocne,D
41492978,Viera Švorcová Jedáleň u Švorcových,Báhoň,Pezinok,Bratislavský,48.309067,17.445245,Gastro a stravovacie zariadenia,Závodná a verejná jedáleň,gastro_kuchynsky_odpad,Kuchynský odpad z reštaurácií a hotelov,20 01 08,odpad,celorocne,D
41492978,Viera Švorcová Jedáleň u Švorcových,Báhoň,Pezinok,Bratislavský,48.309067,17.445245,Gastro a stravovacie zariadenia,Závodná a verejná jedáleň,zvysky_z_taniera,Zvyšky z taniera,20 01 08,odpad,celorocne,D
41492978,Viera Švorcová Jedáleň u Švorcových,Báhoň,Pezinok,Bratislavský,48.309067,17.445245,Gastro a stravovacie zariadenia,Závodná a verejná jedáleň,gastro_fritovaci_olej,Použitý fritovací olej z gastroprevádzok,20 01 25,odpad,celorocne,D
41492978,Viera Švorcová Jedáleň u Švorcových,Báhoň,Pezinok,Bratislavský,48.309067,17.445245,Gastro a stravovacie zariadenia,Závodná a verejná jedáleň,tuky_odlucovace,Tuky z odlučovačov,19 08 09,odpad,celorocne,D
41674766,Marta Ďuricová JEDÁLEŇ R - M,Banská Bystrica,Banská Bystrica,Banskobystrický,48.738539,19.156869,Gastro a stravovacie zariadenia,Závodná a verejná jedáleň,gastro_kuchynsky_odpad,Kuchynský odpad z reštaurácií a hotelov,20 01 08,odpad,celorocne,D
41674766,Marta Ďuricová JEDÁLEŇ R - M,Banská Bystrica,Banská Bystrica,Banskobystrický,48.738539,19.156869,Gastro a stravovacie zariadenia,Závodná a verejná jedáleň,zvysky_z_taniera,Zvyšky z taniera,20 01 08,odpad,celorocne,D
41674766,Marta Ďuricová JEDÁLEŇ R - M,Banská Bystrica,Banská Bystrica,Banskobystrický,48.738539,19.156869,Gastro a stravovacie zariadenia,Závodná a verejná jedáleň,gastro_fritovaci_olej,Použitý fritovací olej z gastroprevádzok,20 01 25,odpad,celorocne,D
41674766,Marta Ďuricová JEDÁLEŇ R - M,Banská Bystrica,Banská Bystrica,Banskobystrický,48.738539,19.156869,Gastro a stravovacie zariadenia,Závodná a verejná jedáleň,tuky_odlucovace,Tuky z odlučovačov,19 08 09,odpad,celorocne,D
41754549,Milan Kavecký - Reštaurácia KLEOPATRA,Kamenná Poruba,Vranov nad Topľou,Prešovský,48.84859,21.648767,Gastro a stravovacie zariadenia,Reštaurácia,gastro_kuchynsky_odpad,Kuchynský odpad z reštaurácií a hotelov,20 01 08,odpad,celorocne,D
41754549,Milan Kavecký - Reštaurácia KLEOPATRA,Kamenná Poruba,Vranov nad Topľou,Prešovský,48.84859,21.648767,Gastro a stravovacie zariadenia,Reštaurácia,zvysky_z_taniera,Zvyšky z taniera,20 01 08,odpad,celorocne,D
41754549,Milan Kavecký - Reštaurácia KLEOPATRA,Kamenná Poruba,Vranov nad Topľou,Prešovský,48.84859,21.648767,Gastro a stravovacie zariadenia,Reštaurácia,gastro_fritovaci_olej,Použitý fritovací olej z gastroprevádzok,20 01 25,odpad,celorocne,D
41754549,Milan Kavecký - Reštaurácia KLEOPATRA,Kamenná Poruba,Vranov nad Topľou,Prešovský,48.84859,21.648767,Gastro a stravovacie zariadenia,Reštaurácia,gastro_kavova_sedlina,Kávová sedlina z gastroprevádzok,20 01 08,odpad,celorocne,D
41754549,Milan Kavecký - Reštaurácia KLEOPATRA,Kamenná Poruba,Vranov nad Topľou,Prešovský,48.84859,21.648767,Gastro a stravovacie zariadenia,Reštaurácia,tuky_odlucovace,Tuky z odlučovačov,19 08 09,odpad,celorocne,D
41934831,Milan Husivarga - REMIX - Mäso údeniny,Hanušovce nad Topľou,Vranov nad Topľou,Prešovský,49.033333,21.5,Potravinárstvo a nápoje,Mäsospracovanie,kostny_zvysok,Kosti a kostné zvyšky,02 02 02,vedlajsi_produkt,celorocne,D
41934831,Milan Husivarga - REMIX - Mäso údeniny,Hanušovce nad Topľou,Vranov nad Topľou,Prešovský,49.033333,21.5,Potravinárstvo a nápoje,Mäsospracovanie,kozne_odrezky,Kožné odrezky a podkožný tuk,02 02 02,odpad,celorocne,D
41934831,Milan Husivarga - REMIX - Mäso údeniny,Hanušovce nad Topľou,Vranov nad Topľou,Prešovský,49.033333,21.5,Potravinárstvo a nápoje,Mäsospracovanie,masovy_flotacny_kal,Flotačný kal z mäsospracovania,02 02 04,odpad,celorocne,D
41934831,Milan Husivarga - REMIX - Mäso údeniny,Hanušovce nad Topľou,Vranov nad Topľou,Prešovský,49.033333,21.5,Potravinárstvo a nápoje,Mäsospracovanie,zvp_kat3,Živočíšne vedľajšie produkty kategórie 3,02 02 02,vedlajsi_produkt,celorocne,D
41934831,Milan Husivarga - REMIX - Mäso údeniny,Hanušovce nad Topľou,Vranov nad Topľou,Prešovský,49.033333,21.5,Potravinárstvo a nápoje,Mäsospracovanie,technicky_zivocisny_tuk,Technický živočíšny tuk,02 02 03,vedlajsi_produkt,celorocne,D
41934831,Milan Husivarga - REMIX - Mäso údeniny,Hanušovce nad Topľou,Vranov nad Topľou,Prešovský,49.033333,21.5,Potravinárstvo a nápoje,Mäsospracovanie,masokostna_mucka,Mäsokostná múčka,02 02 02,odpad,celorocne,D
42011701,Súkromné gymnázium Banskobystrické,Banská Bystrica,Banská Bystrica,Banskobystrický,48.738539,19.156869,Gastro a stravovacie zariadenia,Stredná škola,skolsky_kuchynsky_odpad,Kuchynský odpad zo školských jedální,20 01 08,odpad,celorocne,D
42011701,Súkromné gymnázium Banskobystrické,Banská Bystrica,Banská Bystrica,Banskobystrický,48.738539,19.156869,Gastro a stravovacie zariadenia,Stredná škola,zvysky_z_taniera,Zvyšky z taniera,20 01 08,odpad,celorocne,D
42011701,Súkromné gymnázium Banskobystrické,Banská Bystrica,Banská Bystrica,Banskobystrický,48.738539,19.156869,Gastro a stravovacie zariadenia,Stredná škola,gastro_fritovaci_olej,Použitý fritovací olej z gastroprevádzok,20 01 25,odpad,celorocne,D
42011701,Súkromné gymnázium Banskobystrické,Banská Bystrica,Banská Bystrica,Banskobystrický,48.738539,19.156869,Gastro a stravovacie zariadenia,Stredná škola,bro_zahrady,Biologicky rozložiteľný odpad zo záhrad,20 02 01,odpad,sezonne_leto,D
42017769,Centrum sociálnych služieb v Novom Meste nad Váhom,Nové Mesto nad Váhom,Nové Mesto nad Váhom,Trenčiansky,48.763325,17.830386,Gastro a stravovacie zariadenia,Zariadenie sociálnych služieb,nemocnicny_kuchynsky_odpad,Kuchynský odpad zo zdravotníckych a sociálnych zariadení,20 01 08,odpad,celorocne,D
42017769,Centrum sociálnych služieb v Novom Meste nad Váhom,Nové Mesto nad Váhom,Nové Mesto nad Váhom,Trenčiansky,48.763325,17.830386,Gastro a stravovacie zariadenia,Zariadenie sociálnych služieb,zvysky_z_taniera,Zvyšky z taniera,20 01 08,odpad,celorocne,D
42017769,Centrum sociálnych služieb v Novom Meste nad Váhom,Nové Mesto nad Váhom,Nové Mesto nad Váhom,Trenčiansky,48.763325,17.830386,Gastro a stravovacie zariadenia,Zariadenie sociálnych služieb,bro_zahrady,Biologicky rozložiteľný odpad zo záhrad,20 02 01,odpad,sezonne_leto,D
42026393,"Stredná odborná škola technická, Bratislavská 439/18, Dubnica nad Váhom",Dubnica nad Váhom,Ilava,Trenčiansky,48.957172,18.167022,Gastro a stravovacie zariadenia,Stredná škola,skolsky_kuchynsky_odpad,Kuchynský odpad zo školských jedální,20 01 08,odpad,celorocne,D
42026393,"Stredná odborná škola technická, Bratislavská 439/18, Dubnica nad Váhom",Dubnica nad Váhom,Ilava,Trenčiansky,48.957172,18.167022,Gastro a stravovacie zariadenia,Stredná škola,zvysky_z_taniera,Zvyšky z taniera,20 01 08,odpad,celorocne,D
42026393,"Stredná odborná škola technická, Bratislavská 439/18, Dubnica nad Váhom",Dubnica nad Váhom,Ilava,Trenčiansky,48.957172,18.167022,Gastro a stravovacie zariadenia,Stredná škola,gastro_fritovaci_olej,Použitý fritovací olej z gastroprevádzok,20 01 25,odpad,celorocne,D
42026393,"Stredná odborná škola technická, Bratislavská 439/18, Dubnica nad Váhom",Dubnica nad Váhom,Ilava,Trenčiansky,48.957172,18.167022,Gastro a stravovacie zariadenia,Stredná škola,bro_zahrady,Biologicky rozložiteľný odpad zo záhrad,20 02 01,odpad,sezonne_leto,D
42029503,"Materská škola, Dubovica 48",Dubovica,Sabinov,Prešovský,49.133333,20.966667,Gastro a stravovacie zariadenia,Materská škola,skolsky_kuchynsky_odpad,Kuchynský odpad zo školských jedální,20 01 08,odpad,celorocne,D
42029503,"Materská škola, Dubovica 48",Dubovica,Sabinov,Prešovský,49.133333,20.966667,Gastro a stravovacie zariadenia,Materská škola,zvysky_z_taniera,Zvyšky z taniera,20 01 08,odpad,celorocne,D
42029503,"Materská škola, Dubovica 48",Dubovica,Sabinov,Prešovský,49.133333,20.966667,Gastro a stravovacie zariadenia,Materská škola,bro_zahrady,Biologicky rozložiteľný odpad zo záhrad,20 02 01,odpad,sezonne_leto,D
42035261,"Spojená škola Juraja Henischa, Slovenská 5, Bardejov",Bardejov,Bardejov,Prešovský,49.292999,21.27554,Gastro a stravovacie zariadenia,Stredná škola,skolsky_kuchynsky_odpad,Kuchynský odpad zo školských jedální,20 01 08,odpad,celorocne,D
42035261,"Spojená škola Juraja Henischa, Slovenská 5, Bardejov",Bardejov,Bardejov,Prešovský,49.292999,21.27554,Gastro a stravovacie zariadenia,Stredná škola,zvysky_z_taniera,Zvyšky z taniera,20 01 08,odpad,celorocne,D
42035261,"Spojená škola Juraja Henischa, Slovenská 5, Bardejov",Bardejov,Bardejov,Prešovský,49.292999,21.27554,Gastro a stravovacie zariadenia,Stredná škola,gastro_fritovaci_olej,Použitý fritovací olej z gastroprevádzok,20 01 25,odpad,celorocne,D
42035261,"Spojená škola Juraja Henischa, Slovenská 5, Bardejov",Bardejov,Bardejov,Prešovský,49.292999,21.27554,Gastro a stravovacie zariadenia,Stredná škola,bro_zahrady,Biologicky rozložiteľný odpad zo záhrad,20 02 01,odpad,sezonne_leto,D
42052050,"Dom seniorov Machulince, n.o.",Machulince,Zlaté Moravce,Nitriansky,48.41125,18.433242,Gastro a stravovacie zariadenia,Zariadenie sociálnych služieb,nemocnicny_kuchynsky_odpad,Kuchynský odpad zo zdravotníckych a sociálnych zariadení,20 01 08,odpad,celorocne,D
42052050,"Dom seniorov Machulince, n.o.",Machulince,Zlaté Moravce,Nitriansky,48.41125,18.433242,Gastro a stravovacie zariadenia,Zariadenie sociálnych služieb,zvysky_z_taniera,Zvyšky z taniera,20 01 08,odpad,celorocne,D
42052050,"Dom seniorov Machulince, n.o.",Machulince,Zlaté Moravce,Nitriansky,48.41125,18.433242,Gastro a stravovacie zariadenia,Zariadenie sociálnych služieb,bro_zahrady,Biologicky rozložiteľný odpad zo záhrad,20 02 01,odpad,sezonne_leto,D
42085438,"Materská škola, Antona Prídavka 1, Prešov",Prešov,Prešov,Prešovský,49.000411,21.252273,Gastro a stravovacie zariadenia,Materská škola,skolsky_kuchynsky_odpad,Kuchynský odpad zo školských jedální,20 01 08,odpad,celorocne,D
42085438,"Materská škola, Antona Prídavka 1, Prešov",Prešov,Prešov,Prešovský,49.000411,21.252273,Gastro a stravovacie zariadenia,Materská škola,zvysky_z_taniera,Zvyšky z taniera,20 01 08,odpad,celorocne,D
42085438,"Materská škola, Antona Prídavka 1, Prešov",Prešov,Prešov,Prešovský,49.000411,21.252273,Gastro a stravovacie zariadenia,Materská škola,bro_zahrady,Biologicky rozložiteľný odpad zo záhrad,20 02 01,odpad,sezonne_leto,D
42085853,Domov sv. Dominika,Petrovany,Prešov,Prešovský,48.91662,21.261603,Gastro a stravovacie zariadenia,Zariadenie sociálnych služieb,nemocnicny_kuchynsky_odpad,Kuchynský odpad zo zdravotníckych a sociálnych zariadení,20 01 08,odpad,celorocne,D
42085853,Domov sv. Dominika,Petrovany,Prešov,Prešovský,48.91662,21.261603,Gastro a stravovacie zariadenia,Zariadenie sociálnych služieb,zvysky_z_taniera,Zvyšky z taniera,20 01 08,odpad,celorocne,D
42085853,Domov sv. Dominika,Petrovany,Prešov,Prešovský,48.91662,21.261603,Gastro a stravovacie zariadenia,Zariadenie sociálnych služieb,bro_zahrady,Biologicky rozložiteľný odpad zo záhrad,20 02 01,odpad,sezonne_leto,D
42089824,"Spojená škola internátna, Levočská 24, Stará Ľubovňa",Stará Ľubovňa,Stará Ľubovňa,Prešovský,49.297258,20.687317,Gastro a stravovacie zariadenia,Stredná škola,skolsky_kuchynsky_odpad,Kuchynský odpad zo školských jedální,20 01 08,odpad,celorocne,D
42089824,"Spojená škola internátna, Levočská 24, Stará Ľubovňa",Stará Ľubovňa,Stará Ľubovňa,Prešovský,49.297258,20.687317,Gastro a stravovacie zariadenia,Stredná škola,zvysky_z_taniera,Zvyšky z taniera,20 01 08,odpad,celorocne,D
42089824,"Spojená škola internátna, Levočská 24, Stará Ľubovňa",Stará Ľubovňa,Stará Ľubovňa,Prešovský,49.297258,20.687317,Gastro a stravovacie zariadenia,Stredná škola,gastro_fritovaci_olej,Použitý fritovací olej z gastroprevádzok,20 01 25,odpad,celorocne,D
42089824,"Spojená škola internátna, Levočská 24, Stará Ľubovňa",Stará Ľubovňa,Stará Ľubovňa,Prešovský,49.297258,20.687317,Gastro a stravovacie zariadenia,Stredná škola,bro_zahrady,Biologicky rozložiteľný odpad zo záhrad,20 02 01,odpad,sezonne_leto,D
42090598,"Spojená škola Jána Vojtaššáka internátna, Levoča",Levoča,Levoča,Prešovský,49.025112,20.587999,Gastro a stravovacie zariadenia,Stredná škola,skolsky_kuchynsky_odpad,Kuchynský odpad zo školských jedální,20 01 08,odpad,celorocne,D
42090598,"Spojená škola Jána Vojtaššáka internátna, Levoča",Levoča,Levoča,Prešovský,49.025112,20.587999,Gastro a stravovacie zariadenia,Stredná škola,zvysky_z_taniera,Zvyšky z taniera,20 01 08,odpad,celorocne,D
42090598,"Spojená škola Jána Vojtaššáka internátna, Levoča",Levoča,Levoča,Prešovský,49.025112,20.587999,Gastro a stravovacie zariadenia,Stredná škola,gastro_fritovaci_olej,Použitý fritovací olej z gastroprevádzok,20 01 25,odpad,celorocne,D
42090598,"Spojená škola Jána Vojtaššáka internátna, Levoča",Levoča,Levoča,Prešovský,49.025112,20.587999,Gastro a stravovacie zariadenia,Stredná škola,bro_zahrady,Biologicky rozložiteľný odpad zo záhrad,20 02 01,odpad,sezonne_leto,D
42092434,"AEVITAS, n. o. - ZARIADENIE PRE SENIOROV",Snina,Snina,Prešovský,48.990062,22.155625,Gastro a stravovacie zariadenia,Zariadenie sociálnych služieb,nemocnicny_kuchynsky_odpad,Kuchynský odpad zo zdravotníckych a sociálnych zariadení,20 01 08,odpad,celorocne,D
42092434,"AEVITAS, n. o. - ZARIADENIE PRE SENIOROV",Snina,Snina,Prešovský,48.990062,22.155625,Gastro a stravovacie zariadenia,Zariadenie sociálnych služieb,zvysky_z_taniera,Zvyšky z taniera,20 01 08,odpad,celorocne,D
42092434,"AEVITAS, n. o. - ZARIADENIE PRE SENIOROV",Snina,Snina,Prešovský,48.990062,22.155625,Gastro a stravovacie zariadenia,Zariadenie sociálnych služieb,bro_zahrady,Biologicky rozložiteľný odpad zo záhrad,20 02 01,odpad,sezonne_leto,D
42102201,"Materská škola, Richnava 260",Richnava,Gelnica,Košický,48.927875,20.917469,Gastro a stravovacie zariadenia,Materská škola,skolsky_kuchynsky_odpad,Kuchynský odpad zo školských jedální,20 01 08,odpad,celorocne,D
42102201,"Materská škola, Richnava 260",Richnava,Gelnica,Košický,48.927875,20.917469,Gastro a stravovacie zariadenia,Materská škola,zvysky_z_taniera,Zvyšky z taniera,20 01 08,odpad,celorocne,D
42102201,"Materská škola, Richnava 260",Richnava,Gelnica,Košický,48.927875,20.917469,Gastro a stravovacie zariadenia,Materská škola,bro_zahrady,Biologicky rozložiteľný odpad zo záhrad,20 02 01,odpad,sezonne_leto,D
42102553,"Súkromná spojená škola EDURAM, Krompachy",Krompachy,Spišská Nová Ves,Košický,48.917127,20.873055,Gastro a stravovacie zariadenia,Stredná škola,skolsky_kuchynsky_odpad,Kuchynský odpad zo školských jedální,20 01 08,odpad,celorocne,D
42102553,"Súkromná spojená škola EDURAM, Krompachy",Krompachy,Spišská Nová Ves,Košický,48.917127,20.873055,Gastro a stravovacie zariadenia,Stredná škola,zvysky_z_taniera,Zvyšky z taniera,20 01 08,odpad,celorocne,D
42102553,"Súkromná spojená škola EDURAM, Krompachy",Krompachy,Spišská Nová Ves,Košický,48.917127,20.873055,Gastro a stravovacie zariadenia,Stredná škola,gastro_fritovaci_olej,Použitý fritovací olej z gastroprevádzok,20 01 25,odpad,celorocne,D
42102553,"Súkromná spojená škola EDURAM, Krompachy",Krompachy,Spišská Nová Ves,Košický,48.917127,20.873055,Gastro a stravovacie zariadenia,Stredná škola,bro_zahrady,Biologicky rozložiteľný odpad zo záhrad,20 02 01,odpad,sezonne_leto,D
42109191,"Cirkevná spojená škola, Komenského 6, Spišské Vlachy",Spišské Vlachy,Spišská Nová Ves,Košický,48.947914,20.797352,Gastro a stravovacie zariadenia,Stredná škola,skolsky_kuchynsky_odpad,Kuchynský odpad zo školských jedální,20 01 08,odpad,celorocne,D
42109191,"Cirkevná spojená škola, Komenského 6, Spišské Vlachy",Spišské Vlachy,Spišská Nová Ves,Košický,48.947914,20.797352,Gastro a stravovacie zariadenia,Stredná škola,zvysky_z_taniera,Zvyšky z taniera,20 01 08,odpad,celorocne,D
42109191,"Cirkevná spojená škola, Komenského 6, Spišské Vlachy",Spišské Vlachy,Spišská Nová Ves,Košický,48.947914,20.797352,Gastro a stravovacie zariadenia,Stredná škola,gastro_fritovaci_olej,Použitý fritovací olej z gastroprevádzok,20 01 25,odpad,celorocne,D
42109191,"Cirkevná spojená škola, Komenského 6, Spišské Vlachy",Spišské Vlachy,Spišská Nová Ves,Košický,48.947914,20.797352,Gastro a stravovacie zariadenia,Stredná škola,bro_zahrady,Biologicky rozložiteľný odpad zo záhrad,20 02 01,odpad,sezonne_leto,D
42114985,Súkromná stredná odborná škola polytechnická DSA,Nitra,Nitra,Nitriansky,48.31257,18.09061,Gastro a stravovacie zariadenia,Stredná škola,skolsky_kuchynsky_odpad,Kuchynský odpad zo školských jedální,20 01 08,odpad,celorocne,D
42114985,Súkromná stredná odborná škola polytechnická DSA,Nitra,Nitra,Nitriansky,48.31257,18.09061,Gastro a stravovacie zariadenia,Stredná škola,zvysky_z_taniera,Zvyšky z taniera,20 01 08,odpad,celorocne,D
42114985,Súkromná stredná odborná škola polytechnická DSA,Nitra,Nitra,Nitriansky,48.31257,18.09061,Gastro a stravovacie zariadenia,Stredná škola,gastro_fritovaci_olej,Použitý fritovací olej z gastroprevádzok,20 01 25,odpad,celorocne,D
42114985,Súkromná stredná odborná škola polytechnická DSA,Nitra,Nitra,Nitriansky,48.31257,18.09061,Gastro a stravovacie zariadenia,Stredná škola,bro_zahrady,Biologicky rozložiteľný odpad zo záhrad,20 02 01,odpad,sezonne_leto,D
42118727,"„MÔJ DOMOV"", Zariadenie sociálnych služieb Topoľčany",Topoľčany,Topoľčany,Nitriansky,48.559116,18.176052,Gastro a stravovacie zariadenia,Zariadenie sociálnych služieb,nemocnicny_kuchynsky_odpad,Kuchynský odpad zo zdravotníckych a sociálnych zariadení,20 01 08,odpad,celorocne,D
42118727,"„MÔJ DOMOV"", Zariadenie sociálnych služieb Topoľčany",Topoľčany,Topoľčany,Nitriansky,48.559116,18.176052,Gastro a stravovacie zariadenia,Zariadenie sociálnych služieb,zvysky_z_taniera,Zvyšky z taniera,20 01 08,odpad,celorocne,D
42118727,"„MÔJ DOMOV"", Zariadenie sociálnych služieb Topoľčany",Topoľčany,Topoľčany,Nitriansky,48.559116,18.176052,Gastro a stravovacie zariadenia,Zariadenie sociálnych služieb,bro_zahrady,Biologicky rozložiteľný odpad zo záhrad,20 02 01,odpad,sezonne_leto,D
42119383,"„JESEŇ ŽIVOTA"", Zariadenie sociálnych služieb Levice",Levice,Levice,Nitriansky,48.216667,18.6,Gastro a stravovacie zariadenia,Zariadenie sociálnych služieb,nemocnicny_kuchynsky_odpad,Kuchynský odpad zo zdravotníckych a sociálnych zariadení,20 01 08,odpad,celorocne,D
42119383,"„JESEŇ ŽIVOTA"", Zariadenie sociálnych služieb Levice",Levice,Levice,Nitriansky,48.216667,18.6,Gastro a stravovacie zariadenia,Zariadenie sociálnych služieb,zvysky_z_taniera,Zvyšky z taniera,20 01 08,odpad,celorocne,D
42119383,"„JESEŇ ŽIVOTA"", Zariadenie sociálnych služieb Levice",Levice,Levice,Nitriansky,48.216667,18.6,Gastro a stravovacie zariadenia,Zariadenie sociálnych služieb,bro_zahrady,Biologicky rozložiteľný odpad zo záhrad,20 02 01,odpad,sezonne_leto,D
42119391,"„HARMÓNIA"", Zariadenie sociálnych služieb Horné Štitáre",Horné Štitáre,Topoľčany,Nitriansky,48.526005,18.054942,Gastro a stravovacie zariadenia,Zariadenie sociálnych služieb,nemocnicny_kuchynsky_odpad,Kuchynský odpad zo zdravotníckych a sociálnych zariadení,20 01 08,odpad,celorocne,D
42119391,"„HARMÓNIA"", Zariadenie sociálnych služieb Horné Štitáre",Horné Štitáre,Topoľčany,Nitriansky,48.526005,18.054942,Gastro a stravovacie zariadenia,Zariadenie sociálnych služieb,zvysky_z_taniera,Zvyšky z taniera,20 01 08,odpad,celorocne,D
42119391,"„HARMÓNIA"", Zariadenie sociálnych služieb Horné Štitáre",Horné Štitáre,Topoľčany,Nitriansky,48.526005,18.054942,Gastro a stravovacie zariadenia,Zariadenie sociálnych služieb,bro_zahrady,Biologicky rozložiteľný odpad zo záhrad,20 02 01,odpad,sezonne_leto,D
42143900,Zariadenie pre seniorov-Domov dôchodcov Bojnice,Bojnice,Prievidza,Trenčiansky,48.78,18.581862,Gastro a stravovacie zariadenia,Zariadenie sociálnych služieb,nemocnicny_kuchynsky_odpad,Kuchynský odpad zo zdravotníckych a sociálnych zariadení,20 01 08,odpad,celorocne,D
42143900,Zariadenie pre seniorov-Domov dôchodcov Bojnice,Bojnice,Prievidza,Trenčiansky,48.78,18.581862,Gastro a stravovacie zariadenia,Zariadenie sociálnych služieb,zvysky_z_taniera,Zvyšky z taniera,20 01 08,odpad,celorocne,D
42143900,Zariadenie pre seniorov-Domov dôchodcov Bojnice,Bojnice,Prievidza,Trenčiansky,48.78,18.581862,Gastro a stravovacie zariadenia,Zariadenie sociálnych služieb,bro_zahrady,Biologicky rozložiteľný odpad zo záhrad,20 02 01,odpad,sezonne_leto,D
42152411,Súkromné gymnázium FUTURUM,Trenčín,Trenčín,Trenčiansky,48.892358,18.039372,Gastro a stravovacie zariadenia,Stredná škola,skolsky_kuchynsky_odpad,Kuchynský odpad zo školských jedální,20 01 08,odpad,celorocne,D
42152411,Súkromné gymnázium FUTURUM,Trenčín,Trenčín,Trenčiansky,48.892358,18.039372,Gastro a stravovacie zariadenia,Stredná škola,zvysky_z_taniera,Zvyšky z taniera,20 01 08,odpad,celorocne,D
42152411,Súkromné gymnázium FUTURUM,Trenčín,Trenčín,Trenčiansky,48.892358,18.039372,Gastro a stravovacie zariadenia,Stredná škola,gastro_fritovaci_olej,Použitý fritovací olej z gastroprevádzok,20 01 25,odpad,celorocne,D
42152411,Súkromné gymnázium FUTURUM,Trenčín,Trenčín,Trenčiansky,48.892358,18.039372,Gastro a stravovacie zariadenia,Stredná škola,bro_zahrady,Biologicky rozložiteľný odpad zo záhrad,20 02 01,odpad,sezonne_leto,D
42176182,"Spojená škola sv. Františka z Assisi, Karloveská 32, Bratislava",Bratislava - mestská časť Karlova Ves,Bratislava IV,Bratislavský,48.160464,17.047532,Gastro a stravovacie zariadenia,Stredná škola,skolsky_kuchynsky_odpad,Kuchynský odpad zo školských jedální,20 01 08,odpad,celorocne,D
42176182,"Spojená škola sv. Františka z Assisi, Karloveská 32, Bratislava",Bratislava - mestská časť Karlova Ves,Bratislava IV,Bratislavský,48.160464,17.047532,Gastro a stravovacie zariadenia,Stredná škola,zvysky_z_taniera,Zvyšky z taniera,20 01 08,odpad,celorocne,D
42176182,"Spojená škola sv. Františka z Assisi, Karloveská 32, Bratislava",Bratislava - mestská časť Karlova Ves,Bratislava IV,Bratislavský,48.160464,17.047532,Gastro a stravovacie zariadenia,Stredná škola,gastro_fritovaci_olej,Použitý fritovací olej z gastroprevádzok,20 01 25,odpad,celorocne,D
42176182,"Spojená škola sv. Františka z Assisi, Karloveská 32, Bratislava",Bratislava - mestská časť Karlova Ves,Bratislava IV,Bratislavský,48.160464,17.047532,Gastro a stravovacie zariadenia,Stredná škola,bro_zahrady,Biologicky rozložiteľný odpad zo záhrad,20 02 01,odpad,sezonne_leto,D
42187184,"Materská škola, 29. augusta 64, Hronec",Hronec,Brezno,Banskobystrický,48.80232,19.575561,Gastro a stravovacie zariadenia,Materská škola,skolsky_kuchynsky_odpad,Kuchynský odpad zo školských jedální,20 01 08,odpad,celorocne,D
42187184,"Materská škola, 29. augusta 64, Hronec",Hronec,Brezno,Banskobystrický,48.80232,19.575561,Gastro a stravovacie zariadenia,Materská škola,zvysky_z_taniera,Zvyšky z taniera,20 01 08,odpad,celorocne,D
42187184,"Materská škola, 29. augusta 64, Hronec",Hronec,Brezno,Banskobystrický,48.80232,19.575561,Gastro a stravovacie zariadenia,Materská škola,bro_zahrady,Biologicky rozložiteľný odpad zo záhrad,20 02 01,odpad,sezonne_leto,D
42193222,Centrum sociálnych služieb KA,Krupina,Krupina,Banskobystrický,48.352728,19.069182,Gastro a stravovacie zariadenia,Zariadenie sociálnych služieb,nemocnicny_kuchynsky_odpad,Kuchynský odpad zo zdravotníckych a sociálnych zariadení,20 01 08,odpad,celorocne,D
42193222,Centrum sociálnych služieb KA,Krupina,Krupina,Banskobystrický,48.352728,19.069182,Gastro a stravovacie zariadenia,Zariadenie sociálnych služieb,zvysky_z_taniera,Zvyšky z taniera,20 01 08,odpad,celorocne,D
42193222,Centrum sociálnych služieb KA,Krupina,Krupina,Banskobystrický,48.352728,19.069182,Gastro a stravovacie zariadenia,Zariadenie sociálnych služieb,bro_zahrady,Biologicky rozložiteľný odpad zo záhrad,20 02 01,odpad,sezonne_leto,D
42213738,"Materská škola, Klokočov 976",Klokočov,Čadca,Žilinský,49.446206,18.567083,Gastro a stravovacie zariadenia,Materská škola,skolsky_kuchynsky_odpad,Kuchynský odpad zo školských jedální,20 01 08,odpad,celorocne,D
42213738,"Materská škola, Klokočov 976",Klokočov,Čadca,Žilinský,49.446206,18.567083,Gastro a stravovacie zariadenia,Materská škola,zvysky_z_taniera,Zvyšky z taniera,20 01 08,odpad,celorocne,D
42213738,"Materská škola, Klokočov 976",Klokočov,Čadca,Žilinský,49.446206,18.567083,Gastro a stravovacie zariadenia,Materská škola,bro_zahrady,Biologicky rozložiteľný odpad zo záhrad,20 02 01,odpad,sezonne_leto,D
42219973,"Jesienka, zariadenie pre seniorov a denný stacionár",Bytča,Bytča,Žilinský,49.219738,18.562215,Gastro a stravovacie zariadenia,Zariadenie sociálnych služieb,nemocnicny_kuchynsky_odpad,Kuchynský odpad zo zdravotníckych a sociálnych zariadení,20 01 08,odpad,celorocne,D
42219973,"Jesienka, zariadenie pre seniorov a denný stacionár",Bytča,Bytča,Žilinský,49.219738,18.562215,Gastro a stravovacie zariadenia,Zariadenie sociálnych služieb,zvysky_z_taniera,Zvyšky z taniera,20 01 08,odpad,celorocne,D
42219973,"Jesienka, zariadenie pre seniorov a denný stacionár",Bytča,Bytča,Žilinský,49.219738,18.562215,Gastro a stravovacie zariadenia,Zariadenie sociálnych služieb,bro_zahrady,Biologicky rozložiteľný odpad zo záhrad,20 02 01,odpad,sezonne_leto,D
42224055,"Evanjelická spojená škola, M. R. Štefánika 19, Martin",Martin,Martin,Žilinský,49.07226,18.929174,Gastro a stravovacie zariadenia,Stredná škola,skolsky_kuchynsky_odpad,Kuchynský odpad zo školských jedální,20 01 08,odpad,celorocne,D
42224055,"Evanjelická spojená škola, M. R. Štefánika 19, Martin",Martin,Martin,Žilinský,49.07226,18.929174,Gastro a stravovacie zariadenia,Stredná škola,zvysky_z_taniera,Zvyšky z taniera,20 01 08,odpad,celorocne,D
42224055,"Evanjelická spojená škola, M. R. Štefánika 19, Martin",Martin,Martin,Žilinský,49.07226,18.929174,Gastro a stravovacie zariadenia,Stredná škola,gastro_fritovaci_olej,Použitý fritovací olej z gastroprevádzok,20 01 25,odpad,celorocne,D
42224055,"Evanjelická spojená škola, M. R. Štefánika 19, Martin",Martin,Martin,Žilinský,49.07226,18.929174,Gastro a stravovacie zariadenia,Stredná škola,bro_zahrady,Biologicky rozložiteľný odpad zo záhrad,20 02 01,odpad,sezonne_leto,D
42228409,"Materská škola, Čsl. letcov 2, Ľubotice",Ľubotice,Prešov,Prešovský,49.011264,21.276481,Gastro a stravovacie zariadenia,Materská škola,skolsky_kuchynsky_odpad,Kuchynský odpad zo školských jedální,20 01 08,odpad,celorocne,D
42228409,"Materská škola, Čsl. letcov 2, Ľubotice",Ľubotice,Prešov,Prešovský,49.011264,21.276481,Gastro a stravovacie zariadenia,Materská škola,zvysky_z_taniera,Zvyšky z taniera,20 01 08,odpad,celorocne,D
42228409,"Materská škola, Čsl. letcov 2, Ľubotice",Ľubotice,Prešov,Prešovský,49.011264,21.276481,Gastro a stravovacie zariadenia,Materská škola,bro_zahrady,Biologicky rozložiteľný odpad zo záhrad,20 02 01,odpad,sezonne_leto,D
42228760,"Súkromná školská jedáleň, Volgogradská 3, Prešov",Prešov,Prešov,Prešovský,49.000411,21.252273,Gastro a stravovacie zariadenia,Školská jedáleň,skolsky_kuchynsky_odpad,Kuchynský odpad zo školských jedální,20 01 08,odpad,celorocne,D
42228760,"Súkromná školská jedáleň, Volgogradská 3, Prešov",Prešov,Prešov,Prešovský,49.000411,21.252273,Gastro a stravovacie zariadenia,Školská jedáleň,zvysky_z_taniera,Zvyšky z taniera,20 01 08,odpad,celorocne,D
42228760,"Súkromná školská jedáleň, Volgogradská 3, Prešov",Prešov,Prešov,Prešovský,49.000411,21.252273,Gastro a stravovacie zariadenia,Školská jedáleň,gastro_fritovaci_olej,Použitý fritovací olej z gastroprevádzok,20 01 25,odpad,celorocne,D
42243378,"Spojená škola, J. A. Komenského 5, Rožňava",Rožňava,Rožňava,Košický,48.654392,20.531184,Gastro a stravovacie zariadenia,Stredná škola,skolsky_kuchynsky_odpad,Kuchynský odpad zo školských jedální,20 01 08,odpad,celorocne,D
42243378,"Spojená škola, J. A. Komenského 5, Rožňava",Rožňava,Rožňava,Košický,48.654392,20.531184,Gastro a stravovacie zariadenia,Stredná škola,zvysky_z_taniera,Zvyšky z taniera,20 01 08,odpad,celorocne,D
42243378,"Spojená škola, J. A. Komenského 5, Rožňava",Rožňava,Rožňava,Košický,48.654392,20.531184,Gastro a stravovacie zariadenia,Stredná škola,gastro_fritovaci_olej,Použitý fritovací olej z gastroprevádzok,20 01 25,odpad,celorocne,D
42243378,"Spojená škola, J. A. Komenského 5, Rožňava",Rožňava,Rožňava,Košický,48.654392,20.531184,Gastro a stravovacie zariadenia,Stredná škola,bro_zahrady,Biologicky rozložiteľný odpad zo záhrad,20 02 01,odpad,sezonne_leto,D
42251001,"Súkromná školská jedáleň, Užhorodská 39, Košice",Košice - mestská časť Juh,Košice IV,Košický,48.706875,21.259905,Gastro a stravovacie zariadenia,Školská jedáleň,skolsky_kuchynsky_odpad,Kuchynský odpad zo školských jedální,20 01 08,odpad,celorocne,D
42251001,"Súkromná školská jedáleň, Užhorodská 39, Košice",Košice - mestská časť Juh,Košice IV,Košický,48.706875,21.259905,Gastro a stravovacie zariadenia,Školská jedáleň,zvysky_z_taniera,Zvyšky z taniera,20 01 08,odpad,celorocne,D
42251001,"Súkromná školská jedáleň, Užhorodská 39, Košice",Košice - mestská časť Juh,Košice IV,Košický,48.706875,21.259905,Gastro a stravovacie zariadenia,Školská jedáleň,gastro_fritovaci_olej,Použitý fritovací olej z gastroprevádzok,20 01 25,odpad,celorocne,D
42258120,"Spojená škola de La Salle, Čachtická 14, Bratislava",Bratislava - mestská časť Rača,Bratislava III,Bratislavský,48.211512,17.1534,Gastro a stravovacie zariadenia,Stredná škola,skolsky_kuchynsky_odpad,Kuchynský odpad zo školských jedální,20 01 08,odpad,celorocne,D
42258120,"Spojená škola de La Salle, Čachtická 14, Bratislava",Bratislava - mestská časť Rača,Bratislava III,Bratislavský,48.211512,17.1534,Gastro a stravovacie zariadenia,Stredná škola,zvysky_z_taniera,Zvyšky z taniera,20 01 08,odpad,celorocne,D
42258120,"Spojená škola de La Salle, Čachtická 14, Bratislava",Bratislava - mestská časť Rača,Bratislava III,Bratislavský,48.211512,17.1534,Gastro a stravovacie zariadenia,Stredná škola,gastro_fritovaci_olej,Použitý fritovací olej z gastroprevádzok,20 01 25,odpad,celorocne,D
42258120,"Spojená škola de La Salle, Čachtická 14, Bratislava",Bratislava - mestská časť Rača,Bratislava III,Bratislavský,48.211512,17.1534,Gastro a stravovacie zariadenia,Stredná škola,bro_zahrady,Biologicky rozložiteľný odpad zo záhrad,20 02 01,odpad,sezonne_leto,D
42278236,Spojená škola Nitrianske Pravno,Nitrianske Pravno,Prievidza,Trenčiansky,48.866667,18.633333,Gastro a stravovacie zariadenia,Stredná škola,skolsky_kuchynsky_odpad,Kuchynský odpad zo školských jedální,20 01 08,odpad,celorocne,D
42278236,Spojená škola Nitrianske Pravno,Nitrianske Pravno,Prievidza,Trenčiansky,48.866667,18.633333,Gastro a stravovacie zariadenia,Stredná škola,zvysky_z_taniera,Zvyšky z taniera,20 01 08,odpad,celorocne,D
42278236,Spojená škola Nitrianske Pravno,Nitrianske Pravno,Prievidza,Trenčiansky,48.866667,18.633333,Gastro a stravovacie zariadenia,Stredná škola,gastro_fritovaci_olej,Použitý fritovací olej z gastroprevádzok,20 01 25,odpad,celorocne,D
42278236,Spojená škola Nitrianske Pravno,Nitrianske Pravno,Prievidza,Trenčiansky,48.866667,18.633333,Gastro a stravovacie zariadenia,Stredná škola,bro_zahrady,Biologicky rozložiteľný odpad zo záhrad,20 02 01,odpad,sezonne_leto,D
42280885,"Súkromná spojená škola, M. Falešníka 6, Prievidza",Prievidza,Prievidza,Trenčiansky,48.77104,18.623306,Gastro a stravovacie zariadenia,Stredná škola,skolsky_kuchynsky_odpad,Kuchynský odpad zo školských jedální,20 01 08,odpad,celorocne,D
42280885,"Súkromná spojená škola, M. Falešníka 6, Prievidza",Prievidza,Prievidza,Trenčiansky,48.77104,18.623306,Gastro a stravovacie zariadenia,Stredná škola,zvysky_z_taniera,Zvyšky z taniera,20 01 08,odpad,celorocne,D
42280885,"Súkromná spojená škola, M. Falešníka 6, Prievidza",Prievidza,Prievidza,Trenčiansky,48.77104,18.623306,Gastro a stravovacie zariadenia,Stredná škola,gastro_fritovaci_olej,Použitý fritovací olej z gastroprevádzok,20 01 25,odpad,celorocne,D
42280885,"Súkromná spojená škola, M. Falešníka 6, Prievidza",Prievidza,Prievidza,Trenčiansky,48.77104,18.623306,Gastro a stravovacie zariadenia,Stredná škola,bro_zahrady,Biologicky rozložiteľný odpad zo záhrad,20 02 01,odpad,sezonne_leto,D
42292468,JESÉNIA SKALICA zariadenie pre seniorov,Skalica,Skalica,Trnavský,48.770797,17.20201,Gastro a stravovacie zariadenia,Zariadenie sociálnych služieb,nemocnicny_kuchynsky_odpad,Kuchynský odpad zo zdravotníckych a sociálnych zariadení,20 01 08,odpad,celorocne,D
42292468,JESÉNIA SKALICA zariadenie pre seniorov,Skalica,Skalica,Trnavský,48.770797,17.20201,Gastro a stravovacie zariadenia,Zariadenie sociálnych služieb,zvysky_z_taniera,Zvyšky z taniera,20 01 08,odpad,celorocne,D
42292468,JESÉNIA SKALICA zariadenie pre seniorov,Skalica,Skalica,Trnavský,48.770797,17.20201,Gastro a stravovacie zariadenia,Zariadenie sociálnych služieb,bro_zahrady,Biologicky rozložiteľný odpad zo záhrad,20 02 01,odpad,sezonne_leto,D
42293570,"Súkromná školská jedáleň, Mostová 53",Mostová,Galanta,Trnavský,48.140162,17.678594,Gastro a stravovacie zariadenia,Školská jedáleň,skolsky_kuchynsky_odpad,Kuchynský odpad zo školských jedální,20 01 08,odpad,celorocne,D
42293570,"Súkromná školská jedáleň, Mostová 53",Mostová,Galanta,Trnavský,48.140162,17.678594,Gastro a stravovacie zariadenia,Školská jedáleň,zvysky_z_taniera,Zvyšky z taniera,20 01 08,odpad,celorocne,D
42293570,"Súkromná školská jedáleň, Mostová 53",Mostová,Galanta,Trnavský,48.140162,17.678594,Gastro a stravovacie zariadenia,Školská jedáleň,gastro_fritovaci_olej,Použitý fritovací olej z gastroprevádzok,20 01 25,odpad,celorocne,D
42302188,"Školská jedáleň, SNP 1026, Kalinovo",Kalinovo,Poltár,Banskobystrický,48.392041,19.708538,Gastro a stravovacie zariadenia,Školská jedáleň,skolsky_kuchynsky_odpad,Kuchynský odpad zo školských jedální,20 01 08,odpad,celorocne,D
42302188,"Školská jedáleň, SNP 1026, Kalinovo",Kalinovo,Poltár,Banskobystrický,48.392041,19.708538,Gastro a stravovacie zariadenia,Školská jedáleň,zvysky_z_taniera,Zvyšky z taniera,20 01 08,odpad,celorocne,D
42302188,"Školská jedáleň, SNP 1026, Kalinovo",Kalinovo,Poltár,Banskobystrický,48.392041,19.708538,Gastro a stravovacie zariadenia,Školská jedáleň,gastro_fritovaci_olej,Použitý fritovací olej z gastroprevádzok,20 01 25,odpad,celorocne,D
42303117,"Materská škola, Nám. SNP 17, Detva",Detva,Detva,Banskobystrický,48.544384,19.411609,Gastro a stravovacie zariadenia,Materská škola,skolsky_kuchynsky_odpad,Kuchynský odpad zo školských jedální,20 01 08,odpad,celorocne,D
42303117,"Materská škola, Nám. SNP 17, Detva",Detva,Detva,Banskobystrický,48.544384,19.411609,Gastro a stravovacie zariadenia,Materská škola,zvysky_z_taniera,Zvyšky z taniera,20 01 08,odpad,celorocne,D
42303117,"Materská škola, Nám. SNP 17, Detva",Detva,Detva,Banskobystrický,48.544384,19.411609,Gastro a stravovacie zariadenia,Materská škola,bro_zahrady,Biologicky rozložiteľný odpad zo záhrad,20 02 01,odpad,sezonne_leto,D
42308763,"Materská škola, Malinovského 874, Krupina",Krupina,Krupina,Banskobystrický,48.352728,19.069182,Gastro a stravovacie zariadenia,Materská škola,skolsky_kuchynsky_odpad,Kuchynský odpad zo školských jedální,20 01 08,odpad,celorocne,D
42308763,"Materská škola, Malinovského 874, Krupina",Krupina,Krupina,Banskobystrický,48.352728,19.069182,Gastro a stravovacie zariadenia,Materská škola,zvysky_z_taniera,Zvyšky z taniera,20 01 08,odpad,celorocne,D
42308763,"Materská škola, Malinovského 874, Krupina",Krupina,Krupina,Banskobystrický,48.352728,19.069182,Gastro a stravovacie zariadenia,Materská škola,bro_zahrady,Biologicky rozložiteľný odpad zo záhrad,20 02 01,odpad,sezonne_leto,D
42319234,Premonštrátske gymnázium,Košice,Košice I,Košický,48.717227,21.249677,Gastro a stravovacie zariadenia,Stredná škola,skolsky_kuchynsky_odpad,Kuchynský odpad zo školských jedální,20 01 08,odpad,celorocne,D
42319234,Premonštrátske gymnázium,Košice,Košice I,Košický,48.717227,21.249677,Gastro a stravovacie zariadenia,Stredná škola,zvysky_z_taniera,Zvyšky z taniera,20 01 08,odpad,celorocne,D
42319234,Premonštrátske gymnázium,Košice,Košice I,Košický,48.717227,21.249677,Gastro a stravovacie zariadenia,Stredná škola,gastro_fritovaci_olej,Použitý fritovací olej z gastroprevádzok,20 01 25,odpad,celorocne,D
42319234,Premonštrátske gymnázium,Košice,Košice I,Košický,48.717227,21.249677,Gastro a stravovacie zariadenia,Stredná škola,bro_zahrady,Biologicky rozložiteľný odpad zo záhrad,20 02 01,odpad,sezonne_leto,D
42324157,"Materská škola, Ruskov 280",Ruskov,Košice - okolie,Košický,48.682449,21.432723,Gastro a stravovacie zariadenia,Materská škola,skolsky_kuchynsky_odpad,Kuchynský odpad zo školských jedální,20 01 08,odpad,celorocne,D
42324157,"Materská škola, Ruskov 280",Ruskov,Košice - okolie,Košický,48.682449,21.432723,Gastro a stravovacie zariadenia,Materská škola,zvysky_z_taniera,Zvyšky z taniera,20 01 08,odpad,celorocne,D
42324157,"Materská škola, Ruskov 280",Ruskov,Košice - okolie,Košický,48.682449,21.432723,Gastro a stravovacie zariadenia,Materská škola,bro_zahrady,Biologicky rozložiteľný odpad zo záhrad,20 02 01,odpad,sezonne_leto,D
42330238,"Školská jedáleň, Juhoslovanská 2, Košice",Košice - mestská časť Sídlisko Ťahanovce,Košice I,Košický,48.756322,21.26885,Gastro a stravovacie zariadenia,Školská jedáleň,skolsky_kuchynsky_odpad,Kuchynský odpad zo školských jedální,20 01 08,odpad,celorocne,D
42330238,"Školská jedáleň, Juhoslovanská 2, Košice",Košice - mestská časť Sídlisko Ťahanovce,Košice I,Košický,48.756322,21.26885,Gastro a stravovacie zariadenia,Školská jedáleň,zvysky_z_taniera,Zvyšky z taniera,20 01 08,odpad,celorocne,D
42330238,"Školská jedáleň, Juhoslovanská 2, Košice",Košice - mestská časť Sídlisko Ťahanovce,Košice I,Košický,48.756322,21.26885,Gastro a stravovacie zariadenia,Školská jedáleň,gastro_fritovaci_olej,Použitý fritovací olej z gastroprevádzok,20 01 25,odpad,celorocne,D
42337071,"Materská škola, Sľažany 321",Sľažany,Zlaté Moravce,Nitriansky,48.397,18.329,Gastro a stravovacie zariadenia,Materská škola,skolsky_kuchynsky_odpad,Kuchynský odpad zo školských jedální,20 01 08,odpad,celorocne,D
42337071,"Materská škola, Sľažany 321",Sľažany,Zlaté Moravce,Nitriansky,48.397,18.329,Gastro a stravovacie zariadenia,Materská škola,zvysky_z_taniera,Zvyšky z taniera,20 01 08,odpad,celorocne,D
42337071,"Materská škola, Sľažany 321",Sľažany,Zlaté Moravce,Nitriansky,48.397,18.329,Gastro a stravovacie zariadenia,Materská škola,bro_zahrady,Biologicky rozložiteľný odpad zo záhrad,20 02 01,odpad,sezonne_leto,D
42347670,SENIOR - Zariadenie pre seniorov a Dom sociálnych služieb Vrútky,Vrútky,Martin,Žilinský,49.10886,18.92507,Gastro a stravovacie zariadenia,Zariadenie sociálnych služieb,nemocnicny_kuchynsky_odpad,Kuchynský odpad zo zdravotníckych a sociálnych zariadení,20 01 08,odpad,celorocne,D
42347670,SENIOR - Zariadenie pre seniorov a Dom sociálnych služieb Vrútky,Vrútky,Martin,Žilinský,49.10886,18.92507,Gastro a stravovacie zariadenia,Zariadenie sociálnych služieb,zvysky_z_taniera,Zvyšky z taniera,20 01 08,odpad,celorocne,D
42347670,SENIOR - Zariadenie pre seniorov a Dom sociálnych služieb Vrútky,Vrútky,Martin,Žilinský,49.10886,18.92507,Gastro a stravovacie zariadenia,Zariadenie sociálnych služieb,bro_zahrady,Biologicky rozložiteľný odpad zo záhrad,20 02 01,odpad,sezonne_leto,D
42372984,Zariadenie pre seniorov Nové Mesto nad Váhom,Nové Mesto nad Váhom,Nové Mesto nad Váhom,Trenčiansky,48.763325,17.830386,Gastro a stravovacie zariadenia,Zariadenie sociálnych služieb,nemocnicny_kuchynsky_odpad,Kuchynský odpad zo zdravotníckych a sociálnych zariadení,20 01 08,odpad,celorocne,D
42372984,Zariadenie pre seniorov Nové Mesto nad Váhom,Nové Mesto nad Váhom,Nové Mesto nad Váhom,Trenčiansky,48.763325,17.830386,Gastro a stravovacie zariadenia,Zariadenie sociálnych služieb,zvysky_z_taniera,Zvyšky z taniera,20 01 08,odpad,celorocne,D
42372984,Zariadenie pre seniorov Nové Mesto nad Váhom,Nové Mesto nad Váhom,Nové Mesto nad Váhom,Trenčiansky,48.763325,17.830386,Gastro a stravovacie zariadenia,Zariadenie sociálnych služieb,bro_zahrady,Biologicky rozložiteľný odpad zo záhrad,20 02 01,odpad,sezonne_leto,D
42391385,Viacúčelové zariadenie pre seniorov Čadca,Čadca,Čadca,Žilinský,49.440819,18.788221,Gastro a stravovacie zariadenia,Zariadenie sociálnych služieb,nemocnicny_kuchynsky_odpad,Kuchynský odpad zo zdravotníckych a sociálnych zariadení,20 01 08,odpad,celorocne,D
42391385,Viacúčelové zariadenie pre seniorov Čadca,Čadca,Čadca,Žilinský,49.440819,18.788221,Gastro a stravovacie zariadenia,Zariadenie sociálnych služieb,zvysky_z_taniera,Zvyšky z taniera,20 01 08,odpad,celorocne,D
42391385,Viacúčelové zariadenie pre seniorov Čadca,Čadca,Čadca,Žilinský,49.440819,18.788221,Gastro a stravovacie zariadenia,Zariadenie sociálnych služieb,bro_zahrady,Biologicky rozložiteľný odpad zo záhrad,20 02 01,odpad,sezonne_leto,D
42404631,Zariadenie pre seniorov Bohunka,Jaslovské Bohunice,Trnava,Trnavský,48.469535,17.650378,Gastro a stravovacie zariadenia,Zariadenie sociálnych služieb,nemocnicny_kuchynsky_odpad,Kuchynský odpad zo zdravotníckych a sociálnych zariadení,20 01 08,odpad,celorocne,D
42404631,Zariadenie pre seniorov Bohunka,Jaslovské Bohunice,Trnava,Trnavský,48.469535,17.650378,Gastro a stravovacie zariadenia,Zariadenie sociálnych služieb,zvysky_z_taniera,Zvyšky z taniera,20 01 08,odpad,celorocne,D
42404631,Zariadenie pre seniorov Bohunka,Jaslovské Bohunice,Trnava,Trnavský,48.469535,17.650378,Gastro a stravovacie zariadenia,Zariadenie sociálnych služieb,bro_zahrady,Biologicky rozložiteľný odpad zo záhrad,20 02 01,odpad,sezonne_leto,D
42422132,Súkromná stredná odborná škola pedagogická EBG,Humenné,Humenné,Prešovský,48.934603,21.90314,Gastro a stravovacie zariadenia,Stredná škola,skolsky_kuchynsky_odpad,Kuchynský odpad zo školských jedální,20 01 08,odpad,celorocne,D
42422132,Súkromná stredná odborná škola pedagogická EBG,Humenné,Humenné,Prešovský,48.934603,21.90314,Gastro a stravovacie zariadenia,Stredná škola,zvysky_z_taniera,Zvyšky z taniera,20 01 08,odpad,celorocne,D
42422132,Súkromná stredná odborná škola pedagogická EBG,Humenné,Humenné,Prešovský,48.934603,21.90314,Gastro a stravovacie zariadenia,Stredná škola,gastro_fritovaci_olej,Použitý fritovací olej z gastroprevádzok,20 01 25,odpad,celorocne,D
42422132,Súkromná stredná odborná škola pedagogická EBG,Humenné,Humenné,Prešovský,48.934603,21.90314,Gastro a stravovacie zariadenia,Stredná škola,bro_zahrady,Biologicky rozložiteľný odpad zo záhrad,20 02 01,odpad,sezonne_leto,D
42433819,Zariadenie pre seniorov KARITA obce Partizánska Ľupča,Partizánska Ľupča,Liptovský Mikuláš,Žilinský,49.066667,19.45,Gastro a stravovacie zariadenia,Zariadenie sociálnych služieb,nemocnicny_kuchynsky_odpad,Kuchynský odpad zo zdravotníckych a sociálnych zariadení,20 01 08,odpad,celorocne,D
42433819,Zariadenie pre seniorov KARITA obce Partizánska Ľupča,Partizánska Ľupča,Liptovský Mikuláš,Žilinský,49.066667,19.45,Gastro a stravovacie zariadenia,Zariadenie sociálnych služieb,zvysky_z_taniera,Zvyšky z taniera,20 01 08,odpad,celorocne,D
42433819,Zariadenie pre seniorov KARITA obce Partizánska Ľupča,Partizánska Ľupča,Liptovský Mikuláš,Žilinský,49.066667,19.45,Gastro a stravovacie zariadenia,Zariadenie sociálnych služieb,bro_zahrady,Biologicky rozložiteľný odpad zo záhrad,20 02 01,odpad,sezonne_leto,D
42447470,"Materská škola, Koniarkova 9, Bratislava",Bratislava - mestská časť Vajnory,Bratislava III,Bratislavský,48.204418,17.206666,Gastro a stravovacie zariadenia,Materská škola,skolsky_kuchynsky_odpad,Kuchynský odpad zo školských jedální,20 01 08,odpad,celorocne,D
42447470,"Materská škola, Koniarkova 9, Bratislava",Bratislava - mestská časť Vajnory,Bratislava III,Bratislavský,48.204418,17.206666,Gastro a stravovacie zariadenia,Materská škola,zvysky_z_taniera,Zvyšky z taniera,20 01 08,odpad,celorocne,D
42447470,"Materská škola, Koniarkova 9, Bratislava",Bratislava - mestská časť Vajnory,Bratislava III,Bratislavský,48.204418,17.206666,Gastro a stravovacie zariadenia,Materská škola,bro_zahrady,Biologicky rozložiteľný odpad zo záhrad,20 02 01,odpad,sezonne_leto,D
43294341,Milan Duda - PIZZÉRIA A REŠTAURÁCIA PEPEK,Žilina,Žilina,Žilinský,49.223464,18.739498,Gastro a stravovacie zariadenia,Reštaurácia,gastro_kuchynsky_odpad,Kuchynský odpad z reštaurácií a hotelov,20 01 08,odpad,celorocne,D
43294341,Milan Duda - PIZZÉRIA A REŠTAURÁCIA PEPEK,Žilina,Žilina,Žilinský,49.223464,18.739498,Gastro a stravovacie zariadenia,Reštaurácia,zvysky_z_taniera,Zvyšky z taniera,20 01 08,odpad,celorocne,D
43294341,Milan Duda - PIZZÉRIA A REŠTAURÁCIA PEPEK,Žilina,Žilina,Žilinský,49.223464,18.739498,Gastro a stravovacie zariadenia,Reštaurácia,gastro_fritovaci_olej,Použitý fritovací olej z gastroprevádzok,20 01 25,odpad,celorocne,D
43294341,Milan Duda - PIZZÉRIA A REŠTAURÁCIA PEPEK,Žilina,Žilina,Žilinský,49.223464,18.739498,Gastro a stravovacie zariadenia,Reštaurácia,gastro_kavova_sedlina,Kávová sedlina z gastroprevádzok,20 01 08,odpad,celorocne,D
43294341,Milan Duda - PIZZÉRIA A REŠTAURÁCIA PEPEK,Žilina,Žilina,Žilinský,49.223464,18.739498,Gastro a stravovacie zariadenia,Reštaurácia,tuky_odlucovace,Tuky z odlučovačov,19 08 09,odpad,celorocne,D
43775578,Mestské lesy Krompachy s.r.o.,Krompachy,Spišská Nová Ves,Košický,48.917127,20.873055,"Drevo, lesníctvo a ostatné",Mestské lesy,lesna_stiepka,Lesná štiepka a haluzina,02 01 07,vedlajsi_produkt,celorocne,D
43775578,Mestské lesy Krompachy s.r.o.,Krompachy,Spišská Nová Ves,Košický,48.917127,20.873055,"Drevo, lesníctvo a ostatné",Mestské lesy,kora,Odpadová kôra,03 01 01,vedlajsi_produkt,celorocne,D
43775578,Mestské lesy Krompachy s.r.o.,Krompachy,Spišská Nová Ves,Košický,48.917127,20.873055,"Drevo, lesníctvo a ostatné",Mestské lesy,odrezky_dreva,Odrezky a drevný odpad,03 01 05,vedlajsi_produkt,celorocne,D
43775578,Mestské lesy Krompachy s.r.o.,Krompachy,Spišská Nová Ves,Košický,48.917127,20.873055,"Drevo, lesníctvo a ostatné",Mestské lesy,konare_stiepka,Konáre a drevná štiepka z údržby zelene,20 02 01,odpad,sezonne_jar,D
43790011,"Vínna reštaurácia, spol. s r. o.",Modra,Pezinok,Bratislavský,48.336443,17.308037,Gastro a stravovacie zariadenia,Reštaurácia,gastro_kuchynsky_odpad,Kuchynský odpad z reštaurácií a hotelov,20 01 08,odpad,celorocne,D
43790011,"Vínna reštaurácia, spol. s r. o.",Modra,Pezinok,Bratislavský,48.336443,17.308037,Gastro a stravovacie zariadenia,Reštaurácia,zvysky_z_taniera,Zvyšky z taniera,20 01 08,odpad,celorocne,D
43790011,"Vínna reštaurácia, spol. s r. o.",Modra,Pezinok,Bratislavský,48.336443,17.308037,Gastro a stravovacie zariadenia,Reštaurácia,gastro_fritovaci_olej,Použitý fritovací olej z gastroprevádzok,20 01 25,odpad,celorocne,D
43790011,"Vínna reštaurácia, spol. s r. o.",Modra,Pezinok,Bratislavský,48.336443,17.308037,Gastro a stravovacie zariadenia,Reštaurácia,gastro_kavova_sedlina,Kávová sedlina z gastroprevádzok,20 01 08,odpad,celorocne,D
43790011,"Vínna reštaurácia, spol. s r. o.",Modra,Pezinok,Bratislavský,48.336443,17.308037,Gastro a stravovacie zariadenia,Reštaurácia,tuky_odlucovace,Tuky z odlučovačov,19 08 09,odpad,celorocne,D
43790909,"Skládka komunálneho odpadu Bojná, s.r.o.",Bojná,Topoľčany,Nitriansky,48.583333,18.066667,Komunálny a gastro bioodpad,Odpadové hospodárstvo,kuchynsky_odpad,Biologicky rozložiteľný kuchynský a reštauračný odpad,20 01 08,odpad,celorocne,D
43790909,"Skládka komunálneho odpadu Bojná, s.r.o.",Bojná,Topoľčany,Nitriansky,48.583333,18.066667,Komunálny a gastro bioodpad,Odpadové hospodárstvo,bro_zahrady,Biologicky rozložiteľný odpad zo záhrad,20 02 01,odpad,sezonne_leto,D
43790909,"Skládka komunálneho odpadu Bojná, s.r.o.",Bojná,Topoľčany,Nitriansky,48.583333,18.066667,Komunálny a gastro bioodpad,Odpadové hospodárstvo,jedle_oleje_pouzite,Použité jedlé oleje a tuky,20 01 25,odpad,celorocne,D
43790909,"Skládka komunálneho odpadu Bojná, s.r.o.",Bojná,Topoľčany,Nitriansky,48.583333,18.066667,Komunálny a gastro bioodpad,Odpadové hospodárstvo,tuky_odlucovace,Tuky z odlučovačov,19 08 09,odpad,celorocne,D
43790909,"Skládka komunálneho odpadu Bojná, s.r.o.",Bojná,Topoľčany,Nitriansky,48.583333,18.066667,Komunálny a gastro bioodpad,Odpadové hospodárstvo,potraviny_po_dobe,Nepredané potraviny po dátume spotreby,20 01 08,odpad,celorocne,D
43847064,Výrobno odbytové družstvo olejnín Šariš,Prešov,Prešov,Prešovský,49.000411,21.252273,Potravinárstvo a nápoje,Spracovanie olejnín,repkovy_srot,Repkový extrahovaný šrot,02 03 04,krmna_surovina,celorocne,D
43847064,Výrobno odbytové družstvo olejnín Šariš,Prešov,Prešov,Prešovský,49.000411,21.252273,Potravinárstvo a nápoje,Spracovanie olejnín,slnecnicovy_srot,Slnečnicový extrahovaný šrot,02 03 04,krmna_surovina,celorocne,D
43847064,Výrobno odbytové družstvo olejnín Šariš,Prešov,Prešov,Prešovský,49.000411,21.252273,Potravinárstvo a nápoje,Spracovanie olejnín,olejnaty_kal,Kaly z rafinácie jedlých olejov,02 03 05,odpad,celorocne,D
43852149,"Cech výrobcov ovčieho syra v Turci, družstvo",Vrútky,Martin,Žilinský,49.10886,18.92507,Potravinárstvo a nápoje,Syráreň a bryndziareň,srvatka_sladka,Sladká srvátka,02 05 01,vedlajsi_produkt,celorocne,D
43852149,"Cech výrobcov ovčieho syra v Turci, družstvo",Vrútky,Martin,Žilinský,49.10886,18.92507,Potravinárstvo a nápoje,Syráreň a bryndziareň,srvatka_kysla,Kyslá srvátka,02 05 01,odpad,celorocne,D
43852149,"Cech výrobcov ovčieho syra v Turci, družstvo",Vrútky,Martin,Žilinský,49.10886,18.92507,Potravinárstvo a nápoje,Syráreň a bryndziareň,syrarska_srvatka_tuh,Tuhé zvyšky zo syrárskej výroby,02 05 01,vedlajsi_produkt,celorocne,D
43852149,"Cech výrobcov ovčieho syra v Turci, družstvo",Vrútky,Martin,Žilinský,49.10886,18.92507,Potravinárstvo a nápoje,Syráreň a bryndziareň,mliekarensky_kal,Kal z mliekarenskej ČOV,02 05 02,odpad,celorocne,D
43863035,"SAJ pekáreň, s. r. o.",Sabinov,Sabinov,Prešovský,49.102044,21.100545,Potravinárstvo a nápoje,Pekáreň,pekarenske_zvysky,Pekárenské zvyšky,02 06 01,vedlajsi_produkt,celorocne,D
43863035,"SAJ pekáreň, s. r. o.",Sabinov,Sabinov,Prešovský,49.102044,21.100545,Potravinárstvo a nápoje,Pekáreň,cestovinove_zvysky,Cestovinové a múčne zvyšky,02 06 01,vedlajsi_produkt,celorocne,D
43871763,Tradičná Pekáreň s. r. o.,Horná Súča,Trenčín,Trenčiansky,48.966667,17.983333,Potravinárstvo a nápoje,Pekáreň,pekarenske_zvysky,Pekárenské zvyšky,02 06 01,vedlajsi_produkt,celorocne,D
43871763,Tradičná Pekáreň s. r. o.,Horná Súča,Trenčín,Trenčiansky,48.966667,17.983333,Potravinárstvo a nápoje,Pekáreň,cestovinove_zvysky,Cestovinové a múčne zvyšky,02 06 01,vedlajsi_produkt,celorocne,D
43903959,Obecné služby Tvrdošovce s.r.o.,Tvrdošovce,Nové Zámky,Nitriansky,48.095688,18.061308,Komunálny a gastro bioodpad,Odpadové hospodárstvo,kuchynsky_odpad,Biologicky rozložiteľný kuchynský a reštauračný odpad,20 01 08,odpad,celorocne,D
43903959,Obecné služby Tvrdošovce s.r.o.,Tvrdošovce,Nové Zámky,Nitriansky,48.095688,18.061308,Komunálny a gastro bioodpad,Odpadové hospodárstvo,bro_zahrady,Biologicky rozložiteľný odpad zo záhrad,20 02 01,odpad,sezonne_leto,D
43903959,Obecné služby Tvrdošovce s.r.o.,Tvrdošovce,Nové Zámky,Nitriansky,48.095688,18.061308,Komunálny a gastro bioodpad,Odpadové hospodárstvo,jedle_oleje_pouzite,Použité jedlé oleje a tuky,20 01 25,odpad,celorocne,D
43903959,Obecné služby Tvrdošovce s.r.o.,Tvrdošovce,Nové Zámky,Nitriansky,48.095688,18.061308,Komunálny a gastro bioodpad,Odpadové hospodárstvo,tuky_odlucovace,Tuky z odlučovačov,19 08 09,odpad,celorocne,D
43903959,Obecné služby Tvrdošovce s.r.o.,Tvrdošovce,Nové Zámky,Nitriansky,48.095688,18.061308,Komunálny a gastro bioodpad,Odpadové hospodárstvo,potraviny_po_dobe,Nepredané potraviny po dátume spotreby,20 01 08,odpad,celorocne,D
43910351,Bardejovská pekáreň s.r.o.,Bardejov,Bardejov,Prešovský,49.292999,21.27554,Potravinárstvo a nápoje,Pekáreň,pekarenske_zvysky,Pekárenské zvyšky,02 06 01,vedlajsi_produkt,celorocne,D
43910351,Bardejovská pekáreň s.r.o.,Bardejov,Bardejov,Prešovský,49.292999,21.27554,Potravinárstvo a nápoje,Pekáreň,cestovinove_zvysky,Cestovinové a múčne zvyšky,02 06 01,vedlajsi_produkt,celorocne,D
43956513,"Nemocnica Banská Štiavnica, a.s.",Banská Štiavnica,Banská Štiavnica,Banskobystrický,48.458093,18.89828,Gastro a stravovacie zariadenia,Nemocnica,nemocnicny_kuchynsky_odpad,Kuchynský odpad zo zdravotníckych a sociálnych zariadení,20 01 08,odpad,celorocne,D
43956513,"Nemocnica Banská Štiavnica, a.s.",Banská Štiavnica,Banská Štiavnica,Banskobystrický,48.458093,18.89828,Gastro a stravovacie zariadenia,Nemocnica,zvysky_z_taniera,Zvyšky z taniera,20 01 08,odpad,celorocne,D
43956513,"Nemocnica Banská Štiavnica, a.s.",Banská Štiavnica,Banská Štiavnica,Banskobystrický,48.458093,18.89828,Gastro a stravovacie zariadenia,Nemocnica,gastro_fritovaci_olej,Použitý fritovací olej z gastroprevádzok,20 01 25,odpad,celorocne,D
43965024,"Syrmix Zázrivá, s.r.o.",Zázrivá,Dolný Kubín,Žilinský,49.274927,19.154525,Potravinárstvo a nápoje,Syráreň a bryndziareň,srvatka_sladka,Sladká srvátka,02 05 01,vedlajsi_produkt,celorocne,D
43965024,"Syrmix Zázrivá, s.r.o.",Zázrivá,Dolný Kubín,Žilinský,49.274927,19.154525,Potravinárstvo a nápoje,Syráreň a bryndziareň,srvatka_kysla,Kyslá srvátka,02 05 01,odpad,celorocne,D
43965024,"Syrmix Zázrivá, s.r.o.",Zázrivá,Dolný Kubín,Žilinský,49.274927,19.154525,Potravinárstvo a nápoje,Syráreň a bryndziareň,syrarska_srvatka_tuh,Tuhé zvyšky zo syrárskej výroby,02 05 01,vedlajsi_produkt,celorocne,D
43965024,"Syrmix Zázrivá, s.r.o.",Zázrivá,Dolný Kubín,Žilinský,49.274927,19.154525,Potravinárstvo a nápoje,Syráreň a bryndziareň,mliekarensky_kal,Kal z mliekarenskej ČOV,02 05 02,odpad,celorocne,D
43999174,"Hotel Château Belá, s.r.o.",Belá,Žilina,Žilinský,49.236895,18.943661,Gastro a stravovacie zariadenia,Hotel,gastro_kuchynsky_odpad,Kuchynský odpad z reštaurácií a hotelov,20 01 08,odpad,celorocne,D
43999174,"Hotel Château Belá, s.r.o.",Belá,Žilina,Žilinský,49.236895,18.943661,Gastro a stravovacie zariadenia,Hotel,zvysky_z_taniera,Zvyšky z taniera,20 01 08,odpad,celorocne,D
43999174,"Hotel Château Belá, s.r.o.",Belá,Žilina,Žilinský,49.236895,18.943661,Gastro a stravovacie zariadenia,Hotel,gastro_fritovaci_olej,Použitý fritovací olej z gastroprevádzok,20 01 25,odpad,celorocne,D
43999174,"Hotel Château Belá, s.r.o.",Belá,Žilina,Žilinský,49.236895,18.943661,Gastro a stravovacie zariadenia,Hotel,gastro_kavova_sedlina,Kávová sedlina z gastroprevádzok,20 01 08,odpad,celorocne,D
43999174,"Hotel Château Belá, s.r.o.",Belá,Žilina,Žilinský,49.236895,18.943661,Gastro a stravovacie zariadenia,Hotel,bro_zahrady,Biologicky rozložiteľný odpad zo záhrad,20 02 01,odpad,sezonne_leto,D
44035748,MÄSO-ÚDENINY FUJKA s.r.o.,Banská Bystrica,Banská Bystrica,Banskobystrický,48.738539,19.156869,Potravinárstvo a nápoje,Mäsospracovanie,kostny_zvysok,Kosti a kostné zvyšky,02 02 02,vedlajsi_produkt,celorocne,D
44035748,MÄSO-ÚDENINY FUJKA s.r.o.,Banská Bystrica,Banská Bystrica,Banskobystrický,48.738539,19.156869,Potravinárstvo a nápoje,Mäsospracovanie,kozne_odrezky,Kožné odrezky a podkožný tuk,02 02 02,odpad,celorocne,D
44035748,MÄSO-ÚDENINY FUJKA s.r.o.,Banská Bystrica,Banská Bystrica,Banskobystrický,48.738539,19.156869,Potravinárstvo a nápoje,Mäsospracovanie,masovy_flotacny_kal,Flotačný kal z mäsospracovania,02 02 04,odpad,celorocne,D
44035748,MÄSO-ÚDENINY FUJKA s.r.o.,Banská Bystrica,Banská Bystrica,Banskobystrický,48.738539,19.156869,Potravinárstvo a nápoje,Mäsospracovanie,zvp_kat3,Živočíšne vedľajšie produkty kategórie 3,02 02 02,vedlajsi_produkt,celorocne,D
44035748,MÄSO-ÚDENINY FUJKA s.r.o.,Banská Bystrica,Banská Bystrica,Banskobystrický,48.738539,19.156869,Potravinárstvo a nápoje,Mäsospracovanie,technicky_zivocisny_tuk,Technický živočíšny tuk,02 02 03,vedlajsi_produkt,celorocne,D
44035748,MÄSO-ÚDENINY FUJKA s.r.o.,Banská Bystrica,Banská Bystrica,Banskobystrický,48.738539,19.156869,Potravinárstvo a nápoje,Mäsospracovanie,masokostna_mucka,Mäsokostná múčka,02 02 02,odpad,celorocne,D
44037040,Odbytové družstvo západ,Klátova Nová Ves,Partizánske,Trenčiansky,48.566667,18.3,Potravinárstvo a nápoje,Mliekáreň,srvatka_sladka,Sladká srvátka,02 05 01,vedlajsi_produkt,celorocne,D
44037040,Odbytové družstvo západ,Klátova Nová Ves,Partizánske,Trenčiansky,48.566667,18.3,Potravinárstvo a nápoje,Mliekáreň,srvatka_kysla,Kyslá srvátka,02 05 01,odpad,celorocne,D
44037040,Odbytové družstvo západ,Klátova Nová Ves,Partizánske,Trenčiansky,48.566667,18.3,Potravinárstvo a nápoje,Mliekáreň,srvatkovy_permeat,Srvátkový permeát,02 05 01,vedlajsi_produkt,celorocne,D
44037040,Odbytové družstvo západ,Klátova Nová Ves,Partizánske,Trenčiansky,48.566667,18.3,Potravinárstvo a nápoje,Mliekáreň,cmar,Cmar,02 05 01,krmna_surovina,celorocne,D
44037040,Odbytové družstvo západ,Klátova Nová Ves,Partizánske,Trenčiansky,48.566667,18.3,Potravinárstvo a nápoje,Mliekáreň,mliekarensky_kal,Kal z mliekarenskej ČOV,02 05 02,odpad,celorocne,D
44054998,"Odbytové družstvo mlieka Levice, družstvo",Levice,Levice,Nitriansky,48.216667,18.6,Potravinárstvo a nápoje,Mliekáreň,srvatka_sladka,Sladká srvátka,02 05 01,vedlajsi_produkt,celorocne,D
44054998,"Odbytové družstvo mlieka Levice, družstvo",Levice,Levice,Nitriansky,48.216667,18.6,Potravinárstvo a nápoje,Mliekáreň,srvatka_kysla,Kyslá srvátka,02 05 01,odpad,celorocne,D
44054998,"Odbytové družstvo mlieka Levice, družstvo",Levice,Levice,Nitriansky,48.216667,18.6,Potravinárstvo a nápoje,Mliekáreň,srvatkovy_permeat,Srvátkový permeát,02 05 01,vedlajsi_produkt,celorocne,D
44054998,"Odbytové družstvo mlieka Levice, družstvo",Levice,Levice,Nitriansky,48.216667,18.6,Potravinárstvo a nápoje,Mliekáreň,cmar,Cmar,02 05 01,krmna_surovina,celorocne,D
44054998,"Odbytové družstvo mlieka Levice, družstvo",Levice,Levice,Nitriansky,48.216667,18.6,Potravinárstvo a nápoje,Mliekáreň,mliekarensky_kal,Kal z mliekarenskej ČOV,02 05 02,odpad,celorocne,D
44059159,Mlieko Považie OOV - družstvo,Mestečko,Púchov,Trenčiansky,49.166667,18.25,Potravinárstvo a nápoje,Mliekáreň,srvatka_sladka,Sladká srvátka,02 05 01,vedlajsi_produkt,celorocne,D
44059159,Mlieko Považie OOV - družstvo,Mestečko,Púchov,Trenčiansky,49.166667,18.25,Potravinárstvo a nápoje,Mliekáreň,srvatka_kysla,Kyslá srvátka,02 05 01,odpad,celorocne,D
44059159,Mlieko Považie OOV - družstvo,Mestečko,Púchov,Trenčiansky,49.166667,18.25,Potravinárstvo a nápoje,Mliekáreň,srvatkovy_permeat,Srvátkový permeát,02 05 01,vedlajsi_produkt,celorocne,D
44059159,Mlieko Považie OOV - družstvo,Mestečko,Púchov,Trenčiansky,49.166667,18.25,Potravinárstvo a nápoje,Mliekáreň,cmar,Cmar,02 05 01,krmna_surovina,celorocne,D
44059159,Mlieko Považie OOV - družstvo,Mestečko,Púchov,Trenčiansky,49.166667,18.25,Potravinárstvo a nápoje,Mliekáreň,mliekarensky_kal,Kal z mliekarenskej ČOV,02 05 02,odpad,celorocne,D
44083742,"MÄSO - LAHÔDKY ELENA, s. r. o.",Myjava,Myjava,Trenčiansky,48.754035,17.565022,Potravinárstvo a nápoje,Mäsospracovanie,kostny_zvysok,Kosti a kostné zvyšky,02 02 02,vedlajsi_produkt,celorocne,D
44083742,"MÄSO - LAHÔDKY ELENA, s. r. o.",Myjava,Myjava,Trenčiansky,48.754035,17.565022,Potravinárstvo a nápoje,Mäsospracovanie,kozne_odrezky,Kožné odrezky a podkožný tuk,02 02 02,odpad,celorocne,D
44083742,"MÄSO - LAHÔDKY ELENA, s. r. o.",Myjava,Myjava,Trenčiansky,48.754035,17.565022,Potravinárstvo a nápoje,Mäsospracovanie,masovy_flotacny_kal,Flotačný kal z mäsospracovania,02 02 04,odpad,celorocne,D
44083742,"MÄSO - LAHÔDKY ELENA, s. r. o.",Myjava,Myjava,Trenčiansky,48.754035,17.565022,Potravinárstvo a nápoje,Mäsospracovanie,zvp_kat3,Živočíšne vedľajšie produkty kategórie 3,02 02 02,vedlajsi_produkt,celorocne,D
44083742,"MÄSO - LAHÔDKY ELENA, s. r. o.",Myjava,Myjava,Trenčiansky,48.754035,17.565022,Potravinárstvo a nápoje,Mäsospracovanie,technicky_zivocisny_tuk,Technický živočíšny tuk,02 02 03,vedlajsi_produkt,celorocne,D
44083742,"MÄSO - LAHÔDKY ELENA, s. r. o.",Myjava,Myjava,Trenčiansky,48.754035,17.565022,Potravinárstvo a nápoje,Mäsospracovanie,masokostna_mucka,Mäsokostná múčka,02 02 02,odpad,celorocne,D
44088752,"Pekáreň Bzovík, s.r.o.",Krupina,Krupina,Banskobystrický,48.352728,19.069182,Potravinárstvo a nápoje,Pekáreň,pekarenske_zvysky,Pekárenské zvyšky,02 06 01,vedlajsi_produkt,celorocne,D
44088752,"Pekáreň Bzovík, s.r.o.",Krupina,Krupina,Banskobystrický,48.352728,19.069182,Potravinárstvo a nápoje,Pekáreň,cestovinove_zvysky,Cestovinové a múčne zvyšky,02 06 01,vedlajsi_produkt,celorocne,D
44119577,Pekáreň Pe&Pe s. r. o.,Dubnica nad Váhom,Ilava,Trenčiansky,48.957172,18.167022,Potravinárstvo a nápoje,Pekáreň,pekarenske_zvysky,Pekárenské zvyšky,02 06 01,vedlajsi_produkt,celorocne,D
44119577,Pekáreň Pe&Pe s. r. o.,Dubnica nad Váhom,Ilava,Trenčiansky,48.957172,18.167022,Potravinárstvo a nápoje,Pekáreň,cestovinove_zvysky,Cestovinové a múčne zvyšky,02 06 01,vedlajsi_produkt,celorocne,D
44155557,"Pekáreň KLÁSOK, s.r.o.",Budiná,Lučenec,Banskobystrický,48.456112,19.476724,Potravinárstvo a nápoje,Pekáreň,pekarenske_zvysky,Pekárenské zvyšky,02 06 01,vedlajsi_produkt,celorocne,D
44155557,"Pekáreň KLÁSOK, s.r.o.",Budiná,Lučenec,Banskobystrický,48.456112,19.476724,Potravinárstvo a nápoje,Pekáreň,cestovinove_zvysky,Cestovinové a múčne zvyšky,02 06 01,vedlajsi_produkt,celorocne,D
44159897,"Mangalica farma, s.r.o.",Hurbanovo,Komárno,Nitriansky,47.869084,18.189095,Poľnohospodárstvo a chov,Živočíšna farma,hnoj_hovadzi,Maštaľný hnoj hovädzí,02 01 06,odpad,celorocne,D
44159897,"Mangalica farma, s.r.o.",Hurbanovo,Komárno,Nitriansky,47.869084,18.189095,Poľnohospodárstvo a chov,Živočíšna farma,hnojovica_osipane,Hnojovica ošípaných,02 01 06,odpad,celorocne,D
44159897,"Mangalica farma, s.r.o.",Hurbanovo,Komárno,Nitriansky,47.869084,18.189095,Poľnohospodárstvo a chov,Živočíšna farma,ovciarsky_hnoj,Ovčí a kozí hnoj,02 01 06,odpad,celorocne,D
44159897,"Mangalica farma, s.r.o.",Hurbanovo,Komárno,Nitriansky,47.869084,18.189095,Poľnohospodárstvo a chov,Živočíšna farma,travna_hmota_ttp,Trávna hmota z lúk a TTP,02 01 03,vedlajsi_produkt,sezonne_leto,D
44159897,"Mangalica farma, s.r.o.",Hurbanovo,Komárno,Nitriansky,47.869084,18.189095,Poľnohospodárstvo a chov,Živočíšna farma,kadavery,Uhynuté zvieratá (kadávery),02 01 02,odpad,celorocne,D
44192185,Pekáreň Vidlička a syn s.r.o.,Detva,Detva,Banskobystrický,48.544384,19.411609,Potravinárstvo a nápoje,Pekáreň,pekarenske_zvysky,Pekárenské zvyšky,02 06 01,vedlajsi_produkt,celorocne,D
44192185,Pekáreň Vidlička a syn s.r.o.,Detva,Detva,Banskobystrický,48.544384,19.411609,Potravinárstvo a nápoje,Pekáreň,cestovinove_zvysky,Cestovinové a múčne zvyšky,02 06 01,vedlajsi_produkt,celorocne,D
44199279,Pekáreň - ORTEK s.r.o.,Poprad - Matejovce,Poprad,Prešovský,49.054152,20.29764,Potravinárstvo a nápoje,Pekáreň,pekarenske_zvysky,Pekárenské zvyšky,02 06 01,vedlajsi_produkt,celorocne,D
44199279,Pekáreň - ORTEK s.r.o.,Poprad - Matejovce,Poprad,Prešovský,49.054152,20.29764,Potravinárstvo a nápoje,Pekáreň,cestovinove_zvysky,Cestovinové a múčne zvyšky,02 06 01,vedlajsi_produkt,celorocne,D
44304412,"Pekáreň Bokša, s. r. o.",Stropkov - Bokša,Stropkov,Prešovský,49.202387,21.651153,Potravinárstvo a nápoje,Pekáreň,pekarenske_zvysky,Pekárenské zvyšky,02 06 01,vedlajsi_produkt,celorocne,D
44304412,"Pekáreň Bokša, s. r. o.",Stropkov - Bokša,Stropkov,Prešovský,49.202387,21.651153,Potravinárstvo a nápoje,Pekáreň,cestovinove_zvysky,Cestovinové a múčne zvyšky,02 06 01,vedlajsi_produkt,celorocne,D
44330936,TODO - Trnavské odbytové družstvo olejnín s. r. o.,Trnava,Trnava,Trnavský,48.37729,17.586718,Potravinárstvo a nápoje,Spracovanie olejnín,repkovy_srot,Repkový extrahovaný šrot,02 03 04,krmna_surovina,celorocne,D
44330936,TODO - Trnavské odbytové družstvo olejnín s. r. o.,Trnava,Trnava,Trnavský,48.37729,17.586718,Potravinárstvo a nápoje,Spracovanie olejnín,slnecnicovy_srot,Slnečnicový extrahovaný šrot,02 03 04,krmna_surovina,celorocne,D
44330936,TODO - Trnavské odbytové družstvo olejnín s. r. o.,Trnava,Trnava,Trnavský,48.37729,17.586718,Potravinárstvo a nápoje,Spracovanie olejnín,olejnaty_kal,Kaly z rafinácie jedlých olejov,02 03 05,odpad,celorocne,D
44365306,"EKO AGROFARMA, s.r.o.",Veľké Dvorany,Topoľčany,Nitriansky,48.554552,18.073245,Poľnohospodárstvo a chov,Poľnohospodársky podnik,slama_obilna,Obilná slama,02 01 03,vedlajsi_produkt,sezonne_leto,D
44365306,"EKO AGROFARMA, s.r.o.",Veľké Dvorany,Topoľčany,Nitriansky,48.554552,18.073245,Poľnohospodárstvo a chov,Poľnohospodársky podnik,kukuricne_korovie,Kukuričné kôrovie a stonky,02 01 03,vedlajsi_produkt,sezonne_jesen,D
44365306,"EKO AGROFARMA, s.r.o.",Veľké Dvorany,Topoľčany,Nitriansky,48.554552,18.073245,Poľnohospodárstvo a chov,Poľnohospodársky podnik,repkova_slama,Repková slama,02 01 03,vedlajsi_produkt,sezonne_leto,D
44365306,"EKO AGROFARMA, s.r.o.",Veľké Dvorany,Topoľčany,Nitriansky,48.554552,18.073245,Poľnohospodárstvo a chov,Poľnohospodársky podnik,odpad_cistenie_zrna,Odpad z čistenia a sušenia obilia,02 01 03,vedlajsi_produkt,sezonne_leto,D
44365306,"EKO AGROFARMA, s.r.o.",Veľké Dvorany,Topoľčany,Nitriansky,48.554552,18.073245,Poľnohospodárstvo a chov,Poľnohospodársky podnik,travna_hmota_ttp,Trávna hmota z lúk a TTP,02 01 03,vedlajsi_produkt,sezonne_leto,D
44377151,Pekáreň Bánov Oremus a syn s.r.o.,Bánov,Nové Zámky,Nitriansky,48.048624,18.191323,Potravinárstvo a nápoje,Pekáreň,pekarenske_zvysky,Pekárenské zvyšky,02 06 01,vedlajsi_produkt,celorocne,D
44377151,Pekáreň Bánov Oremus a syn s.r.o.,Bánov,Nové Zámky,Nitriansky,48.048624,18.191323,Potravinárstvo a nápoje,Pekáreň,cestovinove_zvysky,Cestovinové a múčne zvyšky,02 06 01,vedlajsi_produkt,celorocne,D
44399294,"I.M. pekáreň, s. r. o.",Trenčín,Trenčín,Trenčiansky,48.892358,18.039372,Potravinárstvo a nápoje,Pekáreň,pekarenske_zvysky,Pekárenské zvyšky,02 06 01,vedlajsi_produkt,celorocne,D
44399294,"I.M. pekáreň, s. r. o.",Trenčín,Trenčín,Trenčiansky,48.892358,18.039372,Potravinárstvo a nápoje,Pekáreň,cestovinove_zvysky,Cestovinové a múčne zvyšky,02 06 01,vedlajsi_produkt,celorocne,D
44436475,Bratislavský Meštiansky Pivovar s. r. o.,Bratislava,Bratislava I,Bratislavský,48.153538,17.109671,Potravinárstvo a nápoje,Pivovar / minipivovar,pivovarske_mlato,Pivovarské mláto,02 07 01,vedlajsi_produkt,celorocne,D
44436475,Bratislavský Meštiansky Pivovar s. r. o.,Bratislava,Bratislava I,Bratislavský,48.153538,17.109671,Potravinárstvo a nápoje,Pivovar / minipivovar,pivovarske_kvasnice,Pivovarské kvasnice,02 07 05,vedlajsi_produkt,celorocne,D
44436475,Bratislavský Meštiansky Pivovar s. r. o.,Bratislava,Bratislava I,Bratislavský,48.153538,17.109671,Potravinárstvo a nápoje,Pivovar / minipivovar,chmelovy_mlat,Chmeľový mlát,02 07 01,odpad,celorocne,D
44436475,Bratislavský Meštiansky Pivovar s. r. o.,Bratislava,Bratislava I,Bratislavský,48.153538,17.109671,Potravinárstvo a nápoje,Pivovar / minipivovar,kremelinovy_kal,Kremelinový kal z filtrácie,02 07 05,odpad,celorocne,D
44444761,Fakultná nemocnica AGEL Skalica a.s.,Skalica,Skalica,Trnavský,48.770797,17.20201,Gastro a stravovacie zariadenia,Nemocnica,nemocnicny_kuchynsky_odpad,Kuchynský odpad zo zdravotníckych a sociálnych zariadení,20 01 08,odpad,celorocne,D
44444761,Fakultná nemocnica AGEL Skalica a.s.,Skalica,Skalica,Trnavský,48.770797,17.20201,Gastro a stravovacie zariadenia,Nemocnica,zvysky_z_taniera,Zvyšky z taniera,20 01 08,odpad,celorocne,D
44444761,Fakultná nemocnica AGEL Skalica a.s.,Skalica,Skalica,Trnavský,48.770797,17.20201,Gastro a stravovacie zariadenia,Nemocnica,gastro_fritovaci_olej,Použitý fritovací olej z gastroprevádzok,20 01 25,odpad,celorocne,D
44452519,"Nemocnica s poliklinikou Sv. Lukáša Galanta, a.s.",Galanta,Galanta,Trnavský,48.191057,17.727778,Gastro a stravovacie zariadenia,Nemocnica,nemocnicny_kuchynsky_odpad,Kuchynský odpad zo zdravotníckych a sociálnych zariadení,20 01 08,odpad,celorocne,D
44452519,"Nemocnica s poliklinikou Sv. Lukáša Galanta, a.s.",Galanta,Galanta,Trnavský,48.191057,17.727778,Gastro a stravovacie zariadenia,Nemocnica,zvysky_z_taniera,Zvyšky z taniera,20 01 08,odpad,celorocne,D
44452519,"Nemocnica s poliklinikou Sv. Lukáša Galanta, a.s.",Galanta,Galanta,Trnavský,48.191057,17.727778,Gastro a stravovacie zariadenia,Nemocnica,gastro_fritovaci_olej,Použitý fritovací olej z gastroprevádzok,20 01 25,odpad,celorocne,D
44455356,"Nemocnica s poliklinikou Dunajská Streda, a.s.",Dunajská Streda,Dunajská Streda,Trnavský,47.989309,17.620142,Gastro a stravovacie zariadenia,Nemocnica,nemocnicny_kuchynsky_odpad,Kuchynský odpad zo zdravotníckych a sociálnych zariadení,20 01 08,odpad,celorocne,D
44455356,"Nemocnica s poliklinikou Dunajská Streda, a.s.",Dunajská Streda,Dunajská Streda,Trnavský,47.989309,17.620142,Gastro a stravovacie zariadenia,Nemocnica,zvysky_z_taniera,Zvyšky z taniera,20 01 08,odpad,celorocne,D
44455356,"Nemocnica s poliklinikou Dunajská Streda, a.s.",Dunajská Streda,Dunajská Streda,Trnavský,47.989309,17.620142,Gastro a stravovacie zariadenia,Nemocnica,gastro_fritovaci_olej,Použitý fritovací olej z gastroprevádzok,20 01 25,odpad,celorocne,D
44503296,Vinárstvo Kutaj s. r. o.,Trenčín,Trenčín,Trenčiansky,48.892358,18.039372,Potravinárstvo a nápoje,Vinárstvo,hroznove_vylisky,Hroznové výlisky (matolina),02 07 04,vedlajsi_produkt,sezonne_jesen,D
44503296,Vinárstvo Kutaj s. r. o.,Trenčín,Trenčín,Trenčiansky,48.892358,18.039372,Potravinárstvo a nápoje,Vinárstvo,vinne_kaly,Vínne kaly,02 07 05,odpad,sezonne_jesen,D
44503296,Vinárstvo Kutaj s. r. o.,Trenčín,Trenčín,Trenčiansky,48.892358,18.039372,Potravinárstvo a nápoje,Vinárstvo,hroznove_stopky,Hroznové stopky (strapiny),02 07 01,odpad,sezonne_jesen,D
44559313,"Pekáreň Hôrka, s.r.o.",Hôrka,Poprad,Prešovský,49.01777,20.379659,Potravinárstvo a nápoje,Pekáreň,pekarenske_zvysky,Pekárenské zvyšky,02 06 01,vedlajsi_produkt,celorocne,D
44559313,"Pekáreň Hôrka, s.r.o.",Hôrka,Poprad,Prešovský,49.01777,20.379659,Potravinárstvo a nápoje,Pekáreň,cestovinove_zvysky,Cestovinové a múčne zvyšky,02 06 01,vedlajsi_produkt,celorocne,D
44564350,"Komunálne služby a odpadové hospodárstvo Štúrovo, s.r.o.",Štúrovo,Nové Zámky,Nitriansky,47.797831,18.71486,Komunálny a gastro bioodpad,Odpadové hospodárstvo,kuchynsky_odpad,Biologicky rozložiteľný kuchynský a reštauračný odpad,20 01 08,odpad,celorocne,D
44564350,"Komunálne služby a odpadové hospodárstvo Štúrovo, s.r.o.",Štúrovo,Nové Zámky,Nitriansky,47.797831,18.71486,Komunálny a gastro bioodpad,Odpadové hospodárstvo,bro_zahrady,Biologicky rozložiteľný odpad zo záhrad,20 02 01,odpad,sezonne_leto,D
44564350,"Komunálne služby a odpadové hospodárstvo Štúrovo, s.r.o.",Štúrovo,Nové Zámky,Nitriansky,47.797831,18.71486,Komunálny a gastro bioodpad,Odpadové hospodárstvo,jedle_oleje_pouzite,Použité jedlé oleje a tuky,20 01 25,odpad,celorocne,D
44564350,"Komunálne služby a odpadové hospodárstvo Štúrovo, s.r.o.",Štúrovo,Nové Zámky,Nitriansky,47.797831,18.71486,Komunálny a gastro bioodpad,Odpadové hospodárstvo,tuky_odlucovace,Tuky z odlučovačov,19 08 09,odpad,celorocne,D
44564350,"Komunálne služby a odpadové hospodárstvo Štúrovo, s.r.o.",Štúrovo,Nové Zámky,Nitriansky,47.797831,18.71486,Komunálny a gastro bioodpad,Odpadové hospodárstvo,potraviny_po_dobe,Nepredané potraviny po dátume spotreby,20 01 08,odpad,celorocne,D
44565160,"Správa nehnuteľností a technické služby, s. r. o.",Púchov,Púchov,Trenčiansky,49.123992,18.324242,Komunálny a gastro bioodpad,Technické služby mesta / obce,travna_hmota_kosba,Trávna hmota z kosby verejnej zelene,20 02 01,odpad,sezonne_leto,D
44565160,"Správa nehnuteľností a technické služby, s. r. o.",Púchov,Púchov,Trenčiansky,49.123992,18.324242,Komunálny a gastro bioodpad,Technické služby mesta / obce,konare_stiepka,Konáre a drevná štiepka z údržby zelene,20 02 01,odpad,sezonne_jar,D
44565160,"Správa nehnuteľností a technické služby, s. r. o.",Púchov,Púchov,Trenčiansky,49.123992,18.324242,Komunálny a gastro bioodpad,Technické služby mesta / obce,listie,Lístie z verejnej zelene,20 02 01,odpad,sezonne_jesen,D
44565160,"Správa nehnuteľností a technické služby, s. r. o.",Púchov,Púchov,Trenčiansky,49.123992,18.324242,Komunálny a gastro bioodpad,Technické služby mesta / obce,bro_zahrady,Biologicky rozložiteľný odpad zo záhrad,20 02 01,odpad,sezonne_leto,D
44565160,"Správa nehnuteľností a technické služby, s. r. o.",Púchov,Púchov,Trenčiansky,49.123992,18.324242,Komunálny a gastro bioodpad,Technické služby mesta / obce,odpad_trhoviska,Odpad z trhovísk,20 03 02,odpad,sezonne_leto,D
44570783,"Univerzitná nemocnica - Nemocnica svätého Michala, a. s.",Bratislava,Bratislava I,Bratislavský,48.153538,17.109671,Gastro a stravovacie zariadenia,Nemocnica,nemocnicny_kuchynsky_odpad,Kuchynský odpad zo zdravotníckych a sociálnych zariadení,20 01 08,odpad,celorocne,D
44570783,"Univerzitná nemocnica - Nemocnica svätého Michala, a. s.",Bratislava,Bratislava I,Bratislavský,48.153538,17.109671,Gastro a stravovacie zariadenia,Nemocnica,zvysky_z_taniera,Zvyšky z taniera,20 01 08,odpad,celorocne,D
44570783,"Univerzitná nemocnica - Nemocnica svätého Michala, a. s.",Bratislava,Bratislava I,Bratislavský,48.153538,17.109671,Gastro a stravovacie zariadenia,Nemocnica,gastro_fritovaci_olej,Použitý fritovací olej z gastroprevádzok,20 01 25,odpad,celorocne,D
44580193,Pavol Mašlonka Mäso - údeniny,Pozdišovce,Michalovce,Košický,48.733333,21.85,Potravinárstvo a nápoje,Mäsospracovanie,kostny_zvysok,Kosti a kostné zvyšky,02 02 02,vedlajsi_produkt,celorocne,D
44580193,Pavol Mašlonka Mäso - údeniny,Pozdišovce,Michalovce,Košický,48.733333,21.85,Potravinárstvo a nápoje,Mäsospracovanie,kozne_odrezky,Kožné odrezky a podkožný tuk,02 02 02,odpad,celorocne,D
44580193,Pavol Mašlonka Mäso - údeniny,Pozdišovce,Michalovce,Košický,48.733333,21.85,Potravinárstvo a nápoje,Mäsospracovanie,masovy_flotacny_kal,Flotačný kal z mäsospracovania,02 02 04,odpad,celorocne,D
44580193,Pavol Mašlonka Mäso - údeniny,Pozdišovce,Michalovce,Košický,48.733333,21.85,Potravinárstvo a nápoje,Mäsospracovanie,zvp_kat3,Živočíšne vedľajšie produkty kategórie 3,02 02 02,vedlajsi_produkt,celorocne,D
44580193,Pavol Mašlonka Mäso - údeniny,Pozdišovce,Michalovce,Košický,48.733333,21.85,Potravinárstvo a nápoje,Mäsospracovanie,technicky_zivocisny_tuk,Technický živočíšny tuk,02 02 03,vedlajsi_produkt,celorocne,D
44580193,Pavol Mašlonka Mäso - údeniny,Pozdišovce,Michalovce,Košický,48.733333,21.85,Potravinárstvo a nápoje,Mäsospracovanie,masokostna_mucka,Mäsokostná múčka,02 02 02,odpad,celorocne,D
44581203,"REŠTAURÁCIA VF, spol. s r.o.",Lúč na Ostrove,Dunajská Streda,Trnavský,47.9775,17.521693,Gastro a stravovacie zariadenia,Reštaurácia,gastro_kuchynsky_odpad,Kuchynský odpad z reštaurácií a hotelov,20 01 08,odpad,celorocne,D
44581203,"REŠTAURÁCIA VF, spol. s r.o.",Lúč na Ostrove,Dunajská Streda,Trnavský,47.9775,17.521693,Gastro a stravovacie zariadenia,Reštaurácia,zvysky_z_taniera,Zvyšky z taniera,20 01 08,odpad,celorocne,D
44581203,"REŠTAURÁCIA VF, spol. s r.o.",Lúč na Ostrove,Dunajská Streda,Trnavský,47.9775,17.521693,Gastro a stravovacie zariadenia,Reštaurácia,gastro_fritovaci_olej,Použitý fritovací olej z gastroprevádzok,20 01 25,odpad,celorocne,D
44581203,"REŠTAURÁCIA VF, spol. s r.o.",Lúč na Ostrove,Dunajská Streda,Trnavský,47.9775,17.521693,Gastro a stravovacie zariadenia,Reštaurácia,gastro_kavova_sedlina,Kávová sedlina z gastroprevádzok,20 01 08,odpad,celorocne,D
44581203,"REŠTAURÁCIA VF, spol. s r.o.",Lúč na Ostrove,Dunajská Streda,Trnavský,47.9775,17.521693,Gastro a stravovacie zariadenia,Reštaurácia,tuky_odlucovace,Tuky z odlučovačov,19 08 09,odpad,celorocne,D
44649045,"Lesnianska vodárenská spoločnosť, s.r.o.",Oravská Lesná,Námestovo,Žilinský,49.372578,19.205632,Komunálny a gastro bioodpad,Vodárenská spoločnosť (ČOV),cov_kal_komunalny,Kal z komunálnej ČOV,19 08 05,odpad,celorocne,D
44649045,"Lesnianska vodárenská spoločnosť, s.r.o.",Oravská Lesná,Námestovo,Žilinský,49.372578,19.205632,Komunálny a gastro bioodpad,Vodárenská spoločnosť (ČOV),tuky_odlucovace,Tuky z odlučovačov,19 08 09,odpad,celorocne,D
44655525,Reštaurácia Rotoska s. r. o.,Bratislava,Bratislava I,Bratislavský,48.153538,17.109671,Gastro a stravovacie zariadenia,Reštaurácia,gastro_kuchynsky_odpad,Kuchynský odpad z reštaurácií a hotelov,20 01 08,odpad,celorocne,D
44655525,Reštaurácia Rotoska s. r. o.,Bratislava,Bratislava I,Bratislavský,48.153538,17.109671,Gastro a stravovacie zariadenia,Reštaurácia,zvysky_z_taniera,Zvyšky z taniera,20 01 08,odpad,celorocne,D
44655525,Reštaurácia Rotoska s. r. o.,Bratislava,Bratislava I,Bratislavský,48.153538,17.109671,Gastro a stravovacie zariadenia,Reštaurácia,gastro_fritovaci_olej,Použitý fritovací olej z gastroprevádzok,20 01 25,odpad,celorocne,D
44655525,Reštaurácia Rotoska s. r. o.,Bratislava,Bratislava I,Bratislavský,48.153538,17.109671,Gastro a stravovacie zariadenia,Reštaurácia,gastro_kavova_sedlina,Kávová sedlina z gastroprevádzok,20 01 08,odpad,celorocne,D
44655525,Reštaurácia Rotoska s. r. o.,Bratislava,Bratislava I,Bratislavský,48.153538,17.109671,Gastro a stravovacie zariadenia,Reštaurácia,tuky_odlucovace,Tuky z odlučovačov,19 08 09,odpad,celorocne,D
44696868,Kochanovská agromliekareň s.r.o.,Kochanovce,Bardejov,Prešovský,49.183333,21.383412,Potravinárstvo a nápoje,Mliekáreň,srvatka_sladka,Sladká srvátka,02 05 01,vedlajsi_produkt,celorocne,D
44696868,Kochanovská agromliekareň s.r.o.,Kochanovce,Bardejov,Prešovský,49.183333,21.383412,Potravinárstvo a nápoje,Mliekáreň,srvatka_kysla,Kyslá srvátka,02 05 01,odpad,celorocne,D
44696868,Kochanovská agromliekareň s.r.o.,Kochanovce,Bardejov,Prešovský,49.183333,21.383412,Potravinárstvo a nápoje,Mliekáreň,srvatkovy_permeat,Srvátkový permeát,02 05 01,vedlajsi_produkt,celorocne,D
44696868,Kochanovská agromliekareň s.r.o.,Kochanovce,Bardejov,Prešovský,49.183333,21.383412,Potravinárstvo a nápoje,Mliekáreň,cmar,Cmar,02 05 01,krmna_surovina,celorocne,D
44696868,Kochanovská agromliekareň s.r.o.,Kochanovce,Bardejov,Prešovský,49.183333,21.383412,Potravinárstvo a nápoje,Mliekáreň,mliekarensky_kal,Kal z mliekarenskej ČOV,02 05 02,odpad,celorocne,D
44739753,"JEDÁLEŇ - M.O., s.r.o.",Spišské Bystré,Poprad,Prešovský,48.991455,20.242744,Gastro a stravovacie zariadenia,Závodná a verejná jedáleň,gastro_kuchynsky_odpad,Kuchynský odpad z reštaurácií a hotelov,20 01 08,odpad,celorocne,D
44739753,"JEDÁLEŇ - M.O., s.r.o.",Spišské Bystré,Poprad,Prešovský,48.991455,20.242744,Gastro a stravovacie zariadenia,Závodná a verejná jedáleň,zvysky_z_taniera,Zvyšky z taniera,20 01 08,odpad,celorocne,D
44739753,"JEDÁLEŇ - M.O., s.r.o.",Spišské Bystré,Poprad,Prešovský,48.991455,20.242744,Gastro a stravovacie zariadenia,Závodná a verejná jedáleň,gastro_fritovaci_olej,Použitý fritovací olej z gastroprevádzok,20 01 25,odpad,celorocne,D
44739753,"JEDÁLEŇ - M.O., s.r.o.",Spišské Bystré,Poprad,Prešovský,48.991455,20.242744,Gastro a stravovacie zariadenia,Závodná a verejná jedáleň,tuky_odlucovace,Tuky z odlučovačov,19 08 09,odpad,celorocne,D
44744391,Pivovar HVEZDOŇ s.r.o.,Hviezdoslavov,Dunajská Streda,Trnavský,48.066938,17.348981,Potravinárstvo a nápoje,Pivovar / minipivovar,pivovarske_mlato,Pivovarské mláto,02 07 01,vedlajsi_produkt,celorocne,D
44744391,Pivovar HVEZDOŇ s.r.o.,Hviezdoslavov,Dunajská Streda,Trnavský,48.066938,17.348981,Potravinárstvo a nápoje,Pivovar / minipivovar,pivovarske_kvasnice,Pivovarské kvasnice,02 07 05,vedlajsi_produkt,celorocne,D
44744391,Pivovar HVEZDOŇ s.r.o.,Hviezdoslavov,Dunajská Streda,Trnavský,48.066938,17.348981,Potravinárstvo a nápoje,Pivovar / minipivovar,chmelovy_mlat,Chmeľový mlát,02 07 01,odpad,celorocne,D
44744391,Pivovar HVEZDOŇ s.r.o.,Hviezdoslavov,Dunajská Streda,Trnavský,48.066938,17.348981,Potravinárstvo a nápoje,Pivovar / minipivovar,kremelinovy_kal,Kremelinový kal z filtrácie,02 07 05,odpad,celorocne,D
44785933,"Hotel Delfín, s. r. o.",Senec,Senec,Bratislavský,48.219641,17.396776,Gastro a stravovacie zariadenia,Hotel,gastro_kuchynsky_odpad,Kuchynský odpad z reštaurácií a hotelov,20 01 08,odpad,celorocne,D
44785933,"Hotel Delfín, s. r. o.",Senec,Senec,Bratislavský,48.219641,17.396776,Gastro a stravovacie zariadenia,Hotel,zvysky_z_taniera,Zvyšky z taniera,20 01 08,odpad,celorocne,D
44785933,"Hotel Delfín, s. r. o.",Senec,Senec,Bratislavský,48.219641,17.396776,Gastro a stravovacie zariadenia,Hotel,gastro_fritovaci_olej,Použitý fritovací olej z gastroprevádzok,20 01 25,odpad,celorocne,D
44785933,"Hotel Delfín, s. r. o.",Senec,Senec,Bratislavský,48.219641,17.396776,Gastro a stravovacie zariadenia,Hotel,gastro_kavova_sedlina,Kávová sedlina z gastroprevádzok,20 01 08,odpad,celorocne,D
44785933,"Hotel Delfín, s. r. o.",Senec,Senec,Bratislavský,48.219641,17.396776,Gastro a stravovacie zariadenia,Hotel,bro_zahrady,Biologicky rozložiteľný odpad zo záhrad,20 02 01,odpad,sezonne_leto,D
44826681,"MENHERT Pekáreň, s. r. o.",Chocholná-Velčice,Trenčín,Trenčiansky,48.866811,17.948123,Potravinárstvo a nápoje,Pekáreň,pekarenske_zvysky,Pekárenské zvyšky,02 06 01,vedlajsi_produkt,celorocne,D
44826681,"MENHERT Pekáreň, s. r. o.",Chocholná-Velčice,Trenčín,Trenčiansky,48.866811,17.948123,Potravinárstvo a nápoje,Pekáreň,cestovinove_zvysky,Cestovinové a múčne zvyšky,02 06 01,vedlajsi_produkt,celorocne,D
44877315,"Technické služby - Žiar nad Hronom, a.s.",Žiar nad Hronom,Žiar nad Hronom,Banskobystrický,48.590505,18.853646,Komunálny a gastro bioodpad,Technické služby mesta / obce,travna_hmota_kosba,Trávna hmota z kosby verejnej zelene,20 02 01,odpad,sezonne_leto,D
44877315,"Technické služby - Žiar nad Hronom, a.s.",Žiar nad Hronom,Žiar nad Hronom,Banskobystrický,48.590505,18.853646,Komunálny a gastro bioodpad,Technické služby mesta / obce,konare_stiepka,Konáre a drevná štiepka z údržby zelene,20 02 01,odpad,sezonne_jar,D
44877315,"Technické služby - Žiar nad Hronom, a.s.",Žiar nad Hronom,Žiar nad Hronom,Banskobystrický,48.590505,18.853646,Komunálny a gastro bioodpad,Technické služby mesta / obce,listie,Lístie z verejnej zelene,20 02 01,odpad,sezonne_jesen,D
44877315,"Technické služby - Žiar nad Hronom, a.s.",Žiar nad Hronom,Žiar nad Hronom,Banskobystrický,48.590505,18.853646,Komunálny a gastro bioodpad,Technické služby mesta / obce,bro_zahrady,Biologicky rozložiteľný odpad zo záhrad,20 02 01,odpad,sezonne_leto,D
44877315,"Technické služby - Žiar nad Hronom, a.s.",Žiar nad Hronom,Žiar nad Hronom,Banskobystrický,48.590505,18.853646,Komunálny a gastro bioodpad,Technické služby mesta / obce,odpad_trhoviska,Odpad z trhovísk,20 03 02,odpad,sezonne_leto,D
44927380,"Nemocnica s poliklinikou Štefana Kukuru Michalovce, a.s.",Michalovce,Michalovce,Košický,48.75,21.933333,Gastro a stravovacie zariadenia,Nemocnica,nemocnicny_kuchynsky_odpad,Kuchynský odpad zo zdravotníckych a sociálnych zariadení,20 01 08,odpad,celorocne,D
44927380,"Nemocnica s poliklinikou Štefana Kukuru Michalovce, a.s.",Michalovce,Michalovce,Košický,48.75,21.933333,Gastro a stravovacie zariadenia,Nemocnica,zvysky_z_taniera,Zvyšky z taniera,20 01 08,odpad,celorocne,D
44927380,"Nemocnica s poliklinikou Štefana Kukuru Michalovce, a.s.",Michalovce,Michalovce,Košický,48.75,21.933333,Gastro a stravovacie zariadenia,Nemocnica,gastro_fritovaci_olej,Použitý fritovací olej z gastroprevádzok,20 01 25,odpad,celorocne,D
45024006,Súkromné gymnázium Kremnica,Kremnica,Žiar nad Hronom,Banskobystrický,48.7,18.916667,Gastro a stravovacie zariadenia,Stredná škola,skolsky_kuchynsky_odpad,Kuchynský odpad zo školských jedální,20 01 08,odpad,celorocne,D
45024006,Súkromné gymnázium Kremnica,Kremnica,Žiar nad Hronom,Banskobystrický,48.7,18.916667,Gastro a stravovacie zariadenia,Stredná škola,zvysky_z_taniera,Zvyšky z taniera,20 01 08,odpad,celorocne,D
45024006,Súkromné gymnázium Kremnica,Kremnica,Žiar nad Hronom,Banskobystrický,48.7,18.916667,Gastro a stravovacie zariadenia,Stredná škola,gastro_fritovaci_olej,Použitý fritovací olej z gastroprevádzok,20 01 25,odpad,celorocne,D
45024006,Súkromné gymnázium Kremnica,Kremnica,Žiar nad Hronom,Banskobystrický,48.7,18.916667,Gastro a stravovacie zariadenia,Stredná škola,bro_zahrady,Biologicky rozložiteľný odpad zo záhrad,20 02 01,odpad,sezonne_leto,D
45300950,HYDINA SLOVENSKO s.r.o.,Lieskovec,Humenné,Prešovský,48.95,21.816667,Poľnohospodárstvo a chov,Hydinárska prevádzka,perie,Perie z hydinových bitúnkov,02 02 02,odpad,celorocne,D
45300950,HYDINA SLOVENSKO s.r.o.,Lieskovec,Humenné,Prešovský,48.95,21.816667,Poľnohospodárstvo a chov,Hydinárska prevádzka,hydinovy_trus,Hydinový trus a podstielka,02 01 06,odpad,celorocne,D
45300950,HYDINA SLOVENSKO s.r.o.,Lieskovec,Humenné,Prešovský,48.95,21.816667,Poľnohospodárstvo a chov,Hydinárska prevádzka,krv_bitunok,Krv z bitúnku,02 02 03,vedlajsi_produkt,celorocne,D
45300950,HYDINA SLOVENSKO s.r.o.,Lieskovec,Humenné,Prešovský,48.95,21.816667,Poľnohospodárstvo a chov,Hydinárska prevádzka,kadavery,Uhynuté zvieratá (kadávery),02 01 02,odpad,celorocne,D
45300950,HYDINA SLOVENSKO s.r.o.,Lieskovec,Humenné,Prešovský,48.95,21.816667,Poľnohospodárstvo a chov,Hydinárska prevádzka,zvp_kat3,Živočíšne vedľajšie produkty kategórie 3,02 02 02,vedlajsi_produkt,celorocne,D
45300950,HYDINA SLOVENSKO s.r.o.,Lieskovec,Humenné,Prešovský,48.95,21.816667,Poľnohospodárstvo a chov,Hydinárska prevádzka,zvp_kat2,Živočíšne vedľajšie produkty kategórie 2,02 02 02,odpad,celorocne,D
45301191,KRTKO BIOPLYN k.s.,Nitra,Nitra,Nitriansky,48.31257,18.09061,Komunálny a gastro bioodpad,Bioplynová stanica,digestat,Digestát z bioplynovej stanice,19 06 06,odpad,celorocne,D
45301191,KRTKO BIOPLYN k.s.,Nitra,Nitra,Nitriansky,48.31257,18.09061,Komunálny a gastro bioodpad,Bioplynová stanica,kukuricne_korovie,Kukuričné kôrovie a stonky,02 01 03,vedlajsi_produkt,sezonne_jesen,D
45301191,KRTKO BIOPLYN k.s.,Nitra,Nitra,Nitriansky,48.31257,18.09061,Komunálny a gastro bioodpad,Bioplynová stanica,hnojovica_osipane,Hnojovica ošípaných,02 01 06,odpad,celorocne,D
45318611,František Tóth - LUNI JEDÁLEŇ,Lehnice,Dunajská Streda,Trnavský,48.051598,17.457891,Gastro a stravovacie zariadenia,Závodná a verejná jedáleň,gastro_kuchynsky_odpad,Kuchynský odpad z reštaurácií a hotelov,20 01 08,odpad,celorocne,D
45318611,František Tóth - LUNI JEDÁLEŇ,Lehnice,Dunajská Streda,Trnavský,48.051598,17.457891,Gastro a stravovacie zariadenia,Závodná a verejná jedáleň,zvysky_z_taniera,Zvyšky z taniera,20 01 08,odpad,celorocne,D
45318611,František Tóth - LUNI JEDÁLEŇ,Lehnice,Dunajská Streda,Trnavský,48.051598,17.457891,Gastro a stravovacie zariadenia,Závodná a verejná jedáleň,gastro_fritovaci_olej,Použitý fritovací olej z gastroprevádzok,20 01 25,odpad,celorocne,D
45318611,František Tóth - LUNI JEDÁLEŇ,Lehnice,Dunajská Streda,Trnavský,48.051598,17.457891,Gastro a stravovacie zariadenia,Závodná a verejná jedáleň,tuky_odlucovace,Tuky z odlučovačov,19 08 09,odpad,celorocne,D
45325464,VINÁRSTVO BK s. r. o.,Malinovo,Senec,Bratislavský,48.154124,17.291732,Potravinárstvo a nápoje,Vinárstvo,hroznove_vylisky,Hroznové výlisky (matolina),02 07 04,vedlajsi_produkt,sezonne_jesen,D
45325464,VINÁRSTVO BK s. r. o.,Malinovo,Senec,Bratislavský,48.154124,17.291732,Potravinárstvo a nápoje,Vinárstvo,vinne_kaly,Vínne kaly,02 07 05,odpad,sezonne_jesen,D
45325464,VINÁRSTVO BK s. r. o.,Malinovo,Senec,Bratislavský,48.154124,17.291732,Potravinárstvo a nápoje,Vinárstvo,hroznove_stopky,Hroznové stopky (strapiny),02 07 01,odpad,sezonne_jesen,D
45410992,Malé vinárstvo - Gočik s.r.o.,Čerhov,Trebišov,Košický,48.466667,21.65,Potravinárstvo a nápoje,Vinárstvo,hroznove_vylisky,Hroznové výlisky (matolina),02 07 04,vedlajsi_produkt,sezonne_jesen,D
45410992,Malé vinárstvo - Gočik s.r.o.,Čerhov,Trebišov,Košický,48.466667,21.65,Potravinárstvo a nápoje,Vinárstvo,vinne_kaly,Vínne kaly,02 07 05,odpad,sezonne_jesen,D
45410992,Malé vinárstvo - Gočik s.r.o.,Čerhov,Trebišov,Košický,48.466667,21.65,Potravinárstvo a nápoje,Vinárstvo,hroznove_stopky,Hroznové stopky (strapiny),02 07 01,odpad,sezonne_jesen,D
45422079,PK - AGRO DRUŽSTVO s.r.o.,Nováky,Prievidza,Trenčiansky,48.714477,18.539765,Poľnohospodárstvo a chov,Poľnohospodársky podnik,slama_obilna,Obilná slama,02 01 03,vedlajsi_produkt,sezonne_leto,D
45422079,PK - AGRO DRUŽSTVO s.r.o.,Nováky,Prievidza,Trenčiansky,48.714477,18.539765,Poľnohospodárstvo a chov,Poľnohospodársky podnik,kukuricne_korovie,Kukuričné kôrovie a stonky,02 01 03,vedlajsi_produkt,sezonne_jesen,D
45422079,PK - AGRO DRUŽSTVO s.r.o.,Nováky,Prievidza,Trenčiansky,48.714477,18.539765,Poľnohospodárstvo a chov,Poľnohospodársky podnik,repkova_slama,Repková slama,02 01 03,vedlajsi_produkt,sezonne_leto,D
45422079,PK - AGRO DRUŽSTVO s.r.o.,Nováky,Prievidza,Trenčiansky,48.714477,18.539765,Poľnohospodárstvo a chov,Poľnohospodársky podnik,odpad_cistenie_zrna,Odpad z čistenia a sušenia obilia,02 01 03,vedlajsi_produkt,sezonne_leto,D
45422079,PK - AGRO DRUŽSTVO s.r.o.,Nováky,Prievidza,Trenčiansky,48.714477,18.539765,Poľnohospodárstvo a chov,Poľnohospodársky podnik,travna_hmota_ttp,Trávna hmota z lúk a TTP,02 01 03,vedlajsi_produkt,sezonne_leto,D
45428565,BIOPLYN BIEROVCE s. r. o.,Bratislava - mestská časť Jarovce,Bratislava I,Bratislavský,48.153538,17.109671,Komunálny a gastro bioodpad,Bioplynová stanica,digestat,Digestát z bioplynovej stanice,19 06 06,odpad,celorocne,D
45428565,BIOPLYN BIEROVCE s. r. o.,Bratislava - mestská časť Jarovce,Bratislava I,Bratislavský,48.153538,17.109671,Komunálny a gastro bioodpad,Bioplynová stanica,kukuricne_korovie,Kukuričné kôrovie a stonky,02 01 03,vedlajsi_produkt,sezonne_jesen,D
45428565,BIOPLYN BIEROVCE s. r. o.,Bratislava - mestská časť Jarovce,Bratislava I,Bratislavský,48.153538,17.109671,Komunálny a gastro bioodpad,Bioplynová stanica,hnojovica_osipane,Hnojovica ošípaných,02 01 06,odpad,celorocne,D
45445176,Hotel Jantár Dudince s.r.o.,Nové Zámky,Nové Zámky,Nitriansky,47.98334,18.166661,Gastro a stravovacie zariadenia,Hotel,gastro_kuchynsky_odpad,Kuchynský odpad z reštaurácií a hotelov,20 01 08,odpad,celorocne,D
45445176,Hotel Jantár Dudince s.r.o.,Nové Zámky,Nové Zámky,Nitriansky,47.98334,18.166661,Gastro a stravovacie zariadenia,Hotel,zvysky_z_taniera,Zvyšky z taniera,20 01 08,odpad,celorocne,D
45445176,Hotel Jantár Dudince s.r.o.,Nové Zámky,Nové Zámky,Nitriansky,47.98334,18.166661,Gastro a stravovacie zariadenia,Hotel,gastro_fritovaci_olej,Použitý fritovací olej z gastroprevádzok,20 01 25,odpad,celorocne,D
45445176,Hotel Jantár Dudince s.r.o.,Nové Zámky,Nové Zámky,Nitriansky,47.98334,18.166661,Gastro a stravovacie zariadenia,Hotel,gastro_kavova_sedlina,Kávová sedlina z gastroprevádzok,20 01 08,odpad,celorocne,D
45445176,Hotel Jantár Dudince s.r.o.,Nové Zámky,Nové Zámky,Nitriansky,47.98334,18.166661,Gastro a stravovacie zariadenia,Hotel,bro_zahrady,Biologicky rozložiteľný odpad zo záhrad,20 02 01,odpad,sezonne_leto,D
45496293,"Reštaurácia NA MLYNE, s.r.o.",Zeleneč,Trnava,Trnavský,48.332228,17.594315,Gastro a stravovacie zariadenia,Reštaurácia,gastro_kuchynsky_odpad,Kuchynský odpad z reštaurácií a hotelov,20 01 08,odpad,celorocne,D
45496293,"Reštaurácia NA MLYNE, s.r.o.",Zeleneč,Trnava,Trnavský,48.332228,17.594315,Gastro a stravovacie zariadenia,Reštaurácia,zvysky_z_taniera,Zvyšky z taniera,20 01 08,odpad,celorocne,D
45496293,"Reštaurácia NA MLYNE, s.r.o.",Zeleneč,Trnava,Trnavský,48.332228,17.594315,Gastro a stravovacie zariadenia,Reštaurácia,gastro_fritovaci_olej,Použitý fritovací olej z gastroprevádzok,20 01 25,odpad,celorocne,D
45496293,"Reštaurácia NA MLYNE, s.r.o.",Zeleneč,Trnava,Trnavský,48.332228,17.594315,Gastro a stravovacie zariadenia,Reštaurácia,gastro_kavova_sedlina,Kávová sedlina z gastroprevádzok,20 01 08,odpad,celorocne,D
45496293,"Reštaurácia NA MLYNE, s.r.o.",Zeleneč,Trnava,Trnavský,48.332228,17.594315,Gastro a stravovacie zariadenia,Reštaurácia,tuky_odlucovace,Tuky z odlučovačov,19 08 09,odpad,celorocne,D
45504377,Farma Kameničany s. r. o.,Kameničany,Ilava,Trenčiansky,48.992,18.171,Komunálny a gastro bioodpad,Bioplynová stanica,digestat,Digestát z bioplynovej stanice,19 06 06,odpad,celorocne,D
45504377,Farma Kameničany s. r. o.,Kameničany,Ilava,Trenčiansky,48.992,18.171,Komunálny a gastro bioodpad,Bioplynová stanica,kukuricne_korovie,Kukuričné kôrovie a stonky,02 01 03,vedlajsi_produkt,sezonne_jesen,D
45504377,Farma Kameničany s. r. o.,Kameničany,Ilava,Trenčiansky,48.992,18.171,Komunálny a gastro bioodpad,Bioplynová stanica,hnojovica_osipane,Hnojovica ošípaných,02 01 06,odpad,celorocne,D
45523797,Cintavý & Pisarčík Vinárstvo s.r.o.,Viničné,Pezinok,Bratislavský,48.269892,17.302281,Potravinárstvo a nápoje,Vinárstvo,hroznove_vylisky,Hroznové výlisky (matolina),02 07 04,vedlajsi_produkt,sezonne_jesen,D
45523797,Cintavý & Pisarčík Vinárstvo s.r.o.,Viničné,Pezinok,Bratislavský,48.269892,17.302281,Potravinárstvo a nápoje,Vinárstvo,vinne_kaly,Vínne kaly,02 07 05,odpad,sezonne_jesen,D
45523797,Cintavý & Pisarčík Vinárstvo s.r.o.,Viničné,Pezinok,Bratislavský,48.269892,17.302281,Potravinárstvo a nápoje,Vinárstvo,hroznove_stopky,Hroznové stopky (strapiny),02 07 01,odpad,sezonne_jesen,D
45554846,"Patrónsky pivovar, s. r. o.",Bratislava,Bratislava I,Bratislavský,48.153538,17.109671,Potravinárstvo a nápoje,Pivovar / minipivovar,pivovarske_mlato,Pivovarské mláto,02 07 01,vedlajsi_produkt,celorocne,D
45554846,"Patrónsky pivovar, s. r. o.",Bratislava,Bratislava I,Bratislavský,48.153538,17.109671,Potravinárstvo a nápoje,Pivovar / minipivovar,pivovarske_kvasnice,Pivovarské kvasnice,02 07 05,vedlajsi_produkt,celorocne,D
45554846,"Patrónsky pivovar, s. r. o.",Bratislava,Bratislava I,Bratislavský,48.153538,17.109671,Potravinárstvo a nápoje,Pivovar / minipivovar,chmelovy_mlat,Chmeľový mlát,02 07 01,odpad,celorocne,D
45554846,"Patrónsky pivovar, s. r. o.",Bratislava,Bratislava I,Bratislavský,48.153538,17.109671,Potravinárstvo a nápoje,Pivovar / minipivovar,kremelinovy_kal,Kremelinový kal z filtrácie,02 07 05,odpad,celorocne,D
45579636,"Píla RÚFUS, s.r.o.",Poproč,Košice - okolie,Košický,48.711448,20.976843,"Drevo, lesníctvo a ostatné",Píla a drevospracovanie,piliny,Piliny a hobliny,03 01 05,vedlajsi_produkt,celorocne,D
45579636,"Píla RÚFUS, s.r.o.",Poproč,Košice - okolie,Košický,48.711448,20.976843,"Drevo, lesníctvo a ostatné",Píla a drevospracovanie,kora,Odpadová kôra,03 01 01,vedlajsi_produkt,celorocne,D
45579636,"Píla RÚFUS, s.r.o.",Poproč,Košice - okolie,Košický,48.711448,20.976843,"Drevo, lesníctvo a ostatné",Píla a drevospracovanie,odrezky_dreva,Odrezky a drevný odpad,03 01 05,vedlajsi_produkt,celorocne,D
45594929,Nemocnica AGEL Zvolen a.s.,Zvolen,Zvolen,Banskobystrický,48.576512,19.128476,Gastro a stravovacie zariadenia,Nemocnica,nemocnicny_kuchynsky_odpad,Kuchynský odpad zo zdravotníckych a sociálnych zariadení,20 01 08,odpad,celorocne,D
45594929,Nemocnica AGEL Zvolen a.s.,Zvolen,Zvolen,Banskobystrický,48.576512,19.128476,Gastro a stravovacie zariadenia,Nemocnica,zvysky_z_taniera,Zvyšky z taniera,20 01 08,odpad,celorocne,D
45594929,Nemocnica AGEL Zvolen a.s.,Zvolen,Zvolen,Banskobystrický,48.576512,19.128476,Gastro a stravovacie zariadenia,Nemocnica,gastro_fritovaci_olej,Použitý fritovací olej z gastroprevádzok,20 01 25,odpad,celorocne,D
45596824,Rybárova farma s.r.o.,Šurany,Nové Zámky,Nitriansky,48.086106,18.186834,"Drevo, lesníctvo a ostatné",Rybárstvo a akvakultúra,rybie_zvysky,"Rybie hlavy, vnútornosti a kosti",02 02 03,vedlajsi_produkt,celorocne,D
45596824,Rybárova farma s.r.o.,Šurany,Nové Zámky,Nitriansky,48.086106,18.186834,"Drevo, lesníctvo a ostatné",Rybárstvo a akvakultúra,kal_akvakultura,Kal z akvakultúry,02 01 01,odpad,celorocne,D
45623911,HOTEL SANUS s. r. o.,Bratislava - mestská časť Staré Mesto,Bratislava I,Bratislavský,48.140553,17.112478,Gastro a stravovacie zariadenia,Hotel,gastro_kuchynsky_odpad,Kuchynský odpad z reštaurácií a hotelov,20 01 08,odpad,celorocne,D
45623911,HOTEL SANUS s. r. o.,Bratislava - mestská časť Staré Mesto,Bratislava I,Bratislavský,48.140553,17.112478,Gastro a stravovacie zariadenia,Hotel,zvysky_z_taniera,Zvyšky z taniera,20 01 08,odpad,celorocne,D
45623911,HOTEL SANUS s. r. o.,Bratislava - mestská časť Staré Mesto,Bratislava I,Bratislavský,48.140553,17.112478,Gastro a stravovacie zariadenia,Hotel,gastro_fritovaci_olej,Použitý fritovací olej z gastroprevádzok,20 01 25,odpad,celorocne,D
45623911,HOTEL SANUS s. r. o.,Bratislava - mestská časť Staré Mesto,Bratislava I,Bratislavský,48.140553,17.112478,Gastro a stravovacie zariadenia,Hotel,gastro_kavova_sedlina,Kávová sedlina z gastroprevádzok,20 01 08,odpad,celorocne,D
45623911,HOTEL SANUS s. r. o.,Bratislava - mestská časť Staré Mesto,Bratislava I,Bratislavský,48.140553,17.112478,Gastro a stravovacie zariadenia,Hotel,bro_zahrady,Biologicky rozložiteľný odpad zo záhrad,20 02 01,odpad,sezonne_leto,D
45652198,"Bioplyn Rozhanovce, s.r.o.",Rozhanovce,Košice - okolie,Košický,48.750798,21.344284,Komunálny a gastro bioodpad,Bioplynová stanica,digestat,Digestát z bioplynovej stanice,19 06 06,odpad,celorocne,D
45652198,"Bioplyn Rozhanovce, s.r.o.",Rozhanovce,Košice - okolie,Košický,48.750798,21.344284,Komunálny a gastro bioodpad,Bioplynová stanica,kukuricne_korovie,Kukuričné kôrovie a stonky,02 01 03,vedlajsi_produkt,sezonne_jesen,D
45652198,"Bioplyn Rozhanovce, s.r.o.",Rozhanovce,Košice - okolie,Košický,48.750798,21.344284,Komunálny a gastro bioodpad,Bioplynová stanica,hnojovica_osipane,Hnojovica ošípaných,02 01 06,odpad,celorocne,D
45689300,AB MÄSO s.r.o.,Nové Zámky,Nové Zámky,Nitriansky,47.98334,18.166661,Potravinárstvo a nápoje,Mäsospracovanie,kostny_zvysok,Kosti a kostné zvyšky,02 02 02,vedlajsi_produkt,celorocne,D
45689300,AB MÄSO s.r.o.,Nové Zámky,Nové Zámky,Nitriansky,47.98334,18.166661,Potravinárstvo a nápoje,Mäsospracovanie,kozne_odrezky,Kožné odrezky a podkožný tuk,02 02 02,odpad,celorocne,D
45689300,AB MÄSO s.r.o.,Nové Zámky,Nové Zámky,Nitriansky,47.98334,18.166661,Potravinárstvo a nápoje,Mäsospracovanie,masovy_flotacny_kal,Flotačný kal z mäsospracovania,02 02 04,odpad,celorocne,D
45689300,AB MÄSO s.r.o.,Nové Zámky,Nové Zámky,Nitriansky,47.98334,18.166661,Potravinárstvo a nápoje,Mäsospracovanie,zvp_kat3,Živočíšne vedľajšie produkty kategórie 3,02 02 02,vedlajsi_produkt,celorocne,D
45689300,AB MÄSO s.r.o.,Nové Zámky,Nové Zámky,Nitriansky,47.98334,18.166661,Potravinárstvo a nápoje,Mäsospracovanie,technicky_zivocisny_tuk,Technický živočíšny tuk,02 02 03,vedlajsi_produkt,celorocne,D
45689300,AB MÄSO s.r.o.,Nové Zámky,Nové Zámky,Nitriansky,47.98334,18.166661,Potravinárstvo a nápoje,Mäsospracovanie,masokostna_mucka,Mäsokostná múčka,02 02 02,odpad,celorocne,D
45724776,"BITÚNOK VESTENICE, s.r.o.",Bratislava,Bratislava I,Bratislavský,48.153538,17.109671,Potravinárstvo a nápoje,Bitúnok,bachorovy_obsah,Obsah bachora a tráviaceho traktu,02 02 04,odpad,celorocne,D
45724776,"BITÚNOK VESTENICE, s.r.o.",Bratislava,Bratislava I,Bratislavský,48.153538,17.109671,Potravinárstvo a nápoje,Bitúnok,krv_bitunok,Krv z bitúnku,02 02 03,vedlajsi_produkt,celorocne,D
45724776,"BITÚNOK VESTENICE, s.r.o.",Bratislava,Bratislava I,Bratislavský,48.153538,17.109671,Potravinárstvo a nápoje,Bitúnok,kostny_zvysok,Kosti a kostné zvyšky,02 02 02,vedlajsi_produkt,celorocne,D
45724776,"BITÚNOK VESTENICE, s.r.o.",Bratislava,Bratislava I,Bratislavský,48.153538,17.109671,Potravinárstvo a nápoje,Bitúnok,kozne_odrezky,Kožné odrezky a podkožný tuk,02 02 02,odpad,celorocne,D
45724776,"BITÚNOK VESTENICE, s.r.o.",Bratislava,Bratislava I,Bratislavský,48.153538,17.109671,Potravinárstvo a nápoje,Bitúnok,masovy_flotacny_kal,Flotačný kal z mäsospracovania,02 02 04,odpad,celorocne,D
45724776,"BITÚNOK VESTENICE, s.r.o.",Bratislava,Bratislava I,Bratislavský,48.153538,17.109671,Potravinárstvo a nápoje,Bitúnok,zvp_kat3,Živočíšne vedľajšie produkty kategórie 3,02 02 02,vedlajsi_produkt,celorocne,D
45724776,"BITÚNOK VESTENICE, s.r.o.",Bratislava,Bratislava I,Bratislavský,48.153538,17.109671,Potravinárstvo a nápoje,Bitúnok,zvp_kat2,Živočíšne vedľajšie produkty kategórie 2,02 02 02,odpad,celorocne,D
45724776,"BITÚNOK VESTENICE, s.r.o.",Bratislava,Bratislava I,Bratislavský,48.153538,17.109671,Potravinárstvo a nápoje,Bitúnok,zvp_kat1,Živočíšne vedľajšie produkty kategórie 1,02 01 02,odpad,celorocne,D
45724776,"BITÚNOK VESTENICE, s.r.o.",Bratislava,Bratislava I,Bratislavský,48.153538,17.109671,Potravinárstvo a nápoje,Bitúnok,technicky_zivocisny_tuk,Technický živočíšny tuk,02 02 03,vedlajsi_produkt,celorocne,D
45736774,"Centrum sociálnych služieb – Riviéra, n. o.",Udiča,Považská Bystrica,Trenčiansky,49.167563,18.40107,Gastro a stravovacie zariadenia,Zariadenie sociálnych služieb,nemocnicny_kuchynsky_odpad,Kuchynský odpad zo zdravotníckych a sociálnych zariadení,20 01 08,odpad,celorocne,D
45736774,"Centrum sociálnych služieb – Riviéra, n. o.",Udiča,Považská Bystrica,Trenčiansky,49.167563,18.40107,Gastro a stravovacie zariadenia,Zariadenie sociálnych služieb,zvysky_z_taniera,Zvyšky z taniera,20 01 08,odpad,celorocne,D
45736774,"Centrum sociálnych služieb – Riviéra, n. o.",Udiča,Považská Bystrica,Trenčiansky,49.167563,18.40107,Gastro a stravovacie zariadenia,Zariadenie sociálnych služieb,bro_zahrady,Biologicky rozložiteľný odpad zo záhrad,20 02 01,odpad,sezonne_leto,D
45737967,Nemocnica s poliklinikou n.o. Kráľovský Chlmec,Kráľovský Chlmec,Trebišov,Košický,48.416667,21.983333,Gastro a stravovacie zariadenia,Nemocnica,nemocnicny_kuchynsky_odpad,Kuchynský odpad zo zdravotníckych a sociálnych zariadení,20 01 08,odpad,celorocne,D
45737967,Nemocnica s poliklinikou n.o. Kráľovský Chlmec,Kráľovský Chlmec,Trebišov,Košický,48.416667,21.983333,Gastro a stravovacie zariadenia,Nemocnica,zvysky_z_taniera,Zvyšky z taniera,20 01 08,odpad,celorocne,D
45737967,Nemocnica s poliklinikou n.o. Kráľovský Chlmec,Kráľovský Chlmec,Trebišov,Košický,48.416667,21.983333,Gastro a stravovacie zariadenia,Nemocnica,gastro_fritovaci_olej,Použitý fritovací olej z gastroprevádzok,20 01 25,odpad,celorocne,D
45738319,Zariadenie pre seniorov Komfort n.o.,Topoľčany,Topoľčany,Nitriansky,48.559116,18.176052,Gastro a stravovacie zariadenia,Zariadenie sociálnych služieb,nemocnicny_kuchynsky_odpad,Kuchynský odpad zo zdravotníckych a sociálnych zariadení,20 01 08,odpad,celorocne,D
45738319,Zariadenie pre seniorov Komfort n.o.,Topoľčany,Topoľčany,Nitriansky,48.559116,18.176052,Gastro a stravovacie zariadenia,Zariadenie sociálnych služieb,zvysky_z_taniera,Zvyšky z taniera,20 01 08,odpad,celorocne,D
45738319,Zariadenie pre seniorov Komfort n.o.,Topoľčany,Topoľčany,Nitriansky,48.559116,18.176052,Gastro a stravovacie zariadenia,Zariadenie sociálnych služieb,bro_zahrady,Biologicky rozložiteľný odpad zo záhrad,20 02 01,odpad,sezonne_leto,D
45740020,"Nemocnica s poliklinikou Trebišov, n.o.",Trebišov,Trebišov,Košický,48.628622,21.720171,Gastro a stravovacie zariadenia,Nemocnica,nemocnicny_kuchynsky_odpad,Kuchynský odpad zo zdravotníckych a sociálnych zariadení,20 01 08,odpad,celorocne,D
45740020,"Nemocnica s poliklinikou Trebišov, n.o.",Trebišov,Trebišov,Košický,48.628622,21.720171,Gastro a stravovacie zariadenia,Nemocnica,zvysky_z_taniera,Zvyšky z taniera,20 01 08,odpad,celorocne,D
45740020,"Nemocnica s poliklinikou Trebišov, n.o.",Trebišov,Trebišov,Košický,48.628622,21.720171,Gastro a stravovacie zariadenia,Nemocnica,gastro_fritovaci_olej,Použitý fritovací olej z gastroprevádzok,20 01 25,odpad,celorocne,D
45740071,Centrum sociálnych služieb - MARGARÉTA n.o.,Bajč,Komárno,Nitriansky,47.923548,18.20814,Gastro a stravovacie zariadenia,Zariadenie sociálnych služieb,nemocnicny_kuchynsky_odpad,Kuchynský odpad zo zdravotníckych a sociálnych zariadení,20 01 08,odpad,celorocne,D
45740071,Centrum sociálnych služieb - MARGARÉTA n.o.,Bajč,Komárno,Nitriansky,47.923548,18.20814,Gastro a stravovacie zariadenia,Zariadenie sociálnych služieb,zvysky_z_taniera,Zvyšky z taniera,20 01 08,odpad,celorocne,D
45740071,Centrum sociálnych služieb - MARGARÉTA n.o.,Bajč,Komárno,Nitriansky,47.923548,18.20814,Gastro a stravovacie zariadenia,Zariadenie sociálnych služieb,bro_zahrady,Biologicky rozložiteľný odpad zo záhrad,20 02 01,odpad,sezonne_leto,D
45741638,"Špecializované centrum sociálnych služieb Stropkov, n.o.",Stropkov,Stropkov,Prešovský,49.202387,21.651153,Gastro a stravovacie zariadenia,Zariadenie sociálnych služieb,nemocnicny_kuchynsky_odpad,Kuchynský odpad zo zdravotníckych a sociálnych zariadení,20 01 08,odpad,celorocne,D
45741638,"Špecializované centrum sociálnych služieb Stropkov, n.o.",Stropkov,Stropkov,Prešovský,49.202387,21.651153,Gastro a stravovacie zariadenia,Zariadenie sociálnych služieb,zvysky_z_taniera,Zvyšky z taniera,20 01 08,odpad,celorocne,D
45741638,"Špecializované centrum sociálnych služieb Stropkov, n.o.",Stropkov,Stropkov,Prešovský,49.202387,21.651153,Gastro a stravovacie zariadenia,Zariadenie sociálnych služieb,bro_zahrady,Biologicky rozložiteľný odpad zo záhrad,20 02 01,odpad,sezonne_leto,D
45743118,"Centrum sociálnych služieb Spišský Štvrtok, n.o.",Spišský Štvrtok,Levoča,Prešovský,49.0,20.466667,Gastro a stravovacie zariadenia,Zariadenie sociálnych služieb,nemocnicny_kuchynsky_odpad,Kuchynský odpad zo zdravotníckych a sociálnych zariadení,20 01 08,odpad,celorocne,D
45743118,"Centrum sociálnych služieb Spišský Štvrtok, n.o.",Spišský Štvrtok,Levoča,Prešovský,49.0,20.466667,Gastro a stravovacie zariadenia,Zariadenie sociálnych služieb,zvysky_z_taniera,Zvyšky z taniera,20 01 08,odpad,celorocne,D
45743118,"Centrum sociálnych služieb Spišský Štvrtok, n.o.",Spišský Štvrtok,Levoča,Prešovský,49.0,20.466667,Gastro a stravovacie zariadenia,Zariadenie sociálnych služieb,bro_zahrady,Biologicky rozložiteľný odpad zo záhrad,20 02 01,odpad,sezonne_leto,D
45744114,"Lekno - Centrum sociálnych služieb, n.o.",Zlatá Baňa,Prešov,Prešovský,48.95,21.433333,Gastro a stravovacie zariadenia,Zariadenie sociálnych služieb,nemocnicny_kuchynsky_odpad,Kuchynský odpad zo zdravotníckych a sociálnych zariadení,20 01 08,odpad,celorocne,D
45744114,"Lekno - Centrum sociálnych služieb, n.o.",Zlatá Baňa,Prešov,Prešovský,48.95,21.433333,Gastro a stravovacie zariadenia,Zariadenie sociálnych služieb,zvysky_z_taniera,Zvyšky z taniera,20 01 08,odpad,celorocne,D
45744114,"Lekno - Centrum sociálnych služieb, n.o.",Zlatá Baňa,Prešov,Prešovský,48.95,21.433333,Gastro a stravovacie zariadenia,Zariadenie sociálnych služieb,bro_zahrady,Biologicky rozložiteľný odpad zo záhrad,20 02 01,odpad,sezonne_leto,D
45744211,"Centrum SENIOR, n. o.",Trnava,Trnava,Trnavský,48.37729,17.586718,Gastro a stravovacie zariadenia,Zariadenie sociálnych služieb,nemocnicny_kuchynsky_odpad,Kuchynský odpad zo zdravotníckych a sociálnych zariadení,20 01 08,odpad,celorocne,D
45744211,"Centrum SENIOR, n. o.",Trnava,Trnava,Trnavský,48.37729,17.586718,Gastro a stravovacie zariadenia,Zariadenie sociálnych služieb,zvysky_z_taniera,Zvyšky z taniera,20 01 08,odpad,celorocne,D
45744211,"Centrum SENIOR, n. o.",Trnava,Trnava,Trnavský,48.37729,17.586718,Gastro a stravovacie zariadenia,Zariadenie sociálnych služieb,bro_zahrady,Biologicky rozložiteľný odpad zo záhrad,20 02 01,odpad,sezonne_leto,D
45747458,"Rozmarín, n.o.",Moča,Komárno,Nitriansky,47.760018,18.405095,Gastro a stravovacie zariadenia,Zariadenie sociálnych služieb,nemocnicny_kuchynsky_odpad,Kuchynský odpad zo zdravotníckych a sociálnych zariadení,20 01 08,odpad,celorocne,D
45747458,"Rozmarín, n.o.",Moča,Komárno,Nitriansky,47.760018,18.405095,Gastro a stravovacie zariadenia,Zariadenie sociálnych služieb,zvysky_z_taniera,Zvyšky z taniera,20 01 08,odpad,celorocne,D
45747458,"Rozmarín, n.o.",Moča,Komárno,Nitriansky,47.760018,18.405095,Gastro a stravovacie zariadenia,Zariadenie sociálnych služieb,bro_zahrady,Biologicky rozložiteľný odpad zo záhrad,20 02 01,odpad,sezonne_leto,D
45791775,Centrum sociálnych služieb Balog Mikuláš Č.N.T.,Čierna nad Tisou,Trebišov,Košický,48.433335,22.100003,Gastro a stravovacie zariadenia,Zariadenie sociálnych služieb,nemocnicny_kuchynsky_odpad,Kuchynský odpad zo zdravotníckych a sociálnych zariadení,20 01 08,odpad,celorocne,D
45791775,Centrum sociálnych služieb Balog Mikuláš Č.N.T.,Čierna nad Tisou,Trebišov,Košický,48.433335,22.100003,Gastro a stravovacie zariadenia,Zariadenie sociálnych služieb,zvysky_z_taniera,Zvyšky z taniera,20 01 08,odpad,celorocne,D
45791775,Centrum sociálnych služieb Balog Mikuláš Č.N.T.,Čierna nad Tisou,Trebišov,Košický,48.433335,22.100003,Gastro a stravovacie zariadenia,Zariadenie sociálnych služieb,bro_zahrady,Biologicky rozložiteľný odpad zo záhrad,20 02 01,odpad,sezonne_leto,D
45848777,"ALEXANDRA ŠPORT HOTEL, s. r. o.",Púchov,Púchov,Trenčiansky,49.123992,18.324242,Gastro a stravovacie zariadenia,Hotel,gastro_kuchynsky_odpad,Kuchynský odpad z reštaurácií a hotelov,20 01 08,odpad,celorocne,D
45848777,"ALEXANDRA ŠPORT HOTEL, s. r. o.",Púchov,Púchov,Trenčiansky,49.123992,18.324242,Gastro a stravovacie zariadenia,Hotel,zvysky_z_taniera,Zvyšky z taniera,20 01 08,odpad,celorocne,D
45848777,"ALEXANDRA ŠPORT HOTEL, s. r. o.",Púchov,Púchov,Trenčiansky,49.123992,18.324242,Gastro a stravovacie zariadenia,Hotel,gastro_fritovaci_olej,Použitý fritovací olej z gastroprevádzok,20 01 25,odpad,celorocne,D
45848777,"ALEXANDRA ŠPORT HOTEL, s. r. o.",Púchov,Púchov,Trenčiansky,49.123992,18.324242,Gastro a stravovacie zariadenia,Hotel,gastro_kavova_sedlina,Kávová sedlina z gastroprevádzok,20 01 08,odpad,celorocne,D
45848777,"ALEXANDRA ŠPORT HOTEL, s. r. o.",Púchov,Púchov,Trenčiansky,49.123992,18.324242,Gastro a stravovacie zariadenia,Hotel,bro_zahrady,Biologicky rozložiteľný odpad zo záhrad,20 02 01,odpad,sezonne_leto,D
45854891,"Slobodné vinárstvo, s.r.o.",Zemianske Sady,Galanta,Trnavský,48.164293,17.710276,Potravinárstvo a nápoje,Vinárstvo,hroznove_vylisky,Hroznové výlisky (matolina),02 07 04,vedlajsi_produkt,sezonne_jesen,D
45854891,"Slobodné vinárstvo, s.r.o.",Zemianske Sady,Galanta,Trnavský,48.164293,17.710276,Potravinárstvo a nápoje,Vinárstvo,vinne_kaly,Vínne kaly,02 07 05,odpad,sezonne_jesen,D
45854891,"Slobodné vinárstvo, s.r.o.",Zemianske Sady,Galanta,Trnavský,48.164293,17.710276,Potravinárstvo a nápoje,Vinárstvo,hroznove_stopky,Hroznové stopky (strapiny),02 07 01,odpad,sezonne_jesen,D
45858161,Hotel Piešťany s.r.o.,Nemčice,Topoľčany,Nitriansky,48.552617,18.124239,Gastro a stravovacie zariadenia,Hotel,gastro_kuchynsky_odpad,Kuchynský odpad z reštaurácií a hotelov,20 01 08,odpad,celorocne,D
45858161,Hotel Piešťany s.r.o.,Nemčice,Topoľčany,Nitriansky,48.552617,18.124239,Gastro a stravovacie zariadenia,Hotel,zvysky_z_taniera,Zvyšky z taniera,20 01 08,odpad,celorocne,D
45858161,Hotel Piešťany s.r.o.,Nemčice,Topoľčany,Nitriansky,48.552617,18.124239,Gastro a stravovacie zariadenia,Hotel,gastro_fritovaci_olej,Použitý fritovací olej z gastroprevádzok,20 01 25,odpad,celorocne,D
45858161,Hotel Piešťany s.r.o.,Nemčice,Topoľčany,Nitriansky,48.552617,18.124239,Gastro a stravovacie zariadenia,Hotel,gastro_kavova_sedlina,Kávová sedlina z gastroprevádzok,20 01 08,odpad,celorocne,D
45858161,Hotel Piešťany s.r.o.,Nemčice,Topoľčany,Nitriansky,48.552617,18.124239,Gastro a stravovacie zariadenia,Hotel,bro_zahrady,Biologicky rozložiteľný odpad zo záhrad,20 02 01,odpad,sezonne_leto,D
45881278,"AGRO - MEDVECKÉ, s.r.o.",Plavé Vozokany,Levice,Nitriansky,48.072466,18.467408,Poľnohospodárstvo a chov,Poľnohospodársky podnik,slama_obilna,Obilná slama,02 01 03,vedlajsi_produkt,sezonne_leto,D
45881278,"AGRO - MEDVECKÉ, s.r.o.",Plavé Vozokany,Levice,Nitriansky,48.072466,18.467408,Poľnohospodárstvo a chov,Poľnohospodársky podnik,kukuricne_korovie,Kukuričné kôrovie a stonky,02 01 03,vedlajsi_produkt,sezonne_jesen,D
45881278,"AGRO - MEDVECKÉ, s.r.o.",Plavé Vozokany,Levice,Nitriansky,48.072466,18.467408,Poľnohospodárstvo a chov,Poľnohospodársky podnik,repkova_slama,Repková slama,02 01 03,vedlajsi_produkt,sezonne_leto,D
45881278,"AGRO - MEDVECKÉ, s.r.o.",Plavé Vozokany,Levice,Nitriansky,48.072466,18.467408,Poľnohospodárstvo a chov,Poľnohospodársky podnik,odpad_cistenie_zrna,Odpad z čistenia a sušenia obilia,02 01 03,vedlajsi_produkt,sezonne_leto,D
45881278,"AGRO - MEDVECKÉ, s.r.o.",Plavé Vozokany,Levice,Nitriansky,48.072466,18.467408,Poľnohospodárstvo a chov,Poľnohospodársky podnik,travna_hmota_ttp,Trávna hmota z lúk a TTP,02 01 03,vedlajsi_produkt,sezonne_leto,D
45896453,Kasnyik rodinné vinárstvo s.r.o.,Strekov,Nové Zámky,Nitriansky,47.9,18.416667,Potravinárstvo a nápoje,Vinárstvo,hroznove_vylisky,Hroznové výlisky (matolina),02 07 04,vedlajsi_produkt,sezonne_jesen,D
45896453,Kasnyik rodinné vinárstvo s.r.o.,Strekov,Nové Zámky,Nitriansky,47.9,18.416667,Potravinárstvo a nápoje,Vinárstvo,vinne_kaly,Vínne kaly,02 07 05,odpad,sezonne_jesen,D
45896453,Kasnyik rodinné vinárstvo s.r.o.,Strekov,Nové Zámky,Nitriansky,47.9,18.416667,Potravinárstvo a nápoje,Vinárstvo,hroznove_stopky,Hroznové stopky (strapiny),02 07 01,odpad,sezonne_jesen,D
45904243,Reštaurácia SLOVAKIA s.r.o.,Humenné,Humenné,Prešovský,48.934603,21.90314,Gastro a stravovacie zariadenia,Reštaurácia,gastro_kuchynsky_odpad,Kuchynský odpad z reštaurácií a hotelov,20 01 08,odpad,celorocne,D
45904243,Reštaurácia SLOVAKIA s.r.o.,Humenné,Humenné,Prešovský,48.934603,21.90314,Gastro a stravovacie zariadenia,Reštaurácia,zvysky_z_taniera,Zvyšky z taniera,20 01 08,odpad,celorocne,D
45904243,Reštaurácia SLOVAKIA s.r.o.,Humenné,Humenné,Prešovský,48.934603,21.90314,Gastro a stravovacie zariadenia,Reštaurácia,gastro_fritovaci_olej,Použitý fritovací olej z gastroprevádzok,20 01 25,odpad,celorocne,D
45904243,Reštaurácia SLOVAKIA s.r.o.,Humenné,Humenné,Prešovský,48.934603,21.90314,Gastro a stravovacie zariadenia,Reštaurácia,gastro_kavova_sedlina,Kávová sedlina z gastroprevádzok,20 01 08,odpad,celorocne,D
45904243,Reštaurácia SLOVAKIA s.r.o.,Humenné,Humenné,Prešovský,48.934603,21.90314,Gastro a stravovacie zariadenia,Reštaurácia,tuky_odlucovace,Tuky z odlučovačov,19 08 09,odpad,celorocne,D
45906688,SESSEL FARMA s. r. o.,Nové Mesto nad Váhom,Nové Mesto nad Váhom,Trenčiansky,48.763325,17.830386,Poľnohospodárstvo a chov,Živočíšna farma,hnoj_hovadzi,Maštaľný hnoj hovädzí,02 01 06,odpad,celorocne,D
45906688,SESSEL FARMA s. r. o.,Nové Mesto nad Váhom,Nové Mesto nad Váhom,Trenčiansky,48.763325,17.830386,Poľnohospodárstvo a chov,Živočíšna farma,hnojovica_osipane,Hnojovica ošípaných,02 01 06,odpad,celorocne,D
45906688,SESSEL FARMA s. r. o.,Nové Mesto nad Váhom,Nové Mesto nad Váhom,Trenčiansky,48.763325,17.830386,Poľnohospodárstvo a chov,Živočíšna farma,ovciarsky_hnoj,Ovčí a kozí hnoj,02 01 06,odpad,celorocne,D
45906688,SESSEL FARMA s. r. o.,Nové Mesto nad Váhom,Nové Mesto nad Váhom,Trenčiansky,48.763325,17.830386,Poľnohospodárstvo a chov,Živočíšna farma,travna_hmota_ttp,Trávna hmota z lúk a TTP,02 01 03,vedlajsi_produkt,sezonne_leto,D
45906688,SESSEL FARMA s. r. o.,Nové Mesto nad Váhom,Nové Mesto nad Váhom,Trenčiansky,48.763325,17.830386,Poľnohospodárstvo a chov,Živočíšna farma,kadavery,Uhynuté zvieratá (kadávery),02 01 02,odpad,celorocne,D
45940151,"Reštaurácia DAMI, s. r. o.",Piešťany,Piešťany,Trnavský,48.589897,17.821604,Gastro a stravovacie zariadenia,Reštaurácia,gastro_kuchynsky_odpad,Kuchynský odpad z reštaurácií a hotelov,20 01 08,odpad,celorocne,D
45940151,"Reštaurácia DAMI, s. r. o.",Piešťany,Piešťany,Trnavský,48.589897,17.821604,Gastro a stravovacie zariadenia,Reštaurácia,zvysky_z_taniera,Zvyšky z taniera,20 01 08,odpad,celorocne,D
45940151,"Reštaurácia DAMI, s. r. o.",Piešťany,Piešťany,Trnavský,48.589897,17.821604,Gastro a stravovacie zariadenia,Reštaurácia,gastro_fritovaci_olej,Použitý fritovací olej z gastroprevádzok,20 01 25,odpad,celorocne,D
45940151,"Reštaurácia DAMI, s. r. o.",Piešťany,Piešťany,Trnavský,48.589897,17.821604,Gastro a stravovacie zariadenia,Reštaurácia,gastro_kavova_sedlina,Kávová sedlina z gastroprevádzok,20 01 08,odpad,celorocne,D
45940151,"Reštaurácia DAMI, s. r. o.",Piešťany,Piešťany,Trnavský,48.589897,17.821604,Gastro a stravovacie zariadenia,Reštaurácia,tuky_odlucovace,Tuky z odlučovačov,19 08 09,odpad,celorocne,D
45941700,I. Bioplynová elektráreň s.r.o.,Demandice,Levice,Nitriansky,48.12704,18.782,Komunálny a gastro bioodpad,Bioplynová stanica,digestat,Digestát z bioplynovej stanice,19 06 06,odpad,celorocne,D
45941700,I. Bioplynová elektráreň s.r.o.,Demandice,Levice,Nitriansky,48.12704,18.782,Komunálny a gastro bioodpad,Bioplynová stanica,kukuricne_korovie,Kukuričné kôrovie a stonky,02 01 03,vedlajsi_produkt,sezonne_jesen,D
45941700,I. Bioplynová elektráreň s.r.o.,Demandice,Levice,Nitriansky,48.12704,18.782,Komunálny a gastro bioodpad,Bioplynová stanica,hnojovica_osipane,Hnojovica ošípaných,02 01 06,odpad,celorocne,D
45955182,Jedáleň s.r.o.,Malý Krtíš,Veľký Krtíš,Banskobystrický,48.189639,19.35296,Gastro a stravovacie zariadenia,Závodná a verejná jedáleň,gastro_kuchynsky_odpad,Kuchynský odpad z reštaurácií a hotelov,20 01 08,odpad,celorocne,D
45955182,Jedáleň s.r.o.,Malý Krtíš,Veľký Krtíš,Banskobystrický,48.189639,19.35296,Gastro a stravovacie zariadenia,Závodná a verejná jedáleň,zvysky_z_taniera,Zvyšky z taniera,20 01 08,odpad,celorocne,D
45955182,Jedáleň s.r.o.,Malý Krtíš,Veľký Krtíš,Banskobystrický,48.189639,19.35296,Gastro a stravovacie zariadenia,Závodná a verejná jedáleň,gastro_fritovaci_olej,Použitý fritovací olej z gastroprevádzok,20 01 25,odpad,celorocne,D
45955182,Jedáleň s.r.o.,Malý Krtíš,Veľký Krtíš,Banskobystrický,48.189639,19.35296,Gastro a stravovacie zariadenia,Závodná a verejná jedáleň,tuky_odlucovace,Tuky z odlučovačov,19 08 09,odpad,celorocne,D
45981353,Ing. Július Beke - MÄSO-ÚDENINY,Komárno,Komárno,Nitriansky,47.757388,18.129917,Potravinárstvo a nápoje,Mäsospracovanie,kostny_zvysok,Kosti a kostné zvyšky,02 02 02,vedlajsi_produkt,celorocne,D
45981353,Ing. Július Beke - MÄSO-ÚDENINY,Komárno,Komárno,Nitriansky,47.757388,18.129917,Potravinárstvo a nápoje,Mäsospracovanie,kozne_odrezky,Kožné odrezky a podkožný tuk,02 02 02,odpad,celorocne,D
45981353,Ing. Július Beke - MÄSO-ÚDENINY,Komárno,Komárno,Nitriansky,47.757388,18.129917,Potravinárstvo a nápoje,Mäsospracovanie,masovy_flotacny_kal,Flotačný kal z mäsospracovania,02 02 04,odpad,celorocne,D
45981353,Ing. Július Beke - MÄSO-ÚDENINY,Komárno,Komárno,Nitriansky,47.757388,18.129917,Potravinárstvo a nápoje,Mäsospracovanie,zvp_kat3,Živočíšne vedľajšie produkty kategórie 3,02 02 02,vedlajsi_produkt,celorocne,D
45981353,Ing. Július Beke - MÄSO-ÚDENINY,Komárno,Komárno,Nitriansky,47.757388,18.129917,Potravinárstvo a nápoje,Mäsospracovanie,technicky_zivocisny_tuk,Technický živočíšny tuk,02 02 03,vedlajsi_produkt,celorocne,D
45981353,Ing. Július Beke - MÄSO-ÚDENINY,Komárno,Komárno,Nitriansky,47.757388,18.129917,Potravinárstvo a nápoje,Mäsospracovanie,masokostna_mucka,Mäsokostná múčka,02 02 02,odpad,celorocne,D
45992240,"Stará Pekáreň, s.r.o.",Nitra,Nitra,Nitriansky,48.31257,18.09061,Potravinárstvo a nápoje,Pekáreň,pekarenske_zvysky,Pekárenské zvyšky,02 06 01,vedlajsi_produkt,celorocne,D
45992240,"Stará Pekáreň, s.r.o.",Nitra,Nitra,Nitriansky,48.31257,18.09061,Potravinárstvo a nápoje,Pekáreň,cestovinove_zvysky,Cestovinové a múčne zvyšky,02 06 01,vedlajsi_produkt,celorocne,D
45999848,"Svidnícka nemocnica s poliklinikou Dr. Jozefa Žáka, s.r.o.",Svidník,Svidník,Prešovský,49.308408,21.573643,Gastro a stravovacie zariadenia,Nemocnica,nemocnicny_kuchynsky_odpad,Kuchynský odpad zo zdravotníckych a sociálnych zariadení,20 01 08,odpad,celorocne,D
45999848,"Svidnícka nemocnica s poliklinikou Dr. Jozefa Žáka, s.r.o.",Svidník,Svidník,Prešovský,49.308408,21.573643,Gastro a stravovacie zariadenia,Nemocnica,zvysky_z_taniera,Zvyšky z taniera,20 01 08,odpad,celorocne,D
45999848,"Svidnícka nemocnica s poliklinikou Dr. Jozefa Žáka, s.r.o.",Svidník,Svidník,Prešovský,49.308408,21.573643,Gastro a stravovacie zariadenia,Nemocnica,gastro_fritovaci_olej,Použitý fritovací olej z gastroprevádzok,20 01 25,odpad,celorocne,D
46035851,"A.I.FARMA, s.r.o.",Trnovec nad Váhom,Šaľa,Nitriansky,48.151216,17.926194,Poľnohospodárstvo a chov,Živočíšna farma,hnoj_hovadzi,Maštaľný hnoj hovädzí,02 01 06,odpad,celorocne,D
46035851,"A.I.FARMA, s.r.o.",Trnovec nad Váhom,Šaľa,Nitriansky,48.151216,17.926194,Poľnohospodárstvo a chov,Živočíšna farma,hnojovica_osipane,Hnojovica ošípaných,02 01 06,odpad,celorocne,D
46035851,"A.I.FARMA, s.r.o.",Trnovec nad Váhom,Šaľa,Nitriansky,48.151216,17.926194,Poľnohospodárstvo a chov,Živočíšna farma,ovciarsky_hnoj,Ovčí a kozí hnoj,02 01 06,odpad,celorocne,D
46035851,"A.I.FARMA, s.r.o.",Trnovec nad Váhom,Šaľa,Nitriansky,48.151216,17.926194,Poľnohospodárstvo a chov,Živočíšna farma,travna_hmota_ttp,Trávna hmota z lúk a TTP,02 01 03,vedlajsi_produkt,sezonne_leto,D
46035851,"A.I.FARMA, s.r.o.",Trnovec nad Váhom,Šaľa,Nitriansky,48.151216,17.926194,Poľnohospodárstvo a chov,Živočíšna farma,kadavery,Uhynuté zvieratá (kadávery),02 01 02,odpad,celorocne,D
46132651,"Bioplynová Elektráreň Bacúch, s. r. o.",Bacúch,Brezno,Banskobystrický,48.861528,19.814002,Komunálny a gastro bioodpad,Bioplynová stanica,digestat,Digestát z bioplynovej stanice,19 06 06,odpad,celorocne,D
46132651,"Bioplynová Elektráreň Bacúch, s. r. o.",Bacúch,Brezno,Banskobystrický,48.861528,19.814002,Komunálny a gastro bioodpad,Bioplynová stanica,kukuricne_korovie,Kukuričné kôrovie a stonky,02 01 03,vedlajsi_produkt,sezonne_jesen,D
46132651,"Bioplynová Elektráreň Bacúch, s. r. o.",Bacúch,Brezno,Banskobystrický,48.861528,19.814002,Komunálny a gastro bioodpad,Bioplynová stanica,hnojovica_osipane,Hnojovica ošípaných,02 01 06,odpad,celorocne,D
46163409,"AGROPARTNER, s.r.o.",Detva,Detva,Banskobystrický,48.544384,19.411609,Komunálny a gastro bioodpad,Bioplynová stanica,digestat,Digestát z bioplynovej stanice,19 06 06,odpad,celorocne,D
46163409,"AGROPARTNER, s.r.o.",Detva,Detva,Banskobystrický,48.544384,19.411609,Komunálny a gastro bioodpad,Bioplynová stanica,kukuricne_korovie,Kukuričné kôrovie a stonky,02 01 03,vedlajsi_produkt,sezonne_jesen,D
46163409,"AGROPARTNER, s.r.o.",Detva,Detva,Banskobystrický,48.544384,19.411609,Komunálny a gastro bioodpad,Bioplynová stanica,hnojovica_osipane,Hnojovica ošípaných,02 01 06,odpad,celorocne,D
46169776,"Bioplyn Naháč, s.r.o.",Lošonec,Trnava,Trnavský,48.483333,17.4,Komunálny a gastro bioodpad,Bioplynová stanica,digestat,Digestát z bioplynovej stanice,19 06 06,odpad,celorocne,D
46169776,"Bioplyn Naháč, s.r.o.",Lošonec,Trnava,Trnavský,48.483333,17.4,Komunálny a gastro bioodpad,Bioplynová stanica,kukuricne_korovie,Kukuričné kôrovie a stonky,02 01 03,vedlajsi_produkt,sezonne_jesen,D
46169776,"Bioplyn Naháč, s.r.o.",Lošonec,Trnava,Trnavský,48.483333,17.4,Komunálny a gastro bioodpad,Bioplynová stanica,hnojovica_osipane,Hnojovica ošípaných,02 01 06,odpad,celorocne,D
46177175,"Svijany Slovakia, s.r.o.",Leopoldov,Hlohovec,Trnavský,48.444113,17.765415,Potravinárstvo a nápoje,Pivovar / minipivovar,pivovarske_mlato,Pivovarské mláto,02 07 01,vedlajsi_produkt,celorocne,D
46177175,"Svijany Slovakia, s.r.o.",Leopoldov,Hlohovec,Trnavský,48.444113,17.765415,Potravinárstvo a nápoje,Pivovar / minipivovar,pivovarske_kvasnice,Pivovarské kvasnice,02 07 05,vedlajsi_produkt,celorocne,D
46177175,"Svijany Slovakia, s.r.o.",Leopoldov,Hlohovec,Trnavský,48.444113,17.765415,Potravinárstvo a nápoje,Pivovar / minipivovar,chmelovy_mlat,Chmeľový mlát,02 07 01,odpad,celorocne,D
46177175,"Svijany Slovakia, s.r.o.",Leopoldov,Hlohovec,Trnavský,48.444113,17.765415,Potravinárstvo a nápoje,Pivovar / minipivovar,kremelinovy_kal,Kremelinový kal z filtrácie,02 07 05,odpad,celorocne,D
46193154,EKOTES s.r.o.,Kvakovce,Vranov nad Topľou,Prešovský,48.983333,21.683333,Komunálny a gastro bioodpad,Odpadové hospodárstvo,kuchynsky_odpad,Biologicky rozložiteľný kuchynský a reštauračný odpad,20 01 08,odpad,celorocne,D
46193154,EKOTES s.r.o.,Kvakovce,Vranov nad Topľou,Prešovský,48.983333,21.683333,Komunálny a gastro bioodpad,Odpadové hospodárstvo,bro_zahrady,Biologicky rozložiteľný odpad zo záhrad,20 02 01,odpad,sezonne_leto,D
46193154,EKOTES s.r.o.,Kvakovce,Vranov nad Topľou,Prešovský,48.983333,21.683333,Komunálny a gastro bioodpad,Odpadové hospodárstvo,jedle_oleje_pouzite,Použité jedlé oleje a tuky,20 01 25,odpad,celorocne,D
46193154,EKOTES s.r.o.,Kvakovce,Vranov nad Topľou,Prešovský,48.983333,21.683333,Komunálny a gastro bioodpad,Odpadové hospodárstvo,tuky_odlucovace,Tuky z odlučovačov,19 08 09,odpad,celorocne,D
46193154,EKOTES s.r.o.,Kvakovce,Vranov nad Topľou,Prešovský,48.983333,21.683333,Komunálny a gastro bioodpad,Odpadové hospodárstvo,potraviny_po_dobe,Nepredané potraviny po dátume spotreby,20 01 08,odpad,celorocne,D
46205799,"Píla Terany, s.r.o.",Terany,Krupina,Banskobystrický,48.183939,18.89834,"Drevo, lesníctvo a ostatné",Píla a drevospracovanie,piliny,Piliny a hobliny,03 01 05,vedlajsi_produkt,celorocne,D
46205799,"Píla Terany, s.r.o.",Terany,Krupina,Banskobystrický,48.183939,18.89834,"Drevo, lesníctvo a ostatné",Píla a drevospracovanie,kora,Odpadová kôra,03 01 01,vedlajsi_produkt,celorocne,D
46205799,"Píla Terany, s.r.o.",Terany,Krupina,Banskobystrický,48.183939,18.89834,"Drevo, lesníctvo a ostatné",Píla a drevospracovanie,odrezky_dreva,Odrezky a drevný odpad,03 01 05,vedlajsi_produkt,celorocne,D
46210164,"SJ - MÄSOPRODUKT, s. r. o.",Ružomberok,Ružomberok,Žilinský,49.08187,19.302965,Potravinárstvo a nápoje,Mäsospracovanie,kostny_zvysok,Kosti a kostné zvyšky,02 02 02,vedlajsi_produkt,celorocne,D
46210164,"SJ - MÄSOPRODUKT, s. r. o.",Ružomberok,Ružomberok,Žilinský,49.08187,19.302965,Potravinárstvo a nápoje,Mäsospracovanie,kozne_odrezky,Kožné odrezky a podkožný tuk,02 02 02,odpad,celorocne,D
46210164,"SJ - MÄSOPRODUKT, s. r. o.",Ružomberok,Ružomberok,Žilinský,49.08187,19.302965,Potravinárstvo a nápoje,Mäsospracovanie,masovy_flotacny_kal,Flotačný kal z mäsospracovania,02 02 04,odpad,celorocne,D
46210164,"SJ - MÄSOPRODUKT, s. r. o.",Ružomberok,Ružomberok,Žilinský,49.08187,19.302965,Potravinárstvo a nápoje,Mäsospracovanie,zvp_kat3,Živočíšne vedľajšie produkty kategórie 3,02 02 02,vedlajsi_produkt,celorocne,D
46210164,"SJ - MÄSOPRODUKT, s. r. o.",Ružomberok,Ružomberok,Žilinský,49.08187,19.302965,Potravinárstvo a nápoje,Mäsospracovanie,technicky_zivocisny_tuk,Technický živočíšny tuk,02 02 03,vedlajsi_produkt,celorocne,D
46210164,"SJ - MÄSOPRODUKT, s. r. o.",Ružomberok,Ružomberok,Žilinský,49.08187,19.302965,Potravinárstvo a nápoje,Mäsospracovanie,masokostna_mucka,Mäsokostná múčka,02 02 02,odpad,celorocne,D
46251308,"Erika Kubicová reštaurácia Magura, s.r.o.",Oravská Jasenica,Námestovo,Žilinský,49.390418,19.435844,Gastro a stravovacie zariadenia,Reštaurácia,gastro_kuchynsky_odpad,Kuchynský odpad z reštaurácií a hotelov,20 01 08,odpad,celorocne,D
46251308,"Erika Kubicová reštaurácia Magura, s.r.o.",Oravská Jasenica,Námestovo,Žilinský,49.390418,19.435844,Gastro a stravovacie zariadenia,Reštaurácia,zvysky_z_taniera,Zvyšky z taniera,20 01 08,odpad,celorocne,D
46251308,"Erika Kubicová reštaurácia Magura, s.r.o.",Oravská Jasenica,Námestovo,Žilinský,49.390418,19.435844,Gastro a stravovacie zariadenia,Reštaurácia,gastro_fritovaci_olej,Použitý fritovací olej z gastroprevádzok,20 01 25,odpad,celorocne,D
46251308,"Erika Kubicová reštaurácia Magura, s.r.o.",Oravská Jasenica,Námestovo,Žilinský,49.390418,19.435844,Gastro a stravovacie zariadenia,Reštaurácia,gastro_kavova_sedlina,Kávová sedlina z gastroprevádzok,20 01 08,odpad,celorocne,D
46251308,"Erika Kubicová reštaurácia Magura, s.r.o.",Oravská Jasenica,Námestovo,Žilinský,49.390418,19.435844,Gastro a stravovacie zariadenia,Reštaurácia,tuky_odlucovace,Tuky z odlučovačov,19 08 09,odpad,celorocne,D
46302905,"Mäsovýroba Madunice, s. r. o.",Trenčín,Trenčín,Trenčiansky,48.892358,18.039372,Potravinárstvo a nápoje,Mäsospracovanie,kostny_zvysok,Kosti a kostné zvyšky,02 02 02,vedlajsi_produkt,celorocne,D
46302905,"Mäsovýroba Madunice, s. r. o.",Trenčín,Trenčín,Trenčiansky,48.892358,18.039372,Potravinárstvo a nápoje,Mäsospracovanie,kozne_odrezky,Kožné odrezky a podkožný tuk,02 02 02,odpad,celorocne,D
46302905,"Mäsovýroba Madunice, s. r. o.",Trenčín,Trenčín,Trenčiansky,48.892358,18.039372,Potravinárstvo a nápoje,Mäsospracovanie,masovy_flotacny_kal,Flotačný kal z mäsospracovania,02 02 04,odpad,celorocne,D
46302905,"Mäsovýroba Madunice, s. r. o.",Trenčín,Trenčín,Trenčiansky,48.892358,18.039372,Potravinárstvo a nápoje,Mäsospracovanie,zvp_kat3,Živočíšne vedľajšie produkty kategórie 3,02 02 02,vedlajsi_produkt,celorocne,D
46302905,"Mäsovýroba Madunice, s. r. o.",Trenčín,Trenčín,Trenčiansky,48.892358,18.039372,Potravinárstvo a nápoje,Mäsospracovanie,technicky_zivocisny_tuk,Technický živočíšny tuk,02 02 03,vedlajsi_produkt,celorocne,D
46302905,"Mäsovýroba Madunice, s. r. o.",Trenčín,Trenčín,Trenčiansky,48.892358,18.039372,Potravinárstvo a nápoje,Mäsospracovanie,masokostna_mucka,Mäsokostná múčka,02 02 02,odpad,celorocne,D
46356487,Somorja Distillery Samaria Ovocný Liehovar s.r.o.,Šamorín,Dunajská Streda,Trnavský,48.027583,17.311571,Potravinárstvo a nápoje,Liehovar a pálenica,vypalky,Liehovarnícke výpalky,02 07 02,vedlajsi_produkt,celorocne,D
46356487,Somorja Distillery Samaria Ovocný Liehovar s.r.o.,Šamorín,Dunajská Streda,Trnavský,48.027583,17.311571,Potravinárstvo a nápoje,Liehovar a pálenica,drozdiarske_zvysky,Zvyšky z výroby droždia,02 03 04,vedlajsi_produkt,celorocne,D
46363505,Bioplyn Nižný Hrabovec s. r. o.,Bratislava,Bratislava I,Bratislavský,48.153538,17.109671,Komunálny a gastro bioodpad,Bioplynová stanica,digestat,Digestát z bioplynovej stanice,19 06 06,odpad,celorocne,D
46363505,Bioplyn Nižný Hrabovec s. r. o.,Bratislava,Bratislava I,Bratislavský,48.153538,17.109671,Komunálny a gastro bioodpad,Bioplynová stanica,kukuricne_korovie,Kukuričné kôrovie a stonky,02 01 03,vedlajsi_produkt,sezonne_jesen,D
46363505,Bioplyn Nižný Hrabovec s. r. o.,Bratislava,Bratislava I,Bratislavský,48.153538,17.109671,Komunálny a gastro bioodpad,Bioplynová stanica,hnojovica_osipane,Hnojovica ošípaných,02 01 06,odpad,celorocne,D
46370161,"DANIELA SYRY, s.r.o.",Stankovany,Ružomberok,Žilinský,49.15,19.183333,Potravinárstvo a nápoje,Syráreň a bryndziareň,srvatka_sladka,Sladká srvátka,02 05 01,vedlajsi_produkt,celorocne,D
46370161,"DANIELA SYRY, s.r.o.",Stankovany,Ružomberok,Žilinský,49.15,19.183333,Potravinárstvo a nápoje,Syráreň a bryndziareň,srvatka_kysla,Kyslá srvátka,02 05 01,odpad,celorocne,D
46370161,"DANIELA SYRY, s.r.o.",Stankovany,Ružomberok,Žilinský,49.15,19.183333,Potravinárstvo a nápoje,Syráreň a bryndziareň,syrarska_srvatka_tuh,Tuhé zvyšky zo syrárskej výroby,02 05 01,vedlajsi_produkt,celorocne,D
46370161,"DANIELA SYRY, s.r.o.",Stankovany,Ružomberok,Žilinský,49.15,19.183333,Potravinárstvo a nápoje,Syráreň a bryndziareň,mliekarensky_kal,Kal z mliekarenskej ČOV,02 05 02,odpad,celorocne,D
46415955,Albiofarma s. r. o.,Opatovce nad Nitrou,Prievidza,Trenčiansky,48.765376,18.570538,Poľnohospodárstvo a chov,Živočíšna farma,hnoj_hovadzi,Maštaľný hnoj hovädzí,02 01 06,odpad,celorocne,D
46415955,Albiofarma s. r. o.,Opatovce nad Nitrou,Prievidza,Trenčiansky,48.765376,18.570538,Poľnohospodárstvo a chov,Živočíšna farma,hnojovica_osipane,Hnojovica ošípaných,02 01 06,odpad,celorocne,D
46415955,Albiofarma s. r. o.,Opatovce nad Nitrou,Prievidza,Trenčiansky,48.765376,18.570538,Poľnohospodárstvo a chov,Živočíšna farma,ovciarsky_hnoj,Ovčí a kozí hnoj,02 01 06,odpad,celorocne,D
46415955,Albiofarma s. r. o.,Opatovce nad Nitrou,Prievidza,Trenčiansky,48.765376,18.570538,Poľnohospodárstvo a chov,Živočíšna farma,travna_hmota_ttp,Trávna hmota z lúk a TTP,02 01 03,vedlajsi_produkt,sezonne_leto,D
46415955,Albiofarma s. r. o.,Opatovce nad Nitrou,Prievidza,Trenčiansky,48.765376,18.570538,Poľnohospodárstvo a chov,Živočíšna farma,kadavery,Uhynuté zvieratá (kadávery),02 01 02,odpad,celorocne,D
46416251,"REŠTAURÁCIA TURBÍNA, s. r. o.",Zemianske Kostoľany,Prievidza,Trenčiansky,48.683233,18.526082,Gastro a stravovacie zariadenia,Reštaurácia,gastro_kuchynsky_odpad,Kuchynský odpad z reštaurácií a hotelov,20 01 08,odpad,celorocne,D
46416251,"REŠTAURÁCIA TURBÍNA, s. r. o.",Zemianske Kostoľany,Prievidza,Trenčiansky,48.683233,18.526082,Gastro a stravovacie zariadenia,Reštaurácia,zvysky_z_taniera,Zvyšky z taniera,20 01 08,odpad,celorocne,D
46416251,"REŠTAURÁCIA TURBÍNA, s. r. o.",Zemianske Kostoľany,Prievidza,Trenčiansky,48.683233,18.526082,Gastro a stravovacie zariadenia,Reštaurácia,gastro_fritovaci_olej,Použitý fritovací olej z gastroprevádzok,20 01 25,odpad,celorocne,D
46416251,"REŠTAURÁCIA TURBÍNA, s. r. o.",Zemianske Kostoľany,Prievidza,Trenčiansky,48.683233,18.526082,Gastro a stravovacie zariadenia,Reštaurácia,gastro_kavova_sedlina,Kávová sedlina z gastroprevádzok,20 01 08,odpad,celorocne,D
46416251,"REŠTAURÁCIA TURBÍNA, s. r. o.",Zemianske Kostoľany,Prievidza,Trenčiansky,48.683233,18.526082,Gastro a stravovacie zariadenia,Reštaurácia,tuky_odlucovace,Tuky z odlučovačov,19 08 09,odpad,celorocne,D
46438190,Výroba syrov s.r.o.,Skalica,Skalica,Trnavský,48.770797,17.20201,Potravinárstvo a nápoje,Syráreň a bryndziareň,srvatka_sladka,Sladká srvátka,02 05 01,vedlajsi_produkt,celorocne,D
46438190,Výroba syrov s.r.o.,Skalica,Skalica,Trnavský,48.770797,17.20201,Potravinárstvo a nápoje,Syráreň a bryndziareň,srvatka_kysla,Kyslá srvátka,02 05 01,odpad,celorocne,D
46438190,Výroba syrov s.r.o.,Skalica,Skalica,Trnavský,48.770797,17.20201,Potravinárstvo a nápoje,Syráreň a bryndziareň,syrarska_srvatka_tuh,Tuhé zvyšky zo syrárskej výroby,02 05 01,vedlajsi_produkt,celorocne,D
46438190,Výroba syrov s.r.o.,Skalica,Skalica,Trnavský,48.770797,17.20201,Potravinárstvo a nápoje,Syráreň a bryndziareň,mliekarensky_kal,Kal z mliekarenskej ČOV,02 05 02,odpad,celorocne,D
46440691,"Pekáreň CEREA, s.r.o.",Považská Bystrica,Považská Bystrica,Trenčiansky,49.114507,18.447319,Potravinárstvo a nápoje,Pekáreň,pekarenske_zvysky,Pekárenské zvyšky,02 06 01,vedlajsi_produkt,celorocne,D
46440691,"Pekáreň CEREA, s.r.o.",Považská Bystrica,Považská Bystrica,Trenčiansky,49.114507,18.447319,Potravinárstvo a nápoje,Pekáreň,cestovinove_zvysky,Cestovinové a múčne zvyšky,02 06 01,vedlajsi_produkt,celorocne,D
46454489,"Diamantová Pekáreň, s. r. o.",Štúrovo,Nové Zámky,Nitriansky,47.797831,18.71486,Potravinárstvo a nápoje,Pekáreň,pekarenske_zvysky,Pekárenské zvyšky,02 06 01,vedlajsi_produkt,celorocne,D
46454489,"Diamantová Pekáreň, s. r. o.",Štúrovo,Nové Zámky,Nitriansky,47.797831,18.71486,Potravinárstvo a nápoje,Pekáreň,cestovinove_zvysky,Cestovinové a múčne zvyšky,02 06 01,vedlajsi_produkt,celorocne,D
46463259,Marián Skukálek Reštaurácia GÓL,Predmier,Bytča,Žilinský,49.2,18.533333,Gastro a stravovacie zariadenia,Reštaurácia,gastro_kuchynsky_odpad,Kuchynský odpad z reštaurácií a hotelov,20 01 08,odpad,celorocne,D
46463259,Marián Skukálek Reštaurácia GÓL,Predmier,Bytča,Žilinský,49.2,18.533333,Gastro a stravovacie zariadenia,Reštaurácia,zvysky_z_taniera,Zvyšky z taniera,20 01 08,odpad,celorocne,D
46463259,Marián Skukálek Reštaurácia GÓL,Predmier,Bytča,Žilinský,49.2,18.533333,Gastro a stravovacie zariadenia,Reštaurácia,gastro_fritovaci_olej,Použitý fritovací olej z gastroprevádzok,20 01 25,odpad,celorocne,D
46463259,Marián Skukálek Reštaurácia GÓL,Predmier,Bytča,Žilinský,49.2,18.533333,Gastro a stravovacie zariadenia,Reštaurácia,gastro_kavova_sedlina,Kávová sedlina z gastroprevádzok,20 01 08,odpad,celorocne,D
46463259,Marián Skukálek Reštaurácia GÓL,Predmier,Bytča,Žilinský,49.2,18.533333,Gastro a stravovacie zariadenia,Reštaurácia,tuky_odlucovace,Tuky z odlučovačov,19 08 09,odpad,celorocne,D
46475419,"Syráreň Havran, a.s.",Senica,Senica,Trnavský,48.679121,17.364383,Potravinárstvo a nápoje,Syráreň a bryndziareň,srvatka_sladka,Sladká srvátka,02 05 01,vedlajsi_produkt,celorocne,D
46475419,"Syráreň Havran, a.s.",Senica,Senica,Trnavský,48.679121,17.364383,Potravinárstvo a nápoje,Syráreň a bryndziareň,srvatka_kysla,Kyslá srvátka,02 05 01,odpad,celorocne,D
46475419,"Syráreň Havran, a.s.",Senica,Senica,Trnavský,48.679121,17.364383,Potravinárstvo a nápoje,Syráreň a bryndziareň,syrarska_srvatka_tuh,Tuhé zvyšky zo syrárskej výroby,02 05 01,vedlajsi_produkt,celorocne,D
46475419,"Syráreň Havran, a.s.",Senica,Senica,Trnavský,48.679121,17.364383,Potravinárstvo a nápoje,Syráreň a bryndziareň,mliekarensky_kal,Kal z mliekarenskej ČOV,02 05 02,odpad,celorocne,D
46497013,"MG AGRO, s. r. o.",Lehota pod Vtáčnikom,Prievidza,Trenčiansky,48.695466,18.600392,Poľnohospodárstvo a chov,Poľnohospodársky podnik,slama_obilna,Obilná slama,02 01 03,vedlajsi_produkt,sezonne_leto,D
46497013,"MG AGRO, s. r. o.",Lehota pod Vtáčnikom,Prievidza,Trenčiansky,48.695466,18.600392,Poľnohospodárstvo a chov,Poľnohospodársky podnik,kukuricne_korovie,Kukuričné kôrovie a stonky,02 01 03,vedlajsi_produkt,sezonne_jesen,D
46497013,"MG AGRO, s. r. o.",Lehota pod Vtáčnikom,Prievidza,Trenčiansky,48.695466,18.600392,Poľnohospodárstvo a chov,Poľnohospodársky podnik,repkova_slama,Repková slama,02 01 03,vedlajsi_produkt,sezonne_leto,D
46497013,"MG AGRO, s. r. o.",Lehota pod Vtáčnikom,Prievidza,Trenčiansky,48.695466,18.600392,Poľnohospodárstvo a chov,Poľnohospodársky podnik,odpad_cistenie_zrna,Odpad z čistenia a sušenia obilia,02 01 03,vedlajsi_produkt,sezonne_leto,D
46497013,"MG AGRO, s. r. o.",Lehota pod Vtáčnikom,Prievidza,Trenčiansky,48.695466,18.600392,Poľnohospodárstvo a chov,Poľnohospodársky podnik,travna_hmota_ttp,Trávna hmota z lúk a TTP,02 01 03,vedlajsi_produkt,sezonne_leto,D
46530797,"FARMA Ekovoktrans, s.r.o.",Nový Tekov,Levice,Nitriansky,48.244126,18.517993,Poľnohospodárstvo a chov,Živočíšna farma,hnoj_hovadzi,Maštaľný hnoj hovädzí,02 01 06,odpad,celorocne,D
46530797,"FARMA Ekovoktrans, s.r.o.",Nový Tekov,Levice,Nitriansky,48.244126,18.517993,Poľnohospodárstvo a chov,Živočíšna farma,hnojovica_osipane,Hnojovica ošípaných,02 01 06,odpad,celorocne,D
46530797,"FARMA Ekovoktrans, s.r.o.",Nový Tekov,Levice,Nitriansky,48.244126,18.517993,Poľnohospodárstvo a chov,Živočíšna farma,ovciarsky_hnoj,Ovčí a kozí hnoj,02 01 06,odpad,celorocne,D
46530797,"FARMA Ekovoktrans, s.r.o.",Nový Tekov,Levice,Nitriansky,48.244126,18.517993,Poľnohospodárstvo a chov,Živočíšna farma,travna_hmota_ttp,Trávna hmota z lúk a TTP,02 01 03,vedlajsi_produkt,sezonne_leto,D
46530797,"FARMA Ekovoktrans, s.r.o.",Nový Tekov,Levice,Nitriansky,48.244126,18.517993,Poľnohospodárstvo a chov,Živočíšna farma,kadavery,Uhynuté zvieratá (kadávery),02 01 02,odpad,celorocne,D
46538968,Agro-hydina Godány s.r.o.,Trstice,Galanta,Trnavský,48.015847,17.804559,Poľnohospodárstvo a chov,Hydinárska prevádzka,perie,Perie z hydinových bitúnkov,02 02 02,odpad,celorocne,D
46538968,Agro-hydina Godány s.r.o.,Trstice,Galanta,Trnavský,48.015847,17.804559,Poľnohospodárstvo a chov,Hydinárska prevádzka,hydinovy_trus,Hydinový trus a podstielka,02 01 06,odpad,celorocne,D
46538968,Agro-hydina Godány s.r.o.,Trstice,Galanta,Trnavský,48.015847,17.804559,Poľnohospodárstvo a chov,Hydinárska prevádzka,krv_bitunok,Krv z bitúnku,02 02 03,vedlajsi_produkt,celorocne,D
46538968,Agro-hydina Godány s.r.o.,Trstice,Galanta,Trnavský,48.015847,17.804559,Poľnohospodárstvo a chov,Hydinárska prevádzka,kadavery,Uhynuté zvieratá (kadávery),02 01 02,odpad,celorocne,D
46538968,Agro-hydina Godány s.r.o.,Trstice,Galanta,Trnavský,48.015847,17.804559,Poľnohospodárstvo a chov,Hydinárska prevádzka,zvp_kat3,Živočíšne vedľajšie produkty kategórie 3,02 02 02,vedlajsi_produkt,celorocne,D
46538968,Agro-hydina Godány s.r.o.,Trstice,Galanta,Trnavský,48.015847,17.804559,Poľnohospodárstvo a chov,Hydinárska prevádzka,zvp_kat2,Živočíšne vedľajšie produkty kategórie 2,02 02 02,odpad,celorocne,D
46554670,AGRO BEDNÁR s.r.o.,Dolná Breznica,Púchov,Trenčiansky,49.080275,18.261852,Poľnohospodárstvo a chov,Poľnohospodársky podnik,slama_obilna,Obilná slama,02 01 03,vedlajsi_produkt,sezonne_leto,D
46554670,AGRO BEDNÁR s.r.o.,Dolná Breznica,Púchov,Trenčiansky,49.080275,18.261852,Poľnohospodárstvo a chov,Poľnohospodársky podnik,kukuricne_korovie,Kukuričné kôrovie a stonky,02 01 03,vedlajsi_produkt,sezonne_jesen,D
46554670,AGRO BEDNÁR s.r.o.,Dolná Breznica,Púchov,Trenčiansky,49.080275,18.261852,Poľnohospodárstvo a chov,Poľnohospodársky podnik,repkova_slama,Repková slama,02 01 03,vedlajsi_produkt,sezonne_leto,D
46554670,AGRO BEDNÁR s.r.o.,Dolná Breznica,Púchov,Trenčiansky,49.080275,18.261852,Poľnohospodárstvo a chov,Poľnohospodársky podnik,odpad_cistenie_zrna,Odpad z čistenia a sušenia obilia,02 01 03,vedlajsi_produkt,sezonne_leto,D
46554670,AGRO BEDNÁR s.r.o.,Dolná Breznica,Púchov,Trenčiansky,49.080275,18.261852,Poľnohospodárstvo a chov,Poľnohospodársky podnik,travna_hmota_ttp,Trávna hmota z lúk a TTP,02 01 03,vedlajsi_produkt,sezonne_leto,D
46557181,AGROTISA - BIOPLYNOVÁ STANICA s.r.o.,Kráľovský Chlmec,Trebišov,Košický,48.416667,21.983333,Komunálny a gastro bioodpad,Bioplynová stanica,digestat,Digestát z bioplynovej stanice,19 06 06,odpad,celorocne,D
46557181,AGROTISA - BIOPLYNOVÁ STANICA s.r.o.,Kráľovský Chlmec,Trebišov,Košický,48.416667,21.983333,Komunálny a gastro bioodpad,Bioplynová stanica,kukuricne_korovie,Kukuričné kôrovie a stonky,02 01 03,vedlajsi_produkt,sezonne_jesen,D
46557181,AGROTISA - BIOPLYNOVÁ STANICA s.r.o.,Kráľovský Chlmec,Trebišov,Košický,48.416667,21.983333,Komunálny a gastro bioodpad,Bioplynová stanica,hnojovica_osipane,Hnojovica ošípaných,02 01 06,odpad,celorocne,D
46566325,PÍLA Tekovské Lužany s.r.o.,Tekovské Lužany,Levice,Nitriansky,48.097445,18.544241,"Drevo, lesníctvo a ostatné",Píla a drevospracovanie,piliny,Piliny a hobliny,03 01 05,vedlajsi_produkt,celorocne,D
46566325,PÍLA Tekovské Lužany s.r.o.,Tekovské Lužany,Levice,Nitriansky,48.097445,18.544241,"Drevo, lesníctvo a ostatné",Píla a drevospracovanie,kora,Odpadová kôra,03 01 01,vedlajsi_produkt,celorocne,D
46566325,PÍLA Tekovské Lužany s.r.o.,Tekovské Lužany,Levice,Nitriansky,48.097445,18.544241,"Drevo, lesníctvo a ostatné",Píla a drevospracovanie,odrezky_dreva,Odrezky a drevný odpad,03 01 05,vedlajsi_produkt,celorocne,D
46597123,Slovenská zelenina s.r.o.,Detva,Detva,Banskobystrický,48.544384,19.411609,Poľnohospodárstvo a chov,Zeleninárstvo,zeleninove_orezky,Orezky a nepodarky zeleniny,02 03 04,odpad,sezonne_leto,D
46597123,Slovenská zelenina s.r.o.,Detva,Detva,Banskobystrický,48.544384,19.411609,Poľnohospodárstvo a chov,Zeleninárstvo,kal_pranie_zeleniny,Kal z prania a lúpania zeleniny,02 03 01,odpad,sezonne_leto,D
46597123,Slovenská zelenina s.r.o.,Detva,Detva,Banskobystrický,48.544384,19.411609,Poľnohospodárstvo a chov,Zeleninárstvo,vnate_pozberove,Vňate a pozberové zvyšky zeleniny,02 01 03,odpad,sezonne_jesen,D
46597123,Slovenská zelenina s.r.o.,Detva,Detva,Banskobystrický,48.544384,19.411609,Poľnohospodárstvo a chov,Zeleninárstvo,zemiakove_supky,Zemiakové šupky a orezky,02 03 04,vedlajsi_produkt,celorocne,D
46630392,I.M.D.K. pekáreň TN s. r. o.,Trenčín,Trenčín,Trenčiansky,48.892358,18.039372,Potravinárstvo a nápoje,Pekáreň,pekarenske_zvysky,Pekárenské zvyšky,02 06 01,vedlajsi_produkt,celorocne,D
46630392,I.M.D.K. pekáreň TN s. r. o.,Trenčín,Trenčín,Trenčiansky,48.892358,18.039372,Potravinárstvo a nápoje,Pekáreň,cestovinove_zvysky,Cestovinové a múčne zvyšky,02 06 01,vedlajsi_produkt,celorocne,D
46631160,Ryby Turiec s.r.o.,Martin,Martin,Žilinský,49.07226,18.929174,"Drevo, lesníctvo a ostatné",Rybárstvo a akvakultúra,rybie_zvysky,"Rybie hlavy, vnútornosti a kosti",02 02 03,vedlajsi_produkt,celorocne,D
46631160,Ryby Turiec s.r.o.,Martin,Martin,Žilinský,49.07226,18.929174,"Drevo, lesníctvo a ostatné",Rybárstvo a akvakultúra,kal_akvakultura,Kal z akvakultúry,02 01 01,odpad,celorocne,D
46635947,FARMA BORISKO s. r. o.,Jedľové Kostoľany,Zlaté Moravce,Nitriansky,48.466667,18.5,Poľnohospodárstvo a chov,Živočíšna farma,hnoj_hovadzi,Maštaľný hnoj hovädzí,02 01 06,odpad,celorocne,D
46635947,FARMA BORISKO s. r. o.,Jedľové Kostoľany,Zlaté Moravce,Nitriansky,48.466667,18.5,Poľnohospodárstvo a chov,Živočíšna farma,hnojovica_osipane,Hnojovica ošípaných,02 01 06,odpad,celorocne,D
46635947,FARMA BORISKO s. r. o.,Jedľové Kostoľany,Zlaté Moravce,Nitriansky,48.466667,18.5,Poľnohospodárstvo a chov,Živočíšna farma,ovciarsky_hnoj,Ovčí a kozí hnoj,02 01 06,odpad,celorocne,D
46635947,FARMA BORISKO s. r. o.,Jedľové Kostoľany,Zlaté Moravce,Nitriansky,48.466667,18.5,Poľnohospodárstvo a chov,Živočíšna farma,travna_hmota_ttp,Trávna hmota z lúk a TTP,02 01 03,vedlajsi_produkt,sezonne_leto,D
46635947,FARMA BORISKO s. r. o.,Jedľové Kostoľany,Zlaté Moravce,Nitriansky,48.466667,18.5,Poľnohospodárstvo a chov,Živočíšna farma,kadavery,Uhynuté zvieratá (kadávery),02 01 02,odpad,celorocne,D
46690531,AGRO FARMA PIKOVÁ s.r.o.,Palárikovo,Nové Zámky,Nitriansky,48.04401,18.069378,Poľnohospodárstvo a chov,Poľnohospodársky podnik,slama_obilna,Obilná slama,02 01 03,vedlajsi_produkt,sezonne_leto,D
46690531,AGRO FARMA PIKOVÁ s.r.o.,Palárikovo,Nové Zámky,Nitriansky,48.04401,18.069378,Poľnohospodárstvo a chov,Poľnohospodársky podnik,kukuricne_korovie,Kukuričné kôrovie a stonky,02 01 03,vedlajsi_produkt,sezonne_jesen,D
46690531,AGRO FARMA PIKOVÁ s.r.o.,Palárikovo,Nové Zámky,Nitriansky,48.04401,18.069378,Poľnohospodárstvo a chov,Poľnohospodársky podnik,repkova_slama,Repková slama,02 01 03,vedlajsi_produkt,sezonne_leto,D
46690531,AGRO FARMA PIKOVÁ s.r.o.,Palárikovo,Nové Zámky,Nitriansky,48.04401,18.069378,Poľnohospodárstvo a chov,Poľnohospodársky podnik,odpad_cistenie_zrna,Odpad z čistenia a sušenia obilia,02 01 03,vedlajsi_produkt,sezonne_leto,D
46690531,AGRO FARMA PIKOVÁ s.r.o.,Palárikovo,Nové Zámky,Nitriansky,48.04401,18.069378,Poľnohospodárstvo a chov,Poľnohospodársky podnik,travna_hmota_ttp,Trávna hmota z lúk a TTP,02 01 03,vedlajsi_produkt,sezonne_leto,D
46691529,Pekárnička Family s. r. o.,Ľubica,Kežmarok,Prešovský,49.11926,20.446757,Potravinárstvo a nápoje,Pekáreň,pekarenske_zvysky,Pekárenské zvyšky,02 06 01,vedlajsi_produkt,celorocne,D
46691529,Pekárnička Family s. r. o.,Ľubica,Kežmarok,Prešovský,49.11926,20.446757,Potravinárstvo a nápoje,Pekáreň,cestovinove_zvysky,Cestovinové a múčne zvyšky,02 06 01,vedlajsi_produkt,celorocne,D
46705155,"Pekáreň Monika, s.r.o.",Rudina,Kysucké Nové Mesto,Žilinský,49.283333,18.75,Potravinárstvo a nápoje,Pekáreň,pekarenske_zvysky,Pekárenské zvyšky,02 06 01,vedlajsi_produkt,celorocne,D
46705155,"Pekáreň Monika, s.r.o.",Rudina,Kysucké Nové Mesto,Žilinský,49.283333,18.75,Potravinárstvo a nápoje,Pekáreň,cestovinove_zvysky,Cestovinové a múčne zvyšky,02 06 01,vedlajsi_produkt,celorocne,D
46751963,PEKÁREŇ STRÁŽSKE s.r.o.,Vranov nad Topľou,Vranov nad Topľou,Prešovský,48.890524,21.680564,Potravinárstvo a nápoje,Pekáreň,pekarenske_zvysky,Pekárenské zvyšky,02 06 01,vedlajsi_produkt,celorocne,D
46751963,PEKÁREŇ STRÁŽSKE s.r.o.,Vranov nad Topľou,Vranov nad Topľou,Prešovský,48.890524,21.680564,Potravinárstvo a nápoje,Pekáreň,cestovinove_zvysky,Cestovinové a múčne zvyšky,02 06 01,vedlajsi_produkt,celorocne,D
46759107,"PÍLA VARGA, s.r.o.",Tlmače,Levice,Nitriansky,48.292155,18.543288,"Drevo, lesníctvo a ostatné",Píla a drevospracovanie,piliny,Piliny a hobliny,03 01 05,vedlajsi_produkt,celorocne,D
46759107,"PÍLA VARGA, s.r.o.",Tlmače,Levice,Nitriansky,48.292155,18.543288,"Drevo, lesníctvo a ostatné",Píla a drevospracovanie,kora,Odpadová kôra,03 01 01,vedlajsi_produkt,celorocne,D
46759107,"PÍLA VARGA, s.r.o.",Tlmače,Levice,Nitriansky,48.292155,18.543288,"Drevo, lesníctvo a ostatné",Píla a drevospracovanie,odrezky_dreva,Odrezky a drevný odpad,03 01 05,vedlajsi_produkt,celorocne,D
46768351,"Technické služby Zohor, spol. s r.o.",Zohor,Malacky,Bratislavský,48.317496,16.982457,Komunálny a gastro bioodpad,Technické služby mesta / obce,travna_hmota_kosba,Trávna hmota z kosby verejnej zelene,20 02 01,odpad,sezonne_leto,D
46768351,"Technické služby Zohor, spol. s r.o.",Zohor,Malacky,Bratislavský,48.317496,16.982457,Komunálny a gastro bioodpad,Technické služby mesta / obce,konare_stiepka,Konáre a drevná štiepka z údržby zelene,20 02 01,odpad,sezonne_jar,D
46768351,"Technické služby Zohor, spol. s r.o.",Zohor,Malacky,Bratislavský,48.317496,16.982457,Komunálny a gastro bioodpad,Technické služby mesta / obce,listie,Lístie z verejnej zelene,20 02 01,odpad,sezonne_jesen,D
46768351,"Technické služby Zohor, spol. s r.o.",Zohor,Malacky,Bratislavský,48.317496,16.982457,Komunálny a gastro bioodpad,Technické služby mesta / obce,bro_zahrady,Biologicky rozložiteľný odpad zo záhrad,20 02 01,odpad,sezonne_leto,D
46768351,"Technické služby Zohor, spol. s r.o.",Zohor,Malacky,Bratislavský,48.317496,16.982457,Komunálny a gastro bioodpad,Technické služby mesta / obce,odpad_trhoviska,Odpad z trhovísk,20 03 02,odpad,sezonne_leto,D
46816461,"AGRO STEEL, s.r.o.",Zlatná na Ostrove,Komárno,Nitriansky,47.767557,17.976459,Poľnohospodárstvo a chov,Poľnohospodársky podnik,slama_obilna,Obilná slama,02 01 03,vedlajsi_produkt,sezonne_leto,D
46816461,"AGRO STEEL, s.r.o.",Zlatná na Ostrove,Komárno,Nitriansky,47.767557,17.976459,Poľnohospodárstvo a chov,Poľnohospodársky podnik,kukuricne_korovie,Kukuričné kôrovie a stonky,02 01 03,vedlajsi_produkt,sezonne_jesen,D
46816461,"AGRO STEEL, s.r.o.",Zlatná na Ostrove,Komárno,Nitriansky,47.767557,17.976459,Poľnohospodárstvo a chov,Poľnohospodársky podnik,repkova_slama,Repková slama,02 01 03,vedlajsi_produkt,sezonne_leto,D
46816461,"AGRO STEEL, s.r.o.",Zlatná na Ostrove,Komárno,Nitriansky,47.767557,17.976459,Poľnohospodárstvo a chov,Poľnohospodársky podnik,odpad_cistenie_zrna,Odpad z čistenia a sušenia obilia,02 01 03,vedlajsi_produkt,sezonne_leto,D
46816461,"AGRO STEEL, s.r.o.",Zlatná na Ostrove,Komárno,Nitriansky,47.767557,17.976459,Poľnohospodárstvo a chov,Poľnohospodársky podnik,travna_hmota_ttp,Trávna hmota z lúk a TTP,02 01 03,vedlajsi_produkt,sezonne_leto,D
46843591,"Nord farm agro, s.r.o.",Rimavská Sobota,Rimavská Sobota,Banskobystrický,48.383832,20.016302,Poľnohospodárstvo a chov,Poľnohospodársky podnik,slama_obilna,Obilná slama,02 01 03,vedlajsi_produkt,sezonne_leto,D
46843591,"Nord farm agro, s.r.o.",Rimavská Sobota,Rimavská Sobota,Banskobystrický,48.383832,20.016302,Poľnohospodárstvo a chov,Poľnohospodársky podnik,kukuricne_korovie,Kukuričné kôrovie a stonky,02 01 03,vedlajsi_produkt,sezonne_jesen,D
46843591,"Nord farm agro, s.r.o.",Rimavská Sobota,Rimavská Sobota,Banskobystrický,48.383832,20.016302,Poľnohospodárstvo a chov,Poľnohospodársky podnik,repkova_slama,Repková slama,02 01 03,vedlajsi_produkt,sezonne_leto,D
46843591,"Nord farm agro, s.r.o.",Rimavská Sobota,Rimavská Sobota,Banskobystrický,48.383832,20.016302,Poľnohospodárstvo a chov,Poľnohospodársky podnik,odpad_cistenie_zrna,Odpad z čistenia a sušenia obilia,02 01 03,vedlajsi_produkt,sezonne_leto,D
46843591,"Nord farm agro, s.r.o.",Rimavská Sobota,Rimavská Sobota,Banskobystrický,48.383832,20.016302,Poľnohospodárstvo a chov,Poľnohospodársky podnik,travna_hmota_ttp,Trávna hmota z lúk a TTP,02 01 03,vedlajsi_produkt,sezonne_leto,D
46857508,"GRAND - HOTEL Trenčín, s.r.o.",Trenčín,Trenčín,Trenčiansky,48.892358,18.039372,Gastro a stravovacie zariadenia,Hotel,gastro_kuchynsky_odpad,Kuchynský odpad z reštaurácií a hotelov,20 01 08,odpad,celorocne,D
46857508,"GRAND - HOTEL Trenčín, s.r.o.",Trenčín,Trenčín,Trenčiansky,48.892358,18.039372,Gastro a stravovacie zariadenia,Hotel,zvysky_z_taniera,Zvyšky z taniera,20 01 08,odpad,celorocne,D
46857508,"GRAND - HOTEL Trenčín, s.r.o.",Trenčín,Trenčín,Trenčiansky,48.892358,18.039372,Gastro a stravovacie zariadenia,Hotel,gastro_fritovaci_olej,Použitý fritovací olej z gastroprevádzok,20 01 25,odpad,celorocne,D
46857508,"GRAND - HOTEL Trenčín, s.r.o.",Trenčín,Trenčín,Trenčiansky,48.892358,18.039372,Gastro a stravovacie zariadenia,Hotel,gastro_kavova_sedlina,Kávová sedlina z gastroprevádzok,20 01 08,odpad,celorocne,D
46857508,"GRAND - HOTEL Trenčín, s.r.o.",Trenčín,Trenčín,Trenčiansky,48.892358,18.039372,Gastro a stravovacie zariadenia,Hotel,bro_zahrady,Biologicky rozložiteľný odpad zo záhrad,20 02 01,odpad,sezonne_leto,D
46858873,TOM FARMA s.r.o.,Hurbanovo,Komárno,Nitriansky,47.869084,18.189095,Poľnohospodárstvo a chov,Živočíšna farma,hnoj_hovadzi,Maštaľný hnoj hovädzí,02 01 06,odpad,celorocne,D
46858873,TOM FARMA s.r.o.,Hurbanovo,Komárno,Nitriansky,47.869084,18.189095,Poľnohospodárstvo a chov,Živočíšna farma,hnojovica_osipane,Hnojovica ošípaných,02 01 06,odpad,celorocne,D
46858873,TOM FARMA s.r.o.,Hurbanovo,Komárno,Nitriansky,47.869084,18.189095,Poľnohospodárstvo a chov,Živočíšna farma,ovciarsky_hnoj,Ovčí a kozí hnoj,02 01 06,odpad,celorocne,D
46858873,TOM FARMA s.r.o.,Hurbanovo,Komárno,Nitriansky,47.869084,18.189095,Poľnohospodárstvo a chov,Živočíšna farma,travna_hmota_ttp,Trávna hmota z lúk a TTP,02 01 03,vedlajsi_produkt,sezonne_leto,D
46858873,TOM FARMA s.r.o.,Hurbanovo,Komárno,Nitriansky,47.869084,18.189095,Poľnohospodárstvo a chov,Živočíšna farma,kadavery,Uhynuté zvieratá (kadávery),02 01 02,odpad,celorocne,D
46866663,"PAVOS Vodárenská spoločnosť, s.r.o.",Malacky,Malacky,Bratislavský,48.43475,17.020348,Komunálny a gastro bioodpad,Vodárenská spoločnosť (ČOV),cov_kal_komunalny,Kal z komunálnej ČOV,19 08 05,odpad,celorocne,D
46866663,"PAVOS Vodárenská spoločnosť, s.r.o.",Malacky,Malacky,Bratislavský,48.43475,17.020348,Komunálny a gastro bioodpad,Vodárenská spoločnosť (ČOV),tuky_odlucovace,Tuky z odlučovačov,19 08 09,odpad,celorocne,D
46883631,"Mlyn Kolárovo, a. s.",Kolárovo,Komárno,Nitriansky,47.91593,17.99042,Potravinárstvo a nápoje,Mlyn,psenicne_otruby,Pšeničné otruby,02 03 04,krmna_surovina,celorocne,D
46883631,"Mlyn Kolárovo, a. s.",Kolárovo,Komárno,Nitriansky,47.91593,17.99042,Potravinárstvo a nápoje,Mlyn,mlynske_zmetky,Mlynské zmetky a plevy,02 03 04,vedlajsi_produkt,celorocne,D
46883631,"Mlyn Kolárovo, a. s.",Kolárovo,Komárno,Nitriansky,47.91593,17.99042,Potravinárstvo a nápoje,Mlyn,odpad_cistenie_zrna,Odpad z čistenia a sušenia obilia,02 01 03,vedlajsi_produkt,sezonne_leto,D
46895043,"FARMA ISKROŠ, s. r. o.",Otrhánky,Bánovce nad Bebravou,Trenčiansky,48.693814,18.206999,Poľnohospodárstvo a chov,Živočíšna farma,hnoj_hovadzi,Maštaľný hnoj hovädzí,02 01 06,odpad,celorocne,D
46895043,"FARMA ISKROŠ, s. r. o.",Otrhánky,Bánovce nad Bebravou,Trenčiansky,48.693814,18.206999,Poľnohospodárstvo a chov,Živočíšna farma,hnojovica_osipane,Hnojovica ošípaných,02 01 06,odpad,celorocne,D
46895043,"FARMA ISKROŠ, s. r. o.",Otrhánky,Bánovce nad Bebravou,Trenčiansky,48.693814,18.206999,Poľnohospodárstvo a chov,Živočíšna farma,ovciarsky_hnoj,Ovčí a kozí hnoj,02 01 06,odpad,celorocne,D
46895043,"FARMA ISKROŠ, s. r. o.",Otrhánky,Bánovce nad Bebravou,Trenčiansky,48.693814,18.206999,Poľnohospodárstvo a chov,Živočíšna farma,travna_hmota_ttp,Trávna hmota z lúk a TTP,02 01 03,vedlajsi_produkt,sezonne_leto,D
46895043,"FARMA ISKROŠ, s. r. o.",Otrhánky,Bánovce nad Bebravou,Trenčiansky,48.693814,18.206999,Poľnohospodárstvo a chov,Živočíšna farma,kadavery,Uhynuté zvieratá (kadávery),02 01 02,odpad,celorocne,D
46897399,BIOPLYN BIEROVCE 2 s. r. o.,Bratislava - mestská časť Jarovce,Bratislava I,Bratislavský,48.153538,17.109671,Komunálny a gastro bioodpad,Bioplynová stanica,digestat,Digestát z bioplynovej stanice,19 06 06,odpad,celorocne,D
46897399,BIOPLYN BIEROVCE 2 s. r. o.,Bratislava - mestská časť Jarovce,Bratislava I,Bratislavský,48.153538,17.109671,Komunálny a gastro bioodpad,Bioplynová stanica,kukuricne_korovie,Kukuričné kôrovie a stonky,02 01 03,vedlajsi_produkt,sezonne_jesen,D
46897399,BIOPLYN BIEROVCE 2 s. r. o.,Bratislava - mestská časť Jarovce,Bratislava I,Bratislavský,48.153538,17.109671,Komunálny a gastro bioodpad,Bioplynová stanica,hnojovica_osipane,Hnojovica ošípaných,02 01 06,odpad,celorocne,D
46908200,Hotel Alexanders s.r.o.,Nitra,Nitra,Nitriansky,48.31257,18.09061,Gastro a stravovacie zariadenia,Hotel,gastro_kuchynsky_odpad,Kuchynský odpad z reštaurácií a hotelov,20 01 08,odpad,celorocne,D
46908200,Hotel Alexanders s.r.o.,Nitra,Nitra,Nitriansky,48.31257,18.09061,Gastro a stravovacie zariadenia,Hotel,zvysky_z_taniera,Zvyšky z taniera,20 01 08,odpad,celorocne,D
46908200,Hotel Alexanders s.r.o.,Nitra,Nitra,Nitriansky,48.31257,18.09061,Gastro a stravovacie zariadenia,Hotel,gastro_fritovaci_olej,Použitý fritovací olej z gastroprevádzok,20 01 25,odpad,celorocne,D
46908200,Hotel Alexanders s.r.o.,Nitra,Nitra,Nitriansky,48.31257,18.09061,Gastro a stravovacie zariadenia,Hotel,gastro_kavova_sedlina,Kávová sedlina z gastroprevádzok,20 01 08,odpad,celorocne,D
46908200,Hotel Alexanders s.r.o.,Nitra,Nitra,Nitriansky,48.31257,18.09061,Gastro a stravovacie zariadenia,Hotel,bro_zahrady,Biologicky rozložiteľný odpad zo záhrad,20 02 01,odpad,sezonne_leto,D
46911588,SeAd mäso s.r.o.,Bánovce nad Bebravou,Bánovce nad Bebravou,Trenčiansky,48.721667,18.259826,Potravinárstvo a nápoje,Mäsospracovanie,kostny_zvysok,Kosti a kostné zvyšky,02 02 02,vedlajsi_produkt,celorocne,D
46911588,SeAd mäso s.r.o.,Bánovce nad Bebravou,Bánovce nad Bebravou,Trenčiansky,48.721667,18.259826,Potravinárstvo a nápoje,Mäsospracovanie,kozne_odrezky,Kožné odrezky a podkožný tuk,02 02 02,odpad,celorocne,D
46911588,SeAd mäso s.r.o.,Bánovce nad Bebravou,Bánovce nad Bebravou,Trenčiansky,48.721667,18.259826,Potravinárstvo a nápoje,Mäsospracovanie,masovy_flotacny_kal,Flotačný kal z mäsospracovania,02 02 04,odpad,celorocne,D
46911588,SeAd mäso s.r.o.,Bánovce nad Bebravou,Bánovce nad Bebravou,Trenčiansky,48.721667,18.259826,Potravinárstvo a nápoje,Mäsospracovanie,zvp_kat3,Živočíšne vedľajšie produkty kategórie 3,02 02 02,vedlajsi_produkt,celorocne,D
46911588,SeAd mäso s.r.o.,Bánovce nad Bebravou,Bánovce nad Bebravou,Trenčiansky,48.721667,18.259826,Potravinárstvo a nápoje,Mäsospracovanie,technicky_zivocisny_tuk,Technický živočíšny tuk,02 02 03,vedlajsi_produkt,celorocne,D
46911588,SeAd mäso s.r.o.,Bánovce nad Bebravou,Bánovce nad Bebravou,Trenčiansky,48.721667,18.259826,Potravinárstvo a nápoje,Mäsospracovanie,masokostna_mucka,Mäsokostná múčka,02 02 02,odpad,celorocne,D
46937137,OVOCNÁ ZÁHRADA s.r.o.,Červená Voda,Sabinov,Prešovský,49.146,21.088,Poľnohospodárstvo a chov,Ovocné sady a spracovanie ovocia,jablcne_vylisky,Jablčné výlisky,02 07 04,vedlajsi_produkt,sezonne_jesen,D
46937137,OVOCNÁ ZÁHRADA s.r.o.,Červená Voda,Sabinov,Prešovský,49.146,21.088,Poľnohospodárstvo a chov,Ovocné sady a spracovanie ovocia,bobulove_vylisky,Výlisky z bobuľového ovocia,02 07 04,vedlajsi_produkt,sezonne_leto,D
46937137,OVOCNÁ ZÁHRADA s.r.o.,Červená Voda,Sabinov,Prešovský,49.146,21.088,Poľnohospodárstvo a chov,Ovocné sady a spracovanie ovocia,vnate_pozberove,Vňate a pozberové zvyšky zeleniny,02 01 03,odpad,sezonne_jesen,D
46941037,"Trstenské technické služby - T T S, s.r.o.",Trstená,Tvrdošín,Žilinský,49.363892,19.615641,Komunálny a gastro bioodpad,Technické služby mesta / obce,travna_hmota_kosba,Trávna hmota z kosby verejnej zelene,20 02 01,odpad,sezonne_leto,D
46941037,"Trstenské technické služby - T T S, s.r.o.",Trstená,Tvrdošín,Žilinský,49.363892,19.615641,Komunálny a gastro bioodpad,Technické služby mesta / obce,konare_stiepka,Konáre a drevná štiepka z údržby zelene,20 02 01,odpad,sezonne_jar,D
46941037,"Trstenské technické služby - T T S, s.r.o.",Trstená,Tvrdošín,Žilinský,49.363892,19.615641,Komunálny a gastro bioodpad,Technické služby mesta / obce,listie,Lístie z verejnej zelene,20 02 01,odpad,sezonne_jesen,D
46941037,"Trstenské technické služby - T T S, s.r.o.",Trstená,Tvrdošín,Žilinský,49.363892,19.615641,Komunálny a gastro bioodpad,Technické služby mesta / obce,bro_zahrady,Biologicky rozložiteľný odpad zo záhrad,20 02 01,odpad,sezonne_leto,D
46941037,"Trstenské technické služby - T T S, s.r.o.",Trstená,Tvrdošín,Žilinský,49.363892,19.615641,Komunálny a gastro bioodpad,Technické služby mesta / obce,odpad_trhoviska,Odpad z trhovísk,20 03 02,odpad,sezonne_leto,D
46956921,KAČABÁR reštaurácia s. r. o.,Nové Mesto nad Váhom,Nové Mesto nad Váhom,Trenčiansky,48.763325,17.830386,Gastro a stravovacie zariadenia,Reštaurácia,gastro_kuchynsky_odpad,Kuchynský odpad z reštaurácií a hotelov,20 01 08,odpad,celorocne,D
46956921,KAČABÁR reštaurácia s. r. o.,Nové Mesto nad Váhom,Nové Mesto nad Váhom,Trenčiansky,48.763325,17.830386,Gastro a stravovacie zariadenia,Reštaurácia,zvysky_z_taniera,Zvyšky z taniera,20 01 08,odpad,celorocne,D
46956921,KAČABÁR reštaurácia s. r. o.,Nové Mesto nad Váhom,Nové Mesto nad Váhom,Trenčiansky,48.763325,17.830386,Gastro a stravovacie zariadenia,Reštaurácia,gastro_fritovaci_olej,Použitý fritovací olej z gastroprevádzok,20 01 25,odpad,celorocne,D
46956921,KAČABÁR reštaurácia s. r. o.,Nové Mesto nad Váhom,Nové Mesto nad Váhom,Trenčiansky,48.763325,17.830386,Gastro a stravovacie zariadenia,Reštaurácia,gastro_kavova_sedlina,Kávová sedlina z gastroprevádzok,20 01 08,odpad,celorocne,D
46956921,KAČABÁR reštaurácia s. r. o.,Nové Mesto nad Váhom,Nové Mesto nad Váhom,Trenčiansky,48.763325,17.830386,Gastro a stravovacie zariadenia,Reštaurácia,tuky_odlucovace,Tuky z odlučovačov,19 08 09,odpad,celorocne,D
46965696,PEKÁREŇ ILaS - 8 s.r.o.,Michalovce,Michalovce,Košický,48.75,21.933333,Potravinárstvo a nápoje,Pekáreň,pekarenske_zvysky,Pekárenské zvyšky,02 06 01,vedlajsi_produkt,celorocne,D
46965696,PEKÁREŇ ILaS - 8 s.r.o.,Michalovce,Michalovce,Košický,48.75,21.933333,Potravinárstvo a nápoje,Pekáreň,cestovinove_zvysky,Cestovinové a múčne zvyšky,02 06 01,vedlajsi_produkt,celorocne,D
46985701,VINÁRSTVO KOPEČEK s.r.o.,Skalica,Skalica,Trnavský,48.770797,17.20201,Potravinárstvo a nápoje,Vinárstvo,hroznove_vylisky,Hroznové výlisky (matolina),02 07 04,vedlajsi_produkt,sezonne_jesen,D
46985701,VINÁRSTVO KOPEČEK s.r.o.,Skalica,Skalica,Trnavský,48.770797,17.20201,Potravinárstvo a nápoje,Vinárstvo,vinne_kaly,Vínne kaly,02 07 05,odpad,sezonne_jesen,D
46985701,VINÁRSTVO KOPEČEK s.r.o.,Skalica,Skalica,Trnavský,48.770797,17.20201,Potravinárstvo a nápoje,Vinárstvo,hroznove_stopky,Hroznové stopky (strapiny),02 07 01,odpad,sezonne_jesen,D
47002859,Farma Titváň s. r. o.,Šaľa,Šaľa,Nitriansky,48.150995,17.876502,Poľnohospodárstvo a chov,Živočíšna farma,hnoj_hovadzi,Maštaľný hnoj hovädzí,02 01 06,odpad,celorocne,D
47002859,Farma Titváň s. r. o.,Šaľa,Šaľa,Nitriansky,48.150995,17.876502,Poľnohospodárstvo a chov,Živočíšna farma,hnojovica_osipane,Hnojovica ošípaných,02 01 06,odpad,celorocne,D
47002859,Farma Titváň s. r. o.,Šaľa,Šaľa,Nitriansky,48.150995,17.876502,Poľnohospodárstvo a chov,Živočíšna farma,ovciarsky_hnoj,Ovčí a kozí hnoj,02 01 06,odpad,celorocne,D
47002859,Farma Titváň s. r. o.,Šaľa,Šaľa,Nitriansky,48.150995,17.876502,Poľnohospodárstvo a chov,Živočíšna farma,travna_hmota_ttp,Trávna hmota z lúk a TTP,02 01 03,vedlajsi_produkt,sezonne_leto,D
47002859,Farma Titváň s. r. o.,Šaľa,Šaľa,Nitriansky,48.150995,17.876502,Poľnohospodárstvo a chov,Živočíšna farma,kadavery,Uhynuté zvieratá (kadávery),02 01 02,odpad,celorocne,D
47005050,Barczi - zelenina s.r.o.,Topoľníky,Dunajská Streda,Trnavský,47.966677,17.783323,Poľnohospodárstvo a chov,Zeleninárstvo,zeleninove_orezky,Orezky a nepodarky zeleniny,02 03 04,odpad,sezonne_leto,D
47005050,Barczi - zelenina s.r.o.,Topoľníky,Dunajská Streda,Trnavský,47.966677,17.783323,Poľnohospodárstvo a chov,Zeleninárstvo,kal_pranie_zeleniny,Kal z prania a lúpania zeleniny,02 03 01,odpad,sezonne_leto,D
47005050,Barczi - zelenina s.r.o.,Topoľníky,Dunajská Streda,Trnavský,47.966677,17.783323,Poľnohospodárstvo a chov,Zeleninárstvo,vnate_pozberove,Vňate a pozberové zvyšky zeleniny,02 01 03,odpad,sezonne_jesen,D
47005050,Barczi - zelenina s.r.o.,Topoľníky,Dunajská Streda,Trnavský,47.966677,17.783323,Poľnohospodárstvo a chov,Zeleninárstvo,zemiakove_supky,Zemiakové šupky a orezky,02 03 04,vedlajsi_produkt,celorocne,D
47035404,RyboCHov s. r. o.,Kľače,Žilina,Žilinský,49.106091,18.647759,"Drevo, lesníctvo a ostatné",Rybárstvo a akvakultúra,rybie_zvysky,"Rybie hlavy, vnútornosti a kosti",02 02 03,vedlajsi_produkt,celorocne,D
47035404,RyboCHov s. r. o.,Kľače,Žilina,Žilinský,49.106091,18.647759,"Drevo, lesníctvo a ostatné",Rybárstvo a akvakultúra,kal_akvakultura,Kal z akvakultúry,02 01 01,odpad,celorocne,D
47049774,AK-FARMA s.r.o.,Krušovce,Topoľčany,Nitriansky,48.587898,18.201915,Poľnohospodárstvo a chov,Živočíšna farma,hnoj_hovadzi,Maštaľný hnoj hovädzí,02 01 06,odpad,celorocne,D
47049774,AK-FARMA s.r.o.,Krušovce,Topoľčany,Nitriansky,48.587898,18.201915,Poľnohospodárstvo a chov,Živočíšna farma,hnojovica_osipane,Hnojovica ošípaných,02 01 06,odpad,celorocne,D
47049774,AK-FARMA s.r.o.,Krušovce,Topoľčany,Nitriansky,48.587898,18.201915,Poľnohospodárstvo a chov,Živočíšna farma,ovciarsky_hnoj,Ovčí a kozí hnoj,02 01 06,odpad,celorocne,D
47049774,AK-FARMA s.r.o.,Krušovce,Topoľčany,Nitriansky,48.587898,18.201915,Poľnohospodárstvo a chov,Živočíšna farma,travna_hmota_ttp,Trávna hmota z lúk a TTP,02 01 03,vedlajsi_produkt,sezonne_leto,D
47049774,AK-FARMA s.r.o.,Krušovce,Topoľčany,Nitriansky,48.587898,18.201915,Poľnohospodárstvo a chov,Živočíšna farma,kadavery,Uhynuté zvieratá (kadávery),02 01 02,odpad,celorocne,D
47062321,"Ekopíla Bytča, s.r.o.",Hlboké nad Váhom,Bytča,Žilinský,49.21356,18.589554,"Drevo, lesníctvo a ostatné",Píla a drevospracovanie,piliny,Piliny a hobliny,03 01 05,vedlajsi_produkt,celorocne,D
47062321,"Ekopíla Bytča, s.r.o.",Hlboké nad Váhom,Bytča,Žilinský,49.21356,18.589554,"Drevo, lesníctvo a ostatné",Píla a drevospracovanie,kora,Odpadová kôra,03 01 01,vedlajsi_produkt,celorocne,D
47062321,"Ekopíla Bytča, s.r.o.",Hlboké nad Váhom,Bytča,Žilinský,49.21356,18.589554,"Drevo, lesníctvo a ostatné",Píla a drevospracovanie,odrezky_dreva,Odrezky a drevný odpad,03 01 05,vedlajsi_produkt,celorocne,D
47154497,Eko – Bio Budča s.r.o.,Budča,Zvolen,Banskobystrický,48.5743,19.065196,Komunálny a gastro bioodpad,Bioplynová stanica,digestat,Digestát z bioplynovej stanice,19 06 06,odpad,celorocne,D
47154497,Eko – Bio Budča s.r.o.,Budča,Zvolen,Banskobystrický,48.5743,19.065196,Komunálny a gastro bioodpad,Bioplynová stanica,kukuricne_korovie,Kukuričné kôrovie a stonky,02 01 03,vedlajsi_produkt,sezonne_jesen,D
47154497,Eko – Bio Budča s.r.o.,Budča,Zvolen,Banskobystrický,48.5743,19.065196,Komunálny a gastro bioodpad,Bioplynová stanica,hnojovica_osipane,Hnojovica ošípaných,02 01 06,odpad,celorocne,D
47156384,"JMV Mäso-Údeniny, s. r. o.",Považská Bystrica,Považská Bystrica,Trenčiansky,49.114507,18.447319,Potravinárstvo a nápoje,Mäsospracovanie,kostny_zvysok,Kosti a kostné zvyšky,02 02 02,vedlajsi_produkt,celorocne,D
47156384,"JMV Mäso-Údeniny, s. r. o.",Považská Bystrica,Považská Bystrica,Trenčiansky,49.114507,18.447319,Potravinárstvo a nápoje,Mäsospracovanie,kozne_odrezky,Kožné odrezky a podkožný tuk,02 02 02,odpad,celorocne,D
47156384,"JMV Mäso-Údeniny, s. r. o.",Považská Bystrica,Považská Bystrica,Trenčiansky,49.114507,18.447319,Potravinárstvo a nápoje,Mäsospracovanie,masovy_flotacny_kal,Flotačný kal z mäsospracovania,02 02 04,odpad,celorocne,D
47156384,"JMV Mäso-Údeniny, s. r. o.",Považská Bystrica,Považská Bystrica,Trenčiansky,49.114507,18.447319,Potravinárstvo a nápoje,Mäsospracovanie,zvp_kat3,Živočíšne vedľajšie produkty kategórie 3,02 02 02,vedlajsi_produkt,celorocne,D
47156384,"JMV Mäso-Údeniny, s. r. o.",Považská Bystrica,Považská Bystrica,Trenčiansky,49.114507,18.447319,Potravinárstvo a nápoje,Mäsospracovanie,technicky_zivocisny_tuk,Technický živočíšny tuk,02 02 03,vedlajsi_produkt,celorocne,D
47156384,"JMV Mäso-Údeniny, s. r. o.",Považská Bystrica,Považská Bystrica,Trenčiansky,49.114507,18.447319,Potravinárstvo a nápoje,Mäsospracovanie,masokostna_mucka,Mäsokostná múčka,02 02 02,odpad,celorocne,D
47164468,PDT - poľná zelenina s.r.o.,Tvrdošovce,Nové Zámky,Nitriansky,48.095688,18.061308,Poľnohospodárstvo a chov,Zeleninárstvo,zeleninove_orezky,Orezky a nepodarky zeleniny,02 03 04,odpad,sezonne_leto,D
47164468,PDT - poľná zelenina s.r.o.,Tvrdošovce,Nové Zámky,Nitriansky,48.095688,18.061308,Poľnohospodárstvo a chov,Zeleninárstvo,kal_pranie_zeleniny,Kal z prania a lúpania zeleniny,02 03 01,odpad,sezonne_leto,D
47164468,PDT - poľná zelenina s.r.o.,Tvrdošovce,Nové Zámky,Nitriansky,48.095688,18.061308,Poľnohospodárstvo a chov,Zeleninárstvo,vnate_pozberove,Vňate a pozberové zvyšky zeleniny,02 01 03,odpad,sezonne_jesen,D
47164468,PDT - poľná zelenina s.r.o.,Tvrdošovce,Nové Zámky,Nitriansky,48.095688,18.061308,Poľnohospodárstvo a chov,Zeleninárstvo,zemiakove_supky,Zemiakové šupky a orezky,02 03 04,vedlajsi_produkt,celorocne,D
47191112,"Sladovňa Košice, s.r.o.",Košice,Košice I,Košický,48.717227,21.249677,Potravinárstvo a nápoje,Sladovňa,sladovy_klicok,Sladový klíčok,02 07 01,krmna_surovina,celorocne,D
47191112,"Sladovňa Košice, s.r.o.",Košice,Košice I,Košický,48.717227,21.249677,Potravinárstvo a nápoje,Sladovňa,sladovy_prach,Sladový prach a plevy,02 07 01,vedlajsi_produkt,celorocne,D
47211466,Hydinová farma Pačanský s.r.o.,Banská Bystrica,Banská Bystrica,Banskobystrický,48.738539,19.156869,Poľnohospodárstvo a chov,Hydinárska prevádzka,perie,Perie z hydinových bitúnkov,02 02 02,odpad,celorocne,D
47211466,Hydinová farma Pačanský s.r.o.,Banská Bystrica,Banská Bystrica,Banskobystrický,48.738539,19.156869,Poľnohospodárstvo a chov,Hydinárska prevádzka,hydinovy_trus,Hydinový trus a podstielka,02 01 06,odpad,celorocne,D
47211466,Hydinová farma Pačanský s.r.o.,Banská Bystrica,Banská Bystrica,Banskobystrický,48.738539,19.156869,Poľnohospodárstvo a chov,Hydinárska prevádzka,krv_bitunok,Krv z bitúnku,02 02 03,vedlajsi_produkt,celorocne,D
47211466,Hydinová farma Pačanský s.r.o.,Banská Bystrica,Banská Bystrica,Banskobystrický,48.738539,19.156869,Poľnohospodárstvo a chov,Hydinárska prevádzka,kadavery,Uhynuté zvieratá (kadávery),02 01 02,odpad,celorocne,D
47211466,Hydinová farma Pačanský s.r.o.,Banská Bystrica,Banská Bystrica,Banskobystrický,48.738539,19.156869,Poľnohospodárstvo a chov,Hydinárska prevádzka,zvp_kat3,Živočíšne vedľajšie produkty kategórie 3,02 02 02,vedlajsi_produkt,celorocne,D
47211466,Hydinová farma Pačanský s.r.o.,Banská Bystrica,Banská Bystrica,Banskobystrický,48.738539,19.156869,Poľnohospodárstvo a chov,Hydinárska prevádzka,zvp_kat2,Živočíšne vedľajšie produkty kategórie 2,02 02 02,odpad,celorocne,D
47236736,"Nemocnica Topoľčany, a. s.",Topoľčany,Topoľčany,Nitriansky,48.559116,18.176052,Gastro a stravovacie zariadenia,Nemocnica,nemocnicny_kuchynsky_odpad,Kuchynský odpad zo zdravotníckych a sociálnych zariadení,20 01 08,odpad,celorocne,D
47236736,"Nemocnica Topoľčany, a. s.",Topoľčany,Topoľčany,Nitriansky,48.559116,18.176052,Gastro a stravovacie zariadenia,Nemocnica,zvysky_z_taniera,Zvyšky z taniera,20 01 08,odpad,celorocne,D
47236736,"Nemocnica Topoľčany, a. s.",Topoľčany,Topoľčany,Nitriansky,48.559116,18.176052,Gastro a stravovacie zariadenia,Nemocnica,gastro_fritovaci_olej,Použitý fritovací olej z gastroprevádzok,20 01 25,odpad,celorocne,D
47249021,"Vranovská nemocnica, a.s.",Vranov nad Topľou,Vranov nad Topľou,Prešovský,48.890524,21.680564,Gastro a stravovacie zariadenia,Nemocnica,nemocnicny_kuchynsky_odpad,Kuchynský odpad zo zdravotníckych a sociálnych zariadení,20 01 08,odpad,celorocne,D
47249021,"Vranovská nemocnica, a.s.",Vranov nad Topľou,Vranov nad Topľou,Prešovský,48.890524,21.680564,Gastro a stravovacie zariadenia,Nemocnica,zvysky_z_taniera,Zvyšky z taniera,20 01 08,odpad,celorocne,D
47249021,"Vranovská nemocnica, a.s.",Vranov nad Topľou,Vranov nad Topľou,Prešovský,48.890524,21.680564,Gastro a stravovacie zariadenia,Nemocnica,gastro_fritovaci_olej,Použitý fritovací olej z gastroprevádzok,20 01 25,odpad,celorocne,D
47249048,"Nemocnica A. Leňa Humenné, a.s.",Humenné,Humenné,Prešovský,48.934603,21.90314,Gastro a stravovacie zariadenia,Nemocnica,nemocnicny_kuchynsky_odpad,Kuchynský odpad zo zdravotníckych a sociálnych zariadení,20 01 08,odpad,celorocne,D
47249048,"Nemocnica A. Leňa Humenné, a.s.",Humenné,Humenné,Prešovský,48.934603,21.90314,Gastro a stravovacie zariadenia,Nemocnica,zvysky_z_taniera,Zvyšky z taniera,20 01 08,odpad,celorocne,D
47249048,"Nemocnica A. Leňa Humenné, a.s.",Humenné,Humenné,Prešovský,48.934603,21.90314,Gastro a stravovacie zariadenia,Nemocnica,gastro_fritovaci_olej,Použitý fritovací olej z gastroprevádzok,20 01 25,odpad,celorocne,D
47249099,"Nemocnica arm. generála L. Svobodu Svidník, a.s.",Svidník,Svidník,Prešovský,49.308408,21.573643,Gastro a stravovacie zariadenia,Nemocnica,nemocnicny_kuchynsky_odpad,Kuchynský odpad zo zdravotníckych a sociálnych zariadení,20 01 08,odpad,celorocne,D
47249099,"Nemocnica arm. generála L. Svobodu Svidník, a.s.",Svidník,Svidník,Prešovský,49.308408,21.573643,Gastro a stravovacie zariadenia,Nemocnica,zvysky_z_taniera,Zvyšky z taniera,20 01 08,odpad,celorocne,D
47249099,"Nemocnica arm. generála L. Svobodu Svidník, a.s.",Svidník,Svidník,Prešovský,49.308408,21.573643,Gastro a stravovacie zariadenia,Nemocnica,gastro_fritovaci_olej,Použitý fritovací olej z gastroprevádzok,20 01 25,odpad,celorocne,D
47332638,"Mestské lesy Bardejov, s. r. o.",Bardejov,Bardejov,Prešovský,49.292999,21.27554,"Drevo, lesníctvo a ostatné",Mestské lesy,lesna_stiepka,Lesná štiepka a haluzina,02 01 07,vedlajsi_produkt,celorocne,D
47332638,"Mestské lesy Bardejov, s. r. o.",Bardejov,Bardejov,Prešovský,49.292999,21.27554,"Drevo, lesníctvo a ostatné",Mestské lesy,kora,Odpadová kôra,03 01 01,vedlajsi_produkt,celorocne,D
47332638,"Mestské lesy Bardejov, s. r. o.",Bardejov,Bardejov,Prešovský,49.292999,21.27554,"Drevo, lesníctvo a ostatné",Mestské lesy,odrezky_dreva,Odrezky a drevný odpad,03 01 05,vedlajsi_produkt,celorocne,D
47332638,"Mestské lesy Bardejov, s. r. o.",Bardejov,Bardejov,Prešovský,49.292999,21.27554,"Drevo, lesníctvo a ostatné",Mestské lesy,konare_stiepka,Konáre a drevná štiepka z údržby zelene,20 02 01,odpad,sezonne_jar,D
47345411,Píla Praznov s.r.o.,Považská Bystrica,Považská Bystrica,Trenčiansky,49.114507,18.447319,"Drevo, lesníctvo a ostatné",Píla a drevospracovanie,piliny,Piliny a hobliny,03 01 05,vedlajsi_produkt,celorocne,D
47345411,Píla Praznov s.r.o.,Považská Bystrica,Považská Bystrica,Trenčiansky,49.114507,18.447319,"Drevo, lesníctvo a ostatné",Píla a drevospracovanie,kora,Odpadová kôra,03 01 01,vedlajsi_produkt,celorocne,D
47345411,Píla Praznov s.r.o.,Považská Bystrica,Považská Bystrica,Trenčiansky,49.114507,18.447319,"Drevo, lesníctvo a ostatné",Píla a drevospracovanie,odrezky_dreva,Odrezky a drevný odpad,03 01 05,vedlajsi_produkt,celorocne,D
47352647,"Píla Petro, s.r.o.",Liptovský Peter,Liptovský Mikuláš,Žilinský,49.053383,19.735175,"Drevo, lesníctvo a ostatné",Píla a drevospracovanie,piliny,Piliny a hobliny,03 01 05,vedlajsi_produkt,celorocne,D
47352647,"Píla Petro, s.r.o.",Liptovský Peter,Liptovský Mikuláš,Žilinský,49.053383,19.735175,"Drevo, lesníctvo a ostatné",Píla a drevospracovanie,kora,Odpadová kôra,03 01 01,vedlajsi_produkt,celorocne,D
47352647,"Píla Petro, s.r.o.",Liptovský Peter,Liptovský Mikuláš,Žilinský,49.053383,19.735175,"Drevo, lesníctvo a ostatné",Píla a drevospracovanie,odrezky_dreva,Odrezky a drevný odpad,03 01 05,vedlajsi_produkt,celorocne,D
47365773,Súkromná stredná odborná škola s.r.o.,Oravský Podzámok,Dolný Kubín,Žilinský,49.261134,19.357114,Gastro a stravovacie zariadenia,Stredná škola,skolsky_kuchynsky_odpad,Kuchynský odpad zo školských jedální,20 01 08,odpad,celorocne,D
47365773,Súkromná stredná odborná škola s.r.o.,Oravský Podzámok,Dolný Kubín,Žilinský,49.261134,19.357114,Gastro a stravovacie zariadenia,Stredná škola,zvysky_z_taniera,Zvyšky z taniera,20 01 08,odpad,celorocne,D
47365773,Súkromná stredná odborná škola s.r.o.,Oravský Podzámok,Dolný Kubín,Žilinský,49.261134,19.357114,Gastro a stravovacie zariadenia,Stredná škola,gastro_fritovaci_olej,Použitý fritovací olej z gastroprevádzok,20 01 25,odpad,celorocne,D
47365773,Súkromná stredná odborná škola s.r.o.,Oravský Podzámok,Dolný Kubín,Žilinský,49.261134,19.357114,Gastro a stravovacie zariadenia,Stredná škola,bro_zahrady,Biologicky rozložiteľný odpad zo záhrad,20 02 01,odpad,sezonne_leto,D
47367431,"Vinárstvo KORBAŠ, spol. s r.o.",Bernolákovo,Senec,Bratislavský,48.199027,17.300361,Potravinárstvo a nápoje,Vinárstvo,hroznove_vylisky,Hroznové výlisky (matolina),02 07 04,vedlajsi_produkt,sezonne_jesen,D
47367431,"Vinárstvo KORBAŠ, spol. s r.o.",Bernolákovo,Senec,Bratislavský,48.199027,17.300361,Potravinárstvo a nápoje,Vinárstvo,vinne_kaly,Vínne kaly,02 07 05,odpad,sezonne_jesen,D
47367431,"Vinárstvo KORBAŠ, spol. s r.o.",Bernolákovo,Senec,Bratislavský,48.199027,17.300361,Potravinárstvo a nápoje,Vinárstvo,hroznove_stopky,Hroznové stopky (strapiny),02 07 01,odpad,sezonne_jesen,D
47371340,Bitúnok Dechtice s.r.o.,Dechtice,Trnava,Trnavský,48.548052,17.595636,Potravinárstvo a nápoje,Bitúnok,bachorovy_obsah,Obsah bachora a tráviaceho traktu,02 02 04,odpad,celorocne,D
47371340,Bitúnok Dechtice s.r.o.,Dechtice,Trnava,Trnavský,48.548052,17.595636,Potravinárstvo a nápoje,Bitúnok,krv_bitunok,Krv z bitúnku,02 02 03,vedlajsi_produkt,celorocne,D
47371340,Bitúnok Dechtice s.r.o.,Dechtice,Trnava,Trnavský,48.548052,17.595636,Potravinárstvo a nápoje,Bitúnok,kostny_zvysok,Kosti a kostné zvyšky,02 02 02,vedlajsi_produkt,celorocne,D
47371340,Bitúnok Dechtice s.r.o.,Dechtice,Trnava,Trnavský,48.548052,17.595636,Potravinárstvo a nápoje,Bitúnok,kozne_odrezky,Kožné odrezky a podkožný tuk,02 02 02,odpad,celorocne,D
47371340,Bitúnok Dechtice s.r.o.,Dechtice,Trnava,Trnavský,48.548052,17.595636,Potravinárstvo a nápoje,Bitúnok,masovy_flotacny_kal,Flotačný kal z mäsospracovania,02 02 04,odpad,celorocne,D
47371340,Bitúnok Dechtice s.r.o.,Dechtice,Trnava,Trnavský,48.548052,17.595636,Potravinárstvo a nápoje,Bitúnok,zvp_kat3,Živočíšne vedľajšie produkty kategórie 3,02 02 02,vedlajsi_produkt,celorocne,D
47371340,Bitúnok Dechtice s.r.o.,Dechtice,Trnava,Trnavský,48.548052,17.595636,Potravinárstvo a nápoje,Bitúnok,zvp_kat2,Živočíšne vedľajšie produkty kategórie 2,02 02 02,odpad,celorocne,D
47371340,Bitúnok Dechtice s.r.o.,Dechtice,Trnava,Trnavský,48.548052,17.595636,Potravinárstvo a nápoje,Bitúnok,zvp_kat1,Živočíšne vedľajšie produkty kategórie 1,02 01 02,odpad,celorocne,D
47371340,Bitúnok Dechtice s.r.o.,Dechtice,Trnava,Trnavský,48.548052,17.595636,Potravinárstvo a nápoje,Bitúnok,technicky_zivocisny_tuk,Technický živočíšny tuk,02 02 03,vedlajsi_produkt,celorocne,D
47417153,PEKÁRSKA A CUKRÁRSKA VÝROBA s. r. o.,Malacky,Malacky,Bratislavský,48.43475,17.020348,Potravinárstvo a nápoje,Pekáreň,pekarenske_zvysky,Pekárenské zvyšky,02 06 01,vedlajsi_produkt,celorocne,D
47417153,PEKÁRSKA A CUKRÁRSKA VÝROBA s. r. o.,Malacky,Malacky,Bratislavský,48.43475,17.020348,Potravinárstvo a nápoje,Pekáreň,cestovinove_zvysky,Cestovinové a múčne zvyšky,02 06 01,vedlajsi_produkt,celorocne,D
47434058,"Hrochotský mlyn, spol. s r.o.",Hrochoť,Banská Bystrica,Banskobystrický,48.655259,19.312134,Potravinárstvo a nápoje,Mlyn,psenicne_otruby,Pšeničné otruby,02 03 04,krmna_surovina,celorocne,D
47434058,"Hrochotský mlyn, spol. s r.o.",Hrochoť,Banská Bystrica,Banskobystrický,48.655259,19.312134,Potravinárstvo a nápoje,Mlyn,mlynske_zmetky,Mlynské zmetky a plevy,02 03 04,vedlajsi_produkt,celorocne,D
47434058,"Hrochotský mlyn, spol. s r.o.",Hrochoť,Banská Bystrica,Banskobystrický,48.655259,19.312134,Potravinárstvo a nápoje,Mlyn,odpad_cistenie_zrna,Odpad z čistenia a sušenia obilia,02 01 03,vedlajsi_produkt,sezonne_leto,D
47449152,Reštaurácia 6/4 s. r. o.,Banská Štiavnica,Banská Štiavnica,Banskobystrický,48.458093,18.89828,Gastro a stravovacie zariadenia,Reštaurácia,gastro_kuchynsky_odpad,Kuchynský odpad z reštaurácií a hotelov,20 01 08,odpad,celorocne,D
47449152,Reštaurácia 6/4 s. r. o.,Banská Štiavnica,Banská Štiavnica,Banskobystrický,48.458093,18.89828,Gastro a stravovacie zariadenia,Reštaurácia,zvysky_z_taniera,Zvyšky z taniera,20 01 08,odpad,celorocne,D
47449152,Reštaurácia 6/4 s. r. o.,Banská Štiavnica,Banská Štiavnica,Banskobystrický,48.458093,18.89828,Gastro a stravovacie zariadenia,Reštaurácia,gastro_fritovaci_olej,Použitý fritovací olej z gastroprevádzok,20 01 25,odpad,celorocne,D
47449152,Reštaurácia 6/4 s. r. o.,Banská Štiavnica,Banská Štiavnica,Banskobystrický,48.458093,18.89828,Gastro a stravovacie zariadenia,Reštaurácia,gastro_kavova_sedlina,Kávová sedlina z gastroprevádzok,20 01 08,odpad,celorocne,D
47449152,Reštaurácia 6/4 s. r. o.,Banská Štiavnica,Banská Štiavnica,Banskobystrický,48.458093,18.89828,Gastro a stravovacie zariadenia,Reštaurácia,tuky_odlucovace,Tuky z odlučovačov,19 08 09,odpad,celorocne,D
47455616,AgroSzász s.r.o.,Bátorove Kosihy,Komárno,Nitriansky,47.833333,18.416667,Poľnohospodárstvo a chov,Poľnohospodársky podnik,slama_obilna,Obilná slama,02 01 03,vedlajsi_produkt,sezonne_leto,D
47455616,AgroSzász s.r.o.,Bátorove Kosihy,Komárno,Nitriansky,47.833333,18.416667,Poľnohospodárstvo a chov,Poľnohospodársky podnik,kukuricne_korovie,Kukuričné kôrovie a stonky,02 01 03,vedlajsi_produkt,sezonne_jesen,D
47455616,AgroSzász s.r.o.,Bátorove Kosihy,Komárno,Nitriansky,47.833333,18.416667,Poľnohospodárstvo a chov,Poľnohospodársky podnik,repkova_slama,Repková slama,02 01 03,vedlajsi_produkt,sezonne_leto,D
47455616,AgroSzász s.r.o.,Bátorove Kosihy,Komárno,Nitriansky,47.833333,18.416667,Poľnohospodárstvo a chov,Poľnohospodársky podnik,odpad_cistenie_zrna,Odpad z čistenia a sušenia obilia,02 01 03,vedlajsi_produkt,sezonne_leto,D
47455616,AgroSzász s.r.o.,Bátorove Kosihy,Komárno,Nitriansky,47.833333,18.416667,Poľnohospodárstvo a chov,Poľnohospodársky podnik,travna_hmota_ttp,Trávna hmota z lúk a TTP,02 01 03,vedlajsi_produkt,sezonne_leto,D
47484004,I.M.D.K. pekáreň a predajne s. r. o.,Trenčín,Trenčín,Trenčiansky,48.892358,18.039372,Potravinárstvo a nápoje,Pekáreň,pekarenske_zvysky,Pekárenské zvyšky,02 06 01,vedlajsi_produkt,celorocne,D
47484004,I.M.D.K. pekáreň a predajne s. r. o.,Trenčín,Trenčín,Trenčiansky,48.892358,18.039372,Potravinárstvo a nápoje,Pekáreň,cestovinove_zvysky,Cestovinové a múčne zvyšky,02 06 01,vedlajsi_produkt,celorocne,D
47502908,"Pekáreň PODHORIE, s. r. o.",Krásna Ves,Bánovce nad Bebravou,Trenčiansky,48.835786,18.230924,Potravinárstvo a nápoje,Pekáreň,pekarenske_zvysky,Pekárenské zvyšky,02 06 01,vedlajsi_produkt,celorocne,D
47502908,"Pekáreň PODHORIE, s. r. o.",Krásna Ves,Bánovce nad Bebravou,Trenčiansky,48.835786,18.230924,Potravinárstvo a nápoje,Pekáreň,cestovinove_zvysky,Cestovinové a múčne zvyšky,02 06 01,vedlajsi_produkt,celorocne,D
47511940,"InterSporthotel, spol. s r.o.",Stupava,Malacky,Bratislavský,48.273132,17.032746,Gastro a stravovacie zariadenia,Hotel,gastro_kuchynsky_odpad,Kuchynský odpad z reštaurácií a hotelov,20 01 08,odpad,celorocne,D
47511940,"InterSporthotel, spol. s r.o.",Stupava,Malacky,Bratislavský,48.273132,17.032746,Gastro a stravovacie zariadenia,Hotel,zvysky_z_taniera,Zvyšky z taniera,20 01 08,odpad,celorocne,D
47511940,"InterSporthotel, spol. s r.o.",Stupava,Malacky,Bratislavský,48.273132,17.032746,Gastro a stravovacie zariadenia,Hotel,gastro_fritovaci_olej,Použitý fritovací olej z gastroprevádzok,20 01 25,odpad,celorocne,D
47511940,"InterSporthotel, spol. s r.o.",Stupava,Malacky,Bratislavský,48.273132,17.032746,Gastro a stravovacie zariadenia,Hotel,gastro_kavova_sedlina,Kávová sedlina z gastroprevádzok,20 01 08,odpad,celorocne,D
47511940,"InterSporthotel, spol. s r.o.",Stupava,Malacky,Bratislavský,48.273132,17.032746,Gastro a stravovacie zariadenia,Hotel,bro_zahrady,Biologicky rozložiteľný odpad zo záhrad,20 02 01,odpad,sezonne_leto,D
47517492,Malina - Jedáleň s.r.o.,Rapovce,Lučenec,Banskobystrický,48.273689,19.680832,Gastro a stravovacie zariadenia,Závodná a verejná jedáleň,gastro_kuchynsky_odpad,Kuchynský odpad z reštaurácií a hotelov,20 01 08,odpad,celorocne,D
47517492,Malina - Jedáleň s.r.o.,Rapovce,Lučenec,Banskobystrický,48.273689,19.680832,Gastro a stravovacie zariadenia,Závodná a verejná jedáleň,zvysky_z_taniera,Zvyšky z taniera,20 01 08,odpad,celorocne,D
47517492,Malina - Jedáleň s.r.o.,Rapovce,Lučenec,Banskobystrický,48.273689,19.680832,Gastro a stravovacie zariadenia,Závodná a verejná jedáleň,gastro_fritovaci_olej,Použitý fritovací olej z gastroprevádzok,20 01 25,odpad,celorocne,D
47517492,Malina - Jedáleň s.r.o.,Rapovce,Lučenec,Banskobystrický,48.273689,19.680832,Gastro a stravovacie zariadenia,Závodná a verejná jedáleň,tuky_odlucovace,Tuky z odlučovačov,19 08 09,odpad,celorocne,D
47531061,"Olej Hont, s.r.o.",Súdovce,Krupina,Banskobystrický,48.216667,18.833333,Potravinárstvo a nápoje,Spracovanie olejnín,repkovy_srot,Repkový extrahovaný šrot,02 03 04,krmna_surovina,celorocne,D
47531061,"Olej Hont, s.r.o.",Súdovce,Krupina,Banskobystrický,48.216667,18.833333,Potravinárstvo a nápoje,Spracovanie olejnín,slnecnicovy_srot,Slnečnicový extrahovaný šrot,02 03 04,krmna_surovina,celorocne,D
47531061,"Olej Hont, s.r.o.",Súdovce,Krupina,Banskobystrický,48.216667,18.833333,Potravinárstvo a nápoje,Spracovanie olejnín,olejnaty_kal,Kaly z rafinácie jedlých olejov,02 03 05,odpad,celorocne,D
47548584,"Necpalská mliekáreň, s. r. o.",Necpaly,Martin,Žilinský,48.983333,18.983333,Potravinárstvo a nápoje,Mliekáreň,srvatka_sladka,Sladká srvátka,02 05 01,vedlajsi_produkt,celorocne,D
47548584,"Necpalská mliekáreň, s. r. o.",Necpaly,Martin,Žilinský,48.983333,18.983333,Potravinárstvo a nápoje,Mliekáreň,srvatka_kysla,Kyslá srvátka,02 05 01,odpad,celorocne,D
47548584,"Necpalská mliekáreň, s. r. o.",Necpaly,Martin,Žilinský,48.983333,18.983333,Potravinárstvo a nápoje,Mliekáreň,srvatkovy_permeat,Srvátkový permeát,02 05 01,vedlajsi_produkt,celorocne,D
47548584,"Necpalská mliekáreň, s. r. o.",Necpaly,Martin,Žilinský,48.983333,18.983333,Potravinárstvo a nápoje,Mliekáreň,cmar,Cmar,02 05 01,krmna_surovina,celorocne,D
47548584,"Necpalská mliekáreň, s. r. o.",Necpaly,Martin,Žilinský,48.983333,18.983333,Potravinárstvo a nápoje,Mliekáreň,mliekarensky_kal,Kal z mliekarenskej ČOV,02 05 02,odpad,celorocne,D
47551275,"PREŠOVSKÝ PIVOVAR, s.r.o.",Petrovany,Prešov,Prešovský,48.91662,21.261603,Potravinárstvo a nápoje,Pivovar / minipivovar,pivovarske_mlato,Pivovarské mláto,02 07 01,vedlajsi_produkt,celorocne,D
47551275,"PREŠOVSKÝ PIVOVAR, s.r.o.",Petrovany,Prešov,Prešovský,48.91662,21.261603,Potravinárstvo a nápoje,Pivovar / minipivovar,pivovarske_kvasnice,Pivovarské kvasnice,02 07 05,vedlajsi_produkt,celorocne,D
47551275,"PREŠOVSKÝ PIVOVAR, s.r.o.",Petrovany,Prešov,Prešovský,48.91662,21.261603,Potravinárstvo a nápoje,Pivovar / minipivovar,chmelovy_mlat,Chmeľový mlát,02 07 01,odpad,celorocne,D
47551275,"PREŠOVSKÝ PIVOVAR, s.r.o.",Petrovany,Prešov,Prešovský,48.91662,21.261603,Potravinárstvo a nápoje,Pivovar / minipivovar,kremelinovy_kal,Kremelinový kal z filtrácie,02 07 05,odpad,celorocne,D
47560720,Reštaurácia Očová s.r.o.,Očová,Zvolen,Banskobystrický,48.599127,19.286756,Gastro a stravovacie zariadenia,Reštaurácia,gastro_kuchynsky_odpad,Kuchynský odpad z reštaurácií a hotelov,20 01 08,odpad,celorocne,D
47560720,Reštaurácia Očová s.r.o.,Očová,Zvolen,Banskobystrický,48.599127,19.286756,Gastro a stravovacie zariadenia,Reštaurácia,zvysky_z_taniera,Zvyšky z taniera,20 01 08,odpad,celorocne,D
47560720,Reštaurácia Očová s.r.o.,Očová,Zvolen,Banskobystrický,48.599127,19.286756,Gastro a stravovacie zariadenia,Reštaurácia,gastro_fritovaci_olej,Použitý fritovací olej z gastroprevádzok,20 01 25,odpad,celorocne,D
47560720,Reštaurácia Očová s.r.o.,Očová,Zvolen,Banskobystrický,48.599127,19.286756,Gastro a stravovacie zariadenia,Reštaurácia,gastro_kavova_sedlina,Kávová sedlina z gastroprevádzok,20 01 08,odpad,celorocne,D
47560720,Reštaurácia Očová s.r.o.,Očová,Zvolen,Banskobystrický,48.599127,19.286756,Gastro a stravovacie zariadenia,Reštaurácia,tuky_odlucovace,Tuky z odlučovačov,19 08 09,odpad,celorocne,D
47570822,"Mäso Melek, s.r.o.",Melek,Nitra,Nitriansky,48.2,18.333333,Potravinárstvo a nápoje,Mäsospracovanie,kostny_zvysok,Kosti a kostné zvyšky,02 02 02,vedlajsi_produkt,celorocne,D
47570822,"Mäso Melek, s.r.o.",Melek,Nitra,Nitriansky,48.2,18.333333,Potravinárstvo a nápoje,Mäsospracovanie,kozne_odrezky,Kožné odrezky a podkožný tuk,02 02 02,odpad,celorocne,D
47570822,"Mäso Melek, s.r.o.",Melek,Nitra,Nitriansky,48.2,18.333333,Potravinárstvo a nápoje,Mäsospracovanie,masovy_flotacny_kal,Flotačný kal z mäsospracovania,02 02 04,odpad,celorocne,D
47570822,"Mäso Melek, s.r.o.",Melek,Nitra,Nitriansky,48.2,18.333333,Potravinárstvo a nápoje,Mäsospracovanie,zvp_kat3,Živočíšne vedľajšie produkty kategórie 3,02 02 02,vedlajsi_produkt,celorocne,D
47570822,"Mäso Melek, s.r.o.",Melek,Nitra,Nitriansky,48.2,18.333333,Potravinárstvo a nápoje,Mäsospracovanie,technicky_zivocisny_tuk,Technický živočíšny tuk,02 02 03,vedlajsi_produkt,celorocne,D
47570822,"Mäso Melek, s.r.o.",Melek,Nitra,Nitriansky,48.2,18.333333,Potravinárstvo a nápoje,Mäsospracovanie,masokostna_mucka,Mäsokostná múčka,02 02 02,odpad,celorocne,D
47597291,"Pekáreň u St. Klaus, s.r.o.",Hronec,Brezno,Banskobystrický,48.80232,19.575561,Potravinárstvo a nápoje,Pekáreň,pekarenske_zvysky,Pekárenské zvyšky,02 06 01,vedlajsi_produkt,celorocne,D
47597291,"Pekáreň u St. Klaus, s.r.o.",Hronec,Brezno,Banskobystrický,48.80232,19.575561,Potravinárstvo a nápoje,Pekáreň,cestovinove_zvysky,Cestovinové a múčne zvyšky,02 06 01,vedlajsi_produkt,celorocne,D
47600578,PÍLA Jaklovce s. r. o.,Jaklovce,Gelnica,Košický,48.873225,20.995106,"Drevo, lesníctvo a ostatné",Píla a drevospracovanie,piliny,Piliny a hobliny,03 01 05,vedlajsi_produkt,celorocne,D
47600578,PÍLA Jaklovce s. r. o.,Jaklovce,Gelnica,Košický,48.873225,20.995106,"Drevo, lesníctvo a ostatné",Píla a drevospracovanie,kora,Odpadová kôra,03 01 01,vedlajsi_produkt,celorocne,D
47600578,PÍLA Jaklovce s. r. o.,Jaklovce,Gelnica,Košický,48.873225,20.995106,"Drevo, lesníctvo a ostatné",Píla a drevospracovanie,odrezky_dreva,Odrezky a drevný odpad,03 01 05,vedlajsi_produkt,celorocne,D
47613131,"Reštaurácia Svätý Hubert, s. r. o.",Považská Bystrica,Považská Bystrica,Trenčiansky,49.114507,18.447319,Gastro a stravovacie zariadenia,Reštaurácia,gastro_kuchynsky_odpad,Kuchynský odpad z reštaurácií a hotelov,20 01 08,odpad,celorocne,D
47613131,"Reštaurácia Svätý Hubert, s. r. o.",Považská Bystrica,Považská Bystrica,Trenčiansky,49.114507,18.447319,Gastro a stravovacie zariadenia,Reštaurácia,zvysky_z_taniera,Zvyšky z taniera,20 01 08,odpad,celorocne,D
47613131,"Reštaurácia Svätý Hubert, s. r. o.",Považská Bystrica,Považská Bystrica,Trenčiansky,49.114507,18.447319,Gastro a stravovacie zariadenia,Reštaurácia,gastro_fritovaci_olej,Použitý fritovací olej z gastroprevádzok,20 01 25,odpad,celorocne,D
47613131,"Reštaurácia Svätý Hubert, s. r. o.",Považská Bystrica,Považská Bystrica,Trenčiansky,49.114507,18.447319,Gastro a stravovacie zariadenia,Reštaurácia,gastro_kavova_sedlina,Kávová sedlina z gastroprevádzok,20 01 08,odpad,celorocne,D
47613131,"Reštaurácia Svätý Hubert, s. r. o.",Považská Bystrica,Považská Bystrica,Trenčiansky,49.114507,18.447319,Gastro a stravovacie zariadenia,Reštaurácia,tuky_odlucovace,Tuky z odlučovačov,19 08 09,odpad,celorocne,D
47615591,Rybárová AGROFARMA s.r.o.,Šurany,Nové Zámky,Nitriansky,48.086106,18.186834,Poľnohospodárstvo a chov,Živočíšna farma,hnoj_hovadzi,Maštaľný hnoj hovädzí,02 01 06,odpad,celorocne,D
47615591,Rybárová AGROFARMA s.r.o.,Šurany,Nové Zámky,Nitriansky,48.086106,18.186834,Poľnohospodárstvo a chov,Živočíšna farma,hnojovica_osipane,Hnojovica ošípaných,02 01 06,odpad,celorocne,D
47615591,Rybárová AGROFARMA s.r.o.,Šurany,Nové Zámky,Nitriansky,48.086106,18.186834,Poľnohospodárstvo a chov,Živočíšna farma,ovciarsky_hnoj,Ovčí a kozí hnoj,02 01 06,odpad,celorocne,D
47615591,Rybárová AGROFARMA s.r.o.,Šurany,Nové Zámky,Nitriansky,48.086106,18.186834,Poľnohospodárstvo a chov,Živočíšna farma,travna_hmota_ttp,Trávna hmota z lúk a TTP,02 01 03,vedlajsi_produkt,sezonne_leto,D
47615591,Rybárová AGROFARMA s.r.o.,Šurany,Nové Zámky,Nitriansky,48.086106,18.186834,Poľnohospodárstvo a chov,Živočíšna farma,kadavery,Uhynuté zvieratá (kadávery),02 01 02,odpad,celorocne,D
47655364,Pekáreň Dóža s.r.o.,Zemné,Nové Zámky,Nitriansky,47.987724,17.994901,Potravinárstvo a nápoje,Pekáreň,pekarenske_zvysky,Pekárenské zvyšky,02 06 01,vedlajsi_produkt,celorocne,D
47655364,Pekáreň Dóža s.r.o.,Zemné,Nové Zámky,Nitriansky,47.987724,17.994901,Potravinárstvo a nápoje,Pekáreň,cestovinove_zvysky,Cestovinové a múčne zvyšky,02 06 01,vedlajsi_produkt,celorocne,D
47655950,Agrofarma CM s.r.o.,Horovce,Michalovce,Košický,48.704265,21.768522,Poľnohospodárstvo a chov,Živočíšna farma,hnoj_hovadzi,Maštaľný hnoj hovädzí,02 01 06,odpad,celorocne,D
47655950,Agrofarma CM s.r.o.,Horovce,Michalovce,Košický,48.704265,21.768522,Poľnohospodárstvo a chov,Živočíšna farma,hnojovica_osipane,Hnojovica ošípaných,02 01 06,odpad,celorocne,D
47655950,Agrofarma CM s.r.o.,Horovce,Michalovce,Košický,48.704265,21.768522,Poľnohospodárstvo a chov,Živočíšna farma,ovciarsky_hnoj,Ovčí a kozí hnoj,02 01 06,odpad,celorocne,D
47655950,Agrofarma CM s.r.o.,Horovce,Michalovce,Košický,48.704265,21.768522,Poľnohospodárstvo a chov,Živočíšna farma,travna_hmota_ttp,Trávna hmota z lúk a TTP,02 01 03,vedlajsi_produkt,sezonne_leto,D
47655950,Agrofarma CM s.r.o.,Horovce,Michalovce,Košický,48.704265,21.768522,Poľnohospodárstvo a chov,Živočíšna farma,kadavery,Uhynuté zvieratá (kadávery),02 01 02,odpad,celorocne,D
47668725,"Reštaurácia ELSA, s.r.o.",Nitra,Nitra,Nitriansky,48.31257,18.09061,Gastro a stravovacie zariadenia,Reštaurácia,gastro_kuchynsky_odpad,Kuchynský odpad z reštaurácií a hotelov,20 01 08,odpad,celorocne,D
47668725,"Reštaurácia ELSA, s.r.o.",Nitra,Nitra,Nitriansky,48.31257,18.09061,Gastro a stravovacie zariadenia,Reštaurácia,zvysky_z_taniera,Zvyšky z taniera,20 01 08,odpad,celorocne,D
47668725,"Reštaurácia ELSA, s.r.o.",Nitra,Nitra,Nitriansky,48.31257,18.09061,Gastro a stravovacie zariadenia,Reštaurácia,gastro_fritovaci_olej,Použitý fritovací olej z gastroprevádzok,20 01 25,odpad,celorocne,D
47668725,"Reštaurácia ELSA, s.r.o.",Nitra,Nitra,Nitriansky,48.31257,18.09061,Gastro a stravovacie zariadenia,Reštaurácia,gastro_kavova_sedlina,Kávová sedlina z gastroprevádzok,20 01 08,odpad,celorocne,D
47668725,"Reštaurácia ELSA, s.r.o.",Nitra,Nitra,Nitriansky,48.31257,18.09061,Gastro a stravovacie zariadenia,Reštaurácia,tuky_odlucovace,Tuky z odlučovačov,19 08 09,odpad,celorocne,D
47683023,"Výskumná a šľachtiteľská stanica vinohradnícka a vinárska, s. r. o.",Modra,Pezinok,Bratislavský,48.336443,17.308037,Potravinárstvo a nápoje,Vinárstvo,hroznove_vylisky,Hroznové výlisky (matolina),02 07 04,vedlajsi_produkt,sezonne_jesen,D
47683023,"Výskumná a šľachtiteľská stanica vinohradnícka a vinárska, s. r. o.",Modra,Pezinok,Bratislavský,48.336443,17.308037,Potravinárstvo a nápoje,Vinárstvo,vinne_kaly,Vínne kaly,02 07 05,odpad,sezonne_jesen,D
47683023,"Výskumná a šľachtiteľská stanica vinohradnícka a vinárska, s. r. o.",Modra,Pezinok,Bratislavský,48.336443,17.308037,Potravinárstvo a nápoje,Vinárstvo,hroznove_stopky,Hroznové stopky (strapiny),02 07 01,odpad,sezonne_jesen,D
47687835,"Drevársky závod - píla Senec, s.r.o.",Senec,Senec,Bratislavský,48.219641,17.396776,"Drevo, lesníctvo a ostatné",Píla a drevospracovanie,piliny,Piliny a hobliny,03 01 05,vedlajsi_produkt,celorocne,D
47687835,"Drevársky závod - píla Senec, s.r.o.",Senec,Senec,Bratislavský,48.219641,17.396776,"Drevo, lesníctvo a ostatné",Píla a drevospracovanie,kora,Odpadová kôra,03 01 01,vedlajsi_produkt,celorocne,D
47687835,"Drevársky závod - píla Senec, s.r.o.",Senec,Senec,Bratislavský,48.219641,17.396776,"Drevo, lesníctvo a ostatné",Píla a drevospracovanie,odrezky_dreva,Odrezky a drevný odpad,03 01 05,vedlajsi_produkt,celorocne,D
47696362,Donovalský pivovar a. s.,Donovaly,Banská Bystrica,Banskobystrický,48.879036,19.223947,Potravinárstvo a nápoje,Pivovar / minipivovar,pivovarske_mlato,Pivovarské mláto,02 07 01,vedlajsi_produkt,celorocne,D
47696362,Donovalský pivovar a. s.,Donovaly,Banská Bystrica,Banskobystrický,48.879036,19.223947,Potravinárstvo a nápoje,Pivovar / minipivovar,pivovarske_kvasnice,Pivovarské kvasnice,02 07 05,vedlajsi_produkt,celorocne,D
47696362,Donovalský pivovar a. s.,Donovaly,Banská Bystrica,Banskobystrický,48.879036,19.223947,Potravinárstvo a nápoje,Pivovar / minipivovar,chmelovy_mlat,Chmeľový mlát,02 07 01,odpad,celorocne,D
47696362,Donovalský pivovar a. s.,Donovaly,Banská Bystrica,Banskobystrický,48.879036,19.223947,Potravinárstvo a nápoje,Pivovar / minipivovar,kremelinovy_kal,Kremelinový kal z filtrácie,02 07 05,odpad,celorocne,D
47719648,Agrofarma Iliavka s.r.o.,Ilava,Ilava,Trenčiansky,49.0,18.233333,Poľnohospodárstvo a chov,Živočíšna farma,hnoj_hovadzi,Maštaľný hnoj hovädzí,02 01 06,odpad,celorocne,D
47719648,Agrofarma Iliavka s.r.o.,Ilava,Ilava,Trenčiansky,49.0,18.233333,Poľnohospodárstvo a chov,Živočíšna farma,hnojovica_osipane,Hnojovica ošípaných,02 01 06,odpad,celorocne,D
47719648,Agrofarma Iliavka s.r.o.,Ilava,Ilava,Trenčiansky,49.0,18.233333,Poľnohospodárstvo a chov,Živočíšna farma,ovciarsky_hnoj,Ovčí a kozí hnoj,02 01 06,odpad,celorocne,D
47719648,Agrofarma Iliavka s.r.o.,Ilava,Ilava,Trenčiansky,49.0,18.233333,Poľnohospodárstvo a chov,Živočíšna farma,travna_hmota_ttp,Trávna hmota z lúk a TTP,02 01 03,vedlajsi_produkt,sezonne_leto,D
47719648,Agrofarma Iliavka s.r.o.,Ilava,Ilava,Trenčiansky,49.0,18.233333,Poľnohospodárstvo a chov,Živočíšna farma,kadavery,Uhynuté zvieratá (kadávery),02 01 02,odpad,celorocne,D
47726709,Hydina Furajtár s.r.o.,Margecany,Gelnica,Košický,48.893544,21.012272,Poľnohospodárstvo a chov,Hydinárska prevádzka,perie,Perie z hydinových bitúnkov,02 02 02,odpad,celorocne,D
47726709,Hydina Furajtár s.r.o.,Margecany,Gelnica,Košický,48.893544,21.012272,Poľnohospodárstvo a chov,Hydinárska prevádzka,hydinovy_trus,Hydinový trus a podstielka,02 01 06,odpad,celorocne,D
47726709,Hydina Furajtár s.r.o.,Margecany,Gelnica,Košický,48.893544,21.012272,Poľnohospodárstvo a chov,Hydinárska prevádzka,krv_bitunok,Krv z bitúnku,02 02 03,vedlajsi_produkt,celorocne,D
47726709,Hydina Furajtár s.r.o.,Margecany,Gelnica,Košický,48.893544,21.012272,Poľnohospodárstvo a chov,Hydinárska prevádzka,kadavery,Uhynuté zvieratá (kadávery),02 01 02,odpad,celorocne,D
47726709,Hydina Furajtár s.r.o.,Margecany,Gelnica,Košický,48.893544,21.012272,Poľnohospodárstvo a chov,Hydinárska prevádzka,zvp_kat3,Živočíšne vedľajšie produkty kategórie 3,02 02 02,vedlajsi_produkt,celorocne,D
47726709,Hydina Furajtár s.r.o.,Margecany,Gelnica,Košický,48.893544,21.012272,Poľnohospodárstvo a chov,Hydinárska prevádzka,zvp_kat2,Živočíšne vedľajšie produkty kategórie 2,02 02 02,odpad,celorocne,D
47735830,Mäso údeniny Lintner s.r.o.,Dunajská Lužná,Senec,Bratislavský,48.082194,17.263614,Potravinárstvo a nápoje,Mäsospracovanie,kostny_zvysok,Kosti a kostné zvyšky,02 02 02,vedlajsi_produkt,celorocne,D
47735830,Mäso údeniny Lintner s.r.o.,Dunajská Lužná,Senec,Bratislavský,48.082194,17.263614,Potravinárstvo a nápoje,Mäsospracovanie,kozne_odrezky,Kožné odrezky a podkožný tuk,02 02 02,odpad,celorocne,D
47735830,Mäso údeniny Lintner s.r.o.,Dunajská Lužná,Senec,Bratislavský,48.082194,17.263614,Potravinárstvo a nápoje,Mäsospracovanie,masovy_flotacny_kal,Flotačný kal z mäsospracovania,02 02 04,odpad,celorocne,D
47735830,Mäso údeniny Lintner s.r.o.,Dunajská Lužná,Senec,Bratislavský,48.082194,17.263614,Potravinárstvo a nápoje,Mäsospracovanie,zvp_kat3,Živočíšne vedľajšie produkty kategórie 3,02 02 02,vedlajsi_produkt,celorocne,D
47735830,Mäso údeniny Lintner s.r.o.,Dunajská Lužná,Senec,Bratislavský,48.082194,17.263614,Potravinárstvo a nápoje,Mäsospracovanie,technicky_zivocisny_tuk,Technický živočíšny tuk,02 02 03,vedlajsi_produkt,celorocne,D
47735830,Mäso údeniny Lintner s.r.o.,Dunajská Lužná,Senec,Bratislavský,48.082194,17.263614,Potravinárstvo a nápoje,Mäsospracovanie,masokostna_mucka,Mäsokostná múčka,02 02 02,odpad,celorocne,D
47743522,Pivovar IKKONA s.r.o.,Rožňava,Rožňava,Košický,48.654392,20.531184,Potravinárstvo a nápoje,Pivovar / minipivovar,pivovarske_mlato,Pivovarské mláto,02 07 01,vedlajsi_produkt,celorocne,D
47743522,Pivovar IKKONA s.r.o.,Rožňava,Rožňava,Košický,48.654392,20.531184,Potravinárstvo a nápoje,Pivovar / minipivovar,pivovarske_kvasnice,Pivovarské kvasnice,02 07 05,vedlajsi_produkt,celorocne,D
47743522,Pivovar IKKONA s.r.o.,Rožňava,Rožňava,Košický,48.654392,20.531184,Potravinárstvo a nápoje,Pivovar / minipivovar,chmelovy_mlat,Chmeľový mlát,02 07 01,odpad,celorocne,D
47743522,Pivovar IKKONA s.r.o.,Rožňava,Rožňava,Košický,48.654392,20.531184,Potravinárstvo a nápoje,Pivovar / minipivovar,kremelinovy_kal,Kremelinový kal z filtrácie,02 07 05,odpad,celorocne,D
47879408,Farma Horný Lieskov s.r.o.,Domaniža,Považská Bystrica,Trenčiansky,49.043114,18.551924,Poľnohospodárstvo a chov,Živočíšna farma,hnoj_hovadzi,Maštaľný hnoj hovädzí,02 01 06,odpad,celorocne,D
47879408,Farma Horný Lieskov s.r.o.,Domaniža,Považská Bystrica,Trenčiansky,49.043114,18.551924,Poľnohospodárstvo a chov,Živočíšna farma,hnojovica_osipane,Hnojovica ošípaných,02 01 06,odpad,celorocne,D
47879408,Farma Horný Lieskov s.r.o.,Domaniža,Považská Bystrica,Trenčiansky,49.043114,18.551924,Poľnohospodárstvo a chov,Živočíšna farma,ovciarsky_hnoj,Ovčí a kozí hnoj,02 01 06,odpad,celorocne,D
47879408,Farma Horný Lieskov s.r.o.,Domaniža,Považská Bystrica,Trenčiansky,49.043114,18.551924,Poľnohospodárstvo a chov,Živočíšna farma,travna_hmota_ttp,Trávna hmota z lúk a TTP,02 01 03,vedlajsi_produkt,sezonne_leto,D
47879408,Farma Horný Lieskov s.r.o.,Domaniža,Považská Bystrica,Trenčiansky,49.043114,18.551924,Poľnohospodárstvo a chov,Živočíšna farma,kadavery,Uhynuté zvieratá (kadávery),02 01 02,odpad,celorocne,D
47916672,CUKROVINKY s.r.o.,Námestovo,Námestovo,Žilinský,49.409512,19.480783,Potravinárstvo a nápoje,Výroba cukroviniek,cukrovinkarske_zvysky,Zvyšky z výroby cukroviniek,02 06 01,vedlajsi_produkt,celorocne,D
47916672,CUKROVINKY s.r.o.,Námestovo,Námestovo,Žilinský,49.409512,19.480783,Potravinárstvo a nápoje,Výroba cukroviniek,kavove_slupky,Kávové šupky (silverskin),02 03 04,vedlajsi_produkt,celorocne,D
47926392,PEKÁREŇ ILaS - 37 s.r.o.,Michalovce,Michalovce,Košický,48.75,21.933333,Potravinárstvo a nápoje,Pekáreň,pekarenske_zvysky,Pekárenské zvyšky,02 06 01,vedlajsi_produkt,celorocne,D
47926392,PEKÁREŇ ILaS - 37 s.r.o.,Michalovce,Michalovce,Košický,48.75,21.933333,Potravinárstvo a nápoje,Pekáreň,cestovinove_zvysky,Cestovinové a múčne zvyšky,02 06 01,vedlajsi_produkt,celorocne,D
47969300,"Matica ovocná, s.r.o.",Dolná Súča,Trenčín,Trenčiansky,48.95799,18.033094,Poľnohospodárstvo a chov,Ovocné sady a spracovanie ovocia,jablcne_vylisky,Jablčné výlisky,02 07 04,vedlajsi_produkt,sezonne_jesen,D
47969300,"Matica ovocná, s.r.o.",Dolná Súča,Trenčín,Trenčiansky,48.95799,18.033094,Poľnohospodárstvo a chov,Ovocné sady a spracovanie ovocia,bobulove_vylisky,Výlisky z bobuľového ovocia,02 07 04,vedlajsi_produkt,sezonne_leto,D
47969300,"Matica ovocná, s.r.o.",Dolná Súča,Trenčín,Trenčiansky,48.95799,18.033094,Poľnohospodárstvo a chov,Ovocné sady a spracovanie ovocia,vnate_pozberove,Vňate a pozberové zvyšky zeleniny,02 01 03,odpad,sezonne_jesen,D
47989289,"AGRODAN, s.r.o.",Koš,Prievidza,Trenčiansky,48.73968,18.586242,Poľnohospodárstvo a chov,Poľnohospodársky podnik,slama_obilna,Obilná slama,02 01 03,vedlajsi_produkt,sezonne_leto,D
47989289,"AGRODAN, s.r.o.",Koš,Prievidza,Trenčiansky,48.73968,18.586242,Poľnohospodárstvo a chov,Poľnohospodársky podnik,kukuricne_korovie,Kukuričné kôrovie a stonky,02 01 03,vedlajsi_produkt,sezonne_jesen,D
47989289,"AGRODAN, s.r.o.",Koš,Prievidza,Trenčiansky,48.73968,18.586242,Poľnohospodárstvo a chov,Poľnohospodársky podnik,repkova_slama,Repková slama,02 01 03,vedlajsi_produkt,sezonne_leto,D
47989289,"AGRODAN, s.r.o.",Koš,Prievidza,Trenčiansky,48.73968,18.586242,Poľnohospodárstvo a chov,Poľnohospodársky podnik,odpad_cistenie_zrna,Odpad z čistenia a sušenia obilia,02 01 03,vedlajsi_produkt,sezonne_leto,D
47989289,"AGRODAN, s.r.o.",Koš,Prievidza,Trenčiansky,48.73968,18.586242,Poľnohospodárstvo a chov,Poľnohospodársky podnik,travna_hmota_ttp,Trávna hmota z lúk a TTP,02 01 03,vedlajsi_produkt,sezonne_leto,D
48002445,"FARMA AGROBEL, spol. s r.o.",Ivanka pri Nitre,Nitra,Nitriansky,48.233333,18.116667,Poľnohospodárstvo a chov,Živočíšna farma,hnoj_hovadzi,Maštaľný hnoj hovädzí,02 01 06,odpad,celorocne,D
48002445,"FARMA AGROBEL, spol. s r.o.",Ivanka pri Nitre,Nitra,Nitriansky,48.233333,18.116667,Poľnohospodárstvo a chov,Živočíšna farma,hnojovica_osipane,Hnojovica ošípaných,02 01 06,odpad,celorocne,D
48002445,"FARMA AGROBEL, spol. s r.o.",Ivanka pri Nitre,Nitra,Nitriansky,48.233333,18.116667,Poľnohospodárstvo a chov,Živočíšna farma,ovciarsky_hnoj,Ovčí a kozí hnoj,02 01 06,odpad,celorocne,D
48002445,"FARMA AGROBEL, spol. s r.o.",Ivanka pri Nitre,Nitra,Nitriansky,48.233333,18.116667,Poľnohospodárstvo a chov,Živočíšna farma,travna_hmota_ttp,Trávna hmota z lúk a TTP,02 01 03,vedlajsi_produkt,sezonne_leto,D
48002445,"FARMA AGROBEL, spol. s r.o.",Ivanka pri Nitre,Nitra,Nitriansky,48.233333,18.116667,Poľnohospodárstvo a chov,Živočíšna farma,kadavery,Uhynuté zvieratá (kadávery),02 01 02,odpad,celorocne,D
48046621,"FARMA ĽUBÁ, s.r.o.",Ľubá,Nové Zámky,Nitriansky,47.849877,18.596253,Poľnohospodárstvo a chov,Živočíšna farma,hnoj_hovadzi,Maštaľný hnoj hovädzí,02 01 06,odpad,celorocne,D
48046621,"FARMA ĽUBÁ, s.r.o.",Ľubá,Nové Zámky,Nitriansky,47.849877,18.596253,Poľnohospodárstvo a chov,Živočíšna farma,hnojovica_osipane,Hnojovica ošípaných,02 01 06,odpad,celorocne,D
48046621,"FARMA ĽUBÁ, s.r.o.",Ľubá,Nové Zámky,Nitriansky,47.849877,18.596253,Poľnohospodárstvo a chov,Živočíšna farma,ovciarsky_hnoj,Ovčí a kozí hnoj,02 01 06,odpad,celorocne,D
48046621,"FARMA ĽUBÁ, s.r.o.",Ľubá,Nové Zámky,Nitriansky,47.849877,18.596253,Poľnohospodárstvo a chov,Živočíšna farma,travna_hmota_ttp,Trávna hmota z lúk a TTP,02 01 03,vedlajsi_produkt,sezonne_leto,D
48046621,"FARMA ĽUBÁ, s.r.o.",Ľubá,Nové Zámky,Nitriansky,47.849877,18.596253,Poľnohospodárstvo a chov,Živočíšna farma,kadavery,Uhynuté zvieratá (kadávery),02 01 02,odpad,celorocne,D
48067687,Alžbeta Nalevanková MÄSO-ÚDENINY,Margecany,Gelnica,Košický,48.893544,21.012272,Potravinárstvo a nápoje,Mäsospracovanie,kostny_zvysok,Kosti a kostné zvyšky,02 02 02,vedlajsi_produkt,celorocne,D
48067687,Alžbeta Nalevanková MÄSO-ÚDENINY,Margecany,Gelnica,Košický,48.893544,21.012272,Potravinárstvo a nápoje,Mäsospracovanie,kozne_odrezky,Kožné odrezky a podkožný tuk,02 02 02,odpad,celorocne,D
48067687,Alžbeta Nalevanková MÄSO-ÚDENINY,Margecany,Gelnica,Košický,48.893544,21.012272,Potravinárstvo a nápoje,Mäsospracovanie,masovy_flotacny_kal,Flotačný kal z mäsospracovania,02 02 04,odpad,celorocne,D
48067687,Alžbeta Nalevanková MÄSO-ÚDENINY,Margecany,Gelnica,Košický,48.893544,21.012272,Potravinárstvo a nápoje,Mäsospracovanie,zvp_kat3,Živočíšne vedľajšie produkty kategórie 3,02 02 02,vedlajsi_produkt,celorocne,D
48067687,Alžbeta Nalevanková MÄSO-ÚDENINY,Margecany,Gelnica,Košický,48.893544,21.012272,Potravinárstvo a nápoje,Mäsospracovanie,technicky_zivocisny_tuk,Technický živočíšny tuk,02 02 03,vedlajsi_produkt,celorocne,D
48067687,Alžbeta Nalevanková MÄSO-ÚDENINY,Margecany,Gelnica,Košický,48.893544,21.012272,Potravinárstvo a nápoje,Mäsospracovanie,masokostna_mucka,Mäsokostná múčka,02 02 02,odpad,celorocne,D
48080080,"Vinárstvo Izsák, s.r.o.",Strekov,Nové Zámky,Nitriansky,47.9,18.416667,Potravinárstvo a nápoje,Vinárstvo,hroznove_vylisky,Hroznové výlisky (matolina),02 07 04,vedlajsi_produkt,sezonne_jesen,D
48080080,"Vinárstvo Izsák, s.r.o.",Strekov,Nové Zámky,Nitriansky,47.9,18.416667,Potravinárstvo a nápoje,Vinárstvo,vinne_kaly,Vínne kaly,02 07 05,odpad,sezonne_jesen,D
48080080,"Vinárstvo Izsák, s.r.o.",Strekov,Nové Zámky,Nitriansky,47.9,18.416667,Potravinárstvo a nápoje,Vinárstvo,hroznove_stopky,Hroznové stopky (strapiny),02 07 01,odpad,sezonne_jesen,D
48103039,SLOVENSKÁ HYDINA s. r. o.,Lieskovec,Humenné,Prešovský,48.95,21.816667,Poľnohospodárstvo a chov,Hydinárska prevádzka,perie,Perie z hydinových bitúnkov,02 02 02,odpad,celorocne,D
48103039,SLOVENSKÁ HYDINA s. r. o.,Lieskovec,Humenné,Prešovský,48.95,21.816667,Poľnohospodárstvo a chov,Hydinárska prevádzka,hydinovy_trus,Hydinový trus a podstielka,02 01 06,odpad,celorocne,D
48103039,SLOVENSKÁ HYDINA s. r. o.,Lieskovec,Humenné,Prešovský,48.95,21.816667,Poľnohospodárstvo a chov,Hydinárska prevádzka,krv_bitunok,Krv z bitúnku,02 02 03,vedlajsi_produkt,celorocne,D
48103039,SLOVENSKÁ HYDINA s. r. o.,Lieskovec,Humenné,Prešovský,48.95,21.816667,Poľnohospodárstvo a chov,Hydinárska prevádzka,kadavery,Uhynuté zvieratá (kadávery),02 01 02,odpad,celorocne,D
48103039,SLOVENSKÁ HYDINA s. r. o.,Lieskovec,Humenné,Prešovský,48.95,21.816667,Poľnohospodárstvo a chov,Hydinárska prevádzka,zvp_kat3,Živočíšne vedľajšie produkty kategórie 3,02 02 02,vedlajsi_produkt,celorocne,D
48103039,SLOVENSKÁ HYDINA s. r. o.,Lieskovec,Humenné,Prešovský,48.95,21.816667,Poľnohospodárstvo a chov,Hydinárska prevádzka,zvp_kat2,Živočíšne vedľajšie produkty kategórie 2,02 02 02,odpad,celorocne,D
48115134,"Technické služby Bzenov, s.r.o.",Bzenov,Prešov,Prešovský,48.95,21.166667,Komunálny a gastro bioodpad,Technické služby mesta / obce,travna_hmota_kosba,Trávna hmota z kosby verejnej zelene,20 02 01,odpad,sezonne_leto,D
48115134,"Technické služby Bzenov, s.r.o.",Bzenov,Prešov,Prešovský,48.95,21.166667,Komunálny a gastro bioodpad,Technické služby mesta / obce,konare_stiepka,Konáre a drevná štiepka z údržby zelene,20 02 01,odpad,sezonne_jar,D
48115134,"Technické služby Bzenov, s.r.o.",Bzenov,Prešov,Prešovský,48.95,21.166667,Komunálny a gastro bioodpad,Technické služby mesta / obce,listie,Lístie z verejnej zelene,20 02 01,odpad,sezonne_jesen,D
48115134,"Technické služby Bzenov, s.r.o.",Bzenov,Prešov,Prešovský,48.95,21.166667,Komunálny a gastro bioodpad,Technické služby mesta / obce,bro_zahrady,Biologicky rozložiteľný odpad zo záhrad,20 02 01,odpad,sezonne_leto,D
48115134,"Technické služby Bzenov, s.r.o.",Bzenov,Prešov,Prešovský,48.95,21.166667,Komunálny a gastro bioodpad,Technické služby mesta / obce,odpad_trhoviska,Odpad z trhovísk,20 03 02,odpad,sezonne_leto,D
48132489,"Farma Podskalie, s.r.o.",Považská Bystrica,Považská Bystrica,Trenčiansky,49.114507,18.447319,Poľnohospodárstvo a chov,Živočíšna farma,hnoj_hovadzi,Maštaľný hnoj hovädzí,02 01 06,odpad,celorocne,D
48132489,"Farma Podskalie, s.r.o.",Považská Bystrica,Považská Bystrica,Trenčiansky,49.114507,18.447319,Poľnohospodárstvo a chov,Živočíšna farma,hnojovica_osipane,Hnojovica ošípaných,02 01 06,odpad,celorocne,D
48132489,"Farma Podskalie, s.r.o.",Považská Bystrica,Považská Bystrica,Trenčiansky,49.114507,18.447319,Poľnohospodárstvo a chov,Živočíšna farma,ovciarsky_hnoj,Ovčí a kozí hnoj,02 01 06,odpad,celorocne,D
48132489,"Farma Podskalie, s.r.o.",Považská Bystrica,Považská Bystrica,Trenčiansky,49.114507,18.447319,Poľnohospodárstvo a chov,Živočíšna farma,travna_hmota_ttp,Trávna hmota z lúk a TTP,02 01 03,vedlajsi_produkt,sezonne_leto,D
48132489,"Farma Podskalie, s.r.o.",Považská Bystrica,Považská Bystrica,Trenčiansky,49.114507,18.447319,Poľnohospodárstvo a chov,Živočíšna farma,kadavery,Uhynuté zvieratá (kadávery),02 01 02,odpad,celorocne,D
48135429,Agrofarma - plus s.r.o.,Čaňa,Košice - okolie,Košický,48.60973,21.325644,Poľnohospodárstvo a chov,Živočíšna farma,hnoj_hovadzi,Maštaľný hnoj hovädzí,02 01 06,odpad,celorocne,D
48135429,Agrofarma - plus s.r.o.,Čaňa,Košice - okolie,Košický,48.60973,21.325644,Poľnohospodárstvo a chov,Živočíšna farma,hnojovica_osipane,Hnojovica ošípaných,02 01 06,odpad,celorocne,D
48135429,Agrofarma - plus s.r.o.,Čaňa,Košice - okolie,Košický,48.60973,21.325644,Poľnohospodárstvo a chov,Živočíšna farma,ovciarsky_hnoj,Ovčí a kozí hnoj,02 01 06,odpad,celorocne,D
48135429,Agrofarma - plus s.r.o.,Čaňa,Košice - okolie,Košický,48.60973,21.325644,Poľnohospodárstvo a chov,Živočíšna farma,travna_hmota_ttp,Trávna hmota z lúk a TTP,02 01 03,vedlajsi_produkt,sezonne_leto,D
48135429,Agrofarma - plus s.r.o.,Čaňa,Košice - okolie,Košický,48.60973,21.325644,Poľnohospodárstvo a chov,Živočíšna farma,kadavery,Uhynuté zvieratá (kadávery),02 01 02,odpad,celorocne,D
48152633,Vinárstvo UHNÁK s.r.o.,Rybník,Revúca,Banskobystrický,48.550407,20.133912,Potravinárstvo a nápoje,Vinárstvo,hroznove_vylisky,Hroznové výlisky (matolina),02 07 04,vedlajsi_produkt,sezonne_jesen,D
48152633,Vinárstvo UHNÁK s.r.o.,Rybník,Revúca,Banskobystrický,48.550407,20.133912,Potravinárstvo a nápoje,Vinárstvo,vinne_kaly,Vínne kaly,02 07 05,odpad,sezonne_jesen,D
48152633,Vinárstvo UHNÁK s.r.o.,Rybník,Revúca,Banskobystrický,48.550407,20.133912,Potravinárstvo a nápoje,Vinárstvo,hroznove_stopky,Hroznové stopky (strapiny),02 07 01,odpad,sezonne_jesen,D
48153745,VINÁRSTVO HABSBURG a.s.,Holíč,Skalica,Trnavský,48.8,17.166667,Potravinárstvo a nápoje,Vinárstvo,hroznove_vylisky,Hroznové výlisky (matolina),02 07 04,vedlajsi_produkt,sezonne_jesen,D
48153745,VINÁRSTVO HABSBURG a.s.,Holíč,Skalica,Trnavský,48.8,17.166667,Potravinárstvo a nápoje,Vinárstvo,vinne_kaly,Vínne kaly,02 07 05,odpad,sezonne_jesen,D
48153745,VINÁRSTVO HABSBURG a.s.,Holíč,Skalica,Trnavský,48.8,17.166667,Potravinárstvo a nápoje,Vinárstvo,hroznove_stopky,Hroznové stopky (strapiny),02 07 01,odpad,sezonne_jesen,D
48174548,HOTEL LIPA BOJNICE s.r.o.,Bojnice,Prievidza,Trenčiansky,48.78,18.581862,Gastro a stravovacie zariadenia,Hotel,gastro_kuchynsky_odpad,Kuchynský odpad z reštaurácií a hotelov,20 01 08,odpad,celorocne,D
48174548,HOTEL LIPA BOJNICE s.r.o.,Bojnice,Prievidza,Trenčiansky,48.78,18.581862,Gastro a stravovacie zariadenia,Hotel,zvysky_z_taniera,Zvyšky z taniera,20 01 08,odpad,celorocne,D
48174548,HOTEL LIPA BOJNICE s.r.o.,Bojnice,Prievidza,Trenčiansky,48.78,18.581862,Gastro a stravovacie zariadenia,Hotel,gastro_fritovaci_olej,Použitý fritovací olej z gastroprevádzok,20 01 25,odpad,celorocne,D
48174548,HOTEL LIPA BOJNICE s.r.o.,Bojnice,Prievidza,Trenčiansky,48.78,18.581862,Gastro a stravovacie zariadenia,Hotel,gastro_kavova_sedlina,Kávová sedlina z gastroprevádzok,20 01 08,odpad,celorocne,D
48174548,HOTEL LIPA BOJNICE s.r.o.,Bojnice,Prievidza,Trenčiansky,48.78,18.581862,Gastro a stravovacie zariadenia,Hotel,bro_zahrady,Biologicky rozložiteľný odpad zo záhrad,20 02 01,odpad,sezonne_leto,D
48177369,"Pivovar Trogár, s.r.o.",Radošina,Topoľčany,Nitriansky,48.55,17.933333,Potravinárstvo a nápoje,Pivovar / minipivovar,pivovarske_mlato,Pivovarské mláto,02 07 01,vedlajsi_produkt,celorocne,D
48177369,"Pivovar Trogár, s.r.o.",Radošina,Topoľčany,Nitriansky,48.55,17.933333,Potravinárstvo a nápoje,Pivovar / minipivovar,pivovarske_kvasnice,Pivovarské kvasnice,02 07 05,vedlajsi_produkt,celorocne,D
48177369,"Pivovar Trogár, s.r.o.",Radošina,Topoľčany,Nitriansky,48.55,17.933333,Potravinárstvo a nápoje,Pivovar / minipivovar,chmelovy_mlat,Chmeľový mlát,02 07 01,odpad,celorocne,D
48177369,"Pivovar Trogár, s.r.o.",Radošina,Topoľčany,Nitriansky,48.55,17.933333,Potravinárstvo a nápoje,Pivovar / minipivovar,kremelinovy_kal,Kremelinový kal z filtrácie,02 07 05,odpad,celorocne,D
48185272,Miroslav Bédi - REŠTAURÁCIA U NOTÁRA,Sereď,Galanta,Trnavský,48.288903,17.730881,Gastro a stravovacie zariadenia,Reštaurácia,gastro_kuchynsky_odpad,Kuchynský odpad z reštaurácií a hotelov,20 01 08,odpad,celorocne,D
48185272,Miroslav Bédi - REŠTAURÁCIA U NOTÁRA,Sereď,Galanta,Trnavský,48.288903,17.730881,Gastro a stravovacie zariadenia,Reštaurácia,zvysky_z_taniera,Zvyšky z taniera,20 01 08,odpad,celorocne,D
48185272,Miroslav Bédi - REŠTAURÁCIA U NOTÁRA,Sereď,Galanta,Trnavský,48.288903,17.730881,Gastro a stravovacie zariadenia,Reštaurácia,gastro_fritovaci_olej,Použitý fritovací olej z gastroprevádzok,20 01 25,odpad,celorocne,D
48185272,Miroslav Bédi - REŠTAURÁCIA U NOTÁRA,Sereď,Galanta,Trnavský,48.288903,17.730881,Gastro a stravovacie zariadenia,Reštaurácia,gastro_kavova_sedlina,Kávová sedlina z gastroprevádzok,20 01 08,odpad,celorocne,D
48185272,Miroslav Bédi - REŠTAURÁCIA U NOTÁRA,Sereď,Galanta,Trnavský,48.288903,17.730881,Gastro a stravovacie zariadenia,Reštaurácia,tuky_odlucovace,Tuky z odlučovačov,19 08 09,odpad,celorocne,D
48198641,"Zeleninárska organizácia výrobcov, družstvo",Kráľová pri Senci,Senec,Bratislavský,48.195128,17.450829,Poľnohospodárstvo a chov,Zeleninárstvo,zeleninove_orezky,Orezky a nepodarky zeleniny,02 03 04,odpad,sezonne_leto,D
48198641,"Zeleninárska organizácia výrobcov, družstvo",Kráľová pri Senci,Senec,Bratislavský,48.195128,17.450829,Poľnohospodárstvo a chov,Zeleninárstvo,kal_pranie_zeleniny,Kal z prania a lúpania zeleniny,02 03 01,odpad,sezonne_leto,D
48198641,"Zeleninárska organizácia výrobcov, družstvo",Kráľová pri Senci,Senec,Bratislavský,48.195128,17.450829,Poľnohospodárstvo a chov,Zeleninárstvo,vnate_pozberove,Vňate a pozberové zvyšky zeleniny,02 01 03,odpad,sezonne_jesen,D
48198641,"Zeleninárska organizácia výrobcov, družstvo",Kráľová pri Senci,Senec,Bratislavský,48.195128,17.450829,Poľnohospodárstvo a chov,Zeleninárstvo,zemiakove_supky,Zemiakové šupky a orezky,02 03 04,vedlajsi_produkt,celorocne,D
48199524,Hydina Kysuce s. r. o.,Čierne,Čadca,Žilinský,49.387301,18.767884,Poľnohospodárstvo a chov,Hydinárska prevádzka,perie,Perie z hydinových bitúnkov,02 02 02,odpad,celorocne,D
48199524,Hydina Kysuce s. r. o.,Čierne,Čadca,Žilinský,49.387301,18.767884,Poľnohospodárstvo a chov,Hydinárska prevádzka,hydinovy_trus,Hydinový trus a podstielka,02 01 06,odpad,celorocne,D
48199524,Hydina Kysuce s. r. o.,Čierne,Čadca,Žilinský,49.387301,18.767884,Poľnohospodárstvo a chov,Hydinárska prevádzka,krv_bitunok,Krv z bitúnku,02 02 03,vedlajsi_produkt,celorocne,D
48199524,Hydina Kysuce s. r. o.,Čierne,Čadca,Žilinský,49.387301,18.767884,Poľnohospodárstvo a chov,Hydinárska prevádzka,kadavery,Uhynuté zvieratá (kadávery),02 01 02,odpad,celorocne,D
48199524,Hydina Kysuce s. r. o.,Čierne,Čadca,Žilinský,49.387301,18.767884,Poľnohospodárstvo a chov,Hydinárska prevádzka,zvp_kat3,Živočíšne vedľajšie produkty kategórie 3,02 02 02,vedlajsi_produkt,celorocne,D
48199524,Hydina Kysuce s. r. o.,Čierne,Čadca,Žilinský,49.387301,18.767884,Poľnohospodárstvo a chov,Hydinárska prevádzka,zvp_kat2,Živočíšne vedľajšie produkty kategórie 2,02 02 02,odpad,celorocne,D
48218588,Reštaurácia BESEDA s. r. o.,Bratislava - mestská časť Ružinov,Bratislava II,Bratislavský,48.149645,17.164279,Gastro a stravovacie zariadenia,Reštaurácia,gastro_kuchynsky_odpad,Kuchynský odpad z reštaurácií a hotelov,20 01 08,odpad,celorocne,D
48218588,Reštaurácia BESEDA s. r. o.,Bratislava - mestská časť Ružinov,Bratislava II,Bratislavský,48.149645,17.164279,Gastro a stravovacie zariadenia,Reštaurácia,zvysky_z_taniera,Zvyšky z taniera,20 01 08,odpad,celorocne,D
48218588,Reštaurácia BESEDA s. r. o.,Bratislava - mestská časť Ružinov,Bratislava II,Bratislavský,48.149645,17.164279,Gastro a stravovacie zariadenia,Reštaurácia,gastro_fritovaci_olej,Použitý fritovací olej z gastroprevádzok,20 01 25,odpad,celorocne,D
48218588,Reštaurácia BESEDA s. r. o.,Bratislava - mestská časť Ružinov,Bratislava II,Bratislavský,48.149645,17.164279,Gastro a stravovacie zariadenia,Reštaurácia,gastro_kavova_sedlina,Kávová sedlina z gastroprevádzok,20 01 08,odpad,celorocne,D
48218588,Reštaurácia BESEDA s. r. o.,Bratislava - mestská časť Ružinov,Bratislava II,Bratislavský,48.149645,17.164279,Gastro a stravovacie zariadenia,Reštaurácia,tuky_odlucovace,Tuky z odlučovačov,19 08 09,odpad,celorocne,D
48220558,"Nemocnica novej generácie Michalovce, a.s.",Košice - mestská časť Staré Mesto,Bratislava I,Bratislavský,48.140553,17.112478,Gastro a stravovacie zariadenia,Nemocnica,nemocnicny_kuchynsky_odpad,Kuchynský odpad zo zdravotníckych a sociálnych zariadení,20 01 08,odpad,celorocne,D
48220558,"Nemocnica novej generácie Michalovce, a.s.",Košice - mestská časť Staré Mesto,Bratislava I,Bratislavský,48.140553,17.112478,Gastro a stravovacie zariadenia,Nemocnica,zvysky_z_taniera,Zvyšky z taniera,20 01 08,odpad,celorocne,D
48220558,"Nemocnica novej generácie Michalovce, a.s.",Košice - mestská časť Staré Mesto,Bratislava I,Bratislavský,48.140553,17.112478,Gastro a stravovacie zariadenia,Nemocnica,gastro_fritovaci_olej,Použitý fritovací olej z gastroprevádzok,20 01 25,odpad,celorocne,D
48252735,"Nagy-Hydina, s.r.o.",Komárno,Komárno,Nitriansky,47.757388,18.129917,Poľnohospodárstvo a chov,Hydinárska prevádzka,perie,Perie z hydinových bitúnkov,02 02 02,odpad,celorocne,D
48252735,"Nagy-Hydina, s.r.o.",Komárno,Komárno,Nitriansky,47.757388,18.129917,Poľnohospodárstvo a chov,Hydinárska prevádzka,hydinovy_trus,Hydinový trus a podstielka,02 01 06,odpad,celorocne,D
48252735,"Nagy-Hydina, s.r.o.",Komárno,Komárno,Nitriansky,47.757388,18.129917,Poľnohospodárstvo a chov,Hydinárska prevádzka,krv_bitunok,Krv z bitúnku,02 02 03,vedlajsi_produkt,celorocne,D
48252735,"Nagy-Hydina, s.r.o.",Komárno,Komárno,Nitriansky,47.757388,18.129917,Poľnohospodárstvo a chov,Hydinárska prevádzka,kadavery,Uhynuté zvieratá (kadávery),02 01 02,odpad,celorocne,D
48252735,"Nagy-Hydina, s.r.o.",Komárno,Komárno,Nitriansky,47.757388,18.129917,Poľnohospodárstvo a chov,Hydinárska prevádzka,zvp_kat3,Živočíšne vedľajšie produkty kategórie 3,02 02 02,vedlajsi_produkt,celorocne,D
48252735,"Nagy-Hydina, s.r.o.",Komárno,Komárno,Nitriansky,47.757388,18.129917,Poľnohospodárstvo a chov,Hydinárska prevádzka,zvp_kat2,Živočíšne vedľajšie produkty kategórie 2,02 02 02,odpad,celorocne,D
48280011,"ODPADY TATRY, s. r. o.",Vysoké Tatry,Poprad,Prešovský,49.137283,20.222448,Komunálny a gastro bioodpad,Odpadové hospodárstvo,kuchynsky_odpad,Biologicky rozložiteľný kuchynský a reštauračný odpad,20 01 08,odpad,celorocne,D
48280011,"ODPADY TATRY, s. r. o.",Vysoké Tatry,Poprad,Prešovský,49.137283,20.222448,Komunálny a gastro bioodpad,Odpadové hospodárstvo,bro_zahrady,Biologicky rozložiteľný odpad zo záhrad,20 02 01,odpad,sezonne_leto,D
48280011,"ODPADY TATRY, s. r. o.",Vysoké Tatry,Poprad,Prešovský,49.137283,20.222448,Komunálny a gastro bioodpad,Odpadové hospodárstvo,jedle_oleje_pouzite,Použité jedlé oleje a tuky,20 01 25,odpad,celorocne,D
48280011,"ODPADY TATRY, s. r. o.",Vysoké Tatry,Poprad,Prešovský,49.137283,20.222448,Komunálny a gastro bioodpad,Odpadové hospodárstvo,tuky_odlucovace,Tuky z odlučovačov,19 08 09,odpad,celorocne,D
48280011,"ODPADY TATRY, s. r. o.",Vysoké Tatry,Poprad,Prešovský,49.137283,20.222448,Komunálny a gastro bioodpad,Odpadové hospodárstvo,potraviny_po_dobe,Nepredané potraviny po dátume spotreby,20 01 08,odpad,celorocne,D
48282197,Agrofarma - Prejta s.r.o.,Dubnica nad Váhom,Ilava,Trenčiansky,48.957172,18.167022,Poľnohospodárstvo a chov,Živočíšna farma,hnoj_hovadzi,Maštaľný hnoj hovädzí,02 01 06,odpad,celorocne,D
48282197,Agrofarma - Prejta s.r.o.,Dubnica nad Váhom,Ilava,Trenčiansky,48.957172,18.167022,Poľnohospodárstvo a chov,Živočíšna farma,hnojovica_osipane,Hnojovica ošípaných,02 01 06,odpad,celorocne,D
48282197,Agrofarma - Prejta s.r.o.,Dubnica nad Váhom,Ilava,Trenčiansky,48.957172,18.167022,Poľnohospodárstvo a chov,Živočíšna farma,ovciarsky_hnoj,Ovčí a kozí hnoj,02 01 06,odpad,celorocne,D
48282197,Agrofarma - Prejta s.r.o.,Dubnica nad Váhom,Ilava,Trenčiansky,48.957172,18.167022,Poľnohospodárstvo a chov,Živočíšna farma,travna_hmota_ttp,Trávna hmota z lúk a TTP,02 01 03,vedlajsi_produkt,sezonne_leto,D
48282197,Agrofarma - Prejta s.r.o.,Dubnica nad Váhom,Ilava,Trenčiansky,48.957172,18.167022,Poľnohospodárstvo a chov,Živočíšna farma,kadavery,Uhynuté zvieratá (kadávery),02 01 02,odpad,celorocne,D
48302741,"Považský olej, s.r.o.",Púchov,Púchov,Trenčiansky,49.123992,18.324242,Potravinárstvo a nápoje,Spracovanie olejnín,repkovy_srot,Repkový extrahovaný šrot,02 03 04,krmna_surovina,celorocne,D
48302741,"Považský olej, s.r.o.",Púchov,Púchov,Trenčiansky,49.123992,18.324242,Potravinárstvo a nápoje,Spracovanie olejnín,slnecnicovy_srot,Slnečnicový extrahovaný šrot,02 03 04,krmna_surovina,celorocne,D
48302741,"Považský olej, s.r.o.",Púchov,Púchov,Trenčiansky,49.123992,18.324242,Potravinárstvo a nápoje,Spracovanie olejnín,olejnaty_kal,Kaly z rafinácie jedlých olejov,02 03 05,odpad,celorocne,D
48310841,"Zámocké vinárstvo, s. r. o.",Pezinok,Pezinok,Bratislavský,48.285586,17.27028,Potravinárstvo a nápoje,Vinárstvo,hroznove_vylisky,Hroznové výlisky (matolina),02 07 04,vedlajsi_produkt,sezonne_jesen,D
48310841,"Zámocké vinárstvo, s. r. o.",Pezinok,Pezinok,Bratislavský,48.285586,17.27028,Potravinárstvo a nápoje,Vinárstvo,vinne_kaly,Vínne kaly,02 07 05,odpad,sezonne_jesen,D
48310841,"Zámocké vinárstvo, s. r. o.",Pezinok,Pezinok,Bratislavský,48.285586,17.27028,Potravinárstvo a nápoje,Vinárstvo,hroznove_stopky,Hroznové stopky (strapiny),02 07 01,odpad,sezonne_jesen,D
50005723,"Základná škola s materskou školou, Školská 301/16, Turňa nad Bodvou",Turňa nad Bodvou,Košice - okolie,Košický,48.600452,20.881877,Gastro a stravovacie zariadenia,Základná škola,skolsky_kuchynsky_odpad,Kuchynský odpad zo školských jedální,20 01 08,odpad,celorocne,D
50005723,"Základná škola s materskou školou, Školská 301/16, Turňa nad Bodvou",Turňa nad Bodvou,Košice - okolie,Košický,48.600452,20.881877,Gastro a stravovacie zariadenia,Základná škola,zvysky_z_taniera,Zvyšky z taniera,20 01 08,odpad,celorocne,D
50005723,"Základná škola s materskou školou, Školská 301/16, Turňa nad Bodvou",Turňa nad Bodvou,Košice - okolie,Košický,48.600452,20.881877,Gastro a stravovacie zariadenia,Základná škola,gastro_kavova_sedlina,Kávová sedlina z gastroprevádzok,20 01 08,odpad,celorocne,D
50005723,"Základná škola s materskou školou, Školská 301/16, Turňa nad Bodvou",Turňa nad Bodvou,Košice - okolie,Košický,48.600452,20.881877,Gastro a stravovacie zariadenia,Základná škola,bro_zahrady,Biologicky rozložiteľný odpad zo záhrad,20 02 01,odpad,sezonne_leto,D
50030329,Centrum sociálnych služieb Elemér Lázár Drahňov,Drahňov,Michalovce,Košický,48.583333,21.966667,Gastro a stravovacie zariadenia,Zariadenie sociálnych služieb,nemocnicny_kuchynsky_odpad,Kuchynský odpad zo zdravotníckych a sociálnych zariadení,20 01 08,odpad,celorocne,D
50030329,Centrum sociálnych služieb Elemér Lázár Drahňov,Drahňov,Michalovce,Košický,48.583333,21.966667,Gastro a stravovacie zariadenia,Zariadenie sociálnych služieb,zvysky_z_taniera,Zvyšky z taniera,20 01 08,odpad,celorocne,D
50030329,Centrum sociálnych služieb Elemér Lázár Drahňov,Drahňov,Michalovce,Košický,48.583333,21.966667,Gastro a stravovacie zariadenia,Zariadenie sociálnych služieb,bro_zahrady,Biologicky rozložiteľný odpad zo záhrad,20 02 01,odpad,sezonne_leto,D
50164252,"Hydina PIERKO, s.r.o.",Dunajská Streda,Dunajská Streda,Trnavský,47.989309,17.620142,Poľnohospodárstvo a chov,Hydinárska prevádzka,perie,Perie z hydinových bitúnkov,02 02 02,odpad,celorocne,D
50164252,"Hydina PIERKO, s.r.o.",Dunajská Streda,Dunajská Streda,Trnavský,47.989309,17.620142,Poľnohospodárstvo a chov,Hydinárska prevádzka,hydinovy_trus,Hydinový trus a podstielka,02 01 06,odpad,celorocne,D
50164252,"Hydina PIERKO, s.r.o.",Dunajská Streda,Dunajská Streda,Trnavský,47.989309,17.620142,Poľnohospodárstvo a chov,Hydinárska prevádzka,krv_bitunok,Krv z bitúnku,02 02 03,vedlajsi_produkt,celorocne,D
50164252,"Hydina PIERKO, s.r.o.",Dunajská Streda,Dunajská Streda,Trnavský,47.989309,17.620142,Poľnohospodárstvo a chov,Hydinárska prevádzka,kadavery,Uhynuté zvieratá (kadávery),02 01 02,odpad,celorocne,D
50164252,"Hydina PIERKO, s.r.o.",Dunajská Streda,Dunajská Streda,Trnavský,47.989309,17.620142,Poľnohospodárstvo a chov,Hydinárska prevádzka,zvp_kat3,Živočíšne vedľajšie produkty kategórie 3,02 02 02,vedlajsi_produkt,celorocne,D
50164252,"Hydina PIERKO, s.r.o.",Dunajská Streda,Dunajská Streda,Trnavský,47.989309,17.620142,Poľnohospodárstvo a chov,Hydinárska prevádzka,zvp_kat2,Živočíšne vedľajšie produkty kategórie 2,02 02 02,odpad,celorocne,D
50196766,"Mäso - Údeniny K. Achberger, s.r.o.",Bernolákovo,Senec,Bratislavský,48.199027,17.300361,Potravinárstvo a nápoje,Mäsospracovanie,kostny_zvysok,Kosti a kostné zvyšky,02 02 02,vedlajsi_produkt,celorocne,D
50196766,"Mäso - Údeniny K. Achberger, s.r.o.",Bernolákovo,Senec,Bratislavský,48.199027,17.300361,Potravinárstvo a nápoje,Mäsospracovanie,kozne_odrezky,Kožné odrezky a podkožný tuk,02 02 02,odpad,celorocne,D
50196766,"Mäso - Údeniny K. Achberger, s.r.o.",Bernolákovo,Senec,Bratislavský,48.199027,17.300361,Potravinárstvo a nápoje,Mäsospracovanie,masovy_flotacny_kal,Flotačný kal z mäsospracovania,02 02 04,odpad,celorocne,D
50196766,"Mäso - Údeniny K. Achberger, s.r.o.",Bernolákovo,Senec,Bratislavský,48.199027,17.300361,Potravinárstvo a nápoje,Mäsospracovanie,zvp_kat3,Živočíšne vedľajšie produkty kategórie 3,02 02 02,vedlajsi_produkt,celorocne,D
50196766,"Mäso - Údeniny K. Achberger, s.r.o.",Bernolákovo,Senec,Bratislavský,48.199027,17.300361,Potravinárstvo a nápoje,Mäsospracovanie,technicky_zivocisny_tuk,Technický živočíšny tuk,02 02 03,vedlajsi_produkt,celorocne,D
50196766,"Mäso - Údeniny K. Achberger, s.r.o.",Bernolákovo,Senec,Bratislavský,48.199027,17.300361,Potravinárstvo a nápoje,Mäsospracovanie,masokostna_mucka,Mäsokostná múčka,02 02 02,odpad,celorocne,D
50219081,Malokarpatská píla s. r. o.,Dobrá Voda,Trnava,Trnavský,48.596678,17.541932,"Drevo, lesníctvo a ostatné",Píla a drevospracovanie,piliny,Piliny a hobliny,03 01 05,vedlajsi_produkt,celorocne,D
50219081,Malokarpatská píla s. r. o.,Dobrá Voda,Trnava,Trnavský,48.596678,17.541932,"Drevo, lesníctvo a ostatné",Píla a drevospracovanie,kora,Odpadová kôra,03 01 01,vedlajsi_produkt,celorocne,D
50219081,Malokarpatská píla s. r. o.,Dobrá Voda,Trnava,Trnavský,48.596678,17.541932,"Drevo, lesníctvo a ostatné",Píla a drevospracovanie,odrezky_dreva,Odrezky a drevný odpad,03 01 05,vedlajsi_produkt,celorocne,D
50265288,PILA FOREST s.r.o.,Hubina,Piešťany,Trnavský,48.618016,17.886407,"Drevo, lesníctvo a ostatné",Píla a drevospracovanie,piliny,Piliny a hobliny,03 01 05,vedlajsi_produkt,celorocne,D
50265288,PILA FOREST s.r.o.,Hubina,Piešťany,Trnavský,48.618016,17.886407,"Drevo, lesníctvo a ostatné",Píla a drevospracovanie,kora,Odpadová kôra,03 01 01,vedlajsi_produkt,celorocne,D
50265288,PILA FOREST s.r.o.,Hubina,Piešťany,Trnavský,48.618016,17.886407,"Drevo, lesníctvo a ostatné",Píla a drevospracovanie,odrezky_dreva,Odrezky a drevný odpad,03 01 05,vedlajsi_produkt,celorocne,D
50291491,Košická hydina s.r.o.,Košice - mestská časť Nad jazerom,Košice IV,Košický,48.687456,21.287603,Poľnohospodárstvo a chov,Hydinárska prevádzka,perie,Perie z hydinových bitúnkov,02 02 02,odpad,celorocne,D
50291491,Košická hydina s.r.o.,Košice - mestská časť Nad jazerom,Košice IV,Košický,48.687456,21.287603,Poľnohospodárstvo a chov,Hydinárska prevádzka,hydinovy_trus,Hydinový trus a podstielka,02 01 06,odpad,celorocne,D
50291491,Košická hydina s.r.o.,Košice - mestská časť Nad jazerom,Košice IV,Košický,48.687456,21.287603,Poľnohospodárstvo a chov,Hydinárska prevádzka,krv_bitunok,Krv z bitúnku,02 02 03,vedlajsi_produkt,celorocne,D
50291491,Košická hydina s.r.o.,Košice - mestská časť Nad jazerom,Košice IV,Košický,48.687456,21.287603,Poľnohospodárstvo a chov,Hydinárska prevádzka,kadavery,Uhynuté zvieratá (kadávery),02 01 02,odpad,celorocne,D
50291491,Košická hydina s.r.o.,Košice - mestská časť Nad jazerom,Košice IV,Košický,48.687456,21.287603,Poľnohospodárstvo a chov,Hydinárska prevádzka,zvp_kat3,Živočíšne vedľajšie produkty kategórie 3,02 02 02,vedlajsi_produkt,celorocne,D
50291491,Košická hydina s.r.o.,Košice - mestská časť Nad jazerom,Košice IV,Košický,48.687456,21.287603,Poľnohospodárstvo a chov,Hydinárska prevádzka,zvp_kat2,Živočíšne vedľajšie produkty kategórie 2,02 02 02,odpad,celorocne,D
50317016,"Bardejovský pivovar, s. r. o.",Bratislava - mestská časť Staré Mesto,Bratislava I,Bratislavský,48.140553,17.112478,Potravinárstvo a nápoje,Pivovar / minipivovar,pivovarske_mlato,Pivovarské mláto,02 07 01,vedlajsi_produkt,celorocne,D
50317016,"Bardejovský pivovar, s. r. o.",Bratislava - mestská časť Staré Mesto,Bratislava I,Bratislavský,48.140553,17.112478,Potravinárstvo a nápoje,Pivovar / minipivovar,pivovarske_kvasnice,Pivovarské kvasnice,02 07 05,vedlajsi_produkt,celorocne,D
50317016,"Bardejovský pivovar, s. r. o.",Bratislava - mestská časť Staré Mesto,Bratislava I,Bratislavský,48.140553,17.112478,Potravinárstvo a nápoje,Pivovar / minipivovar,chmelovy_mlat,Chmeľový mlát,02 07 01,odpad,celorocne,D
50317016,"Bardejovský pivovar, s. r. o.",Bratislava - mestská časť Staré Mesto,Bratislava I,Bratislavský,48.140553,17.112478,Potravinárstvo a nápoje,Pivovar / minipivovar,kremelinovy_kal,Kremelinový kal z filtrácie,02 07 05,odpad,celorocne,D
50341057,Píla Donoval & syn s.r.o.,Trnavá Hora,Žiar nad Hronom,Banskobystrický,48.59038,18.953488,"Drevo, lesníctvo a ostatné",Píla a drevospracovanie,piliny,Piliny a hobliny,03 01 05,vedlajsi_produkt,celorocne,D
50341057,Píla Donoval & syn s.r.o.,Trnavá Hora,Žiar nad Hronom,Banskobystrický,48.59038,18.953488,"Drevo, lesníctvo a ostatné",Píla a drevospracovanie,kora,Odpadová kôra,03 01 01,vedlajsi_produkt,celorocne,D
50341057,Píla Donoval & syn s.r.o.,Trnavá Hora,Žiar nad Hronom,Banskobystrický,48.59038,18.953488,"Drevo, lesníctvo a ostatné",Píla a drevospracovanie,odrezky_dreva,Odrezky a drevný odpad,03 01 05,vedlajsi_produkt,celorocne,D
50426281,Technické služby Obce Bošany s.r.o.,Bošany,Partizánske,Trenčiansky,48.579391,18.255734,Komunálny a gastro bioodpad,Technické služby mesta / obce,travna_hmota_kosba,Trávna hmota z kosby verejnej zelene,20 02 01,odpad,sezonne_leto,D
50426281,Technické služby Obce Bošany s.r.o.,Bošany,Partizánske,Trenčiansky,48.579391,18.255734,Komunálny a gastro bioodpad,Technické služby mesta / obce,konare_stiepka,Konáre a drevná štiepka z údržby zelene,20 02 01,odpad,sezonne_jar,D
50426281,Technické služby Obce Bošany s.r.o.,Bošany,Partizánske,Trenčiansky,48.579391,18.255734,Komunálny a gastro bioodpad,Technické služby mesta / obce,listie,Lístie z verejnej zelene,20 02 01,odpad,sezonne_jesen,D
50426281,Technické služby Obce Bošany s.r.o.,Bošany,Partizánske,Trenčiansky,48.579391,18.255734,Komunálny a gastro bioodpad,Technické služby mesta / obce,bro_zahrady,Biologicky rozložiteľný odpad zo záhrad,20 02 01,odpad,sezonne_leto,D
50426281,Technické služby Obce Bošany s.r.o.,Bošany,Partizánske,Trenčiansky,48.579391,18.255734,Komunálny a gastro bioodpad,Technické služby mesta / obce,odpad_trhoviska,Odpad z trhovísk,20 03 02,odpad,sezonne_leto,D
50451596,"ZOS Krajné, n.o.",Krajné,Myjava,Trenčiansky,48.700576,17.68716,Gastro a stravovacie zariadenia,Zariadenie sociálnych služieb,nemocnicny_kuchynsky_odpad,Kuchynský odpad zo zdravotníckych a sociálnych zariadení,20 01 08,odpad,celorocne,D
50451596,"ZOS Krajné, n.o.",Krajné,Myjava,Trenčiansky,48.700576,17.68716,Gastro a stravovacie zariadenia,Zariadenie sociálnych služieb,zvysky_z_taniera,Zvyšky z taniera,20 01 08,odpad,celorocne,D
50451596,"ZOS Krajné, n.o.",Krajné,Myjava,Trenčiansky,48.700576,17.68716,Gastro a stravovacie zariadenia,Zariadenie sociálnych služieb,bro_zahrady,Biologicky rozložiteľný odpad zo záhrad,20 02 01,odpad,sezonne_leto,D
50469053,"DSS a zariadenie pre seniorov LIBERUM MARTIN, n. o.",Martin,Martin,Žilinský,49.07226,18.929174,Gastro a stravovacie zariadenia,Zariadenie sociálnych služieb,nemocnicny_kuchynsky_odpad,Kuchynský odpad zo zdravotníckych a sociálnych zariadení,20 01 08,odpad,celorocne,D
50469053,"DSS a zariadenie pre seniorov LIBERUM MARTIN, n. o.",Martin,Martin,Žilinský,49.07226,18.929174,Gastro a stravovacie zariadenia,Zariadenie sociálnych služieb,zvysky_z_taniera,Zvyšky z taniera,20 01 08,odpad,celorocne,D
50469053,"DSS a zariadenie pre seniorov LIBERUM MARTIN, n. o.",Martin,Martin,Žilinský,49.07226,18.929174,Gastro a stravovacie zariadenia,Zariadenie sociálnych služieb,bro_zahrady,Biologicky rozložiteľný odpad zo záhrad,20 02 01,odpad,sezonne_leto,D
50543911,Martin Holda - RETRO ÚDENINY,Prešov,Prešov,Prešovský,49.000411,21.252273,Potravinárstvo a nápoje,Mäsospracovanie,kostny_zvysok,Kosti a kostné zvyšky,02 02 02,vedlajsi_produkt,celorocne,D
50543911,Martin Holda - RETRO ÚDENINY,Prešov,Prešov,Prešovský,49.000411,21.252273,Potravinárstvo a nápoje,Mäsospracovanie,kozne_odrezky,Kožné odrezky a podkožný tuk,02 02 02,odpad,celorocne,D
50543911,Martin Holda - RETRO ÚDENINY,Prešov,Prešov,Prešovský,49.000411,21.252273,Potravinárstvo a nápoje,Mäsospracovanie,masovy_flotacny_kal,Flotačný kal z mäsospracovania,02 02 04,odpad,celorocne,D
50543911,Martin Holda - RETRO ÚDENINY,Prešov,Prešov,Prešovský,49.000411,21.252273,Potravinárstvo a nápoje,Mäsospracovanie,zvp_kat3,Živočíšne vedľajšie produkty kategórie 3,02 02 02,vedlajsi_produkt,celorocne,D
50543911,Martin Holda - RETRO ÚDENINY,Prešov,Prešov,Prešovský,49.000411,21.252273,Potravinárstvo a nápoje,Mäsospracovanie,technicky_zivocisny_tuk,Technický živočíšny tuk,02 02 03,vedlajsi_produkt,celorocne,D
50543911,Martin Holda - RETRO ÚDENINY,Prešov,Prešov,Prešovský,49.000411,21.252273,Potravinárstvo a nápoje,Mäsospracovanie,masokostna_mucka,Mäsokostná múčka,02 02 02,odpad,celorocne,D
50575872,"Ovocná Farma, s.r.o.",Senec,Senec,Bratislavský,48.219641,17.396776,Poľnohospodárstvo a chov,Ovocné sady a spracovanie ovocia,jablcne_vylisky,Jablčné výlisky,02 07 04,vedlajsi_produkt,sezonne_jesen,D
50575872,"Ovocná Farma, s.r.o.",Senec,Senec,Bratislavský,48.219641,17.396776,Poľnohospodárstvo a chov,Ovocné sady a spracovanie ovocia,bobulove_vylisky,Výlisky z bobuľového ovocia,02 07 04,vedlajsi_produkt,sezonne_leto,D
50575872,"Ovocná Farma, s.r.o.",Senec,Senec,Bratislavský,48.219641,17.396776,Poľnohospodárstvo a chov,Ovocné sady a spracovanie ovocia,vnate_pozberove,Vňate a pozberové zvyšky zeleniny,02 01 03,odpad,sezonne_jesen,D
50611917,"Minipivovar Harvánek, s. r. o.",Žilina - Zádubnie,Žilina,Žilinský,49.223464,18.739498,Potravinárstvo a nápoje,Pivovar / minipivovar,pivovarske_mlato,Pivovarské mláto,02 07 01,vedlajsi_produkt,celorocne,D
50611917,"Minipivovar Harvánek, s. r. o.",Žilina - Zádubnie,Žilina,Žilinský,49.223464,18.739498,Potravinárstvo a nápoje,Pivovar / minipivovar,pivovarske_kvasnice,Pivovarské kvasnice,02 07 05,vedlajsi_produkt,celorocne,D
50611917,"Minipivovar Harvánek, s. r. o.",Žilina - Zádubnie,Žilina,Žilinský,49.223464,18.739498,Potravinárstvo a nápoje,Pivovar / minipivovar,chmelovy_mlat,Chmeľový mlát,02 07 01,odpad,celorocne,D
50611917,"Minipivovar Harvánek, s. r. o.",Žilina - Zádubnie,Žilina,Žilinský,49.223464,18.739498,Potravinárstvo a nápoje,Pivovar / minipivovar,kremelinovy_kal,Kremelinový kal z filtrácie,02 07 05,odpad,celorocne,D
50645935,"Školská jedáleň, Školská 491/18A, Teplička nad Váhom",Teplička nad Váhom,Žilina,Žilinský,49.233333,18.8,Gastro a stravovacie zariadenia,Školská jedáleň,skolsky_kuchynsky_odpad,Kuchynský odpad zo školských jedální,20 01 08,odpad,celorocne,D
50645935,"Školská jedáleň, Školská 491/18A, Teplička nad Váhom",Teplička nad Váhom,Žilina,Žilinský,49.233333,18.8,Gastro a stravovacie zariadenia,Školská jedáleň,zvysky_z_taniera,Zvyšky z taniera,20 01 08,odpad,celorocne,D
50645935,"Školská jedáleň, Školská 491/18A, Teplička nad Váhom",Teplička nad Váhom,Žilina,Žilinský,49.233333,18.8,Gastro a stravovacie zariadenia,Školská jedáleň,gastro_fritovaci_olej,Použitý fritovací olej z gastroprevádzok,20 01 25,odpad,celorocne,D
50681788,"Mliekovýroba Teplica, s.r.o.",Spišská Teplica,Poprad,Prešovský,49.05,20.25,Potravinárstvo a nápoje,Mliekáreň,srvatka_sladka,Sladká srvátka,02 05 01,vedlajsi_produkt,celorocne,D
50681788,"Mliekovýroba Teplica, s.r.o.",Spišská Teplica,Poprad,Prešovský,49.05,20.25,Potravinárstvo a nápoje,Mliekáreň,srvatka_kysla,Kyslá srvátka,02 05 01,odpad,celorocne,D
50681788,"Mliekovýroba Teplica, s.r.o.",Spišská Teplica,Poprad,Prešovský,49.05,20.25,Potravinárstvo a nápoje,Mliekáreň,srvatkovy_permeat,Srvátkový permeát,02 05 01,vedlajsi_produkt,celorocne,D
50681788,"Mliekovýroba Teplica, s.r.o.",Spišská Teplica,Poprad,Prešovský,49.05,20.25,Potravinárstvo a nápoje,Mliekáreň,cmar,Cmar,02 05 01,krmna_surovina,celorocne,D
50681788,"Mliekovýroba Teplica, s.r.o.",Spišská Teplica,Poprad,Prešovský,49.05,20.25,Potravinárstvo a nápoje,Mliekáreň,mliekarensky_kal,Kal z mliekarenskej ČOV,02 05 02,odpad,celorocne,D
50691759,"Píla Staškov, s.r.o.",Staškov,Čadca,Žilinský,49.421675,18.691039,"Drevo, lesníctvo a ostatné",Píla a drevospracovanie,piliny,Piliny a hobliny,03 01 05,vedlajsi_produkt,celorocne,D
50691759,"Píla Staškov, s.r.o.",Staškov,Čadca,Žilinský,49.421675,18.691039,"Drevo, lesníctvo a ostatné",Píla a drevospracovanie,kora,Odpadová kôra,03 01 01,vedlajsi_produkt,celorocne,D
50691759,"Píla Staškov, s.r.o.",Staškov,Čadca,Žilinský,49.421675,18.691039,"Drevo, lesníctvo a ostatné",Píla a drevospracovanie,odrezky_dreva,Odrezky a drevný odpad,03 01 05,vedlajsi_produkt,celorocne,D
50732650,"Pivovary Lobkowicz SK, s.r.o.",Bratislava - mestská časť Staré Mesto,Bratislava I,Bratislavský,48.140553,17.112478,Potravinárstvo a nápoje,Pivovar / minipivovar,pivovarske_mlato,Pivovarské mláto,02 07 01,vedlajsi_produkt,celorocne,D
50732650,"Pivovary Lobkowicz SK, s.r.o.",Bratislava - mestská časť Staré Mesto,Bratislava I,Bratislavský,48.140553,17.112478,Potravinárstvo a nápoje,Pivovar / minipivovar,pivovarske_kvasnice,Pivovarské kvasnice,02 07 05,vedlajsi_produkt,celorocne,D
50732650,"Pivovary Lobkowicz SK, s.r.o.",Bratislava - mestská časť Staré Mesto,Bratislava I,Bratislavský,48.140553,17.112478,Potravinárstvo a nápoje,Pivovar / minipivovar,chmelovy_mlat,Chmeľový mlát,02 07 01,odpad,celorocne,D
50732650,"Pivovary Lobkowicz SK, s.r.o.",Bratislava - mestská časť Staré Mesto,Bratislava I,Bratislavský,48.140553,17.112478,Potravinárstvo a nápoje,Pivovar / minipivovar,kremelinovy_kal,Kremelinový kal z filtrácie,02 07 05,odpad,celorocne,D
50743058,"BARTÁNUS - MÄSO ÚDENINY, s.r.o.",Ružomberok,Ružomberok,Žilinský,49.08187,19.302965,Potravinárstvo a nápoje,Mäsospracovanie,kostny_zvysok,Kosti a kostné zvyšky,02 02 02,vedlajsi_produkt,celorocne,D
50743058,"BARTÁNUS - MÄSO ÚDENINY, s.r.o.",Ružomberok,Ružomberok,Žilinský,49.08187,19.302965,Potravinárstvo a nápoje,Mäsospracovanie,kozne_odrezky,Kožné odrezky a podkožný tuk,02 02 02,odpad,celorocne,D
50743058,"BARTÁNUS - MÄSO ÚDENINY, s.r.o.",Ružomberok,Ružomberok,Žilinský,49.08187,19.302965,Potravinárstvo a nápoje,Mäsospracovanie,masovy_flotacny_kal,Flotačný kal z mäsospracovania,02 02 04,odpad,celorocne,D
50743058,"BARTÁNUS - MÄSO ÚDENINY, s.r.o.",Ružomberok,Ružomberok,Žilinský,49.08187,19.302965,Potravinárstvo a nápoje,Mäsospracovanie,zvp_kat3,Živočíšne vedľajšie produkty kategórie 3,02 02 02,vedlajsi_produkt,celorocne,D
50743058,"BARTÁNUS - MÄSO ÚDENINY, s.r.o.",Ružomberok,Ružomberok,Žilinský,49.08187,19.302965,Potravinárstvo a nápoje,Mäsospracovanie,technicky_zivocisny_tuk,Technický živočíšny tuk,02 02 03,vedlajsi_produkt,celorocne,D
50743058,"BARTÁNUS - MÄSO ÚDENINY, s.r.o.",Ružomberok,Ružomberok,Žilinský,49.08187,19.302965,Potravinárstvo a nápoje,Mäsospracovanie,masokostna_mucka,Mäsokostná múčka,02 02 02,odpad,celorocne,D
50827383,Ovocný sad Košúty s.r.o.,Košúty,Galanta,Trnavský,48.171511,17.656969,Poľnohospodárstvo a chov,Ovocné sady a spracovanie ovocia,jablcne_vylisky,Jablčné výlisky,02 07 04,vedlajsi_produkt,sezonne_jesen,D
50827383,Ovocný sad Košúty s.r.o.,Košúty,Galanta,Trnavský,48.171511,17.656969,Poľnohospodárstvo a chov,Ovocné sady a spracovanie ovocia,bobulove_vylisky,Výlisky z bobuľového ovocia,02 07 04,vedlajsi_produkt,sezonne_leto,D
50827383,Ovocný sad Košúty s.r.o.,Košúty,Galanta,Trnavský,48.171511,17.656969,Poľnohospodárstvo a chov,Ovocné sady a spracovanie ovocia,vnate_pozberove,Vňate a pozberové zvyšky zeleniny,02 01 03,odpad,sezonne_jesen,D
50852698,"Technické služby Sládkovičovo, spol. s r. o.",Sládkovičovo,Galanta,Trnavský,48.208208,17.644866,Komunálny a gastro bioodpad,Technické služby mesta / obce,travna_hmota_kosba,Trávna hmota z kosby verejnej zelene,20 02 01,odpad,sezonne_leto,D
50852698,"Technické služby Sládkovičovo, spol. s r. o.",Sládkovičovo,Galanta,Trnavský,48.208208,17.644866,Komunálny a gastro bioodpad,Technické služby mesta / obce,konare_stiepka,Konáre a drevná štiepka z údržby zelene,20 02 01,odpad,sezonne_jar,D
50852698,"Technické služby Sládkovičovo, spol. s r. o.",Sládkovičovo,Galanta,Trnavský,48.208208,17.644866,Komunálny a gastro bioodpad,Technické služby mesta / obce,listie,Lístie z verejnej zelene,20 02 01,odpad,sezonne_jesen,D
50852698,"Technické služby Sládkovičovo, spol. s r. o.",Sládkovičovo,Galanta,Trnavský,48.208208,17.644866,Komunálny a gastro bioodpad,Technické služby mesta / obce,bro_zahrady,Biologicky rozložiteľný odpad zo záhrad,20 02 01,odpad,sezonne_leto,D
50852698,"Technické služby Sládkovičovo, spol. s r. o.",Sládkovičovo,Galanta,Trnavský,48.208208,17.644866,Komunálny a gastro bioodpad,Technické služby mesta / obce,odpad_trhoviska,Odpad z trhovísk,20 03 02,odpad,sezonne_leto,D
50999028,Mach Hydina Invest s. r. o.,Budmerice,Pezinok,Bratislavský,48.360397,17.405103,Poľnohospodárstvo a chov,Hydinárska prevádzka,perie,Perie z hydinových bitúnkov,02 02 02,odpad,celorocne,D
50999028,Mach Hydina Invest s. r. o.,Budmerice,Pezinok,Bratislavský,48.360397,17.405103,Poľnohospodárstvo a chov,Hydinárska prevádzka,hydinovy_trus,Hydinový trus a podstielka,02 01 06,odpad,celorocne,D
50999028,Mach Hydina Invest s. r. o.,Budmerice,Pezinok,Bratislavský,48.360397,17.405103,Poľnohospodárstvo a chov,Hydinárska prevádzka,krv_bitunok,Krv z bitúnku,02 02 03,vedlajsi_produkt,celorocne,D
50999028,Mach Hydina Invest s. r. o.,Budmerice,Pezinok,Bratislavský,48.360397,17.405103,Poľnohospodárstvo a chov,Hydinárska prevádzka,kadavery,Uhynuté zvieratá (kadávery),02 01 02,odpad,celorocne,D
50999028,Mach Hydina Invest s. r. o.,Budmerice,Pezinok,Bratislavský,48.360397,17.405103,Poľnohospodárstvo a chov,Hydinárska prevádzka,zvp_kat3,Živočíšne vedľajšie produkty kategórie 3,02 02 02,vedlajsi_produkt,celorocne,D
50999028,Mach Hydina Invest s. r. o.,Budmerice,Pezinok,Bratislavský,48.360397,17.405103,Poľnohospodárstvo a chov,Hydinárska prevádzka,zvp_kat2,Živočíšne vedľajšie produkty kategórie 2,02 02 02,odpad,celorocne,D
51011859,"Centrum sociálnych služieb ""Johanka"", n.o.",Spišské Podhradie,Levoča,Prešovský,49.000817,20.752504,Gastro a stravovacie zariadenia,Zariadenie sociálnych služieb,nemocnicny_kuchynsky_odpad,Kuchynský odpad zo zdravotníckych a sociálnych zariadení,20 01 08,odpad,celorocne,D
51011859,"Centrum sociálnych služieb ""Johanka"", n.o.",Spišské Podhradie,Levoča,Prešovský,49.000817,20.752504,Gastro a stravovacie zariadenia,Zariadenie sociálnych služieb,zvysky_z_taniera,Zvyšky z taniera,20 01 08,odpad,celorocne,D
51011859,"Centrum sociálnych služieb ""Johanka"", n.o.",Spišské Podhradie,Levoča,Prešovský,49.000817,20.752504,Gastro a stravovacie zariadenia,Zariadenie sociálnych služieb,bro_zahrady,Biologicky rozložiteľný odpad zo záhrad,20 02 01,odpad,sezonne_leto,D
51206790,Kežmarské Gymnázium P. O. Hviezdoslava,Kežmarok,Kežmarok,Prešovský,49.136318,20.430447,Gastro a stravovacie zariadenia,Stredná škola,skolsky_kuchynsky_odpad,Kuchynský odpad zo školských jedální,20 01 08,odpad,celorocne,D
51206790,Kežmarské Gymnázium P. O. Hviezdoslava,Kežmarok,Kežmarok,Prešovský,49.136318,20.430447,Gastro a stravovacie zariadenia,Stredná škola,zvysky_z_taniera,Zvyšky z taniera,20 01 08,odpad,celorocne,D
51206790,Kežmarské Gymnázium P. O. Hviezdoslava,Kežmarok,Kežmarok,Prešovský,49.136318,20.430447,Gastro a stravovacie zariadenia,Stredná škola,gastro_fritovaci_olej,Použitý fritovací olej z gastroprevádzok,20 01 25,odpad,celorocne,D
51206790,Kežmarské Gymnázium P. O. Hviezdoslava,Kežmarok,Kežmarok,Prešovský,49.136318,20.430447,Gastro a stravovacie zariadenia,Stredná škola,bro_zahrady,Biologicky rozložiteľný odpad zo záhrad,20 02 01,odpad,sezonne_leto,D
51266784,"Materská škola, Ul. 29. augusta 384/2A, Most pri Bratislave",Most pri Bratislave,Senec,Bratislavský,48.139812,17.268859,Gastro a stravovacie zariadenia,Materská škola,skolsky_kuchynsky_odpad,Kuchynský odpad zo školských jedální,20 01 08,odpad,celorocne,D
51266784,"Materská škola, Ul. 29. augusta 384/2A, Most pri Bratislave",Most pri Bratislave,Senec,Bratislavský,48.139812,17.268859,Gastro a stravovacie zariadenia,Materská škola,zvysky_z_taniera,Zvyšky z taniera,20 01 08,odpad,celorocne,D
51266784,"Materská škola, Ul. 29. augusta 384/2A, Most pri Bratislave",Most pri Bratislave,Senec,Bratislavský,48.139812,17.268859,Gastro a stravovacie zariadenia,Materská škola,bro_zahrady,Biologicky rozložiteľný odpad zo záhrad,20 02 01,odpad,sezonne_leto,D
51278308,"Školská jedáleň, Námestie A. Hlinku 31, Cífer",Cífer,Trnava,Trnavský,48.315284,17.490022,Gastro a stravovacie zariadenia,Školská jedáleň,skolsky_kuchynsky_odpad,Kuchynský odpad zo školských jedální,20 01 08,odpad,celorocne,D
51278308,"Školská jedáleň, Námestie A. Hlinku 31, Cífer",Cífer,Trnava,Trnavský,48.315284,17.490022,Gastro a stravovacie zariadenia,Školská jedáleň,zvysky_z_taniera,Zvyšky z taniera,20 01 08,odpad,celorocne,D
51278308,"Školská jedáleň, Námestie A. Hlinku 31, Cífer",Cífer,Trnava,Trnavský,48.315284,17.490022,Gastro a stravovacie zariadenia,Školská jedáleň,gastro_fritovaci_olej,Použitý fritovací olej z gastroprevádzok,20 01 25,odpad,celorocne,D
51329760,Juraj Bielik - BIELIK UDENINY,Komárno,Komárno,Nitriansky,47.757388,18.129917,Potravinárstvo a nápoje,Mäsospracovanie,kostny_zvysok,Kosti a kostné zvyšky,02 02 02,vedlajsi_produkt,celorocne,D
51329760,Juraj Bielik - BIELIK UDENINY,Komárno,Komárno,Nitriansky,47.757388,18.129917,Potravinárstvo a nápoje,Mäsospracovanie,kozne_odrezky,Kožné odrezky a podkožný tuk,02 02 02,odpad,celorocne,D
51329760,Juraj Bielik - BIELIK UDENINY,Komárno,Komárno,Nitriansky,47.757388,18.129917,Potravinárstvo a nápoje,Mäsospracovanie,masovy_flotacny_kal,Flotačný kal z mäsospracovania,02 02 04,odpad,celorocne,D
51329760,Juraj Bielik - BIELIK UDENINY,Komárno,Komárno,Nitriansky,47.757388,18.129917,Potravinárstvo a nápoje,Mäsospracovanie,zvp_kat3,Živočíšne vedľajšie produkty kategórie 3,02 02 02,vedlajsi_produkt,celorocne,D
51329760,Juraj Bielik - BIELIK UDENINY,Komárno,Komárno,Nitriansky,47.757388,18.129917,Potravinárstvo a nápoje,Mäsospracovanie,technicky_zivocisny_tuk,Technický živočíšny tuk,02 02 03,vedlajsi_produkt,celorocne,D
51329760,Juraj Bielik - BIELIK UDENINY,Komárno,Komárno,Nitriansky,47.757388,18.129917,Potravinárstvo a nápoje,Mäsospracovanie,masokostna_mucka,Mäsokostná múčka,02 02 02,odpad,celorocne,D
51412098,BioOdpad a.s.,Banská Bystrica,Banská Bystrica,Banskobystrický,48.738539,19.156869,Komunálny a gastro bioodpad,Odpadové hospodárstvo,kuchynsky_odpad,Biologicky rozložiteľný kuchynský a reštauračný odpad,20 01 08,odpad,celorocne,D
51412098,BioOdpad a.s.,Banská Bystrica,Banská Bystrica,Banskobystrický,48.738539,19.156869,Komunálny a gastro bioodpad,Odpadové hospodárstvo,bro_zahrady,Biologicky rozložiteľný odpad zo záhrad,20 02 01,odpad,sezonne_leto,D
51412098,BioOdpad a.s.,Banská Bystrica,Banská Bystrica,Banskobystrický,48.738539,19.156869,Komunálny a gastro bioodpad,Odpadové hospodárstvo,jedle_oleje_pouzite,Použité jedlé oleje a tuky,20 01 25,odpad,celorocne,D
51412098,BioOdpad a.s.,Banská Bystrica,Banská Bystrica,Banskobystrický,48.738539,19.156869,Komunálny a gastro bioodpad,Odpadové hospodárstvo,tuky_odlucovace,Tuky z odlučovačov,19 08 09,odpad,celorocne,D
51412098,BioOdpad a.s.,Banská Bystrica,Banská Bystrica,Banskobystrický,48.738539,19.156869,Komunálny a gastro bioodpad,Odpadové hospodárstvo,potraviny_po_dobe,Nepredané potraviny po dátume spotreby,20 01 08,odpad,celorocne,D
51465752,Technické služby Senec s. r. o.,Senec,Senec,Bratislavský,48.219641,17.396776,Komunálny a gastro bioodpad,Technické služby mesta / obce,travna_hmota_kosba,Trávna hmota z kosby verejnej zelene,20 02 01,odpad,sezonne_leto,D
51465752,Technické služby Senec s. r. o.,Senec,Senec,Bratislavský,48.219641,17.396776,Komunálny a gastro bioodpad,Technické služby mesta / obce,konare_stiepka,Konáre a drevná štiepka z údržby zelene,20 02 01,odpad,sezonne_jar,D
51465752,Technické služby Senec s. r. o.,Senec,Senec,Bratislavský,48.219641,17.396776,Komunálny a gastro bioodpad,Technické služby mesta / obce,listie,Lístie z verejnej zelene,20 02 01,odpad,sezonne_jesen,D
51465752,Technické služby Senec s. r. o.,Senec,Senec,Bratislavský,48.219641,17.396776,Komunálny a gastro bioodpad,Technické služby mesta / obce,bro_zahrady,Biologicky rozložiteľný odpad zo záhrad,20 02 01,odpad,sezonne_leto,D
51465752,Technické služby Senec s. r. o.,Senec,Senec,Bratislavský,48.219641,17.396776,Komunálny a gastro bioodpad,Technické služby mesta / obce,odpad_trhoviska,Odpad z trhovísk,20 03 02,odpad,sezonne_leto,D
51469529,"Píla Breza, s.r.o.",Breza,Námestovo,Žilinský,49.383333,19.4,"Drevo, lesníctvo a ostatné",Píla a drevospracovanie,piliny,Piliny a hobliny,03 01 05,vedlajsi_produkt,celorocne,D
51469529,"Píla Breza, s.r.o.",Breza,Námestovo,Žilinský,49.383333,19.4,"Drevo, lesníctvo a ostatné",Píla a drevospracovanie,kora,Odpadová kôra,03 01 01,vedlajsi_produkt,celorocne,D
51469529,"Píla Breza, s.r.o.",Breza,Námestovo,Žilinský,49.383333,19.4,"Drevo, lesníctvo a ostatné",Píla a drevospracovanie,odrezky_dreva,Odrezky a drevný odpad,03 01 05,vedlajsi_produkt,celorocne,D
51686317,ZELENINKA s.r.o.,Hronské Kosihy,Levice,Nitriansky,48.266667,18.6,Poľnohospodárstvo a chov,Zeleninárstvo,zeleninove_orezky,Orezky a nepodarky zeleniny,02 03 04,odpad,sezonne_leto,D
51686317,ZELENINKA s.r.o.,Hronské Kosihy,Levice,Nitriansky,48.266667,18.6,Poľnohospodárstvo a chov,Zeleninárstvo,kal_pranie_zeleniny,Kal z prania a lúpania zeleniny,02 03 01,odpad,sezonne_leto,D
51686317,ZELENINKA s.r.o.,Hronské Kosihy,Levice,Nitriansky,48.266667,18.6,Poľnohospodárstvo a chov,Zeleninárstvo,vnate_pozberove,Vňate a pozberové zvyšky zeleniny,02 01 03,odpad,sezonne_jesen,D
51686317,ZELENINKA s.r.o.,Hronské Kosihy,Levice,Nitriansky,48.266667,18.6,Poľnohospodárstvo a chov,Zeleninárstvo,zemiakove_supky,Zemiakové šupky a orezky,02 03 04,vedlajsi_produkt,celorocne,D
51706083,Zelenina zo Slovenska s.r.o.,Králiky,Banská Bystrica,Banskobystrický,48.7355,19.035849,Poľnohospodárstvo a chov,Zeleninárstvo,zeleninove_orezky,Orezky a nepodarky zeleniny,02 03 04,odpad,sezonne_leto,D
51706083,Zelenina zo Slovenska s.r.o.,Králiky,Banská Bystrica,Banskobystrický,48.7355,19.035849,Poľnohospodárstvo a chov,Zeleninárstvo,kal_pranie_zeleniny,Kal z prania a lúpania zeleniny,02 03 01,odpad,sezonne_leto,D
51706083,Zelenina zo Slovenska s.r.o.,Králiky,Banská Bystrica,Banskobystrický,48.7355,19.035849,Poľnohospodárstvo a chov,Zeleninárstvo,vnate_pozberove,Vňate a pozberové zvyšky zeleniny,02 01 03,odpad,sezonne_jesen,D
51706083,Zelenina zo Slovenska s.r.o.,Králiky,Banská Bystrica,Banskobystrický,48.7355,19.035849,Poľnohospodárstvo a chov,Zeleninárstvo,zemiakove_supky,Zemiakové šupky a orezky,02 03 04,vedlajsi_produkt,celorocne,D
51748100,Čedopol PÍLA s.r.o.,Olešná,Čadca,Žilinský,49.428876,18.666576,"Drevo, lesníctvo a ostatné",Píla a drevospracovanie,piliny,Piliny a hobliny,03 01 05,vedlajsi_produkt,celorocne,D
51748100,Čedopol PÍLA s.r.o.,Olešná,Čadca,Žilinský,49.428876,18.666576,"Drevo, lesníctvo a ostatné",Píla a drevospracovanie,kora,Odpadová kôra,03 01 01,vedlajsi_produkt,celorocne,D
51748100,Čedopol PÍLA s.r.o.,Olešná,Čadca,Žilinský,49.428876,18.666576,"Drevo, lesníctvo a ostatné",Píla a drevospracovanie,odrezky_dreva,Odrezky a drevný odpad,03 01 05,vedlajsi_produkt,celorocne,D
51840286,Pražiareň kávy Ollivier coffee s. r. o.,Prievidza,Prievidza,Trenčiansky,48.77104,18.623306,Potravinárstvo a nápoje,Pražiareň kávy,kavova_sedlina,Kávová sedlina,02 03 04,odpad,celorocne,D
51840286,Pražiareň kávy Ollivier coffee s. r. o.,Prievidza,Prievidza,Trenčiansky,48.77104,18.623306,Potravinárstvo a nápoje,Pražiareň kávy,kavove_slupky,Kávové šupky (silverskin),02 03 04,vedlajsi_produkt,celorocne,D
51897237,Zelenina Nitra s.r.o.,Malé Zálužie,Nitra,Nitriansky,48.44016,17.985146,Poľnohospodárstvo a chov,Zeleninárstvo,zeleninove_orezky,Orezky a nepodarky zeleniny,02 03 04,odpad,sezonne_leto,D
51897237,Zelenina Nitra s.r.o.,Malé Zálužie,Nitra,Nitriansky,48.44016,17.985146,Poľnohospodárstvo a chov,Zeleninárstvo,kal_pranie_zeleniny,Kal z prania a lúpania zeleniny,02 03 01,odpad,sezonne_leto,D
51897237,Zelenina Nitra s.r.o.,Malé Zálužie,Nitra,Nitriansky,48.44016,17.985146,Poľnohospodárstvo a chov,Zeleninárstvo,vnate_pozberove,Vňate a pozberové zvyšky zeleniny,02 01 03,odpad,sezonne_jesen,D
51897237,Zelenina Nitra s.r.o.,Malé Zálužie,Nitra,Nitriansky,48.44016,17.985146,Poľnohospodárstvo a chov,Zeleninárstvo,zemiakove_supky,Zemiakové šupky a orezky,02 03 04,vedlajsi_produkt,celorocne,D
51906228,"Spojená škola sv. Klementa Hofbauera internátna, Podolínec",Podolínec,Stará Ľubovňa,Prešovský,49.266667,20.533333,Gastro a stravovacie zariadenia,Stredná škola,skolsky_kuchynsky_odpad,Kuchynský odpad zo školských jedální,20 01 08,odpad,celorocne,D
51906228,"Spojená škola sv. Klementa Hofbauera internátna, Podolínec",Podolínec,Stará Ľubovňa,Prešovský,49.266667,20.533333,Gastro a stravovacie zariadenia,Stredná škola,zvysky_z_taniera,Zvyšky z taniera,20 01 08,odpad,celorocne,D
51906228,"Spojená škola sv. Klementa Hofbauera internátna, Podolínec",Podolínec,Stará Ľubovňa,Prešovský,49.266667,20.533333,Gastro a stravovacie zariadenia,Stredná škola,gastro_fritovaci_olej,Použitý fritovací olej z gastroprevádzok,20 01 25,odpad,celorocne,D
51906228,"Spojená škola sv. Klementa Hofbauera internátna, Podolínec",Podolínec,Stará Ľubovňa,Prešovský,49.266667,20.533333,Gastro a stravovacie zariadenia,Stredná škola,bro_zahrady,Biologicky rozložiteľný odpad zo záhrad,20 02 01,odpad,sezonne_leto,D
52020576,Ovocný strom s.r.o.,Dolná Súča,Trenčín,Trenčiansky,48.95799,18.033094,Poľnohospodárstvo a chov,Ovocné sady a spracovanie ovocia,jablcne_vylisky,Jablčné výlisky,02 07 04,vedlajsi_produkt,sezonne_jesen,D
52020576,Ovocný strom s.r.o.,Dolná Súča,Trenčín,Trenčiansky,48.95799,18.033094,Poľnohospodárstvo a chov,Ovocné sady a spracovanie ovocia,bobulove_vylisky,Výlisky z bobuľového ovocia,02 07 04,vedlajsi_produkt,sezonne_leto,D
52020576,Ovocný strom s.r.o.,Dolná Súča,Trenčín,Trenčiansky,48.95799,18.033094,Poľnohospodárstvo a chov,Ovocné sady a spracovanie ovocia,vnate_pozberove,Vňate a pozberové zvyšky zeleniny,02 01 03,odpad,sezonne_jesen,D
52089282,"Materská škola, Ulica Ľ. G. Zaoseka 247/10, Opoj",Opoj,Trnava,Trnavský,48.302946,17.641948,Gastro a stravovacie zariadenia,Materská škola,skolsky_kuchynsky_odpad,Kuchynský odpad zo školských jedální,20 01 08,odpad,celorocne,D
52089282,"Materská škola, Ulica Ľ. G. Zaoseka 247/10, Opoj",Opoj,Trnava,Trnavský,48.302946,17.641948,Gastro a stravovacie zariadenia,Materská škola,zvysky_z_taniera,Zvyšky z taniera,20 01 08,odpad,celorocne,D
52089282,"Materská škola, Ulica Ľ. G. Zaoseka 247/10, Opoj",Opoj,Trnava,Trnavský,48.302946,17.641948,Gastro a stravovacie zariadenia,Materská škola,bro_zahrady,Biologicky rozložiteľný odpad zo záhrad,20 02 01,odpad,sezonne_leto,D
52206416,"Stredná odborná škola Edith Steinovej, s.r.o.",Nové Mesto nad Váhom,Nové Mesto nad Váhom,Trenčiansky,48.763325,17.830386,Gastro a stravovacie zariadenia,Stredná škola,skolsky_kuchynsky_odpad,Kuchynský odpad zo školských jedální,20 01 08,odpad,celorocne,D
52206416,"Stredná odborná škola Edith Steinovej, s.r.o.",Nové Mesto nad Váhom,Nové Mesto nad Váhom,Trenčiansky,48.763325,17.830386,Gastro a stravovacie zariadenia,Stredná škola,zvysky_z_taniera,Zvyšky z taniera,20 01 08,odpad,celorocne,D
52206416,"Stredná odborná škola Edith Steinovej, s.r.o.",Nové Mesto nad Váhom,Nové Mesto nad Váhom,Trenčiansky,48.763325,17.830386,Gastro a stravovacie zariadenia,Stredná škola,gastro_fritovaci_olej,Použitý fritovací olej z gastroprevádzok,20 01 25,odpad,celorocne,D
52206416,"Stredná odborná škola Edith Steinovej, s.r.o.",Nové Mesto nad Váhom,Nové Mesto nad Váhom,Trenčiansky,48.763325,17.830386,Gastro a stravovacie zariadenia,Stredná škola,bro_zahrady,Biologicky rozložiteľný odpad zo záhrad,20 02 01,odpad,sezonne_leto,D
52245284,"HYDINA VRANOV, s. r. o.",Vranov nad Topľou,Vranov nad Topľou,Prešovský,48.890524,21.680564,Poľnohospodárstvo a chov,Hydinárska prevádzka,perie,Perie z hydinových bitúnkov,02 02 02,odpad,celorocne,D
52245284,"HYDINA VRANOV, s. r. o.",Vranov nad Topľou,Vranov nad Topľou,Prešovský,48.890524,21.680564,Poľnohospodárstvo a chov,Hydinárska prevádzka,hydinovy_trus,Hydinový trus a podstielka,02 01 06,odpad,celorocne,D
52245284,"HYDINA VRANOV, s. r. o.",Vranov nad Topľou,Vranov nad Topľou,Prešovský,48.890524,21.680564,Poľnohospodárstvo a chov,Hydinárska prevádzka,krv_bitunok,Krv z bitúnku,02 02 03,vedlajsi_produkt,celorocne,D
52245284,"HYDINA VRANOV, s. r. o.",Vranov nad Topľou,Vranov nad Topľou,Prešovský,48.890524,21.680564,Poľnohospodárstvo a chov,Hydinárska prevádzka,kadavery,Uhynuté zvieratá (kadávery),02 01 02,odpad,celorocne,D
52245284,"HYDINA VRANOV, s. r. o.",Vranov nad Topľou,Vranov nad Topľou,Prešovský,48.890524,21.680564,Poľnohospodárstvo a chov,Hydinárska prevádzka,zvp_kat3,Živočíšne vedľajšie produkty kategórie 3,02 02 02,vedlajsi_produkt,celorocne,D
52245284,"HYDINA VRANOV, s. r. o.",Vranov nad Topľou,Vranov nad Topľou,Prešovský,48.890524,21.680564,Poľnohospodárstvo a chov,Hydinárska prevádzka,zvp_kat2,Živočíšne vedľajšie produkty kategórie 2,02 02 02,odpad,celorocne,D
52259897,SITTA PÍLA ŠOBOV s. r. o.,Banská Štiavnica,Banská Štiavnica,Banskobystrický,48.458093,18.89828,"Drevo, lesníctvo a ostatné",Píla a drevospracovanie,piliny,Piliny a hobliny,03 01 05,vedlajsi_produkt,celorocne,D
52259897,SITTA PÍLA ŠOBOV s. r. o.,Banská Štiavnica,Banská Štiavnica,Banskobystrický,48.458093,18.89828,"Drevo, lesníctvo a ostatné",Píla a drevospracovanie,kora,Odpadová kôra,03 01 01,vedlajsi_produkt,celorocne,D
52259897,SITTA PÍLA ŠOBOV s. r. o.,Banská Štiavnica,Banská Štiavnica,Banskobystrický,48.458093,18.89828,"Drevo, lesníctvo a ostatné",Píla a drevospracovanie,odrezky_dreva,Odrezky a drevný odpad,03 01 05,vedlajsi_produkt,celorocne,D
52361861,Zeleninárstvo Rimavské Janovce s. r. o.,Rimavské Janovce,Rimavská Sobota,Banskobystrický,48.342051,20.062215,Poľnohospodárstvo a chov,Zeleninárstvo,zeleninove_orezky,Orezky a nepodarky zeleniny,02 03 04,odpad,sezonne_leto,D
52361861,Zeleninárstvo Rimavské Janovce s. r. o.,Rimavské Janovce,Rimavská Sobota,Banskobystrický,48.342051,20.062215,Poľnohospodárstvo a chov,Zeleninárstvo,kal_pranie_zeleniny,Kal z prania a lúpania zeleniny,02 03 01,odpad,sezonne_leto,D
52361861,Zeleninárstvo Rimavské Janovce s. r. o.,Rimavské Janovce,Rimavská Sobota,Banskobystrický,48.342051,20.062215,Poľnohospodárstvo a chov,Zeleninárstvo,vnate_pozberove,Vňate a pozberové zvyšky zeleniny,02 01 03,odpad,sezonne_jesen,D
52361861,Zeleninárstvo Rimavské Janovce s. r. o.,Rimavské Janovce,Rimavská Sobota,Banskobystrický,48.342051,20.062215,Poľnohospodárstvo a chov,Zeleninárstvo,zemiakove_supky,Zemiakové šupky a orezky,02 03 04,vedlajsi_produkt,celorocne,D
52438546,Píla SOEL s.r.o.,Spišské Bystré,Poprad,Prešovský,48.991455,20.242744,"Drevo, lesníctvo a ostatné",Píla a drevospracovanie,piliny,Piliny a hobliny,03 01 05,vedlajsi_produkt,celorocne,D
52438546,Píla SOEL s.r.o.,Spišské Bystré,Poprad,Prešovský,48.991455,20.242744,"Drevo, lesníctvo a ostatné",Píla a drevospracovanie,kora,Odpadová kôra,03 01 01,vedlajsi_produkt,celorocne,D
52438546,Píla SOEL s.r.o.,Spišské Bystré,Poprad,Prešovský,48.991455,20.242744,"Drevo, lesníctvo a ostatné",Píla a drevospracovanie,odrezky_dreva,Odrezky a drevný odpad,03 01 05,vedlajsi_produkt,celorocne,D
52547591,"Materská škola s VJM - Óvoda, Rimavská Seč 410",Rimavská Seč,Rimavská Sobota,Banskobystrický,48.304087,20.23735,Gastro a stravovacie zariadenia,Materská škola,skolsky_kuchynsky_odpad,Kuchynský odpad zo školských jedální,20 01 08,odpad,celorocne,D
52547591,"Materská škola s VJM - Óvoda, Rimavská Seč 410",Rimavská Seč,Rimavská Sobota,Banskobystrický,48.304087,20.23735,Gastro a stravovacie zariadenia,Materská škola,zvysky_z_taniera,Zvyšky z taniera,20 01 08,odpad,celorocne,D
52547591,"Materská škola s VJM - Óvoda, Rimavská Seč 410",Rimavská Seč,Rimavská Sobota,Banskobystrický,48.304087,20.23735,Gastro a stravovacie zariadenia,Materská škola,bro_zahrady,Biologicky rozložiteľný odpad zo záhrad,20 02 01,odpad,sezonne_leto,D
52585204,"Materská škola - Óvoda, Komárovská 58, Bratislava",Bratislava - mestská časť Podunajské Biskupice,Bratislava II,Bratislavský,48.130042,17.207422,Gastro a stravovacie zariadenia,Materská škola,skolsky_kuchynsky_odpad,Kuchynský odpad zo školských jedální,20 01 08,odpad,celorocne,D
52585204,"Materská škola - Óvoda, Komárovská 58, Bratislava",Bratislava - mestská časť Podunajské Biskupice,Bratislava II,Bratislavský,48.130042,17.207422,Gastro a stravovacie zariadenia,Materská škola,zvysky_z_taniera,Zvyšky z taniera,20 01 08,odpad,celorocne,D
52585204,"Materská škola - Óvoda, Komárovská 58, Bratislava",Bratislava - mestská časť Podunajské Biskupice,Bratislava II,Bratislavský,48.130042,17.207422,Gastro a stravovacie zariadenia,Materská škola,bro_zahrady,Biologicky rozložiteľný odpad zo záhrad,20 02 01,odpad,sezonne_leto,D
52641414,RH-PILA s. r. o.,Brezno,Brezno,Banskobystrický,48.805335,19.640961,"Drevo, lesníctvo a ostatné",Píla a drevospracovanie,piliny,Piliny a hobliny,03 01 05,vedlajsi_produkt,celorocne,D
52641414,RH-PILA s. r. o.,Brezno,Brezno,Banskobystrický,48.805335,19.640961,"Drevo, lesníctvo a ostatné",Píla a drevospracovanie,kora,Odpadová kôra,03 01 01,vedlajsi_produkt,celorocne,D
52641414,RH-PILA s. r. o.,Brezno,Brezno,Banskobystrický,48.805335,19.640961,"Drevo, lesníctvo a ostatné",Píla a drevospracovanie,odrezky_dreva,Odrezky a drevný odpad,03 01 05,vedlajsi_produkt,celorocne,D
52740790,"Technické služby Zlaté Klasy, s.r.o.",Zlaté Klasy,Dunajská Streda,Trnavský,48.121323,17.421944,Komunálny a gastro bioodpad,Technické služby mesta / obce,travna_hmota_kosba,Trávna hmota z kosby verejnej zelene,20 02 01,odpad,sezonne_leto,D
52740790,"Technické služby Zlaté Klasy, s.r.o.",Zlaté Klasy,Dunajská Streda,Trnavský,48.121323,17.421944,Komunálny a gastro bioodpad,Technické služby mesta / obce,konare_stiepka,Konáre a drevná štiepka z údržby zelene,20 02 01,odpad,sezonne_jar,D
52740790,"Technické služby Zlaté Klasy, s.r.o.",Zlaté Klasy,Dunajská Streda,Trnavský,48.121323,17.421944,Komunálny a gastro bioodpad,Technické služby mesta / obce,listie,Lístie z verejnej zelene,20 02 01,odpad,sezonne_jesen,D
52740790,"Technické služby Zlaté Klasy, s.r.o.",Zlaté Klasy,Dunajská Streda,Trnavský,48.121323,17.421944,Komunálny a gastro bioodpad,Technické služby mesta / obce,bro_zahrady,Biologicky rozložiteľný odpad zo záhrad,20 02 01,odpad,sezonne_leto,D
52740790,"Technické služby Zlaté Klasy, s.r.o.",Zlaté Klasy,Dunajská Streda,Trnavský,48.121323,17.421944,Komunálny a gastro bioodpad,Technické služby mesta / obce,odpad_trhoviska,Odpad z trhovísk,20 03 02,odpad,sezonne_leto,D
52800318,"Spojená škola, Dukelská 26/30, Giraltovce",Giraltovce,Svidník,Prešovský,49.116295,21.517528,Gastro a stravovacie zariadenia,Stredná škola,skolsky_kuchynsky_odpad,Kuchynský odpad zo školských jedální,20 01 08,odpad,celorocne,D
52800318,"Spojená škola, Dukelská 26/30, Giraltovce",Giraltovce,Svidník,Prešovský,49.116295,21.517528,Gastro a stravovacie zariadenia,Stredná škola,zvysky_z_taniera,Zvyšky z taniera,20 01 08,odpad,celorocne,D
52800318,"Spojená škola, Dukelská 26/30, Giraltovce",Giraltovce,Svidník,Prešovský,49.116295,21.517528,Gastro a stravovacie zariadenia,Stredná škola,gastro_fritovaci_olej,Použitý fritovací olej z gastroprevádzok,20 01 25,odpad,celorocne,D
52800318,"Spojená škola, Dukelská 26/30, Giraltovce",Giraltovce,Svidník,Prešovský,49.116295,21.517528,Gastro a stravovacie zariadenia,Stredná škola,bro_zahrady,Biologicky rozložiteľný odpad zo záhrad,20 02 01,odpad,sezonne_leto,D
52830586,"Technické služby Poltár, s.r.o.",Poltár,Poltár,Banskobystrický,48.432586,19.793827,Komunálny a gastro bioodpad,Technické služby mesta / obce,travna_hmota_kosba,Trávna hmota z kosby verejnej zelene,20 02 01,odpad,sezonne_leto,D
52830586,"Technické služby Poltár, s.r.o.",Poltár,Poltár,Banskobystrický,48.432586,19.793827,Komunálny a gastro bioodpad,Technické služby mesta / obce,konare_stiepka,Konáre a drevná štiepka z údržby zelene,20 02 01,odpad,sezonne_jar,D
52830586,"Technické služby Poltár, s.r.o.",Poltár,Poltár,Banskobystrický,48.432586,19.793827,Komunálny a gastro bioodpad,Technické služby mesta / obce,listie,Lístie z verejnej zelene,20 02 01,odpad,sezonne_jesen,D
52830586,"Technické služby Poltár, s.r.o.",Poltár,Poltár,Banskobystrický,48.432586,19.793827,Komunálny a gastro bioodpad,Technické služby mesta / obce,bro_zahrady,Biologicky rozložiteľný odpad zo záhrad,20 02 01,odpad,sezonne_leto,D
52830586,"Technické služby Poltár, s.r.o.",Poltár,Poltár,Banskobystrický,48.432586,19.793827,Komunálny a gastro bioodpad,Technické služby mesta / obce,odpad_trhoviska,Odpad z trhovísk,20 03 02,odpad,sezonne_leto,D
52891194,"MÄSO - UDENINY ČIČALA, s. r. o.",Kysucké Nové Mesto,Kysucké Nové Mesto,Žilinský,49.301674,18.785426,Potravinárstvo a nápoje,Mäsospracovanie,kostny_zvysok,Kosti a kostné zvyšky,02 02 02,vedlajsi_produkt,celorocne,D
52891194,"MÄSO - UDENINY ČIČALA, s. r. o.",Kysucké Nové Mesto,Kysucké Nové Mesto,Žilinský,49.301674,18.785426,Potravinárstvo a nápoje,Mäsospracovanie,kozne_odrezky,Kožné odrezky a podkožný tuk,02 02 02,odpad,celorocne,D
52891194,"MÄSO - UDENINY ČIČALA, s. r. o.",Kysucké Nové Mesto,Kysucké Nové Mesto,Žilinský,49.301674,18.785426,Potravinárstvo a nápoje,Mäsospracovanie,masovy_flotacny_kal,Flotačný kal z mäsospracovania,02 02 04,odpad,celorocne,D
52891194,"MÄSO - UDENINY ČIČALA, s. r. o.",Kysucké Nové Mesto,Kysucké Nové Mesto,Žilinský,49.301674,18.785426,Potravinárstvo a nápoje,Mäsospracovanie,zvp_kat3,Živočíšne vedľajšie produkty kategórie 3,02 02 02,vedlajsi_produkt,celorocne,D
52891194,"MÄSO - UDENINY ČIČALA, s. r. o.",Kysucké Nové Mesto,Kysucké Nové Mesto,Žilinský,49.301674,18.785426,Potravinárstvo a nápoje,Mäsospracovanie,technicky_zivocisny_tuk,Technický živočíšny tuk,02 02 03,vedlajsi_produkt,celorocne,D
52891194,"MÄSO - UDENINY ČIČALA, s. r. o.",Kysucké Nové Mesto,Kysucké Nové Mesto,Žilinský,49.301674,18.785426,Potravinárstvo a nápoje,Mäsospracovanie,masokostna_mucka,Mäsokostná múčka,02 02 02,odpad,celorocne,D
52904555,SLOVENSKÉ SYROVÉ VÝROBKY s. r. o.,Partizánske,Partizánske,Trenčiansky,48.627231,18.365466,Potravinárstvo a nápoje,Syráreň a bryndziareň,srvatka_sladka,Sladká srvátka,02 05 01,vedlajsi_produkt,celorocne,D
52904555,SLOVENSKÉ SYROVÉ VÝROBKY s. r. o.,Partizánske,Partizánske,Trenčiansky,48.627231,18.365466,Potravinárstvo a nápoje,Syráreň a bryndziareň,srvatka_kysla,Kyslá srvátka,02 05 01,odpad,celorocne,D
52904555,SLOVENSKÉ SYROVÉ VÝROBKY s. r. o.,Partizánske,Partizánske,Trenčiansky,48.627231,18.365466,Potravinárstvo a nápoje,Syráreň a bryndziareň,syrarska_srvatka_tuh,Tuhé zvyšky zo syrárskej výroby,02 05 01,vedlajsi_produkt,celorocne,D
52904555,SLOVENSKÉ SYROVÉ VÝROBKY s. r. o.,Partizánske,Partizánske,Trenčiansky,48.627231,18.365466,Potravinárstvo a nápoje,Syráreň a bryndziareň,mliekarensky_kal,Kal z mliekarenskej ČOV,02 05 02,odpad,celorocne,D
52916626,Záhorácka Pražiareň s.r.o.,Senica,Senica,Trnavský,48.679121,17.364383,Potravinárstvo a nápoje,Pražiareň kávy,kavova_sedlina,Kávová sedlina,02 03 04,odpad,celorocne,D
52916626,Záhorácka Pražiareň s.r.o.,Senica,Senica,Trnavský,48.679121,17.364383,Potravinárstvo a nápoje,Pražiareň kávy,kavove_slupky,Kávové šupky (silverskin),02 03 04,vedlajsi_produkt,celorocne,D
53039301,"Debra, n.o. - Zariadenie pre seniorov",Rovné,Svidník,Prešovský,49.283333,21.533333,Gastro a stravovacie zariadenia,Zariadenie sociálnych služieb,nemocnicny_kuchynsky_odpad,Kuchynský odpad zo zdravotníckych a sociálnych zariadení,20 01 08,odpad,celorocne,D
53039301,"Debra, n.o. - Zariadenie pre seniorov",Rovné,Svidník,Prešovský,49.283333,21.533333,Gastro a stravovacie zariadenia,Zariadenie sociálnych služieb,zvysky_z_taniera,Zvyšky z taniera,20 01 08,odpad,celorocne,D
53039301,"Debra, n.o. - Zariadenie pre seniorov",Rovné,Svidník,Prešovský,49.283333,21.533333,Gastro a stravovacie zariadenia,Zariadenie sociálnych služieb,bro_zahrady,Biologicky rozložiteľný odpad zo záhrad,20 02 01,odpad,sezonne_leto,D
53044703,"Zariadenie pre seniorov Minor, n.o.",Zborov,Bardejov,Prešovský,49.366667,21.3,Gastro a stravovacie zariadenia,Zariadenie sociálnych služieb,nemocnicny_kuchynsky_odpad,Kuchynský odpad zo zdravotníckych a sociálnych zariadení,20 01 08,odpad,celorocne,D
53044703,"Zariadenie pre seniorov Minor, n.o.",Zborov,Bardejov,Prešovský,49.366667,21.3,Gastro a stravovacie zariadenia,Zariadenie sociálnych služieb,zvysky_z_taniera,Zvyšky z taniera,20 01 08,odpad,celorocne,D
53044703,"Zariadenie pre seniorov Minor, n.o.",Zborov,Bardejov,Prešovský,49.366667,21.3,Gastro a stravovacie zariadenia,Zariadenie sociálnych služieb,bro_zahrady,Biologicky rozložiteľný odpad zo záhrad,20 02 01,odpad,sezonne_leto,D
53166078,Technické služby mesta Štúrovo,Štúrovo,Nové Zámky,Nitriansky,47.797831,18.71486,Komunálny a gastro bioodpad,Technické služby mesta / obce,travna_hmota_kosba,Trávna hmota z kosby verejnej zelene,20 02 01,odpad,sezonne_leto,D
53166078,Technické služby mesta Štúrovo,Štúrovo,Nové Zámky,Nitriansky,47.797831,18.71486,Komunálny a gastro bioodpad,Technické služby mesta / obce,konare_stiepka,Konáre a drevná štiepka z údržby zelene,20 02 01,odpad,sezonne_jar,D
53166078,Technické služby mesta Štúrovo,Štúrovo,Nové Zámky,Nitriansky,47.797831,18.71486,Komunálny a gastro bioodpad,Technické služby mesta / obce,listie,Lístie z verejnej zelene,20 02 01,odpad,sezonne_jesen,D
53166078,Technické služby mesta Štúrovo,Štúrovo,Nové Zámky,Nitriansky,47.797831,18.71486,Komunálny a gastro bioodpad,Technické služby mesta / obce,bro_zahrady,Biologicky rozložiteľný odpad zo záhrad,20 02 01,odpad,sezonne_leto,D
53166078,Technické služby mesta Štúrovo,Štúrovo,Nové Zámky,Nitriansky,47.797831,18.71486,Komunálny a gastro bioodpad,Technické služby mesta / obce,odpad_trhoviska,Odpad z trhovísk,20 03 02,odpad,sezonne_leto,D
53199685,Zariadenie pre seniorov Sv. Kataríny Labouré,Bošany,Partizánske,Trenčiansky,48.579391,18.255734,Gastro a stravovacie zariadenia,Zariadenie sociálnych služieb,nemocnicny_kuchynsky_odpad,Kuchynský odpad zo zdravotníckych a sociálnych zariadení,20 01 08,odpad,celorocne,D
53199685,Zariadenie pre seniorov Sv. Kataríny Labouré,Bošany,Partizánske,Trenčiansky,48.579391,18.255734,Gastro a stravovacie zariadenia,Zariadenie sociálnych služieb,zvysky_z_taniera,Zvyšky z taniera,20 01 08,odpad,celorocne,D
53199685,Zariadenie pre seniorov Sv. Kataríny Labouré,Bošany,Partizánske,Trenčiansky,48.579391,18.255734,Gastro a stravovacie zariadenia,Zariadenie sociálnych služieb,bro_zahrady,Biologicky rozložiteľný odpad zo záhrad,20 02 01,odpad,sezonne_leto,D
53200268,"Súkromná spojená škola francúzsko-slovenská, Bratislava",Bratislava - mestská časť Petržalka,Bratislava V,Bratislavský,48.111346,17.110791,Gastro a stravovacie zariadenia,Stredná škola,skolsky_kuchynsky_odpad,Kuchynský odpad zo školských jedální,20 01 08,odpad,celorocne,D
53200268,"Súkromná spojená škola francúzsko-slovenská, Bratislava",Bratislava - mestská časť Petržalka,Bratislava V,Bratislavský,48.111346,17.110791,Gastro a stravovacie zariadenia,Stredná škola,zvysky_z_taniera,Zvyšky z taniera,20 01 08,odpad,celorocne,D
53200268,"Súkromná spojená škola francúzsko-slovenská, Bratislava",Bratislava - mestská časť Petržalka,Bratislava V,Bratislavský,48.111346,17.110791,Gastro a stravovacie zariadenia,Stredná škola,gastro_fritovaci_olej,Použitý fritovací olej z gastroprevádzok,20 01 25,odpad,celorocne,D
53200268,"Súkromná spojená škola francúzsko-slovenská, Bratislava",Bratislava - mestská časť Petržalka,Bratislava V,Bratislavský,48.111346,17.110791,Gastro a stravovacie zariadenia,Stredná škola,bro_zahrady,Biologicky rozložiteľný odpad zo záhrad,20 02 01,odpad,sezonne_leto,D
53200284,"Spojená škola bl. biskupa Gojdiča, Bernolákova 21, Prešov",Prešov,Prešov,Prešovský,49.000411,21.252273,Gastro a stravovacie zariadenia,Stredná škola,skolsky_kuchynsky_odpad,Kuchynský odpad zo školských jedální,20 01 08,odpad,celorocne,D
53200284,"Spojená škola bl. biskupa Gojdiča, Bernolákova 21, Prešov",Prešov,Prešov,Prešovský,49.000411,21.252273,Gastro a stravovacie zariadenia,Stredná škola,zvysky_z_taniera,Zvyšky z taniera,20 01 08,odpad,celorocne,D
53200284,"Spojená škola bl. biskupa Gojdiča, Bernolákova 21, Prešov",Prešov,Prešov,Prešovský,49.000411,21.252273,Gastro a stravovacie zariadenia,Stredná škola,gastro_fritovaci_olej,Použitý fritovací olej z gastroprevádzok,20 01 25,odpad,celorocne,D
53200284,"Spojená škola bl. biskupa Gojdiča, Bernolákova 21, Prešov",Prešov,Prešov,Prešovský,49.000411,21.252273,Gastro a stravovacie zariadenia,Stredná škola,bro_zahrady,Biologicky rozložiteľný odpad zo záhrad,20 02 01,odpad,sezonne_leto,D
53200331,"Materská škola, Bodvianska 4, Bratislava",Bratislava - mestská časť Vrakuňa,Bratislava II,Bratislavský,48.143251,17.205724,Gastro a stravovacie zariadenia,Materská škola,skolsky_kuchynsky_odpad,Kuchynský odpad zo školských jedální,20 01 08,odpad,celorocne,D
53200331,"Materská škola, Bodvianska 4, Bratislava",Bratislava - mestská časť Vrakuňa,Bratislava II,Bratislavský,48.143251,17.205724,Gastro a stravovacie zariadenia,Materská škola,zvysky_z_taniera,Zvyšky z taniera,20 01 08,odpad,celorocne,D
53200331,"Materská škola, Bodvianska 4, Bratislava",Bratislava - mestská časť Vrakuňa,Bratislava II,Bratislavský,48.143251,17.205724,Gastro a stravovacie zariadenia,Materská škola,bro_zahrady,Biologicky rozložiteľný odpad zo záhrad,20 02 01,odpad,sezonne_leto,D
53200349,"Súkromná spojená škola Quality Schools International, Šamorín",Šamorín,Dunajská Streda,Trnavský,48.027583,17.311571,Gastro a stravovacie zariadenia,Stredná škola,skolsky_kuchynsky_odpad,Kuchynský odpad zo školských jedální,20 01 08,odpad,celorocne,D
53200349,"Súkromná spojená škola Quality Schools International, Šamorín",Šamorín,Dunajská Streda,Trnavský,48.027583,17.311571,Gastro a stravovacie zariadenia,Stredná škola,zvysky_z_taniera,Zvyšky z taniera,20 01 08,odpad,celorocne,D
53200349,"Súkromná spojená škola Quality Schools International, Šamorín",Šamorín,Dunajská Streda,Trnavský,48.027583,17.311571,Gastro a stravovacie zariadenia,Stredná škola,gastro_fritovaci_olej,Použitý fritovací olej z gastroprevádzok,20 01 25,odpad,celorocne,D
53200349,"Súkromná spojená škola Quality Schools International, Šamorín",Šamorín,Dunajská Streda,Trnavský,48.027583,17.311571,Gastro a stravovacie zariadenia,Stredná škola,bro_zahrady,Biologicky rozložiteľný odpad zo záhrad,20 02 01,odpad,sezonne_leto,D
53231058,Technické služby obce Novoť s. r. o.,Novoť,Námestovo,Žilinský,49.433333,19.266667,Komunálny a gastro bioodpad,Technické služby mesta / obce,travna_hmota_kosba,Trávna hmota z kosby verejnej zelene,20 02 01,odpad,sezonne_leto,D
53231058,Technické služby obce Novoť s. r. o.,Novoť,Námestovo,Žilinský,49.433333,19.266667,Komunálny a gastro bioodpad,Technické služby mesta / obce,konare_stiepka,Konáre a drevná štiepka z údržby zelene,20 02 01,odpad,sezonne_jar,D
53231058,Technické služby obce Novoť s. r. o.,Novoť,Námestovo,Žilinský,49.433333,19.266667,Komunálny a gastro bioodpad,Technické služby mesta / obce,listie,Lístie z verejnej zelene,20 02 01,odpad,sezonne_jesen,D
53231058,Technické služby obce Novoť s. r. o.,Novoť,Námestovo,Žilinský,49.433333,19.266667,Komunálny a gastro bioodpad,Technické služby mesta / obce,bro_zahrady,Biologicky rozložiteľný odpad zo záhrad,20 02 01,odpad,sezonne_leto,D
53231058,Technické služby obce Novoť s. r. o.,Novoť,Námestovo,Žilinský,49.433333,19.266667,Komunálny a gastro bioodpad,Technické služby mesta / obce,odpad_trhoviska,Odpad z trhovísk,20 03 02,odpad,sezonne_leto,D
53242599,"Spojená škola, Jána Bottu 31, Trnava",Trnava,Trnava,Trnavský,48.37729,17.586718,Gastro a stravovacie zariadenia,Stredná škola,skolsky_kuchynsky_odpad,Kuchynský odpad zo školských jedální,20 01 08,odpad,celorocne,D
53242599,"Spojená škola, Jána Bottu 31, Trnava",Trnava,Trnava,Trnavský,48.37729,17.586718,Gastro a stravovacie zariadenia,Stredná škola,zvysky_z_taniera,Zvyšky z taniera,20 01 08,odpad,celorocne,D
53242599,"Spojená škola, Jána Bottu 31, Trnava",Trnava,Trnava,Trnavský,48.37729,17.586718,Gastro a stravovacie zariadenia,Stredná škola,gastro_fritovaci_olej,Použitý fritovací olej z gastroprevádzok,20 01 25,odpad,celorocne,D
53242599,"Spojená škola, Jána Bottu 31, Trnava",Trnava,Trnava,Trnavský,48.37729,17.586718,Gastro a stravovacie zariadenia,Stredná škola,bro_zahrady,Biologicky rozložiteľný odpad zo záhrad,20 02 01,odpad,sezonne_leto,D
53242726,"Spojená škola, Ostredková 10, Bratislava",Bratislava - mestská časť Ružinov,Bratislava II,Bratislavský,48.149645,17.164279,Gastro a stravovacie zariadenia,Stredná škola,skolsky_kuchynsky_odpad,Kuchynský odpad zo školských jedální,20 01 08,odpad,celorocne,D
53242726,"Spojená škola, Ostredková 10, Bratislava",Bratislava - mestská časť Ružinov,Bratislava II,Bratislavský,48.149645,17.164279,Gastro a stravovacie zariadenia,Stredná škola,zvysky_z_taniera,Zvyšky z taniera,20 01 08,odpad,celorocne,D
53242726,"Spojená škola, Ostredková 10, Bratislava",Bratislava - mestská časť Ružinov,Bratislava II,Bratislavský,48.149645,17.164279,Gastro a stravovacie zariadenia,Stredná škola,gastro_fritovaci_olej,Použitý fritovací olej z gastroprevádzok,20 01 25,odpad,celorocne,D
53242726,"Spojená škola, Ostredková 10, Bratislava",Bratislava - mestská časť Ružinov,Bratislava II,Bratislavský,48.149645,17.164279,Gastro a stravovacie zariadenia,Stredná škola,bro_zahrady,Biologicky rozložiteľný odpad zo záhrad,20 02 01,odpad,sezonne_leto,D
53242742,"Spojená škola, Pankúchova 6, Bratislava",Bratislava - mestská časť Petržalka,Bratislava V,Bratislavský,48.111346,17.110791,Gastro a stravovacie zariadenia,Stredná škola,skolsky_kuchynsky_odpad,Kuchynský odpad zo školských jedální,20 01 08,odpad,celorocne,D
53242742,"Spojená škola, Pankúchova 6, Bratislava",Bratislava - mestská časť Petržalka,Bratislava V,Bratislavský,48.111346,17.110791,Gastro a stravovacie zariadenia,Stredná škola,zvysky_z_taniera,Zvyšky z taniera,20 01 08,odpad,celorocne,D
53242742,"Spojená škola, Pankúchova 6, Bratislava",Bratislava - mestská časť Petržalka,Bratislava V,Bratislavský,48.111346,17.110791,Gastro a stravovacie zariadenia,Stredná škola,gastro_fritovaci_olej,Použitý fritovací olej z gastroprevádzok,20 01 25,odpad,celorocne,D
53242742,"Spojená škola, Pankúchova 6, Bratislava",Bratislava - mestská časť Petržalka,Bratislava V,Bratislavský,48.111346,17.110791,Gastro a stravovacie zariadenia,Stredná škola,bro_zahrady,Biologicky rozložiteľný odpad zo záhrad,20 02 01,odpad,sezonne_leto,D
53255500,"Súkromná spojená škola, Klokočov 90",Klokočov,Čadca,Žilinský,49.446206,18.567083,Gastro a stravovacie zariadenia,Stredná škola,skolsky_kuchynsky_odpad,Kuchynský odpad zo školských jedální,20 01 08,odpad,celorocne,D
53255500,"Súkromná spojená škola, Klokočov 90",Klokočov,Čadca,Žilinský,49.446206,18.567083,Gastro a stravovacie zariadenia,Stredná škola,zvysky_z_taniera,Zvyšky z taniera,20 01 08,odpad,celorocne,D
53255500,"Súkromná spojená škola, Klokočov 90",Klokočov,Čadca,Žilinský,49.446206,18.567083,Gastro a stravovacie zariadenia,Stredná škola,gastro_fritovaci_olej,Použitý fritovací olej z gastroprevádzok,20 01 25,odpad,celorocne,D
53255500,"Súkromná spojená škola, Klokočov 90",Klokočov,Čadca,Žilinský,49.446206,18.567083,Gastro a stravovacie zariadenia,Stredná škola,bro_zahrady,Biologicky rozložiteľný odpad zo záhrad,20 02 01,odpad,sezonne_leto,D
53265301,"Spojená škola, Jarmočná 108, Stará Ľubovňa",Stará Ľubovňa,Stará Ľubovňa,Prešovský,49.297258,20.687317,Gastro a stravovacie zariadenia,Stredná škola,skolsky_kuchynsky_odpad,Kuchynský odpad zo školských jedální,20 01 08,odpad,celorocne,D
53265301,"Spojená škola, Jarmočná 108, Stará Ľubovňa",Stará Ľubovňa,Stará Ľubovňa,Prešovský,49.297258,20.687317,Gastro a stravovacie zariadenia,Stredná škola,zvysky_z_taniera,Zvyšky z taniera,20 01 08,odpad,celorocne,D
53265301,"Spojená škola, Jarmočná 108, Stará Ľubovňa",Stará Ľubovňa,Stará Ľubovňa,Prešovský,49.297258,20.687317,Gastro a stravovacie zariadenia,Stredná škola,gastro_fritovaci_olej,Použitý fritovací olej z gastroprevádzok,20 01 25,odpad,celorocne,D
53265301,"Spojená škola, Jarmočná 108, Stará Ľubovňa",Stará Ľubovňa,Stará Ľubovňa,Prešovský,49.297258,20.687317,Gastro a stravovacie zariadenia,Stredná škola,bro_zahrady,Biologicky rozložiteľný odpad zo záhrad,20 02 01,odpad,sezonne_leto,D
53280491,"PÍLA ORAVA, s.r.o.",Hruštín,Námestovo,Žilinský,49.316667,19.35,"Drevo, lesníctvo a ostatné",Píla a drevospracovanie,piliny,Piliny a hobliny,03 01 05,vedlajsi_produkt,celorocne,D
53280491,"PÍLA ORAVA, s.r.o.",Hruštín,Námestovo,Žilinský,49.316667,19.35,"Drevo, lesníctvo a ostatné",Píla a drevospracovanie,kora,Odpadová kôra,03 01 01,vedlajsi_produkt,celorocne,D
53280491,"PÍLA ORAVA, s.r.o.",Hruštín,Námestovo,Žilinský,49.316667,19.35,"Drevo, lesníctvo a ostatné",Píla a drevospracovanie,odrezky_dreva,Odrezky a drevný odpad,03 01 05,vedlajsi_produkt,celorocne,D
53324421,Píla LAKY s. r. o.,Veľké Leváre,Malacky,Bratislavský,48.501984,17.00306,"Drevo, lesníctvo a ostatné",Píla a drevospracovanie,piliny,Piliny a hobliny,03 01 05,vedlajsi_produkt,celorocne,D
53324421,Píla LAKY s. r. o.,Veľké Leváre,Malacky,Bratislavský,48.501984,17.00306,"Drevo, lesníctvo a ostatné",Píla a drevospracovanie,kora,Odpadová kôra,03 01 01,vedlajsi_produkt,celorocne,D
53324421,Píla LAKY s. r. o.,Veľké Leváre,Malacky,Bratislavský,48.501984,17.00306,"Drevo, lesníctvo a ostatné",Píla a drevospracovanie,odrezky_dreva,Odrezky a drevný odpad,03 01 05,vedlajsi_produkt,celorocne,D
53390920,"Súkromná školská jedáleň, 17. novembra 3723/13, Prešov",Prešov,Prešov,Prešovský,49.000411,21.252273,Gastro a stravovacie zariadenia,Školská jedáleň,skolsky_kuchynsky_odpad,Kuchynský odpad zo školských jedální,20 01 08,odpad,celorocne,D
53390920,"Súkromná školská jedáleň, 17. novembra 3723/13, Prešov",Prešov,Prešov,Prešovský,49.000411,21.252273,Gastro a stravovacie zariadenia,Školská jedáleň,zvysky_z_taniera,Zvyšky z taniera,20 01 08,odpad,celorocne,D
53390920,"Súkromná školská jedáleň, 17. novembra 3723/13, Prešov",Prešov,Prešov,Prešovský,49.000411,21.252273,Gastro a stravovacie zariadenia,Školská jedáleň,gastro_fritovaci_olej,Použitý fritovací olej z gastroprevádzok,20 01 25,odpad,celorocne,D
53420471,"Základná škola, Hlavná ulica 81/42, Miloslavov",Miloslavov,Senec,Bratislavský,48.103575,17.299044,Gastro a stravovacie zariadenia,Základná škola,skolsky_kuchynsky_odpad,Kuchynský odpad zo školských jedální,20 01 08,odpad,celorocne,D
53420471,"Základná škola, Hlavná ulica 81/42, Miloslavov",Miloslavov,Senec,Bratislavský,48.103575,17.299044,Gastro a stravovacie zariadenia,Základná škola,zvysky_z_taniera,Zvyšky z taniera,20 01 08,odpad,celorocne,D
53420471,"Základná škola, Hlavná ulica 81/42, Miloslavov",Miloslavov,Senec,Bratislavský,48.103575,17.299044,Gastro a stravovacie zariadenia,Základná škola,gastro_kavova_sedlina,Kávová sedlina z gastroprevádzok,20 01 08,odpad,celorocne,D
53420471,"Základná škola, Hlavná ulica 81/42, Miloslavov",Miloslavov,Senec,Bratislavský,48.103575,17.299044,Gastro a stravovacie zariadenia,Základná škola,bro_zahrady,Biologicky rozložiteľný odpad zo záhrad,20 02 01,odpad,sezonne_leto,D
53459148,"Základná škola s materskou školou, Školská 252, Beladice",Beladice,Zlaté Moravce,Nitriansky,48.346006,18.296077,Gastro a stravovacie zariadenia,Základná škola,skolsky_kuchynsky_odpad,Kuchynský odpad zo školských jedální,20 01 08,odpad,celorocne,D
53459148,"Základná škola s materskou školou, Školská 252, Beladice",Beladice,Zlaté Moravce,Nitriansky,48.346006,18.296077,Gastro a stravovacie zariadenia,Základná škola,zvysky_z_taniera,Zvyšky z taniera,20 01 08,odpad,celorocne,D
53459148,"Základná škola s materskou školou, Školská 252, Beladice",Beladice,Zlaté Moravce,Nitriansky,48.346006,18.296077,Gastro a stravovacie zariadenia,Základná škola,gastro_kavova_sedlina,Kávová sedlina z gastroprevádzok,20 01 08,odpad,celorocne,D
53459148,"Základná škola s materskou školou, Školská 252, Beladice",Beladice,Zlaté Moravce,Nitriansky,48.346006,18.296077,Gastro a stravovacie zariadenia,Základná škola,bro_zahrady,Biologicky rozložiteľný odpad zo záhrad,20 02 01,odpad,sezonne_leto,D
53480341,"Materská škola, Ulica Gašpara Haina 1237/36, Levoča",Levoča,Levoča,Prešovský,49.025112,20.587999,Gastro a stravovacie zariadenia,Materská škola,skolsky_kuchynsky_odpad,Kuchynský odpad zo školských jedální,20 01 08,odpad,celorocne,D
53480341,"Materská škola, Ulica Gašpara Haina 1237/36, Levoča",Levoča,Levoča,Prešovský,49.025112,20.587999,Gastro a stravovacie zariadenia,Materská škola,zvysky_z_taniera,Zvyšky z taniera,20 01 08,odpad,celorocne,D
53480341,"Materská škola, Ulica Gašpara Haina 1237/36, Levoča",Levoča,Levoča,Prešovský,49.025112,20.587999,Gastro a stravovacie zariadenia,Materská škola,bro_zahrady,Biologicky rozložiteľný odpad zo záhrad,20 02 01,odpad,sezonne_leto,D
53480465,"Materská škola, Predmestie 832/26, Levoča",Levoča,Levoča,Prešovský,49.025112,20.587999,Gastro a stravovacie zariadenia,Materská škola,skolsky_kuchynsky_odpad,Kuchynský odpad zo školských jedální,20 01 08,odpad,celorocne,D
53480465,"Materská škola, Predmestie 832/26, Levoča",Levoča,Levoča,Prešovský,49.025112,20.587999,Gastro a stravovacie zariadenia,Materská škola,zvysky_z_taniera,Zvyšky z taniera,20 01 08,odpad,celorocne,D
53480465,"Materská škola, Predmestie 832/26, Levoča",Levoča,Levoča,Prešovský,49.025112,20.587999,Gastro a stravovacie zariadenia,Materská škola,bro_zahrady,Biologicky rozložiteľný odpad zo záhrad,20 02 01,odpad,sezonne_leto,D
53480783,"Materská škola, Ulica Gustáva Hermanna 225/9, Levoča",Levoča,Levoča,Prešovský,49.025112,20.587999,Gastro a stravovacie zariadenia,Materská škola,skolsky_kuchynsky_odpad,Kuchynský odpad zo školských jedální,20 01 08,odpad,celorocne,D
53480783,"Materská škola, Ulica Gustáva Hermanna 225/9, Levoča",Levoča,Levoča,Prešovský,49.025112,20.587999,Gastro a stravovacie zariadenia,Materská škola,zvysky_z_taniera,Zvyšky z taniera,20 01 08,odpad,celorocne,D
53480783,"Materská škola, Ulica Gustáva Hermanna 225/9, Levoča",Levoča,Levoča,Prešovský,49.025112,20.587999,Gastro a stravovacie zariadenia,Materská škola,bro_zahrady,Biologicky rozložiteľný odpad zo záhrad,20 02 01,odpad,sezonne_leto,D
53480899,"Materská škola, Ulica Jána Francisciho 1674/8, Levoča",Levoča,Levoča,Prešovský,49.025112,20.587999,Gastro a stravovacie zariadenia,Materská škola,skolsky_kuchynsky_odpad,Kuchynský odpad zo školských jedální,20 01 08,odpad,celorocne,D
53480899,"Materská škola, Ulica Jána Francisciho 1674/8, Levoča",Levoča,Levoča,Prešovský,49.025112,20.587999,Gastro a stravovacie zariadenia,Materská škola,zvysky_z_taniera,Zvyšky z taniera,20 01 08,odpad,celorocne,D
53480899,"Materská škola, Ulica Jána Francisciho 1674/8, Levoča",Levoča,Levoča,Prešovský,49.025112,20.587999,Gastro a stravovacie zariadenia,Materská škola,bro_zahrady,Biologicky rozložiteľný odpad zo záhrad,20 02 01,odpad,sezonne_leto,D
53482077,René Šiko - Mäso - údeniny,Bánovce nad Bebravou,Bánovce nad Bebravou,Trenčiansky,48.721667,18.259826,Potravinárstvo a nápoje,Mäsospracovanie,kostny_zvysok,Kosti a kostné zvyšky,02 02 02,vedlajsi_produkt,celorocne,D
53482077,René Šiko - Mäso - údeniny,Bánovce nad Bebravou,Bánovce nad Bebravou,Trenčiansky,48.721667,18.259826,Potravinárstvo a nápoje,Mäsospracovanie,kozne_odrezky,Kožné odrezky a podkožný tuk,02 02 02,odpad,celorocne,D
53482077,René Šiko - Mäso - údeniny,Bánovce nad Bebravou,Bánovce nad Bebravou,Trenčiansky,48.721667,18.259826,Potravinárstvo a nápoje,Mäsospracovanie,masovy_flotacny_kal,Flotačný kal z mäsospracovania,02 02 04,odpad,celorocne,D
53482077,René Šiko - Mäso - údeniny,Bánovce nad Bebravou,Bánovce nad Bebravou,Trenčiansky,48.721667,18.259826,Potravinárstvo a nápoje,Mäsospracovanie,zvp_kat3,Živočíšne vedľajšie produkty kategórie 3,02 02 02,vedlajsi_produkt,celorocne,D
53482077,René Šiko - Mäso - údeniny,Bánovce nad Bebravou,Bánovce nad Bebravou,Trenčiansky,48.721667,18.259826,Potravinárstvo a nápoje,Mäsospracovanie,technicky_zivocisny_tuk,Technický živočíšny tuk,02 02 03,vedlajsi_produkt,celorocne,D
53482077,René Šiko - Mäso - údeniny,Bánovce nad Bebravou,Bánovce nad Bebravou,Trenčiansky,48.721667,18.259826,Potravinárstvo a nápoje,Mäsospracovanie,masokostna_mucka,Mäsokostná múčka,02 02 02,odpad,celorocne,D
53490827,"Hydina Gemer, s. r. o.",Dobšiná,Rožňava,Košický,48.821028,20.364743,Poľnohospodárstvo a chov,Hydinárska prevádzka,perie,Perie z hydinových bitúnkov,02 02 02,odpad,celorocne,D
53490827,"Hydina Gemer, s. r. o.",Dobšiná,Rožňava,Košický,48.821028,20.364743,Poľnohospodárstvo a chov,Hydinárska prevádzka,hydinovy_trus,Hydinový trus a podstielka,02 01 06,odpad,celorocne,D
53490827,"Hydina Gemer, s. r. o.",Dobšiná,Rožňava,Košický,48.821028,20.364743,Poľnohospodárstvo a chov,Hydinárska prevádzka,krv_bitunok,Krv z bitúnku,02 02 03,vedlajsi_produkt,celorocne,D
53490827,"Hydina Gemer, s. r. o.",Dobšiná,Rožňava,Košický,48.821028,20.364743,Poľnohospodárstvo a chov,Hydinárska prevádzka,kadavery,Uhynuté zvieratá (kadávery),02 01 02,odpad,celorocne,D
53490827,"Hydina Gemer, s. r. o.",Dobšiná,Rožňava,Košický,48.821028,20.364743,Poľnohospodárstvo a chov,Hydinárska prevádzka,zvp_kat3,Živočíšne vedľajšie produkty kategórie 3,02 02 02,vedlajsi_produkt,celorocne,D
53490827,"Hydina Gemer, s. r. o.",Dobšiná,Rožňava,Košický,48.821028,20.364743,Poľnohospodárstvo a chov,Hydinárska prevádzka,zvp_kat2,Živočíšne vedľajšie produkty kategórie 2,02 02 02,odpad,celorocne,D
53574222,"TT-kompost, s. r. o.",Sládkovičovo,Galanta,Trnavský,48.208208,17.644866,Komunálny a gastro bioodpad,Kompostáreň,kompost_nevyhovujuci,Kompost nevyhovujúcej kvality,19 05 03,odpad,celorocne,D
53574222,"TT-kompost, s. r. o.",Sládkovičovo,Galanta,Trnavský,48.208208,17.644866,Komunálny a gastro bioodpad,Kompostáreň,bro_zahrady,Biologicky rozložiteľný odpad zo záhrad,20 02 01,odpad,sezonne_leto,D
53574222,"TT-kompost, s. r. o.",Sládkovičovo,Galanta,Trnavský,48.208208,17.644866,Komunálny a gastro bioodpad,Kompostáreň,travna_hmota_kosba,Trávna hmota z kosby verejnej zelene,20 02 01,odpad,sezonne_leto,D
53698185,Technické služby mesta Revúca - sociálny podnik s.r.o.,Revúca,Revúca,Banskobystrický,48.683333,20.116667,Komunálny a gastro bioodpad,Technické služby mesta / obce,travna_hmota_kosba,Trávna hmota z kosby verejnej zelene,20 02 01,odpad,sezonne_leto,D
53698185,Technické služby mesta Revúca - sociálny podnik s.r.o.,Revúca,Revúca,Banskobystrický,48.683333,20.116667,Komunálny a gastro bioodpad,Technické služby mesta / obce,konare_stiepka,Konáre a drevná štiepka z údržby zelene,20 02 01,odpad,sezonne_jar,D
53698185,Technické služby mesta Revúca - sociálny podnik s.r.o.,Revúca,Revúca,Banskobystrický,48.683333,20.116667,Komunálny a gastro bioodpad,Technické služby mesta / obce,listie,Lístie z verejnej zelene,20 02 01,odpad,sezonne_jesen,D
53698185,Technické služby mesta Revúca - sociálny podnik s.r.o.,Revúca,Revúca,Banskobystrický,48.683333,20.116667,Komunálny a gastro bioodpad,Technické služby mesta / obce,bro_zahrady,Biologicky rozložiteľný odpad zo záhrad,20 02 01,odpad,sezonne_leto,D
53698185,Technické služby mesta Revúca - sociálny podnik s.r.o.,Revúca,Revúca,Banskobystrický,48.683333,20.116667,Komunálny a gastro bioodpad,Technické služby mesta / obce,odpad_trhoviska,Odpad z trhovísk,20 03 02,odpad,sezonne_leto,D
53708725,"Technické služby mesta Rajec, s. r. o.",Rajec,Žilina,Žilinský,49.087947,18.636664,Komunálny a gastro bioodpad,Technické služby mesta / obce,travna_hmota_kosba,Trávna hmota z kosby verejnej zelene,20 02 01,odpad,sezonne_leto,D
53708725,"Technické služby mesta Rajec, s. r. o.",Rajec,Žilina,Žilinský,49.087947,18.636664,Komunálny a gastro bioodpad,Technické služby mesta / obce,konare_stiepka,Konáre a drevná štiepka z údržby zelene,20 02 01,odpad,sezonne_jar,D
53708725,"Technické služby mesta Rajec, s. r. o.",Rajec,Žilina,Žilinský,49.087947,18.636664,Komunálny a gastro bioodpad,Technické služby mesta / obce,listie,Lístie z verejnej zelene,20 02 01,odpad,sezonne_jesen,D
53708725,"Technické služby mesta Rajec, s. r. o.",Rajec,Žilina,Žilinský,49.087947,18.636664,Komunálny a gastro bioodpad,Technické služby mesta / obce,bro_zahrady,Biologicky rozložiteľný odpad zo záhrad,20 02 01,odpad,sezonne_leto,D
53708725,"Technické služby mesta Rajec, s. r. o.",Rajec,Žilina,Žilinský,49.087947,18.636664,Komunálny a gastro bioodpad,Technické služby mesta / obce,odpad_trhoviska,Odpad z trhovísk,20 03 02,odpad,sezonne_leto,D
53764021,MILKFARM s. r. o.,Bardejov,Bardejov,Prešovský,49.292999,21.27554,Potravinárstvo a nápoje,Mliekáreň,srvatka_sladka,Sladká srvátka,02 05 01,vedlajsi_produkt,celorocne,D
53764021,MILKFARM s. r. o.,Bardejov,Bardejov,Prešovský,49.292999,21.27554,Potravinárstvo a nápoje,Mliekáreň,srvatka_kysla,Kyslá srvátka,02 05 01,odpad,celorocne,D
53764021,MILKFARM s. r. o.,Bardejov,Bardejov,Prešovský,49.292999,21.27554,Potravinárstvo a nápoje,Mliekáreň,srvatkovy_permeat,Srvátkový permeát,02 05 01,vedlajsi_produkt,celorocne,D
53764021,MILKFARM s. r. o.,Bardejov,Bardejov,Prešovský,49.292999,21.27554,Potravinárstvo a nápoje,Mliekáreň,cmar,Cmar,02 05 01,krmna_surovina,celorocne,D
53764021,MILKFARM s. r. o.,Bardejov,Bardejov,Prešovský,49.292999,21.27554,Potravinárstvo a nápoje,Mliekáreň,mliekarensky_kal,Kal z mliekarenskej ČOV,02 05 02,odpad,celorocne,D
53800818,Súkromná školská jedáleň VČ s. r. o.,Bratislava - mestská časť Jarovce,Bratislava I,Bratislavský,48.153538,17.109671,Gastro a stravovacie zariadenia,Školská jedáleň,skolsky_kuchynsky_odpad,Kuchynský odpad zo školských jedální,20 01 08,odpad,celorocne,D
53800818,Súkromná školská jedáleň VČ s. r. o.,Bratislava - mestská časť Jarovce,Bratislava I,Bratislavský,48.153538,17.109671,Gastro a stravovacie zariadenia,Školská jedáleň,zvysky_z_taniera,Zvyšky z taniera,20 01 08,odpad,celorocne,D
53800818,Súkromná školská jedáleň VČ s. r. o.,Bratislava - mestská časť Jarovce,Bratislava I,Bratislavský,48.153538,17.109671,Gastro a stravovacie zariadenia,Školská jedáleň,gastro_fritovaci_olej,Použitý fritovací olej z gastroprevádzok,20 01 25,odpad,celorocne,D
53946600,"Technické služby mesta Žilina, s.r.o.",Žilina,Žilina,Žilinský,49.223464,18.739498,Komunálny a gastro bioodpad,Technické služby mesta / obce,travna_hmota_kosba,Trávna hmota z kosby verejnej zelene,20 02 01,odpad,sezonne_leto,D
53946600,"Technické služby mesta Žilina, s.r.o.",Žilina,Žilina,Žilinský,49.223464,18.739498,Komunálny a gastro bioodpad,Technické služby mesta / obce,konare_stiepka,Konáre a drevná štiepka z údržby zelene,20 02 01,odpad,sezonne_jar,D
53946600,"Technické služby mesta Žilina, s.r.o.",Žilina,Žilina,Žilinský,49.223464,18.739498,Komunálny a gastro bioodpad,Technické služby mesta / obce,listie,Lístie z verejnej zelene,20 02 01,odpad,sezonne_jesen,D
53946600,"Technické služby mesta Žilina, s.r.o.",Žilina,Žilina,Žilinský,49.223464,18.739498,Komunálny a gastro bioodpad,Technické služby mesta / obce,bro_zahrady,Biologicky rozložiteľný odpad zo záhrad,20 02 01,odpad,sezonne_leto,D
53946600,"Technické služby mesta Žilina, s.r.o.",Žilina,Žilina,Žilinský,49.223464,18.739498,Komunálny a gastro bioodpad,Technické služby mesta / obce,odpad_trhoviska,Odpad z trhovísk,20 03 02,odpad,sezonne_leto,D
53975707,Píla Sucháň s.r.o.,Závada,Topoľčany,Nitriansky,48.64101,18.089173,"Drevo, lesníctvo a ostatné",Píla a drevospracovanie,piliny,Piliny a hobliny,03 01 05,vedlajsi_produkt,celorocne,D
53975707,Píla Sucháň s.r.o.,Závada,Topoľčany,Nitriansky,48.64101,18.089173,"Drevo, lesníctvo a ostatné",Píla a drevospracovanie,kora,Odpadová kôra,03 01 01,vedlajsi_produkt,celorocne,D
53975707,Píla Sucháň s.r.o.,Závada,Topoľčany,Nitriansky,48.64101,18.089173,"Drevo, lesníctvo a ostatné",Píla a drevospracovanie,odrezky_dreva,Odrezky a drevný odpad,03 01 05,vedlajsi_produkt,celorocne,D
54006805,"Školská jedáleň, Sídlisko II 1336, Vranov nad Topľou",Vranov nad Topľou,Vranov nad Topľou,Prešovský,48.890524,21.680564,Gastro a stravovacie zariadenia,Školská jedáleň,skolsky_kuchynsky_odpad,Kuchynský odpad zo školských jedální,20 01 08,odpad,celorocne,D
54006805,"Školská jedáleň, Sídlisko II 1336, Vranov nad Topľou",Vranov nad Topľou,Vranov nad Topľou,Prešovský,48.890524,21.680564,Gastro a stravovacie zariadenia,Školská jedáleň,zvysky_z_taniera,Zvyšky z taniera,20 01 08,odpad,celorocne,D
54006805,"Školská jedáleň, Sídlisko II 1336, Vranov nad Topľou",Vranov nad Topľou,Vranov nad Topľou,Prešovský,48.890524,21.680564,Gastro a stravovacie zariadenia,Školská jedáleň,gastro_fritovaci_olej,Použitý fritovací olej z gastroprevádzok,20 01 25,odpad,celorocne,D
54006937,"Školská jedáleň, Lúčna 827/26, Vranov nad Topľou",Vranov nad Topľou,Vranov nad Topľou,Prešovský,48.890524,21.680564,Gastro a stravovacie zariadenia,Školská jedáleň,skolsky_kuchynsky_odpad,Kuchynský odpad zo školských jedální,20 01 08,odpad,celorocne,D
54006937,"Školská jedáleň, Lúčna 827/26, Vranov nad Topľou",Vranov nad Topľou,Vranov nad Topľou,Prešovský,48.890524,21.680564,Gastro a stravovacie zariadenia,Školská jedáleň,zvysky_z_taniera,Zvyšky z taniera,20 01 08,odpad,celorocne,D
54006937,"Školská jedáleň, Lúčna 827/26, Vranov nad Topľou",Vranov nad Topľou,Vranov nad Topľou,Prešovský,48.890524,21.680564,Gastro a stravovacie zariadenia,Školská jedáleň,gastro_fritovaci_olej,Použitý fritovací olej z gastroprevádzok,20 01 25,odpad,celorocne,D
54006996,"Školská jedáleň, Juh 1054, Vranov nad Topľou",Vranov nad Topľou,Vranov nad Topľou,Prešovský,48.890524,21.680564,Gastro a stravovacie zariadenia,Školská jedáleň,skolsky_kuchynsky_odpad,Kuchynský odpad zo školských jedální,20 01 08,odpad,celorocne,D
54006996,"Školská jedáleň, Juh 1054, Vranov nad Topľou",Vranov nad Topľou,Vranov nad Topľou,Prešovský,48.890524,21.680564,Gastro a stravovacie zariadenia,Školská jedáleň,zvysky_z_taniera,Zvyšky z taniera,20 01 08,odpad,celorocne,D
54006996,"Školská jedáleň, Juh 1054, Vranov nad Topľou",Vranov nad Topľou,Vranov nad Topľou,Prešovský,48.890524,21.680564,Gastro a stravovacie zariadenia,Školská jedáleň,gastro_fritovaci_olej,Použitý fritovací olej z gastroprevádzok,20 01 25,odpad,celorocne,D
54007097,"Školská jedáleň, Bernolákova ulica 1061, Vranov nad Topľou",Vranov nad Topľou,Vranov nad Topľou,Prešovský,48.890524,21.680564,Gastro a stravovacie zariadenia,Školská jedáleň,skolsky_kuchynsky_odpad,Kuchynský odpad zo školských jedální,20 01 08,odpad,celorocne,D
54007097,"Školská jedáleň, Bernolákova ulica 1061, Vranov nad Topľou",Vranov nad Topľou,Vranov nad Topľou,Prešovský,48.890524,21.680564,Gastro a stravovacie zariadenia,Školská jedáleň,zvysky_z_taniera,Zvyšky z taniera,20 01 08,odpad,celorocne,D
54007097,"Školská jedáleň, Bernolákova ulica 1061, Vranov nad Topľou",Vranov nad Topľou,Vranov nad Topľou,Prešovský,48.890524,21.680564,Gastro a stravovacie zariadenia,Školská jedáleň,gastro_fritovaci_olej,Použitý fritovací olej z gastroprevádzok,20 01 25,odpad,celorocne,D
54278236,"Kocúr - pražiareň kávy, s.r.o.",Bystrička,Martin,Žilinský,49.05,18.883333,Potravinárstvo a nápoje,Pražiareň kávy,kavova_sedlina,Kávová sedlina,02 03 04,odpad,celorocne,D
54278236,"Kocúr - pražiareň kávy, s.r.o.",Bystrička,Martin,Žilinský,49.05,18.883333,Potravinárstvo a nápoje,Pražiareň kávy,kavove_slupky,Kávové šupky (silverskin),02 03 04,vedlajsi_produkt,celorocne,D
54348315,"Píla Lendak, s. r. o.",Lendak,Kežmarok,Prešovský,49.233333,20.35,"Drevo, lesníctvo a ostatné",Píla a drevospracovanie,piliny,Piliny a hobliny,03 01 05,vedlajsi_produkt,celorocne,D
54348315,"Píla Lendak, s. r. o.",Lendak,Kežmarok,Prešovský,49.233333,20.35,"Drevo, lesníctvo a ostatné",Píla a drevospracovanie,kora,Odpadová kôra,03 01 01,vedlajsi_produkt,celorocne,D
54348315,"Píla Lendak, s. r. o.",Lendak,Kežmarok,Prešovský,49.233333,20.35,"Drevo, lesníctvo a ostatné",Píla a drevospracovanie,odrezky_dreva,Odrezky a drevný odpad,03 01 05,vedlajsi_produkt,celorocne,D
54645298,"Školská jedáleň, Kysucká 14, Senec",Senec,Senec,Bratislavský,48.219641,17.396776,Gastro a stravovacie zariadenia,Školská jedáleň,skolsky_kuchynsky_odpad,Kuchynský odpad zo školských jedální,20 01 08,odpad,celorocne,D
54645298,"Školská jedáleň, Kysucká 14, Senec",Senec,Senec,Bratislavský,48.219641,17.396776,Gastro a stravovacie zariadenia,Školská jedáleň,zvysky_z_taniera,Zvyšky z taniera,20 01 08,odpad,celorocne,D
54645298,"Školská jedáleň, Kysucká 14, Senec",Senec,Senec,Bratislavský,48.219641,17.396776,Gastro a stravovacie zariadenia,Školská jedáleň,gastro_fritovaci_olej,Použitý fritovací olej z gastroprevádzok,20 01 25,odpad,celorocne,D
54709202,Píla - Dub s.r.o.,Horná Ves,Prievidza,Trenčiansky,48.609859,18.488024,"Drevo, lesníctvo a ostatné",Píla a drevospracovanie,piliny,Piliny a hobliny,03 01 05,vedlajsi_produkt,celorocne,D
54709202,Píla - Dub s.r.o.,Horná Ves,Prievidza,Trenčiansky,48.609859,18.488024,"Drevo, lesníctvo a ostatné",Píla a drevospracovanie,kora,Odpadová kôra,03 01 01,vedlajsi_produkt,celorocne,D
54709202,Píla - Dub s.r.o.,Horná Ves,Prievidza,Trenčiansky,48.609859,18.488024,"Drevo, lesníctvo a ostatné",Píla a drevospracovanie,odrezky_dreva,Odrezky a drevný odpad,03 01 05,vedlajsi_produkt,celorocne,D
54909082,"Súkromná výdajná školská jedáleň Libellus, Bratislava",Bratislava - mestská časť Lamač,Bratislava IV,Bratislavský,48.194538,17.048575,Gastro a stravovacie zariadenia,Školská jedáleň,skolsky_kuchynsky_odpad,Kuchynský odpad zo školských jedální,20 01 08,odpad,celorocne,D
54909082,"Súkromná výdajná školská jedáleň Libellus, Bratislava",Bratislava - mestská časť Lamač,Bratislava IV,Bratislavský,48.194538,17.048575,Gastro a stravovacie zariadenia,Školská jedáleň,zvysky_z_taniera,Zvyšky z taniera,20 01 08,odpad,celorocne,D
54909082,"Súkromná výdajná školská jedáleň Libellus, Bratislava",Bratislava - mestská časť Lamač,Bratislava IV,Bratislavský,48.194538,17.048575,Gastro a stravovacie zariadenia,Školská jedáleň,gastro_fritovaci_olej,Použitý fritovací olej z gastroprevádzok,20 01 25,odpad,celorocne,D
54932378,"Bioplynová stanica, s. r. o.",Ludrová,Ružomberok,Žilinský,49.046667,19.331842,Komunálny a gastro bioodpad,Bioplynová stanica,digestat,Digestát z bioplynovej stanice,19 06 06,odpad,celorocne,D
54932378,"Bioplynová stanica, s. r. o.",Ludrová,Ružomberok,Žilinský,49.046667,19.331842,Komunálny a gastro bioodpad,Bioplynová stanica,kukuricne_korovie,Kukuričné kôrovie a stonky,02 01 03,vedlajsi_produkt,sezonne_jesen,D
54932378,"Bioplynová stanica, s. r. o.",Ludrová,Ružomberok,Žilinský,49.046667,19.331842,Komunálny a gastro bioodpad,Bioplynová stanica,hnojovica_osipane,Hnojovica ošípaných,02 01 06,odpad,celorocne,D
54993296,PÍLA KALINA s.r.o.,Štítnik,Rožňava,Košický,48.659884,20.363755,"Drevo, lesníctvo a ostatné",Píla a drevospracovanie,piliny,Piliny a hobliny,03 01 05,vedlajsi_produkt,celorocne,D
54993296,PÍLA KALINA s.r.o.,Štítnik,Rožňava,Košický,48.659884,20.363755,"Drevo, lesníctvo a ostatné",Píla a drevospracovanie,kora,Odpadová kôra,03 01 01,vedlajsi_produkt,celorocne,D
54993296,PÍLA KALINA s.r.o.,Štítnik,Rožňava,Košický,48.659884,20.363755,"Drevo, lesníctvo a ostatné",Píla a drevospracovanie,odrezky_dreva,Odrezky a drevný odpad,03 01 05,vedlajsi_produkt,celorocne,D
55350500,"Papierne Stakčín, s.r.o.",Košice - mestská časť Juh,Košice IV,Košický,48.706875,21.259905,"Drevo, lesníctvo a ostatné",Papiereň a celulózka,papierensky_kal,Papierenský kal,03 03 11,odpad,celorocne,D
55350500,"Papierne Stakčín, s.r.o.",Košice - mestská časť Juh,Košice IV,Košický,48.706875,21.259905,"Drevo, lesníctvo a ostatné",Papiereň a celulózka,vlaknity_vymet,Výmety z vlákien a plnív,03 03 10,odpad,celorocne,D
55350500,"Papierne Stakčín, s.r.o.",Košice - mestská časť Juh,Košice IV,Košický,48.706875,21.259905,"Drevo, lesníctvo a ostatné",Papiereň a celulózka,kora,Odpadová kôra,03 01 01,vedlajsi_produkt,celorocne,D
55423230,"Píla Praznov SK, s. r. o.",Považská Bystrica,Považská Bystrica,Trenčiansky,49.114507,18.447319,"Drevo, lesníctvo a ostatné",Píla a drevospracovanie,piliny,Piliny a hobliny,03 01 05,vedlajsi_produkt,celorocne,D
55423230,"Píla Praznov SK, s. r. o.",Považská Bystrica,Považská Bystrica,Trenčiansky,49.114507,18.447319,"Drevo, lesníctvo a ostatné",Píla a drevospracovanie,kora,Odpadová kôra,03 01 01,vedlajsi_produkt,celorocne,D
55423230,"Píla Praznov SK, s. r. o.",Považská Bystrica,Považská Bystrica,Trenčiansky,49.114507,18.447319,"Drevo, lesníctvo a ostatné",Píla a drevospracovanie,odrezky_dreva,Odrezky a drevný odpad,03 01 05,vedlajsi_produkt,celorocne,D
55424961,"Mliekareň Liptovské Sliače, družstvo",Liptovské Sliače,Ružomberok,Žilinský,49.061607,19.390697,Potravinárstvo a nápoje,Mliekáreň,srvatka_sladka,Sladká srvátka,02 05 01,vedlajsi_produkt,celorocne,D
55424961,"Mliekareň Liptovské Sliače, družstvo",Liptovské Sliače,Ružomberok,Žilinský,49.061607,19.390697,Potravinárstvo a nápoje,Mliekáreň,srvatka_kysla,Kyslá srvátka,02 05 01,odpad,celorocne,D
55424961,"Mliekareň Liptovské Sliače, družstvo",Liptovské Sliače,Ružomberok,Žilinský,49.061607,19.390697,Potravinárstvo a nápoje,Mliekáreň,srvatkovy_permeat,Srvátkový permeát,02 05 01,vedlajsi_produkt,celorocne,D
55424961,"Mliekareň Liptovské Sliače, družstvo",Liptovské Sliače,Ružomberok,Žilinský,49.061607,19.390697,Potravinárstvo a nápoje,Mliekáreň,cmar,Cmar,02 05 01,krmna_surovina,celorocne,D
55424961,"Mliekareň Liptovské Sliače, družstvo",Liptovské Sliače,Ružomberok,Žilinský,49.061607,19.390697,Potravinárstvo a nápoje,Mliekáreň,mliekarensky_kal,Kal z mliekarenskej ČOV,02 05 02,odpad,celorocne,D
55452302,"Hydina Semerovo, s. r. o.",Semerovo,Nové Zámky,Nitriansky,48.016667,18.35,Poľnohospodárstvo a chov,Hydinárska prevádzka,perie,Perie z hydinových bitúnkov,02 02 02,odpad,celorocne,D
55452302,"Hydina Semerovo, s. r. o.",Semerovo,Nové Zámky,Nitriansky,48.016667,18.35,Poľnohospodárstvo a chov,Hydinárska prevádzka,hydinovy_trus,Hydinový trus a podstielka,02 01 06,odpad,celorocne,D
55452302,"Hydina Semerovo, s. r. o.",Semerovo,Nové Zámky,Nitriansky,48.016667,18.35,Poľnohospodárstvo a chov,Hydinárska prevádzka,krv_bitunok,Krv z bitúnku,02 02 03,vedlajsi_produkt,celorocne,D
55452302,"Hydina Semerovo, s. r. o.",Semerovo,Nové Zámky,Nitriansky,48.016667,18.35,Poľnohospodárstvo a chov,Hydinárska prevádzka,kadavery,Uhynuté zvieratá (kadávery),02 01 02,odpad,celorocne,D
55452302,"Hydina Semerovo, s. r. o.",Semerovo,Nové Zámky,Nitriansky,48.016667,18.35,Poľnohospodárstvo a chov,Hydinárska prevádzka,zvp_kat3,Živočíšne vedľajšie produkty kategórie 3,02 02 02,vedlajsi_produkt,celorocne,D
55452302,"Hydina Semerovo, s. r. o.",Semerovo,Nové Zámky,Nitriansky,48.016667,18.35,Poľnohospodárstvo a chov,Hydinárska prevádzka,zvp_kat2,Živočíšne vedľajšie produkty kategórie 2,02 02 02,odpad,celorocne,D
55519971,HYDINA KOŠICE s. r. o.,Košice - mestská časť Nad jazerom,Košice IV,Košický,48.687456,21.287603,Poľnohospodárstvo a chov,Hydinárska prevádzka,perie,Perie z hydinových bitúnkov,02 02 02,odpad,celorocne,D
55519971,HYDINA KOŠICE s. r. o.,Košice - mestská časť Nad jazerom,Košice IV,Košický,48.687456,21.287603,Poľnohospodárstvo a chov,Hydinárska prevádzka,hydinovy_trus,Hydinový trus a podstielka,02 01 06,odpad,celorocne,D
55519971,HYDINA KOŠICE s. r. o.,Košice - mestská časť Nad jazerom,Košice IV,Košický,48.687456,21.287603,Poľnohospodárstvo a chov,Hydinárska prevádzka,krv_bitunok,Krv z bitúnku,02 02 03,vedlajsi_produkt,celorocne,D
55519971,HYDINA KOŠICE s. r. o.,Košice - mestská časť Nad jazerom,Košice IV,Košický,48.687456,21.287603,Poľnohospodárstvo a chov,Hydinárska prevádzka,kadavery,Uhynuté zvieratá (kadávery),02 01 02,odpad,celorocne,D
55519971,HYDINA KOŠICE s. r. o.,Košice - mestská časť Nad jazerom,Košice IV,Košický,48.687456,21.287603,Poľnohospodárstvo a chov,Hydinárska prevádzka,zvp_kat3,Živočíšne vedľajšie produkty kategórie 3,02 02 02,vedlajsi_produkt,celorocne,D
55519971,HYDINA KOŠICE s. r. o.,Košice - mestská časť Nad jazerom,Košice IV,Košický,48.687456,21.287603,Poľnohospodárstvo a chov,Hydinárska prevádzka,zvp_kat2,Živočíšne vedľajšie produkty kategórie 2,02 02 02,odpad,celorocne,D
55598234,Kompost Senec s.r.o.,Sládkovičovo,Galanta,Trnavský,48.208208,17.644866,Komunálny a gastro bioodpad,Kompostáreň,kompost_nevyhovujuci,Kompost nevyhovujúcej kvality,19 05 03,odpad,celorocne,D
55598234,Kompost Senec s.r.o.,Sládkovičovo,Galanta,Trnavský,48.208208,17.644866,Komunálny a gastro bioodpad,Kompostáreň,bro_zahrady,Biologicky rozložiteľný odpad zo záhrad,20 02 01,odpad,sezonne_leto,D
55598234,Kompost Senec s.r.o.,Sládkovičovo,Galanta,Trnavský,48.208208,17.644866,Komunálny a gastro bioodpad,Kompostáreň,travna_hmota_kosba,Trávna hmota z kosby verejnej zelene,20 02 01,odpad,sezonne_leto,D
55807348,Banícky remeselný liehovar SCHEMNITZ s. r. o.,Banská Bystrica,Banská Bystrica,Banskobystrický,48.738539,19.156869,Potravinárstvo a nápoje,Liehovar a pálenica,vypalky,Liehovarnícke výpalky,02 07 02,vedlajsi_produkt,celorocne,D
55807348,Banícky remeselný liehovar SCHEMNITZ s. r. o.,Banská Bystrica,Banská Bystrica,Banskobystrický,48.738539,19.156869,Potravinárstvo a nápoje,Liehovar a pálenica,drozdiarske_zvysky,Zvyšky z výroby droždia,02 03 04,vedlajsi_produkt,celorocne,D
56034831,"Školská jedáleň, Hlavná 789, Dolný Štál",Dolný Štál,Dunajská Streda,Trnavský,47.936163,17.718435,Gastro a stravovacie zariadenia,Školská jedáleň,skolsky_kuchynsky_odpad,Kuchynský odpad zo školských jedální,20 01 08,odpad,celorocne,D
56034831,"Školská jedáleň, Hlavná 789, Dolný Štál",Dolný Štál,Dunajská Streda,Trnavský,47.936163,17.718435,Gastro a stravovacie zariadenia,Školská jedáleň,zvysky_z_taniera,Zvyšky z taniera,20 01 08,odpad,celorocne,D
56034831,"Školská jedáleň, Hlavná 789, Dolný Štál",Dolný Štál,Dunajská Streda,Trnavský,47.936163,17.718435,Gastro a stravovacie zariadenia,Školská jedáleň,gastro_fritovaci_olej,Použitý fritovací olej z gastroprevádzok,20 01 25,odpad,celorocne,D
56490437,"MLIEKAREŇ MORAVA VP, s. r. o.",Senica,Senica,Trnavský,48.679121,17.364383,Potravinárstvo a nápoje,Mliekáreň,srvatka_sladka,Sladká srvátka,02 05 01,vedlajsi_produkt,celorocne,D
56490437,"MLIEKAREŇ MORAVA VP, s. r. o.",Senica,Senica,Trnavský,48.679121,17.364383,Potravinárstvo a nápoje,Mliekáreň,srvatka_kysla,Kyslá srvátka,02 05 01,odpad,celorocne,D
56490437,"MLIEKAREŇ MORAVA VP, s. r. o.",Senica,Senica,Trnavský,48.679121,17.364383,Potravinárstvo a nápoje,Mliekáreň,srvatkovy_permeat,Srvátkový permeát,02 05 01,vedlajsi_produkt,celorocne,D
56490437,"MLIEKAREŇ MORAVA VP, s. r. o.",Senica,Senica,Trnavský,48.679121,17.364383,Potravinárstvo a nápoje,Mliekáreň,cmar,Cmar,02 05 01,krmna_surovina,celorocne,D
56490437,"MLIEKAREŇ MORAVA VP, s. r. o.",Senica,Senica,Trnavský,48.679121,17.364383,Potravinárstvo a nápoje,Mliekáreň,mliekarensky_kal,Kal z mliekarenskej ČOV,02 05 02,odpad,celorocne,D
56660740,"Súkromná školská jedáleň KSPV, Jesenná 18, Prešov",Prešov,Prešov,Prešovský,49.000411,21.252273,Gastro a stravovacie zariadenia,Školská jedáleň,skolsky_kuchynsky_odpad,Kuchynský odpad zo školských jedální,20 01 08,odpad,celorocne,D
56660740,"Súkromná školská jedáleň KSPV, Jesenná 18, Prešov",Prešov,Prešov,Prešovský,49.000411,21.252273,Gastro a stravovacie zariadenia,Školská jedáleň,zvysky_z_taniera,Zvyšky z taniera,20 01 08,odpad,celorocne,D
56660740,"Súkromná školská jedáleň KSPV, Jesenná 18, Prešov",Prešov,Prešov,Prešovský,49.000411,21.252273,Gastro a stravovacie zariadenia,Školská jedáleň,gastro_fritovaci_olej,Použitý fritovací olej z gastroprevádzok,20 01 25,odpad,celorocne,D
56762402,JEDÁLEŇ KATARÍNA s. r. o.,Nitra,Nitra,Nitriansky,48.31257,18.09061,Gastro a stravovacie zariadenia,Závodná a verejná jedáleň,gastro_kuchynsky_odpad,Kuchynský odpad z reštaurácií a hotelov,20 01 08,odpad,celorocne,D
56762402,JEDÁLEŇ KATARÍNA s. r. o.,Nitra,Nitra,Nitriansky,48.31257,18.09061,Gastro a stravovacie zariadenia,Závodná a verejná jedáleň,zvysky_z_taniera,Zvyšky z taniera,20 01 08,odpad,celorocne,D
56762402,JEDÁLEŇ KATARÍNA s. r. o.,Nitra,Nitra,Nitriansky,48.31257,18.09061,Gastro a stravovacie zariadenia,Závodná a verejná jedáleň,gastro_fritovaci_olej,Použitý fritovací olej z gastroprevádzok,20 01 25,odpad,celorocne,D
56762402,JEDÁLEŇ KATARÍNA s. r. o.,Nitra,Nitra,Nitriansky,48.31257,18.09061,Gastro a stravovacie zariadenia,Závodná a verejná jedáleň,tuky_odlucovace,Tuky z odlučovačov,19 08 09,odpad,celorocne,D
56946350,PRODUKT KOMPOST s. r. o.,Dolná Streda,Galanta,Trnavský,48.266667,17.75,Komunálny a gastro bioodpad,Kompostáreň,kompost_nevyhovujuci,Kompost nevyhovujúcej kvality,19 05 03,odpad,celorocne,D
56946350,PRODUKT KOMPOST s. r. o.,Dolná Streda,Galanta,Trnavský,48.266667,17.75,Komunálny a gastro bioodpad,Kompostáreň,bro_zahrady,Biologicky rozložiteľný odpad zo záhrad,20 02 01,odpad,sezonne_leto,D
56946350,PRODUKT KOMPOST s. r. o.,Dolná Streda,Galanta,Trnavský,48.266667,17.75,Komunálny a gastro bioodpad,Kompostáreň,travna_hmota_kosba,Trávna hmota z kosby verejnej zelene,20 02 01,odpad,sezonne_leto,D
57063800,Bc. Markéta Novysedláková - ŠARIŠSKÁ REMESELNÁ MLIEKAREŇ,Krásna Lúka,Sabinov,Prešovský,49.193961,20.822502,Potravinárstvo a nápoje,Mliekáreň,srvatka_sladka,Sladká srvátka,02 05 01,vedlajsi_produkt,celorocne,D
57063800,Bc. Markéta Novysedláková - ŠARIŠSKÁ REMESELNÁ MLIEKAREŇ,Krásna Lúka,Sabinov,Prešovský,49.193961,20.822502,Potravinárstvo a nápoje,Mliekáreň,srvatka_kysla,Kyslá srvátka,02 05 01,odpad,celorocne,D
57063800,Bc. Markéta Novysedláková - ŠARIŠSKÁ REMESELNÁ MLIEKAREŇ,Krásna Lúka,Sabinov,Prešovský,49.193961,20.822502,Potravinárstvo a nápoje,Mliekáreň,srvatkovy_permeat,Srvátkový permeát,02 05 01,vedlajsi_produkt,celorocne,D
57063800,Bc. Markéta Novysedláková - ŠARIŠSKÁ REMESELNÁ MLIEKAREŇ,Krásna Lúka,Sabinov,Prešovský,49.193961,20.822502,Potravinárstvo a nápoje,Mliekáreň,cmar,Cmar,02 05 01,krmna_surovina,celorocne,D
57063800,Bc. Markéta Novysedláková - ŠARIŠSKÁ REMESELNÁ MLIEKAREŇ,Krásna Lúka,Sabinov,Prešovský,49.193961,20.822502,Potravinárstvo a nápoje,Mliekáreň,mliekarensky_kal,Kal z mliekarenskej ČOV,02 05 02,odpad,celorocne,D
57114838,Školská jedáleň – Mavi s. r. o.,Viničné,Pezinok,Bratislavský,48.269892,17.302281,Gastro a stravovacie zariadenia,Školská jedáleň,skolsky_kuchynsky_odpad,Kuchynský odpad zo školských jedální,20 01 08,odpad,celorocne,D
57114838,Školská jedáleň – Mavi s. r. o.,Viničné,Pezinok,Bratislavský,48.269892,17.302281,Gastro a stravovacie zariadenia,Školská jedáleň,zvysky_z_taniera,Zvyšky z taniera,20 01 08,odpad,celorocne,D
57114838,Školská jedáleň – Mavi s. r. o.,Viničné,Pezinok,Bratislavský,48.269892,17.302281,Gastro a stravovacie zariadenia,Školská jedáleň,gastro_fritovaci_olej,Použitý fritovací olej z gastroprevádzok,20 01 25,odpad,celorocne,D
57237646,Holíčska Pražiareň s. r. o.,Holíč,Skalica,Trnavský,48.8,17.166667,Potravinárstvo a nápoje,Pražiareň kávy,kavova_sedlina,Kávová sedlina,02 03 04,odpad,celorocne,D
57237646,Holíčska Pražiareň s. r. o.,Holíč,Skalica,Trnavský,48.8,17.166667,Potravinárstvo a nápoje,Pražiareň kávy,kavove_slupky,Kávové šupky (silverskin),02 03 04,vedlajsi_produkt,celorocne,D
57255342,MÄSO-ÚDENINY Podbrezová s. r. o.,Predajná,Brezno,Banskobystrický,48.813419,19.462852,Potravinárstvo a nápoje,Mäsospracovanie,kostny_zvysok,Kosti a kostné zvyšky,02 02 02,vedlajsi_produkt,celorocne,D
57255342,MÄSO-ÚDENINY Podbrezová s. r. o.,Predajná,Brezno,Banskobystrický,48.813419,19.462852,Potravinárstvo a nápoje,Mäsospracovanie,kozne_odrezky,Kožné odrezky a podkožný tuk,02 02 02,odpad,celorocne,D
57255342,MÄSO-ÚDENINY Podbrezová s. r. o.,Predajná,Brezno,Banskobystrický,48.813419,19.462852,Potravinárstvo a nápoje,Mäsospracovanie,masovy_flotacny_kal,Flotačný kal z mäsospracovania,02 02 04,odpad,celorocne,D
57255342,MÄSO-ÚDENINY Podbrezová s. r. o.,Predajná,Brezno,Banskobystrický,48.813419,19.462852,Potravinárstvo a nápoje,Mäsospracovanie,zvp_kat3,Živočíšne vedľajšie produkty kategórie 3,02 02 02,vedlajsi_produkt,celorocne,D
57255342,MÄSO-ÚDENINY Podbrezová s. r. o.,Predajná,Brezno,Banskobystrický,48.813419,19.462852,Potravinárstvo a nápoje,Mäsospracovanie,technicky_zivocisny_tuk,Technický živočíšny tuk,02 02 03,vedlajsi_produkt,celorocne,D
57255342,MÄSO-ÚDENINY Podbrezová s. r. o.,Predajná,Brezno,Banskobystrický,48.813419,19.462852,Potravinárstvo a nápoje,Mäsospracovanie,masokostna_mucka,Mäsokostná múčka,02 02 02,odpad,celorocne,D
57371598,HUDÁK HYDINA s. r. o.,Juskova Voľa,Vranov nad Topľou,Prešovský,48.883333,21.566667,Poľnohospodárstvo a chov,Hydinárska prevádzka,perie,Perie z hydinových bitúnkov,02 02 02,odpad,celorocne,D
57371598,HUDÁK HYDINA s. r. o.,Juskova Voľa,Vranov nad Topľou,Prešovský,48.883333,21.566667,Poľnohospodárstvo a chov,Hydinárska prevádzka,hydinovy_trus,Hydinový trus a podstielka,02 01 06,odpad,celorocne,D
57371598,HUDÁK HYDINA s. r. o.,Juskova Voľa,Vranov nad Topľou,Prešovský,48.883333,21.566667,Poľnohospodárstvo a chov,Hydinárska prevádzka,krv_bitunok,Krv z bitúnku,02 02 03,vedlajsi_produkt,celorocne,D
57371598,HUDÁK HYDINA s. r. o.,Juskova Voľa,Vranov nad Topľou,Prešovský,48.883333,21.566667,Poľnohospodárstvo a chov,Hydinárska prevádzka,kadavery,Uhynuté zvieratá (kadávery),02 01 02,odpad,celorocne,D
57371598,HUDÁK HYDINA s. r. o.,Juskova Voľa,Vranov nad Topľou,Prešovský,48.883333,21.566667,Poľnohospodárstvo a chov,Hydinárska prevádzka,zvp_kat3,Živočíšne vedľajšie produkty kategórie 3,02 02 02,vedlajsi_produkt,celorocne,D
57371598,HUDÁK HYDINA s. r. o.,Juskova Voľa,Vranov nad Topľou,Prešovský,48.883333,21.566667,Poľnohospodárstvo a chov,Hydinárska prevádzka,zvp_kat2,Živočíšne vedľajšie produkty kategórie 2,02 02 02,odpad,celorocne,D
57418616,Anna Arvajová - JEDÁLEŇ JELEŇ,Žarnovica,Žarnovica,Banskobystrický,48.483398,18.72155,Gastro a stravovacie zariadenia,Závodná a verejná jedáleň,gastro_kuchynsky_odpad,Kuchynský odpad z reštaurácií a hotelov,20 01 08,odpad,celorocne,D
57418616,Anna Arvajová - JEDÁLEŇ JELEŇ,Žarnovica,Žarnovica,Banskobystrický,48.483398,18.72155,Gastro a stravovacie zariadenia,Závodná a verejná jedáleň,zvysky_z_taniera,Zvyšky z taniera,20 01 08,odpad,celorocne,D
57418616,Anna Arvajová - JEDÁLEŇ JELEŇ,Žarnovica,Žarnovica,Banskobystrický,48.483398,18.72155,Gastro a stravovacie zariadenia,Závodná a verejná jedáleň,gastro_fritovaci_olej,Použitý fritovací olej z gastroprevádzok,20 01 25,odpad,celorocne,D
57418616,Anna Arvajová - JEDÁLEŇ JELEŇ,Žarnovica,Žarnovica,Banskobystrický,48.483398,18.72155,Gastro a stravovacie zariadenia,Závodná a verejná jedáleň,tuky_odlucovace,Tuky z odlučovačov,19 08 09,odpad,celorocne,D
57424136,"PÍLA PODTUREŇ, s. r. o.",Podtureň,Liptovský Mikuláš,Žilinský,49.053592,19.692702,"Drevo, lesníctvo a ostatné",Píla a drevospracovanie,piliny,Piliny a hobliny,03 01 05,vedlajsi_produkt,celorocne,D
57424136,"PÍLA PODTUREŇ, s. r. o.",Podtureň,Liptovský Mikuláš,Žilinský,49.053592,19.692702,"Drevo, lesníctvo a ostatné",Píla a drevospracovanie,kora,Odpadová kôra,03 01 01,vedlajsi_produkt,celorocne,D
57424136,"PÍLA PODTUREŇ, s. r. o.",Podtureň,Liptovský Mikuláš,Žilinský,49.053592,19.692702,"Drevo, lesníctvo a ostatné",Píla a drevospracovanie,odrezky_dreva,Odrezky a drevný odpad,03 01 05,vedlajsi_produkt,celorocne,D
57433933,ATELIÉR pražiareň s. r. o.,Trnava,Trnava,Trnavský,48.37729,17.586718,Potravinárstvo a nápoje,Pražiareň kávy,kavova_sedlina,Kávová sedlina,02 03 04,odpad,celorocne,D
57433933,ATELIÉR pražiareň s. r. o.,Trnava,Trnava,Trnavský,48.37729,17.586718,Potravinárstvo a nápoje,Pražiareň kávy,kavove_slupky,Kávové šupky (silverskin),02 03 04,vedlajsi_produkt,celorocne,D
57497931,"Hruštínska mliekareň, s. r. o.",Hruštín,Námestovo,Žilinský,49.316667,19.35,Potravinárstvo a nápoje,Mliekáreň,srvatka_sladka,Sladká srvátka,02 05 01,vedlajsi_produkt,celorocne,D
57497931,"Hruštínska mliekareň, s. r. o.",Hruštín,Námestovo,Žilinský,49.316667,19.35,Potravinárstvo a nápoje,Mliekáreň,srvatka_kysla,Kyslá srvátka,02 05 01,odpad,celorocne,D
57497931,"Hruštínska mliekareň, s. r. o.",Hruštín,Námestovo,Žilinský,49.316667,19.35,Potravinárstvo a nápoje,Mliekáreň,srvatkovy_permeat,Srvátkový permeát,02 05 01,vedlajsi_produkt,celorocne,D
57497931,"Hruštínska mliekareň, s. r. o.",Hruštín,Námestovo,Žilinský,49.316667,19.35,Potravinárstvo a nápoje,Mliekáreň,cmar,Cmar,02 05 01,krmna_surovina,celorocne,D
57497931,"Hruštínska mliekareň, s. r. o.",Hruštín,Námestovo,Žilinský,49.316667,19.35,Potravinárstvo a nápoje,Mliekáreň,mliekarensky_kal,Kal z mliekarenskej ČOV,02 05 02,odpad,celorocne,D
57527458,JEDÁLEŇ ŠMAK s.r.o.,Trstená,Tvrdošín,Žilinský,49.363892,19.615641,Gastro a stravovacie zariadenia,Závodná a verejná jedáleň,gastro_kuchynsky_odpad,Kuchynský odpad z reštaurácií a hotelov,20 01 08,odpad,celorocne,D
57527458,JEDÁLEŇ ŠMAK s.r.o.,Trstená,Tvrdošín,Žilinský,49.363892,19.615641,Gastro a stravovacie zariadenia,Závodná a verejná jedáleň,zvysky_z_taniera,Zvyšky z taniera,20 01 08,odpad,celorocne,D
57527458,JEDÁLEŇ ŠMAK s.r.o.,Trstená,Tvrdošín,Žilinský,49.363892,19.615641,Gastro a stravovacie zariadenia,Závodná a verejná jedáleň,gastro_fritovaci_olej,Použitý fritovací olej z gastroprevádzok,20 01 25,odpad,celorocne,D
57527458,JEDÁLEŇ ŠMAK s.r.o.,Trstená,Tvrdošín,Žilinský,49.363892,19.615641,Gastro a stravovacie zariadenia,Závodná a verejná jedáleň,tuky_odlucovace,Tuky z odlučovačov,19 08 09,odpad,celorocne,D
57571635,Mäso údeniny Dudek s. r. o.,Láb,Malacky,Bratislavský,48.363703,16.973293,Potravinárstvo a nápoje,Mäsospracovanie,kostny_zvysok,Kosti a kostné zvyšky,02 02 02,vedlajsi_produkt,celorocne,D
57571635,Mäso údeniny Dudek s. r. o.,Láb,Malacky,Bratislavský,48.363703,16.973293,Potravinárstvo a nápoje,Mäsospracovanie,kozne_odrezky,Kožné odrezky a podkožný tuk,02 02 02,odpad,celorocne,D
57571635,Mäso údeniny Dudek s. r. o.,Láb,Malacky,Bratislavský,48.363703,16.973293,Potravinárstvo a nápoje,Mäsospracovanie,masovy_flotacny_kal,Flotačný kal z mäsospracovania,02 02 04,odpad,celorocne,D
57571635,Mäso údeniny Dudek s. r. o.,Láb,Malacky,Bratislavský,48.363703,16.973293,Potravinárstvo a nápoje,Mäsospracovanie,zvp_kat3,Živočíšne vedľajšie produkty kategórie 3,02 02 02,vedlajsi_produkt,celorocne,D
57571635,Mäso údeniny Dudek s. r. o.,Láb,Malacky,Bratislavský,48.363703,16.973293,Potravinárstvo a nápoje,Mäsospracovanie,technicky_zivocisny_tuk,Technický živočíšny tuk,02 02 03,vedlajsi_produkt,celorocne,D
57571635,Mäso údeniny Dudek s. r. o.,Láb,Malacky,Bratislavský,48.363703,16.973293,Potravinárstvo a nápoje,Mäsospracovanie,masokostna_mucka,Mäsokostná múčka,02 02 02,odpad,celorocne,D
57675112,"Súkromná školská jedáleň, Bernolákova 21, Prešov",Prešov,Prešov,Prešovský,49.000411,21.252273,Gastro a stravovacie zariadenia,Školská jedáleň,skolsky_kuchynsky_odpad,Kuchynský odpad zo školských jedální,20 01 08,odpad,celorocne,D
57675112,"Súkromná školská jedáleň, Bernolákova 21, Prešov",Prešov,Prešov,Prešovský,49.000411,21.252273,Gastro a stravovacie zariadenia,Školská jedáleň,zvysky_z_taniera,Zvyšky z taniera,20 01 08,odpad,celorocne,D
57675112,"Súkromná školská jedáleň, Bernolákova 21, Prešov",Prešov,Prešov,Prešovský,49.000411,21.252273,Gastro a stravovacie zariadenia,Školská jedáleň,gastro_fritovaci_olej,Použitý fritovací olej z gastroprevádzok,20 01 25,odpad,celorocne,D
57767394,"Súkromná školská jedáleň Zdravý projekt, Pekníkova 6, Bratislava",Bratislava - mestská časť Dúbravka,Michalovce,Košický,48.633333,21.883333,Gastro a stravovacie zariadenia,Školská jedáleň,skolsky_kuchynsky_odpad,Kuchynský odpad zo školských jedální,20 01 08,odpad,celorocne,D
57767394,"Súkromná školská jedáleň Zdravý projekt, Pekníkova 6, Bratislava",Bratislava - mestská časť Dúbravka,Michalovce,Košický,48.633333,21.883333,Gastro a stravovacie zariadenia,Školská jedáleň,zvysky_z_taniera,Zvyšky z taniera,20 01 08,odpad,celorocne,D
57767394,"Súkromná školská jedáleň Zdravý projekt, Pekníkova 6, Bratislava",Bratislava - mestská časť Dúbravka,Michalovce,Košický,48.633333,21.883333,Gastro a stravovacie zariadenia,Školská jedáleň,gastro_fritovaci_olej,Použitý fritovací olej z gastroprevádzok,20 01 25,odpad,celorocne,D
57767581,"Súkromná školská jedáleň, Bilíková 24, Bratislava",Bratislava - mestská časť Dúbravka,Michalovce,Košický,48.633333,21.883333,Gastro a stravovacie zariadenia,Školská jedáleň,skolsky_kuchynsky_odpad,Kuchynský odpad zo školských jedální,20 01 08,odpad,celorocne,D
57767581,"Súkromná školská jedáleň, Bilíková 24, Bratislava",Bratislava - mestská časť Dúbravka,Michalovce,Košický,48.633333,21.883333,Gastro a stravovacie zariadenia,Školská jedáleň,zvysky_z_taniera,Zvyšky z taniera,20 01 08,odpad,celorocne,D
57767581,"Súkromná školská jedáleň, Bilíková 24, Bratislava",Bratislava - mestská časť Dúbravka,Michalovce,Košický,48.633333,21.883333,Gastro a stravovacie zariadenia,Školská jedáleň,gastro_fritovaci_olej,Použitý fritovací olej z gastroprevádzok,20 01 25,odpad,celorocne,D
57769621,"Súkromná výdajná školská jedáleň, Rastislavova 332, Nováky",Nováky,Prievidza,Trenčiansky,48.714477,18.539765,Gastro a stravovacie zariadenia,Školská jedáleň,skolsky_kuchynsky_odpad,Kuchynský odpad zo školských jedální,20 01 08,odpad,celorocne,D
57769621,"Súkromná výdajná školská jedáleň, Rastislavova 332, Nováky",Nováky,Prievidza,Trenčiansky,48.714477,18.539765,Gastro a stravovacie zariadenia,Školská jedáleň,zvysky_z_taniera,Zvyšky z taniera,20 01 08,odpad,celorocne,D
57769621,"Súkromná výdajná školská jedáleň, Rastislavova 332, Nováky",Nováky,Prievidza,Trenčiansky,48.714477,18.539765,Gastro a stravovacie zariadenia,Školská jedáleň,gastro_fritovaci_olej,Použitý fritovací olej z gastroprevádzok,20 01 25,odpad,celorocne,D
57802262,"Súkromná výdajná školská jedáleň, Dúbravská cesta 11, Bratislava",Bratislava - mestská časť Dúbravka,Michalovce,Košický,48.633333,21.883333,Gastro a stravovacie zariadenia,Školská jedáleň,skolsky_kuchynsky_odpad,Kuchynský odpad zo školských jedální,20 01 08,odpad,celorocne,D
57802262,"Súkromná výdajná školská jedáleň, Dúbravská cesta 11, Bratislava",Bratislava - mestská časť Dúbravka,Michalovce,Košický,48.633333,21.883333,Gastro a stravovacie zariadenia,Školská jedáleň,zvysky_z_taniera,Zvyšky z taniera,20 01 08,odpad,celorocne,D
57802262,"Súkromná výdajná školská jedáleň, Dúbravská cesta 11, Bratislava",Bratislava - mestská časť Dúbravka,Michalovce,Košický,48.633333,21.883333,Gastro a stravovacie zariadenia,Školská jedáleň,gastro_fritovaci_olej,Použitý fritovací olej z gastroprevádzok,20 01 25,odpad,celorocne,D
