{"type": "FeatureCollection", "features": [{"type": "Feature", "geometry": {"type": "Point", "coordinates": [19.080853, 48.795803]}, "properties": {"ico": "00153052", "nazov": "SHP Harmanec, a.s.", "obec": "Harmanec", "okres": "Banská Bystrica", "kraj": "Banskobystrický", "typ": "papierne", "typ_nazov": "Papiereň a celulózka", "sektor": "Drevo, lesníctvo a ostatné", "presnost": "obec", "t_rok": 0, "odpady": [{"kod": "kora", "nazov": "Odpadová kôra", "kat": "03 01 01"}, {"kod": "papierensky_kal", "nazov": "Papierenský kal", "kat": "03 03 11"}, {"kod": "vlaknity_vymet", "nazov": "Výmety z vlákien a plnív", "kat": "03 03 10"}]}}, {"type": "Feature", "geometry": {"type": "Point", "coordinates": [20.430447, 49.136318]}, "properties": {"ico": "00159468", "nazov": "Stredná odborná škola agropotravinárska a technická", "obec": "Kežmarok", "okres": "Kežmarok", "kraj": "Prešovský", "typ": "skola_stredna", "typ_nazov": "Stredná škola", "sektor": "Gastro a stravovacie zariadenia", "presnost": "obec", "t_rok": 1.56, "odpady": [{"kod": "bro_zahrady", "nazov": "Biologicky rozložiteľný odpad zo záhrad", "kat": "20 02 01"}, {"kod": "skolsky_kuchynsky_odpad", "nazov": "Kuchynský odpad zo školských jedální", "kat": "20 01 08"}, {"kod": "zvysky_z_taniera", "nazov": "Zvyšky z taniera", "kat": "20 01 08"}, {"kod": "gastro_fritovaci_olej", "nazov": "Použitý fritovací olej z gastroprevádzok", "kat": "20 01 25"}]}}, {"type": "Feature", "geometry": {"type": "Point", "coordinates": [20.966667, 49.15]}, "properties": {"ico": "00159476", "nazov": "Stredná odborná škola podnikania a služieb, Komenského 16, Lipany", "obec": "Lipany", "okres": "Sabinov", "kraj": "Prešovský", "typ": "skola_stredna", "typ_nazov": "Stredná škola", "sektor": "Gastro a stravovacie zariadenia", "presnost": "obec", "t_rok": 1.56, "odpady": [{"kod": "bro_zahrady", "nazov": "Biologicky rozložiteľný odpad zo záhrad", "kat": "20 02 01"}, {"kod": "skolsky_kuchynsky_odpad", "nazov": "Kuchynský odpad zo školských jedální", "kat": "20 01 08"}, {"kod": "zvysky_z_taniera", "nazov": "Zvyšky z taniera", "kat": "20 01 08"}, {"kod": "gastro_fritovaci_olej", "nazov": "Použitý fritovací olej z gastroprevádzok", "kat": "20 01 25"}]}}, {"type": "Feature", "geometry": {"type": "Point", "coordinates": [20.587999, 49.025112]}, "properties": {"ico": "00159514", "nazov": "Stredná odborná škola služieb Majstra Pavla", "obec": "Levoča", "okres": "Levoča", "kraj": "Prešovský", "typ": "skola_stredna", "typ_nazov": "Stredná škola", "sektor": "Gastro a stravovacie zariadenia", "presnost": "obec", "t_rok": 1.56, "odpady": [{"kod": "bro_zahrady", "nazov": "Biologicky rozložiteľný odpad zo záhrad", "kat": "20 02 01"}, {"kod": "skolsky_kuchynsky_odpad", "nazov": "Kuchynský odpad zo školských jedální", "kat": "20 01 08"}, {"kod": "zvysky_z_taniera", "nazov": "Zvyšky z taniera", "kat": "20 01 08"}, {"kod": "gastro_fritovaci_olej", "nazov": "Použitý fritovací olej z gastroprevádzok", "kat": "20 01 25"}]}}, {"type": "Feature", "geometry": {"type": "Point", "coordinates": [17.830386, 48.763325]}, "properties": {"ico": "00160270", "nazov": "Gymnázium M. R. Štefánika", "obec": "Nové Mesto nad Váhom", "okres": "Nové Mesto nad Váhom", "kraj": "Trenčiansky", "typ": "skola_stredna", "typ_nazov": "Stredná škola", "sektor": "Gastro a stravovacie zariadenia", "presnost": "obec", "t_rok": 1.56, "odpady": [{"kod": "bro_zahrady", "nazov": "Biologicky rozložiteľný odpad zo záhrad", "kat": "20 02 01"}, {"kod": "skolsky_kuchynsky_odpad", "nazov": "Kuchynský odpad zo školských jedální", "kat": "20 01 08"}, {"kod": "zvysky_z_taniera", "nazov": "Zvyšky z taniera", "kat": "20 01 08"}, {"kod": "gastro_fritovaci_olej", "nazov": "Použitý fritovací olej z gastroprevádzok", "kat": "20 01 25"}]}}, {"type": "Feature", "geometry": {"type": "Point", "coordinates": [18.4, 48.383333]}, "properties": {"ico": "00160482", "nazov": "Gymnázium Janka Kráľa", "obec": "Zlaté Moravce", "okres": "Zlaté Moravce", "kraj": "Nitriansky", "typ": "skola_stredna", "typ_nazov": "Stredná škola", "sektor": "Gastro a stravovacie zariadenia", "presnost": "obec", "t_rok": 1.56, "odpady": [{"kod": "bro_zahrady", "nazov": "Biologicky rozložiteľný odpad zo záhrad", "kat": "20 02 01"}, {"kod": "skolsky_kuchynsky_odpad", "nazov": "Kuchynský odpad zo školských jedální", "kat": "20 01 08"}, {"kod": "zvysky_z_taniera", "nazov": "Zvyšky z taniera", "kat": "20 01 08"}, {"kod": "gastro_fritovaci_olej", "nazov": "Použitý fritovací olej z gastroprevádzok", "kat": "20 01 25"}]}}, {"type": "Feature", "geometry": {"type": "Point", "coordinates": [18.658355, 48.049226]}, "properties": {"ico": "00160504", "nazov": "Gymnázium Jána Amosa Komenského", "obec": "Želiezovce", "okres": "Levice", "kraj": "Nitriansky", "typ": "skola_stredna", "typ_nazov": "Stredná škola", "sektor": "Gastro a stravovacie zariadenia", "presnost": "obec", "t_rok": 1.56, "odpady": [{"kod": "bro_zahrady", "nazov": "Biologicky rozložiteľný odpad zo záhrad", "kat": "20 02 01"}, {"kod": "skolsky_kuchynsky_odpad", "nazov": "Kuchynský odpad zo školských jedální", "kat": "20 01 08"}, {"kod": "zvysky_z_taniera", "nazov": "Zvyšky z taniera", "kat": "20 01 08"}, {"kod": "gastro_fritovaci_olej", "nazov": "Použitý fritovací olej z gastroprevádzok", "kat": "20 01 25"}]}}, {"type": "Feature", "geometry": {"type": "Point", "coordinates": [18.89828, 48.458093]}, "properties": {"ico": "00160539", "nazov": "Gymnázium Andreja Kmeťa", "obec": "Banská Štiavnica", "okres": "Banská Štiavnica", "kraj": "Banskobystrický", "typ": "skola_stredna", "typ_nazov": "Stredná škola", "sektor": "Gastro a stravovacie zariadenia", "presnost": "obec", "t_rok": 1.56, "odpady": [{"kod": "bro_zahrady", "nazov": "Biologicky rozložiteľný odpad zo záhrad", "kat": "20 02 01"}, {"kod": "skolsky_kuchynsky_odpad", "nazov": "Kuchynský odpad zo školských jedální", "kat": "20 01 08"}, {"kod": "zvysky_z_taniera", "nazov": "Zvyšky z taniera", "kat": "20 01 08"}, {"kod": "gastro_fritovaci_olej", "nazov": "Použitý fritovací olej z gastroprevádzok", "kat": "20 01 25"}]}}, {"type": "Feature", "geometry": {"type": "Point", "coordinates": [19.480783, 49.409512]}, "properties": {"ico": "00160717", "nazov": "Gymnázium Antona Bernoláka", "obec": "Námestovo", "okres": "Námestovo", "kraj": "Žilinský", "typ": "skola_stredna", "typ_nazov": "Stredná škola", "sektor": "Gastro a stravovacie zariadenia", "presnost": "obec", "t_rok": 1.56, "odpady": [{"kod": "bro_zahrady", "nazov": "Biologicky rozložiteľný odpad zo záhrad", "kat": "20 02 01"}, {"kod": "skolsky_kuchynsky_odpad", "nazov": "Kuchynský odpad zo školských jedální", "kat": "20 01 08"}, {"kod": "zvysky_z_taniera", "nazov": "Zvyšky z taniera", "kat": "20 01 08"}, {"kod": "gastro_fritovaci_olej", "nazov": "Použitý fritovací olej z gastroprevádzok", "kat": "20 01 25"}]}}, {"type": "Feature", "geometry": {"type": "Point", "coordinates": [19.302965, 49.08187]}, "properties": {"ico": "00160792", "nazov": "Gymnázium Ružomberok", "obec": "Ružomberok", "okres": "Ružomberok", "kraj": "Žilinský", "typ": "skola_stredna", "typ_nazov": "Stredná škola", "sektor": "Gastro a stravovacie zariadenia", "presnost": "obec", "t_rok": 1.56, "odpady": [{"kod": "bro_zahrady", "nazov": "Biologicky rozložiteľný odpad zo záhrad", "kat": "20 02 01"}, {"kod": "skolsky_kuchynsky_odpad", "nazov": "Kuchynský odpad zo školských jedální", "kat": "20 01 08"}, {"kod": "zvysky_z_taniera", "nazov": "Zvyšky z taniera", "kat": "20 01 08"}, {"kod": "gastro_fritovaci_olej", "nazov": "Použitý fritovací olej z gastroprevádzok", "kat": "20 01 25"}]}}, {"type": "Feature", "geometry": {"type": "Point", "coordinates": [19.128476, 48.576512]}, "properties": {"ico": "00160865", "nazov": "Gymnázium Ľudovíta Štúra", "obec": "Zvolen", "okres": "Zvolen", "kraj": "Banskobystrický", "typ": "skola_stredna", "typ_nazov": "Stredná škola", "sektor": "Gastro a stravovacie zariadenia", "presnost": "obec", "t_rok": 1.56, "odpady": [{"kod": "bro_zahrady", "nazov": "Biologicky rozložiteľný odpad zo záhrad", "kat": "20 02 01"}, {"kod": "skolsky_kuchynsky_odpad", "nazov": "Kuchynský odpad zo školských jedální", "kat": "20 01 08"}, {"kod": "zvysky_z_taniera", "nazov": "Zvyšky z taniera", "kat": "20 01 08"}, {"kod": "gastro_fritovaci_olej", "nazov": "Použitý fritovací olej z gastroprevádzok", "kat": "20 01 25"}]}}, {"type": "Feature", "geometry": {"type": "Point", "coordinates": [20.873055, 48.917127]}, "properties": {"ico": "00161021", "nazov": "Gymnázium Krompachy", "obec": "Krompachy", "okres": "Spišská Nová Ves", "kraj": "Košický", "typ": "skola_stredna", "typ_nazov": "Stredná škola", "sektor": "Gastro a stravovacie zariadenia", "presnost": "obec", "t_rok": 1.56, "odpady": [{"kod": "bro_zahrady", "nazov": "Biologicky rozložiteľný odpad zo záhrad", "kat": "20 02 01"}, {"kod": "skolsky_kuchynsky_odpad", "nazov": "Kuchynský odpad zo školských jedální", "kat": "20 01 08"}, {"kod": "zvysky_z_taniera", "nazov": "Zvyšky z taniera", "kat": "20 01 08"}, {"kod": "gastro_fritovaci_olej", "nazov": "Použitý fritovací olej z gastroprevádzok", "kat": "20 01 25"}]}}, {"type": "Feature", "geometry": {"type": "Point", "coordinates": [20.29764, 49.054152]}, "properties": {"ico": "00161098", "nazov": "Gymnázium Poprad", "obec": "Poprad", "okres": "Poprad", "kraj": "Prešovský", "typ": "skola_stredna", "typ_nazov": "Stredná škola", "sektor": "Gastro a stravovacie zariadenia", "presnost": "obec", "t_rok": 1.56, "odpady": [{"kod": "bro_zahrady", "nazov": "Biologicky rozložiteľný odpad zo záhrad", "kat": "20 02 01"}, {"kod": "skolsky_kuchynsky_odpad", "nazov": "Kuchynský odpad zo školských jedální", "kat": "20 01 08"}, {"kod": "zvysky_z_taniera", "nazov": "Zvyšky z taniera", "kat": "20 01 08"}, {"kod": "gastro_fritovaci_olej", "nazov": "Použitý fritovací olej z gastroprevádzok", "kat": "20 01 25"}]}}, {"type": "Feature", "geometry": {"type": "Point", "coordinates": [21.252273, 49.000411]}, "properties": {"ico": "00161101", "nazov": "Gymnázium Jána Adama Raymana", "obec": "Prešov", "okres": "Prešov", "kraj": "Prešovský", "typ": "skola_stredna", "typ_nazov": "Stredná škola", "sektor": "Gastro a stravovacie zariadenia", "presnost": "obec", "t_rok": 1.56, "odpady": [{"kod": "bro_zahrady", "nazov": "Biologicky rozložiteľný odpad zo záhrad", "kat": "20 02 01"}, {"kod": "skolsky_kuchynsky_odpad", "nazov": "Kuchynský odpad zo školských jedální", "kat": "20 01 08"}, {"kod": "zvysky_z_taniera", "nazov": "Zvyšky z taniera", "kat": "20 01 08"}, {"kod": "gastro_fritovaci_olej", "nazov": "Použitý fritovací olej z gastroprevádzok", "kat": "20 01 25"}]}}, {"type": "Feature", "geometry": {"type": "Point", "coordinates": [21.252273, 49.000411]}, "properties": {"ico": "00161110", "nazov": "Gymnázium Prešov", "obec": "Prešov", "okres": "Prešov", "kraj": "Prešovský", "typ": "skola_stredna", "typ_nazov": "Stredná škola", "sektor": "Gastro a stravovacie zariadenia", "presnost": "obec", "t_rok": 1.56, "odpady": [{"kod": "bro_zahrady", "nazov": "Biologicky rozložiteľný odpad zo záhrad", "kat": "20 02 01"}, {"kod": "skolsky_kuchynsky_odpad", "nazov": "Kuchynský odpad zo školských jedální", "kat": "20 01 08"}, {"kod": "zvysky_z_taniera", "nazov": "Zvyšky z taniera", "kat": "20 01 08"}, {"kod": "gastro_fritovaci_olej", "nazov": "Použitý fritovací olej z gastroprevádzok", "kat": "20 01 25"}]}}, {"type": "Feature", "geometry": {"type": "Point", "coordinates": [20.531184, 48.654392]}, "properties": {"ico": "00161144", "nazov": "Gymnázium Pavla Jozefa Šafárika", "obec": "Rožňava", "okres": "Rožňava", "kraj": "Košický", "typ": "skola_stredna", "typ_nazov": "Stredná škola", "sektor": "Gastro a stravovacie zariadenia", "presnost": "obec", "t_rok": 1.56, "odpady": [{"kod": "bro_zahrady", "nazov": "Biologicky rozložiteľný odpad zo záhrad", "kat": "20 02 01"}, {"kod": "skolsky_kuchynsky_odpad", "nazov": "Kuchynský odpad zo školských jedální", "kat": "20 01 08"}, {"kod": "zvysky_z_taniera", "nazov": "Zvyšky z taniera", "kat": "20 01 08"}, {"kod": "gastro_fritovaci_olej", "nazov": "Použitý fritovací olej z gastroprevádzok", "kat": "20 01 25"}]}}, {"type": "Feature", "geometry": {"type": "Point", "coordinates": [21.680564, 48.890524]}, "properties": {"ico": "00161268", "nazov": "Gymnázium Cyrila Daxnera", "obec": "Vranov nad Topľou", "okres": "Vranov nad Topľou", "kraj": "Prešovský", "typ": "skola_stredna", "typ_nazov": "Stredná škola", "sektor": "Gastro a stravovacie zariadenia", "presnost": "obec", "t_rok": 1.56, "odpady": [{"kod": "bro_zahrady", "nazov": "Biologicky rozložiteľný odpad zo záhrad", "kat": "20 02 01"}, {"kod": "skolsky_kuchynsky_odpad", "nazov": "Kuchynský odpad zo školských jedální", "kat": "20 01 08"}, {"kod": "zvysky_z_taniera", "nazov": "Zvyšky z taniera", "kat": "20 01 08"}, {"kod": "gastro_fritovaci_olej", "nazov": "Použitý fritovací olej z gastroprevádzok", "kat": "20 01 25"}]}}, {"type": "Feature", "geometry": {"type": "Point", "coordinates": [17.308037, 48.336443]}, "properties": {"ico": "00162787", "nazov": "Stredná odborná škola pedagogická, Sokolská 6, Modra", "obec": "Modra", "okres": "Pezinok", "kraj": "Bratislavský", "typ": "skola_stredna", "typ_nazov": "Stredná škola", "sektor": "Gastro a stravovacie zariadenia", "presnost": "obec", "t_rok": 1.56, "odpady": [{"kod": "bro_zahrady", "nazov": "Biologicky rozložiteľný odpad zo záhrad", "kat": "20 02 01"}, {"kod": "skolsky_kuchynsky_odpad", "nazov": "Kuchynský odpad zo školských jedální", "kat": "20 01 08"}, {"kod": "zvysky_z_taniera", "nazov": "Zvyšky z taniera", "kat": "20 01 08"}, {"kod": "gastro_fritovaci_olej", "nazov": "Použitý fritovací olej z gastroprevádzok", "kat": "20 01 25"}]}}, {"type": "Feature", "geometry": {"type": "Point", "coordinates": [19.664144, 48.330282]}, "properties": {"ico": "00162809", "nazov": "Stredná odborná škola pedagogická, Komenského 12, Lučenec", "obec": "Lučenec", "okres": "Lučenec", "kraj": "Banskobystrický", "typ": "skola_stredna", "typ_nazov": "Stredná škola", "sektor": "Gastro a stravovacie zariadenia", "presnost": "obec", "t_rok": 1.56, "odpady": [{"kod": "bro_zahrady", "nazov": "Biologicky rozložiteľný odpad zo záhrad", "kat": "20 02 01"}, {"kod": "skolsky_kuchynsky_odpad", "nazov": "Kuchynský odpad zo školských jedální", "kat": "20 01 08"}, {"kod": "zvysky_z_taniera", "nazov": "Zvyšky z taniera", "kat": "20 01 08"}, {"kod": "gastro_fritovaci_olej", "nazov": "Použitý fritovací olej z gastroprevádzok", "kat": "20 01 25"}]}}, {"type": "Feature", "geometry": {"type": "Point", "coordinates": [18.858728, 48.862737]}, "properties": {"ico": "00162817", "nazov": "Stredná odborná škola pedagogická, SNP 509/116, Turčianske Teplice", "obec": "Turčianske Teplice", "okres": "Turčianske Teplice", "kraj": "Žilinský", "typ": "skola_stredna", "typ_nazov": "Stredná škola", "sektor": "Gastro a stravovacie zariadenia", "presnost": "obec", "t_rok": 1.56, "odpady": [{"kod": "bro_zahrady", "nazov": "Biologicky rozložiteľný odpad zo záhrad", "kat": "20 02 01"}, {"kod": "skolsky_kuchynsky_odpad", "nazov": "Kuchynský odpad zo školských jedální", "kat": "20 01 08"}, {"kod": "zvysky_z_taniera", "nazov": "Zvyšky z taniera", "kat": "20 01 08"}, {"kod": "gastro_fritovaci_olej", "nazov": "Použitý fritovací olej z gastroprevádzok", "kat": "20 01 25"}]}}, {"type": "Feature", "geometry": {"type": "Point", "coordinates": [21.252273, 49.000411]}, "properties": {"ico": "00162825", "nazov": "Stredná odborná škola pedagogická, Kmeťovo stromoradie 5, Prešov", "obec": "Prešov", "okres": "Prešov", "kraj": "Prešovský", "typ": "skola_stredna", "typ_nazov": "Stredná škola", "sektor": "Gastro a stravovacie zariadenia", "presnost": "obec", "t_rok": 1.56, "odpady": [{"kod": "bro_zahrady", "nazov": "Biologicky rozložiteľný odpad zo záhrad", "kat": "20 02 01"}, {"kod": "skolsky_kuchynsky_odpad", "nazov": "Kuchynský odpad zo školských jedální", "kat": "20 01 08"}, {"kod": "zvysky_z_taniera", "nazov": "Zvyšky z taniera", "kat": "20 01 08"}, {"kod": "gastro_fritovaci_olej", "nazov": "Použitý fritovací olej z gastroprevádzok", "kat": "20 01 25"}]}}, {"type": "Feature", "geometry": {"type": "Point", "coordinates": [20.587999, 49.025112]}, "properties": {"ico": "00162833", "nazov": "Stredná odborná škola pedagogická, Bottova 15A, Levoča", "obec": "Levoča", "okres": "Levoča", "kraj": "Prešovský", "typ": "skola_stredna", "typ_nazov": "Stredná škola", "sektor": "Gastro a stravovacie zariadenia", "presnost": "obec", "t_rok": 1.56, "odpady": [{"kod": "bro_zahrady", "nazov": "Biologicky rozložiteľný odpad zo záhrad", "kat": "20 02 01"}, {"kod": "skolsky_kuchynsky_odpad", "nazov": "Kuchynský odpad zo školských jedální", "kat": "20 01 08"}, {"kod": "zvysky_z_taniera", "nazov": "Zvyšky z taniera", "kat": "20 01 08"}, {"kod": "gastro_fritovaci_olej", "nazov": "Použitý fritovací olej z gastroprevádzok", "kat": "20 01 25"}]}}, {"type": "Feature", "geometry": {"type": "Point", "coordinates": [17.138349, 48.167188]}, "properties": {"ico": "00168823", "nazov": "COOP Jednota Bratislava - vidiek, spotrebné družstvo", "obec": "Bratislava - mestská časť Nové Mesto", "okres": "Bratislava III", "kraj": "Bratislavský", "typ": "retail_druzstvo", "typ_nazov": "Spotrebné družstvo (predajne)", "sektor": "Retail a distribúcia potravín", "presnost": "mestska_cast", "t_rok": 0, "odpady": [{"kod": "retail_ovocie_zelenina", "nazov": "Neupredané ovocie a zelenina z predajní", "kat": "20 01 08"}, {"kod": "retail_pecivo", "nazov": "Neupredané pečivo a pekárske výrobky", "kat": "02 06 01"}, {"kod": "retail_mliecne", "nazov": "Mliečne výrobky po dátume minimálnej trvanlivosti", "kat": "20 01 08"}, {"kod": "retail_maso_zvysky", "nazov": "Mäsové a údenárske výrobky po dátume spotreby", "kat": "02 02 03"}, {"kod": "retail_zmesovy", "nazov": "Zmesový potravinový odpad z predajne", "kat": "20 01 08"}]}}, {"type": "Feature", "geometry": {"type": "Point", "coordinates": [17.620142, 47.989309]}, "properties": {"ico": "00168831", "nazov": "COOP Jednota Dunajská Streda, spotrebné družstvo", "obec": "Dunajská Streda", "okres": "Dunajská Streda", "kraj": "Trnavský", "typ": "retail_druzstvo", "typ_nazov": "Spotrebné družstvo (predajne)", "sektor": "Retail a distribúcia potravín", "presnost": "obec", "t_rok": 0, "odpady": [{"kod": "retail_ovocie_zelenina", "nazov": "Neupredané ovocie a zelenina z predajní", "kat": "20 01 08"}, {"kod": "retail_pecivo", "nazov": "Neupredané pečivo a pekárske výrobky", "kat": "02 06 01"}, {"kod": "retail_mliecne", "nazov": "Mliečne výrobky po dátume minimálnej trvanlivosti", "kat": "20 01 08"}, {"kod": "retail_maso_zvysky", "nazov": "Mäsové a údenárske výrobky po dátume spotreby", "kat": "02 02 03"}, {"kod": "retail_zmesovy", "nazov": "Zmesový potravinový odpad z predajne", "kat": "20 01 08"}]}}, {"type": "Feature", "geometry": {"type": "Point", "coordinates": [17.727778, 48.191057]}, "properties": {"ico": "00168840", "nazov": "COOP Jednota Galanta, spotrebné družstvo", "obec": "Galanta", "okres": "Galanta", "kraj": "Trnavský", "typ": "retail_druzstvo", "typ_nazov": "Spotrebné družstvo (predajne)", "sektor": "Retail a distribúcia potravín", "presnost": "obec", "t_rok": 0, "odpady": [{"kod": "retail_ovocie_zelenina", "nazov": "Neupredané ovocie a zelenina z predajní", "kat": "20 01 08"}, {"kod": "retail_pecivo", "nazov": "Neupredané pečivo a pekárske výrobky", "kat": "02 06 01"}, {"kod": "retail_mliecne", "nazov": "Mliečne výrobky po dátume minimálnej trvanlivosti", "kat": "20 01 08"}, {"kod": "retail_maso_zvysky", "nazov": "Mäsové a údenárske výrobky po dátume spotreby", "kat": "02 02 03"}, {"kod": "retail_zmesovy", "nazov": "Zmesový potravinový odpad z predajne", "kat": "20 01 08"}]}}, {"type": "Feature", "geometry": {"type": "Point", "coordinates": [18.09061, 48.31257]}, "properties": {"ico": "00168874", "nazov": "COOP Jednota Nitra, spotrebné družstvo", "obec": "Nitra", "okres": "Nitra", "kraj": "Nitriansky", "typ": "retail_druzstvo", "typ_nazov": "Spotrebné družstvo (predajne)", "sektor": "Retail a distribúcia potravín", "presnost": "obec", "t_rok": 0, "odpady": [{"kod": "retail_ovocie_zelenina", "nazov": "Neupredané ovocie a zelenina z predajní", "kat": "20 01 08"}, {"kod": "retail_pecivo", "nazov": "Neupredané pečivo a pekárske výrobky", "kat": "02 06 01"}, {"kod": "retail_mliecne", "nazov": "Mliečne výrobky po dátume minimálnej trvanlivosti", "kat": "20 01 08"}, {"kod": "retail_maso_zvysky", "nazov": "Mäsové a údenárske výrobky po dátume spotreby", "kat": "02 02 03"}, {"kod": "retail_zmesovy", "nazov": "Zmesový potravinový odpad z predajne", "kat": "20 01 08"}]}}, {"type": "Feature", "geometry": {"type": "Point", "coordinates": [18.166661, 47.98334]}, "properties": {"ico": "00168882", "nazov": "COOP Jednota Nové Zámky, spotrebné družstvo", "obec": "Nové Zámky", "okres": "Nové Zámky", "kraj": "Nitriansky", "typ": "retail_druzstvo", "typ_nazov": "Spotrebné družstvo (predajne)", "sektor": "Retail a distribúcia potravín", "presnost": "obec", "t_rok": 0, "odpady": [{"kod": "retail_ovocie_zelenina", "nazov": "Neupredané ovocie a zelenina z predajní", "kat": "20 01 08"}, {"kod": "retail_pecivo", "nazov": "Neupredané pečivo a pekárske výrobky", "kat": "02 06 01"}, {"kod": "retail_mliecne", "nazov": "Mliečne výrobky po dátume minimálnej trvanlivosti", "kat": "20 01 08"}, {"kod": "retail_maso_zvysky", "nazov": "Mäsové a údenárske výrobky po dátume spotreby", "kat": "02 02 03"}, {"kod": "retail_zmesovy", "nazov": "Zmesový potravinový odpad z predajne", "kat": "20 01 08"}]}}, {"type": "Feature", "geometry": {"type": "Point", "coordinates": [17.364383, 48.679121]}, "properties": {"ico": "00168891", "nazov": "COOP Jednota Senica, spotrebné družstvo", "obec": "Senica", "okres": "Senica", "kraj": "Trnavský", "typ": "retail_druzstvo", "typ_nazov": "Spotrebné družstvo (predajne)", "sektor": "Retail a distribúcia potravín", "presnost": "obec", "t_rok": 0, "odpady": [{"kod": "retail_ovocie_zelenina", "nazov": "Neupredané ovocie a zelenina z predajní", "kat": "20 01 08"}, {"kod": "retail_pecivo", "nazov": "Neupredané pečivo a pekárske výrobky", "kat": "02 06 01"}, {"kod": "retail_mliecne", "nazov": "Mliečne výrobky po dátume minimálnej trvanlivosti", "kat": "20 01 08"}, {"kod": "retail_maso_zvysky", "nazov": "Mäsové a údenárske výrobky po dátume spotreby", "kat": "02 02 03"}, {"kod": "retail_zmesovy", "nazov": "Zmesový potravinový odpad z predajne", "kat": "20 01 08"}]}}, {"type": "Feature", "geometry": {"type": "Point", "coordinates": [18.176052, 48.559116]}, "properties": {"ico": "00168904", "nazov": "COOP Jednota Topoľčany, spotrebné družstvo", "obec": "Topoľčany", "okres": "Topoľčany", "kraj": "Nitriansky", "typ": "retail_druzstvo", "typ_nazov": "Spotrebné družstvo (predajne)", "sektor": "Retail a distribúcia potravín", "presnost": "obec", "t_rok": 0, "odpady": [{"kod": "retail_ovocie_zelenina", "nazov": "Neupredané ovocie a zelenina z predajní", "kat": "20 01 08"}, {"kod": "retail_pecivo", "nazov": "Neupredané pečivo a pekárske výrobky", "kat": "02 06 01"}, {"kod": "retail_mliecne", "nazov": "Mliečne výrobky po dátume minimálnej trvanlivosti", "kat": "20 01 08"}, {"kod": "retail_maso_zvysky", "nazov": "Mäsové a údenárske výrobky po dátume spotreby", "kat": "02 02 03"}, {"kod": "retail_zmesovy", "nazov": "Zmesový potravinový odpad z predajne", "kat": "20 01 08"}]}}, {"type": "Feature", "geometry": {"type": "Point", "coordinates": [18.039372, 48.892358]}, "properties": {"ico": "00168912", "nazov": "COOP Jednota Trenčín, spotrebné družstvo", "obec": "Trenčín", "okres": "Trenčín", "kraj": "Trenčiansky", "typ": "retail_druzstvo", "typ_nazov": "Spotrebné družstvo (predajne)", "sektor": "Retail a distribúcia potravín", "presnost": "obec", "t_rok": 0, "odpady": [{"kod": "retail_ovocie_zelenina", "nazov": "Neupredané ovocie a zelenina z predajní", "kat": "20 01 08"}, {"kod": "retail_pecivo", "nazov": "Neupredané pečivo a pekárske výrobky", "kat": "02 06 01"}, {"kod": "retail_mliecne", "nazov": "Mliečne výrobky po dátume minimálnej trvanlivosti", "kat": "20 01 08"}, {"kod": "retail_maso_zvysky", "nazov": "Mäsové a údenárske výrobky po dátume spotreby", "kat": "02 02 03"}, {"kod": "retail_zmesovy", "nazov": "Zmesový potravinový odpad z predajne", "kat": "20 01 08"}]}}, {"type": "Feature", "geometry": {"type": "Point", "coordinates": [17.586718, 48.37729]}, "properties": {"ico": "00168921", "nazov": "COOP Jednota Trnava, spotrebné družstvo", "obec": "Trnava", "okres": "Trnava", "kraj": "Trnavský", "typ": "retail_druzstvo", "typ_nazov": "Spotrebné družstvo (predajne)", "sektor": "Retail a distribúcia potravín", "presnost": "obec", "t_rok": 0, "odpady": [{"kod": "retail_ovocie_zelenina", "nazov": "Neupredané ovocie a zelenina z predajní", "kat": "20 01 08"}, {"kod": "retail_pecivo", "nazov": "Neupredané pečivo a pekárske výrobky", "kat": "02 06 01"}, {"kod": "retail_mliecne", "nazov": "Mliečne výrobky po dátume minimálnej trvanlivosti", "kat": "20 01 08"}, {"kod": "retail_maso_zvysky", "nazov": "Mäsové a údenárske výrobky po dátume spotreby", "kat": "02 02 03"}, {"kod": "retail_zmesovy", "nazov": "Zmesový potravinový odpad z predajne", "kat": "20 01 08"}]}}, {"type": "Feature", "geometry": {"type": "Point", "coordinates": [18.788221, 49.440819]}, "properties": {"ico": "00168947", "nazov": "COOP Jednota Čadca, spotrebné družstvo", "obec": "Čadca", "okres": "Čadca", "kraj": "Žilinský", "typ": "retail_druzstvo", "typ_nazov": "Spotrebné družstvo (predajne)", "sektor": "Retail a distribúcia potravín", "presnost": "obec", "t_rok": 0, "odpady": [{"kod": "retail_ovocie_zelenina", "nazov": "Neupredané ovocie a zelenina z predajní", "kat": "20 01 08"}, {"kod": "retail_pecivo", "nazov": "Neupredané pečivo a pekárske výrobky", "kat": "02 06 01"}, {"kod": "retail_mliecne", "nazov": "Mliečne výrobky po dátume minimálnej trvanlivosti", "kat": "20 01 08"}, {"kod": "retail_maso_zvysky", "nazov": "Mäsové a údenárske výrobky po dátume spotreby", "kat": "02 02 03"}, {"kod": "retail_zmesovy", "nazov": "Zmesový potravinový odpad z predajne", "kat": "20 01 08"}]}}, {"type": "Feature", "geometry": {"type": "Point", "coordinates": [19.616667, 49.083333]}, "properties": {"ico": "00168963", "nazov": "COOP Jednota Liptovský Mikuláš, spotrebné družstvo", "obec": "Liptovský Mikuláš", "okres": "Liptovský Mikuláš", "kraj": "Žilinský", "typ": "retail_druzstvo", "typ_nazov": "Spotrebné družstvo (predajne)", "sektor": "Retail a distribúcia potravín", "presnost": "obec", "t_rok": 0, "odpady": [{"kod": "retail_ovocie_zelenina", "nazov": "Neupredané ovocie a zelenina z predajní", "kat": "20 01 08"}, {"kod": "retail_pecivo", "nazov": "Neupredané pečivo a pekárske výrobky", "kat": "02 06 01"}, {"kod": "retail_mliecne", "nazov": "Mliečne výrobky po dátume minimálnej trvanlivosti", "kat": "20 01 08"}, {"kod": "retail_maso_zvysky", "nazov": "Mäsové a údenárske výrobky po dátume spotreby", "kat": "02 02 03"}, {"kod": "retail_zmesovy", "nazov": "Zmesový potravinový odpad z predajne", "kat": "20 01 08"}]}}, {"type": "Feature", "geometry": {"type": "Point", "coordinates": [18.858728, 48.862737]}, "properties": {"ico": "00168980", "nazov": "COOP JEDNOTA MARTIN, spotrebné družstvo", "obec": "Turčianske Teplice", "okres": "Turčianske Teplice", "kraj": "Žilinský", "typ": "retail_druzstvo", "typ_nazov": "Spotrebné družstvo (predajne)", "sektor": "Retail a distribúcia potravín", "presnost": "obec", "t_rok": 0, "odpady": [{"kod": "retail_ovocie_zelenina", "nazov": "Neupredané ovocie a zelenina z predajní", "kat": "20 01 08"}, {"kod": "retail_pecivo", "nazov": "Neupredané pečivo a pekárske výrobky", "kat": "02 06 01"}, {"kod": "retail_mliecne", "nazov": "Mliečne výrobky po dátume minimálnej trvanlivosti", "kat": "20 01 08"}, {"kod": "retail_maso_zvysky", "nazov": "Mäsové a údenárske výrobky po dátume spotreby", "kat": "02 02 03"}, {"kod": "retail_zmesovy", "nazov": "Zmesový potravinový odpad z predajne", "kat": "20 01 08"}]}}, {"type": "Feature", "geometry": {"type": "Point", "coordinates": [18.623306, 48.77104]}, "properties": {"ico": "00169005", "nazov": "COOP Jednota Prievidza, spotrebné družstvo", "obec": "Prievidza", "okres": "Prievidza", "kraj": "Trenčiansky", "typ": "retail_druzstvo", "typ_nazov": "Spotrebné družstvo (predajne)", "sektor": "Retail a distribúcia potravín", "presnost": "obec", "t_rok": 0, "odpady": [{"kod": "retail_ovocie_zelenina", "nazov": "Neupredané ovocie a zelenina z predajní", "kat": "20 01 08"}, {"kod": "retail_pecivo", "nazov": "Neupredané pečivo a pekárske výrobky", "kat": "02 06 01"}, {"kod": "retail_mliecne", "nazov": "Mliečne výrobky po dátume minimálnej trvanlivosti", "kat": "20 01 08"}, {"kod": "retail_maso_zvysky", "nazov": "Mäsové a údenárske výrobky po dátume spotreby", "kat": "02 02 03"}, {"kod": "retail_zmesovy", "nazov": "Zmesový potravinový odpad z predajne", "kat": "20 01 08"}]}}, {"type": "Feature", "geometry": {"type": "Point", "coordinates": [19.069182, 48.352728]}, "properties": {"ico": "00169021", "nazov": "COOP Jednota Krupina, spotrebné družstvo", "obec": "Krupina", "okres": "Krupina", "kraj": "Banskobystrický", "typ": "retail_druzstvo", "typ_nazov": "Spotrebné družstvo (predajne)", "sektor": "Retail a distribúcia potravín", "presnost": "obec", "t_rok": 0, "odpady": [{"kod": "retail_ovocie_zelenina", "nazov": "Neupredané ovocie a zelenina z predajní", "kat": "20 01 08"}, {"kod": "retail_pecivo", "nazov": "Neupredané pečivo a pekárske výrobky", "kat": "02 06 01"}, {"kod": "retail_mliecne", "nazov": "Mliečne výrobky po dátume minimálnej trvanlivosti", "kat": "20 01 08"}, {"kod": "retail_maso_zvysky", "nazov": "Mäsové a údenárske výrobky po dátume spotreby", "kat": "02 02 03"}, {"kod": "retail_zmesovy", "nazov": "Zmesový potravinový odpad z predajne", "kat": "20 01 08"}]}}, {"type": "Feature", "geometry": {"type": "Point", "coordinates": [18.72155, 48.483398]}, "properties": {"ico": "00169030", "nazov": "COOP JEDNOTA ŽARNOVICA, spotrebné družstvo", "obec": "Žarnovica", "okres": "Žarnovica", "kraj": "Banskobystrický", "typ": "retail_druzstvo", "typ_nazov": "Spotrebné družstvo (predajne)", "sektor": "Retail a distribúcia potravín", "presnost": "obec", "t_rok": 0, "odpady": [{"kod": "retail_ovocie_zelenina", "nazov": "Neupredané ovocie a zelenina z predajní", "kat": "20 01 08"}, {"kod": "retail_pecivo", "nazov": "Neupredané pečivo a pekárske výrobky", "kat": "02 06 01"}, {"kod": "retail_mliecne", "nazov": "Mliečne výrobky po dátume minimálnej trvanlivosti", "kat": "20 01 08"}, {"kod": "retail_maso_zvysky", "nazov": "Mäsové a údenárske výrobky po dátume spotreby", "kat": "02 02 03"}, {"kod": "retail_zmesovy", "nazov": "Zmesový potravinový odpad z predajne", "kat": "20 01 08"}]}}, {"type": "Feature", "geometry": {"type": "Point", "coordinates": [18.739498, 49.223464]}, "properties": {"ico": "00169048", "nazov": "COOP Jednota Žilina, spotrebné družstvo", "obec": "Žilina", "okres": "Žilina", "kraj": "Žilinský", "typ": "retail_druzstvo", "typ_nazov": "Spotrebné družstvo (predajne)", "sektor": "Retail a distribúcia potravín", "presnost": "obec", "t_rok": 0, "odpady": [{"kod": "retail_ovocie_zelenina", "nazov": "Neupredané ovocie a zelenina z predajní", "kat": "20 01 08"}, {"kod": "retail_pecivo", "nazov": "Neupredané pečivo a pekárske výrobky", "kat": "02 06 01"}, {"kod": "retail_mliecne", "nazov": "Mliečne výrobky po dátume minimálnej trvanlivosti", "kat": "20 01 08"}, {"kod": "retail_maso_zvysky", "nazov": "Mäsové a údenárske výrobky po dátume spotreby", "kat": "02 02 03"}, {"kod": "retail_zmesovy", "nazov": "Zmesový potravinový odpad z predajne", "kat": "20 01 08"}]}}, {"type": "Feature", "geometry": {"type": "Point", "coordinates": [21.90314, 48.934603]}, "properties": {"ico": "00169081", "nazov": "COOP Jednota Humenné, spotrebné družstvo", "obec": "Humenné", "okres": "Humenné", "kraj": "Prešovský", "typ": "retail_druzstvo", "typ_nazov": "Spotrebné družstvo (predajne)", "sektor": "Retail a distribúcia potravín", "presnost": "obec", "t_rok": 0, "odpady": [{"kod": "retail_ovocie_zelenina", "nazov": "Neupredané ovocie a zelenina z predajní", "kat": "20 01 08"}, {"kod": "retail_pecivo", "nazov": "Neupredané pečivo a pekárske výrobky", "kat": "02 06 01"}, {"kod": "retail_mliecne", "nazov": "Mliečne výrobky po dátume minimálnej trvanlivosti", "kat": "20 01 08"}, {"kod": "retail_maso_zvysky", "nazov": "Mäsové a údenárske výrobky po dátume spotreby", "kat": "02 02 03"}, {"kod": "retail_zmesovy", "nazov": "Zmesový potravinový odpad z predajne", "kat": "20 01 08"}]}}, {"type": "Feature", "geometry": {"type": "Point", "coordinates": [21.933333, 48.75]}, "properties": {"ico": "00169099", "nazov": "COOP JEDNOTA Michalovce, spotrebné družstvo", "obec": "Michalovce", "okres": "Michalovce", "kraj": "Košický", "typ": "retail_druzstvo", "typ_nazov": "Spotrebné družstvo (predajne)", "sektor": "Retail a distribúcia potravín", "presnost": "obec", "t_rok": 0, "odpady": [{"kod": "retail_ovocie_zelenina", "nazov": "Neupredané ovocie a zelenina z predajní", "kat": "20 01 08"}, {"kod": "retail_pecivo", "nazov": "Neupredané pečivo a pekárske výrobky", "kat": "02 06 01"}, {"kod": "retail_mliecne", "nazov": "Mliečne výrobky po dátume minimálnej trvanlivosti", "kat": "20 01 08"}, {"kod": "retail_maso_zvysky", "nazov": "Mäsové a údenárske výrobky po dátume spotreby", "kat": "02 02 03"}, {"kod": "retail_zmesovy", "nazov": "Zmesový potravinový odpad z predajne", "kat": "20 01 08"}]}}, {"type": "Feature", "geometry": {"type": "Point", "coordinates": [20.29764, 49.054152]}, "properties": {"ico": "00169102", "nazov": "COOP JEDNOTA POPRAD, spotrebné družstvo", "obec": "Poprad", "okres": "Poprad", "kraj": "Prešovský", "typ": "retail_druzstvo", "typ_nazov": "Spotrebné družstvo (predajne)", "sektor": "Retail a distribúcia potravín", "presnost": "obec", "t_rok": 0, "odpady": [{"kod": "retail_ovocie_zelenina", "nazov": "Neupredané ovocie a zelenina z predajní", "kat": "20 01 08"}, {"kod": "retail_pecivo", "nazov": "Neupredané pečivo a pekárske výrobky", "kat": "02 06 01"}, {"kod": "retail_mliecne", "nazov": "Mliečne výrobky po dátume minimálnej trvanlivosti", "kat": "20 01 08"}, {"kod": "retail_maso_zvysky", "nazov": "Mäsové a údenárske výrobky po dátume spotreby", "kat": "02 02 03"}, {"kod": "retail_zmesovy", "nazov": "Zmesový potravinový odpad z predajne", "kat": "20 01 08"}]}}, {"type": "Feature", "geometry": {"type": "Point", "coordinates": [21.252273, 49.000411]}, "properties": {"ico": "00169111", "nazov": "COOP Jednota Prešov, spotrebné družstvo", "obec": "Prešov", "okres": "Prešov", "kraj": "Prešovský", "typ": "retail_druzstvo", "typ_nazov": "Spotrebné družstvo (predajne)", "sektor": "Retail a distribúcia potravín", "presnost": "obec", "t_rok": 0, "odpady": [{"kod": "retail_ovocie_zelenina", "nazov": "Neupredané ovocie a zelenina z predajní", "kat": "20 01 08"}, {"kod": "retail_pecivo", "nazov": "Neupredané pečivo a pekárske výrobky", "kat": "02 06 01"}, {"kod": "retail_mliecne", "nazov": "Mliečne výrobky po dátume minimálnej trvanlivosti", "kat": "20 01 08"}, {"kod": "retail_maso_zvysky", "nazov": "Mäsové a údenárske výrobky po dátume spotreby", "kat": "02 02 03"}, {"kod": "retail_zmesovy", "nazov": "Zmesový potravinový odpad z predajne", "kat": "20 01 08"}]}}, {"type": "Feature", "geometry": {"type": "Point", "coordinates": [20.116667, 48.683333]}, "properties": {"ico": "00169129", "nazov": "COOP JEDNOTA REVÚCA, spotrebné družstvo", "obec": "Revúca", "okres": "Revúca", "kraj": "Banskobystrický", "typ": "retail_druzstvo", "typ_nazov": "Spotrebné družstvo (predajne)", "sektor": "Retail a distribúcia potravín", "presnost": "obec", "t_rok": 0, "odpady": [{"kod": "retail_ovocie_zelenina", "nazov": "Neupredané ovocie a zelenina z predajní", "kat": "20 01 08"}, {"kod": "retail_pecivo", "nazov": "Neupredané pečivo a pekárske výrobky", "kat": "02 06 01"}, {"kod": "retail_mliecne", "nazov": "Mliečne výrobky po dátume minimálnej trvanlivosti", "kat": "20 01 08"}, {"kod": "retail_maso_zvysky", "nazov": "Mäsové a údenárske výrobky po dátume spotreby", "kat": "02 02 03"}, {"kod": "retail_zmesovy", "nazov": "Zmesový potravinový odpad z predajne", "kat": "20 01 08"}]}}, {"type": "Feature", "geometry": {"type": "Point", "coordinates": [18.30927, 47.906807]}, "properties": {"ico": "00193241", "nazov": "Poľnohospodárske družstvo v Pribete", "obec": "Pribeta", "okres": "Komárno", "kraj": "Nitriansky", "typ": "polnohospodarske_druzstvo", "typ_nazov": "Poľnohospodárske družstvo", "sektor": "Poľnohospodárstvo a chov", "presnost": "obec", "t_rok": 0, "odpady": [{"kod": "slama_obilna", "nazov": "Obilná slama", "kat": "02 01 03"}, {"kod": "kukuricne_korovie", "nazov": "Kukuričné kôrovie a stonky", "kat": "02 01 03"}, {"kod": "repkova_slama", "nazov": "Repková slama", "kat": "02 01 03"}, {"kod": "slnecnicove_stonky", "nazov": "Slnečnicové stonky a úbory", "kat": "02 01 03"}, {"kod": "travna_hmota_ttp", "nazov": "Trávna hmota z lúk a TTP", "kat": "02 01 03"}, {"kod": "odpad_cistenie_zrna", "nazov": "Odpad z čistenia a sušenia obilia", "kat": "02 01 03"}, {"kod": "hnoj_hovadzi", "nazov": "Maštaľný hnoj hovädzí", "kat": "02 01 06"}, {"kod": "hnojovica_osipane", "nazov": "Hnojovica ošípaných", "kat": "02 01 06"}]}}, {"type": "Feature", "geometry": {"type": "Point", "coordinates": [17.164279, 48.149645]}, "properties": {"ico": "00194603", "nazov": "Poľnohospodárske družstvo Farná", "obec": "Bratislava - mestská časť Ružinov", "okres": "Bratislava II", "kraj": "Bratislavský", "typ": "polnohospodarske_druzstvo", "typ_nazov": "Poľnohospodárske družstvo", "sektor": "Poľnohospodárstvo a chov", "presnost": "mestska_cast", "t_rok": 0, "odpady": [{"kod": "slama_obilna", "nazov": "Obilná slama", "kat": "02 01 03"}, {"kod": "kukuricne_korovie", "nazov": "Kukuričné kôrovie a stonky", "kat": "02 01 03"}, {"kod": "repkova_slama", "nazov": "Repková slama", "kat": "02 01 03"}, {"kod": "slnecnicove_stonky", "nazov": "Slnečnicové stonky a úbory", "kat": "02 01 03"}, {"kod": "travna_hmota_ttp", "nazov": "Trávna hmota z lúk a TTP", "kat": "02 01 03"}, {"kod": "odpad_cistenie_zrna", "nazov": "Odpad z čistenia a sušenia obilia", "kat": "02 01 03"}, {"kod": "hnoj_hovadzi", "nazov": "Maštaľný hnoj hovädzí", "kat": "02 01 06"}, {"kod": "hnojovica_osipane", "nazov": "Hnojovica ošípaných", "kat": "02 01 06"}]}}, {"type": "Feature", "geometry": {"type": "Point", "coordinates": [17.940569, 48.308171]}, "properties": {"ico": "00198013", "nazov": "Poľnohospodárske družstvo Veľké Zálužie", "obec": "Veľké Zálužie", "okres": "Nitra", "kraj": "Nitriansky", "typ": "polnohospodarske_druzstvo", "typ_nazov": "Poľnohospodárske družstvo", "sektor": "Poľnohospodárstvo a chov", "presnost": "obec", "t_rok": 0, "odpady": [{"kod": "slama_obilna", "nazov": "Obilná slama", "kat": "02 01 03"}, {"kod": "kukuricne_korovie", "nazov": "Kukuričné kôrovie a stonky", "kat": "02 01 03"}, {"kod": "repkova_slama", "nazov": "Repková slama", "kat": "02 01 03"}, {"kod": "slnecnicove_stonky", "nazov": "Slnečnicové stonky a úbory", "kat": "02 01 03"}, {"kod": "travna_hmota_ttp", "nazov": "Trávna hmota z lúk a TTP", "kat": "02 01 03"}, {"kod": "odpad_cistenie_zrna", "nazov": "Odpad z čistenia a sušenia obilia", "kat": "02 01 03"}, {"kod": "hnoj_hovadzi", "nazov": "Maštaľný hnoj hovädzí", "kat": "02 01 06"}, {"kod": "hnojovica_osipane", "nazov": "Hnojovica ošípaných", "kat": "02 01 06"}]}}, {"type": "Feature", "geometry": {"type": "Point", "coordinates": [18.064323, 48.213314]}, "properties": {"ico": "00198536", "nazov": "Poľnohospodárske družstvo Mojmírovce", "obec": "Mojmírovce", "okres": "Nitra", "kraj": "Nitriansky", "typ": "polnohospodarske_druzstvo", "typ_nazov": "Poľnohospodárske družstvo", "sektor": "Poľnohospodárstvo a chov", "presnost": "obec", "t_rok": 0, "odpady": [{"kod": "slama_obilna", "nazov": "Obilná slama", "kat": "02 01 03"}, {"kod": "kukuricne_korovie", "nazov": "Kukuričné kôrovie a stonky", "kat": "02 01 03"}, {"kod": "repkova_slama", "nazov": "Repková slama", "kat": "02 01 03"}, {"kod": "slnecnicove_stonky", "nazov": "Slnečnicové stonky a úbory", "kat": "02 01 03"}, {"kod": "travna_hmota_ttp", "nazov": "Trávna hmota z lúk a TTP", "kat": "02 01 03"}, {"kod": "odpad_cistenie_zrna", "nazov": "Odpad z čistenia a sušenia obilia", "kat": "02 01 03"}, {"kod": "hnoj_hovadzi", "nazov": "Maštaľný hnoj hovädzí", "kat": "02 01 06"}, {"kod": "hnojovica_osipane", "nazov": "Hnojovica ošípaných", "kat": "02 01 06"}]}}, {"type": "Feature", "geometry": {"type": "Point", "coordinates": [18.283333, 48.366667]}, "properties": {"ico": "00198552", "nazov": "Poľnohospodárske družstvo Neverice", "obec": "Neverice", "okres": "Zlaté Moravce", "kraj": "Nitriansky", "typ": "polnohospodarske_druzstvo", "typ_nazov": "Poľnohospodárske družstvo", "sektor": "Poľnohospodárstvo a chov", "presnost": "obec", "t_rok": 0, "odpady": [{"kod": "slama_obilna", "nazov": "Obilná slama", "kat": "02 01 03"}, {"kod": "kukuricne_korovie", "nazov": "Kukuričné kôrovie a stonky", "kat": "02 01 03"}, {"kod": "repkova_slama", "nazov": "Repková slama", "kat": "02 01 03"}, {"kod": "slnecnicove_stonky", "nazov": "Slnečnicové stonky a úbory", "kat": "02 01 03"}, {"kod": "travna_hmota_ttp", "nazov": "Trávna hmota z lúk a TTP", "kat": "02 01 03"}, {"kod": "odpad_cistenie_zrna", "nazov": "Odpad z čistenia a sušenia obilia", "kat": "02 01 03"}, {"kod": "hnoj_hovadzi", "nazov": "Maštaľný hnoj hovädzí", "kat": "02 01 06"}, {"kod": "hnojovica_osipane", "nazov": "Hnojovica ošípaných", "kat": "02 01 06"}]}}, {"type": "Feature", "geometry": {"type": "Point", "coordinates": [18.061308, 48.095688]}, "properties": {"ico": "00199524", "nazov": "Poľnohospodárske družstvo Tvrdošovce", "obec": "Tvrdošovce", "okres": "Nové Zámky", "kraj": "Nitriansky", "typ": "polnohospodarske_druzstvo", "typ_nazov": "Poľnohospodárske družstvo", "sektor": "Poľnohospodárstvo a chov", "presnost": "obec", "t_rok": 0, "odpady": [{"kod": "slama_obilna", "nazov": "Obilná slama", "kat": "02 01 03"}, {"kod": "kukuricne_korovie", "nazov": "Kukuričné kôrovie a stonky", "kat": "02 01 03"}, {"kod": "repkova_slama", "nazov": "Repková slama", "kat": "02 01 03"}, {"kod": "slnecnicove_stonky", "nazov": "Slnečnicové stonky a úbory", "kat": "02 01 03"}, {"kod": "travna_hmota_ttp", "nazov": "Trávna hmota z lúk a TTP", "kat": "02 01 03"}, {"kod": "odpad_cistenie_zrna", "nazov": "Odpad z čistenia a sušenia obilia", "kat": "02 01 03"}, {"kod": "hnoj_hovadzi", "nazov": "Maštaľný hnoj hovädzí", "kat": "02 01 06"}, {"kod": "hnojovica_osipane", "nazov": "Hnojovica ošípaných", "kat": "02 01 06"}]}}, {"type": "Feature", "geometry": {"type": "Point", "coordinates": [17.994901, 47.987724]}, "properties": {"ico": "00199541", "nazov": "Poľnohospodárske družstvo v Zemnom, družstvo", "obec": "Zemné", "okres": "Nové Zámky", "kraj": "Nitriansky", "typ": "polnohospodarske_druzstvo", "typ_nazov": "Poľnohospodárske družstvo", "sektor": "Poľnohospodárstvo a chov", "presnost": "obec", "t_rok": 0, "odpady": [{"kod": "slama_obilna", "nazov": "Obilná slama", "kat": "02 01 03"}, {"kod": "kukuricne_korovie", "nazov": "Kukuričné kôrovie a stonky", "kat": "02 01 03"}, {"kod": "repkova_slama", "nazov": "Repková slama", "kat": "02 01 03"}, {"kod": "slnecnicove_stonky", "nazov": "Slnečnicové stonky a úbory", "kat": "02 01 03"}, {"kod": "travna_hmota_ttp", "nazov": "Trávna hmota z lúk a TTP", "kat": "02 01 03"}, {"kod": "odpad_cistenie_zrna", "nazov": "Odpad z čistenia a sušenia obilia", "kat": "02 01 03"}, {"kod": "hnoj_hovadzi", "nazov": "Maštaľný hnoj hovädzí", "kat": "02 01 06"}, {"kod": "hnojovica_osipane", "nazov": "Hnojovica ošípaných", "kat": "02 01 06"}]}}, {"type": "Feature", "geometry": {"type": "Point", "coordinates": [18.15, 48.983333]}, "properties": {"ico": "00200018", "nazov": "Poľnohospodárske družstvo Bolešov", "obec": "Bolešov", "okres": "Ilava", "kraj": "Trenčiansky", "typ": "polnohospodarske_druzstvo", "typ_nazov": "Poľnohospodárske družstvo", "sektor": "Poľnohospodárstvo a chov", "presnost": "obec", "t_rok": 0, "odpady": [{"kod": "slama_obilna", "nazov": "Obilná slama", "kat": "02 01 03"}, {"kod": "kukuricne_korovie", "nazov": "Kukuričné kôrovie a stonky", "kat": "02 01 03"}, {"kod": "repkova_slama", "nazov": "Repková slama", "kat": "02 01 03"}, {"kod": "slnecnicove_stonky", "nazov": "Slnečnicové stonky a úbory", "kat": "02 01 03"}, {"kod": "travna_hmota_ttp", "nazov": "Trávna hmota z lúk a TTP", "kat": "02 01 03"}, {"kod": "odpad_cistenie_zrna", "nazov": "Odpad z čistenia a sušenia obilia", "kat": "02 01 03"}, {"kod": "hnoj_hovadzi", "nazov": "Maštaľný hnoj hovädzí", "kat": "02 01 06"}, {"kod": "hnojovica_osipane", "nazov": "Hnojovica ošípaných", "kat": "02 01 06"}]}}, {"type": "Feature", "geometry": {"type": "Point", "coordinates": [18.167022, 48.957172]}, "properties": {"ico": "00200069", "nazov": "Poľnohospodárske družstvo Dubnica nad Váhom", "obec": "Dubnica nad Váhom", "okres": "Ilava", "kraj": "Trenčiansky", "typ": "polnohospodarske_druzstvo", "typ_nazov": "Poľnohospodárske družstvo", "sektor": "Poľnohospodárstvo a chov", "presnost": "obec", "t_rok": 0, "odpady": [{"kod": "slama_obilna", "nazov": "Obilná slama", "kat": "02 01 03"}, {"kod": "kukuricne_korovie", "nazov": "Kukuričné kôrovie a stonky", "kat": "02 01 03"}, {"kod": "repkova_slama", "nazov": "Repková slama", "kat": "02 01 03"}, {"kod": "slnecnicove_stonky", "nazov": "Slnečnicové stonky a úbory", "kat": "02 01 03"}, {"kod": "travna_hmota_ttp", "nazov": "Trávna hmota z lúk a TTP", "kat": "02 01 03"}, {"kod": "odpad_cistenie_zrna", "nazov": "Odpad z čistenia a sušenia obilia", "kat": "02 01 03"}, {"kod": "hnoj_hovadzi", "nazov": "Maštaľný hnoj hovädzí", "kat": "02 01 06"}, {"kod": "hnojovica_osipane", "nazov": "Hnojovica ošípaných", "kat": "02 01 06"}]}}, {"type": "Feature", "geometry": {"type": "Point", "coordinates": [18.216667, 49.033333]}, "properties": {"ico": "00200166", "nazov": "Poľnohospodárske družstvo \"Vršatec\"", "obec": "Pruské", "okres": "Ilava", "kraj": "Trenčiansky", "typ": "polnohospodarske_druzstvo", "typ_nazov": "Poľnohospodárske družstvo", "sektor": "Poľnohospodárstvo a chov", "presnost": "obec", "t_rok": 0, "odpady": [{"kod": "slama_obilna", "nazov": "Obilná slama", "kat": "02 01 03"}, {"kod": "kukuricne_korovie", "nazov": "Kukuričné kôrovie a stonky", "kat": "02 01 03"}, {"kod": "repkova_slama", "nazov": "Repková slama", "kat": "02 01 03"}, {"kod": "slnecnicove_stonky", "nazov": "Slnečnicové stonky a úbory", "kat": "02 01 03"}, {"kod": "travna_hmota_ttp", "nazov": "Trávna hmota z lúk a TTP", "kat": "02 01 03"}, {"kod": "odpad_cistenie_zrna", "nazov": "Odpad z čistenia a sušenia obilia", "kat": "02 01 03"}, {"kod": "hnoj_hovadzi", "nazov": "Maštaľný hnoj hovädzí", "kat": "02 01 06"}, {"kod": "hnojovica_osipane", "nazov": "Hnojovica ošípaných", "kat": "02 01 06"}]}}, {"type": "Feature", "geometry": {"type": "Point", "coordinates": [18.5, 48.766667]}, "properties": {"ico": "00201189", "nazov": "AGROSPOL - podielnicke poľnohospodárske družstvo Diviaky nad Nitricou", "obec": "Diviaky nad Nitricou", "okres": "Prievidza", "kraj": "Trenčiansky", "typ": "polnohospodarske_druzstvo", "typ_nazov": "Poľnohospodárske družstvo", "sektor": "Poľnohospodárstvo a chov", "presnost": "obec", "t_rok": 0, "odpady": [{"kod": "slama_obilna", "nazov": "Obilná slama", "kat": "02 01 03"}, {"kod": "kukuricne_korovie", "nazov": "Kukuričné kôrovie a stonky", "kat": "02 01 03"}, {"kod": "repkova_slama", "nazov": "Repková slama", "kat": "02 01 03"}, {"kod": "slnecnicove_stonky", "nazov": "Slnečnicové stonky a úbory", "kat": "02 01 03"}, {"kod": "travna_hmota_ttp", "nazov": "Trávna hmota z lúk a TTP", "kat": "02 01 03"}, {"kod": "odpad_cistenie_zrna", "nazov": "Odpad z čistenia a sušenia obilia", "kat": "02 01 03"}, {"kod": "hnoj_hovadzi", "nazov": "Maštaľný hnoj hovädzí", "kat": "02 01 06"}, {"kod": "hnojovica_osipane", "nazov": "Hnojovica ošípaných", "kat": "02 01 06"}]}}, {"type": "Feature", "geometry": {"type": "Point", "coordinates": [17.53703, 48.661644]}, "properties": {"ico": "00203220", "nazov": "Poľnohospodárske družstvo Brezová pod Bradlom", "obec": "Brezová pod Bradlom", "okres": "Myjava", "kraj": "Trenčiansky", "typ": "polnohospodarske_druzstvo", "typ_nazov": "Poľnohospodárske družstvo", "sektor": "Poľnohospodárstvo a chov", "presnost": "obec", "t_rok": 0, "odpady": [{"kod": "slama_obilna", "nazov": "Obilná slama", "kat": "02 01 03"}, {"kod": "kukuricne_korovie", "nazov": "Kukuričné kôrovie a stonky", "kat": "02 01 03"}, {"kod": "repkova_slama", "nazov": "Repková slama", "kat": "02 01 03"}, {"kod": "slnecnicove_stonky", "nazov": "Slnečnicové stonky a úbory", "kat": "02 01 03"}, {"kod": "travna_hmota_ttp", "nazov": "Trávna hmota z lúk a TTP", "kat": "02 01 03"}, {"kod": "odpad_cistenie_zrna", "nazov": "Odpad z čistenia a sušenia obilia", "kat": "02 01 03"}, {"kod": "hnoj_hovadzi", "nazov": "Maštaľný hnoj hovädzí", "kat": "02 01 06"}, {"kod": "hnojovica_osipane", "nazov": "Hnojovica ošípaných", "kat": "02 01 06"}]}}, {"type": "Feature", "geometry": {"type": "Point", "coordinates": [17.608252, 48.775141]}, "properties": {"ico": "00203572", "nazov": "Poľnohospodárske družstvo Poriadie", "obec": "Poriadie", "okres": "Myjava", "kraj": "Trenčiansky", "typ": "polnohospodarske_druzstvo", "typ_nazov": "Poľnohospodárske družstvo", "sektor": "Poľnohospodárstvo a chov", "presnost": "obec", "t_rok": 0, "odpady": [{"kod": "slama_obilna", "nazov": "Obilná slama", "kat": "02 01 03"}, {"kod": "kukuricne_korovie", "nazov": "Kukuričné kôrovie a stonky", "kat": "02 01 03"}, {"kod": "repkova_slama", "nazov": "Repková slama", "kat": "02 01 03"}, {"kod": "slnecnicove_stonky", "nazov": "Slnečnicové stonky a úbory", "kat": "02 01 03"}, {"kod": "travna_hmota_ttp", "nazov": "Trávna hmota z lúk a TTP", "kat": "02 01 03"}, {"kod": "odpad_cistenie_zrna", "nazov": "Odpad z čistenia a sušenia obilia", "kat": "02 01 03"}, {"kod": "hnoj_hovadzi", "nazov": "Maštaľný hnoj hovädzí", "kat": "02 01 06"}, {"kod": "hnojovica_osipane", "nazov": "Hnojovica ošípaných", "kat": "02 01 06"}]}}, {"type": "Feature", "geometry": {"type": "Point", "coordinates": [18.27348, 48.609821]}, "properties": {"ico": "00205214", "nazov": "Poľnohospodárske družstvo v Chynoranoch", "obec": "Chynorany", "okres": "Partizánske", "kraj": "Trenčiansky", "typ": "polnohospodarske_druzstvo", "typ_nazov": "Poľnohospodárske družstvo", "sektor": "Poľnohospodárstvo a chov", "presnost": "obec", "t_rok": 0, "odpady": [{"kod": "slama_obilna", "nazov": "Obilná slama", "kat": "02 01 03"}, {"kod": "kukuricne_korovie", "nazov": "Kukuričné kôrovie a stonky", "kat": "02 01 03"}, {"kod": "repkova_slama", "nazov": "Repková slama", "kat": "02 01 03"}, {"kod": "slnecnicove_stonky", "nazov": "Slnečnicové stonky a úbory", "kat": "02 01 03"}, {"kod": "travna_hmota_ttp", "nazov": "Trávna hmota z lúk a TTP", "kat": "02 01 03"}, {"kod": "odpad_cistenie_zrna", "nazov": "Odpad z čistenia a sušenia obilia", "kat": "02 01 03"}, {"kod": "hnoj_hovadzi", "nazov": "Maštaľný hnoj hovädzí", "kat": "02 01 06"}, {"kod": "hnojovica_osipane", "nazov": "Hnojovica ošípaných", "kat": "02 01 06"}]}}, {"type": "Feature", "geometry": {"type": "Point", "coordinates": [18.120379, 48.501468]}, "properties": {"ico": "00205362", "nazov": "Poľnohospodárske družstvo Ludanice", "obec": "Ludanice", "okres": "Topoľčany", "kraj": "Nitriansky", "typ": "polnohospodarske_druzstvo", "typ_nazov": "Poľnohospodárske družstvo", "sektor": "Poľnohospodárstvo a chov", "presnost": "obec", "t_rok": 0, "odpady": [{"kod": "slama_obilna", "nazov": "Obilná slama", "kat": "02 01 03"}, {"kod": "kukuricne_korovie", "nazov": "Kukuričné kôrovie a stonky", "kat": "02 01 03"}, {"kod": "repkova_slama", "nazov": "Repková slama", "kat": "02 01 03"}, {"kod": "slnecnicove_stonky", "nazov": "Slnečnicové stonky a úbory", "kat": "02 01 03"}, {"kod": "travna_hmota_ttp", "nazov": "Trávna hmota z lúk a TTP", "kat": "02 01 03"}, {"kod": "odpad_cistenie_zrna", "nazov": "Odpad z čistenia a sušenia obilia", "kat": "02 01 03"}, {"kod": "hnoj_hovadzi", "nazov": "Maštaľný hnoj hovädzí", "kat": "02 01 06"}, {"kod": "hnojovica_osipane", "nazov": "Hnojovica ošípaných", "kat": "02 01 06"}]}}, {"type": "Feature", "geometry": {"type": "Point", "coordinates": [18.239113, 48.770966]}, "properties": {"ico": "00205567", "nazov": "Poľnohospodárske družstvo Podlužany", "obec": "Podlužany", "okres": "Bánovce nad Bebravou", "kraj": "Trenčiansky", "typ": "polnohospodarske_druzstvo", "typ_nazov": "Poľnohospodárske družstvo", "sektor": "Poľnohospodárstvo a chov", "presnost": "obec", "t_rok": 0, "odpady": [{"kod": "slama_obilna", "nazov": "Obilná slama", "kat": "02 01 03"}, {"kod": "kukuricne_korovie", "nazov": "Kukuričné kôrovie a stonky", "kat": "02 01 03"}, {"kod": "repkova_slama", "nazov": "Repková slama", "kat": "02 01 03"}, {"kod": "slnecnicove_stonky", "nazov": "Slnečnicové stonky a úbory", "kat": "02 01 03"}, {"kod": "travna_hmota_ttp", "nazov": "Trávna hmota z lúk a TTP", "kat": "02 01 03"}, {"kod": "odpad_cistenie_zrna", "nazov": "Odpad z čistenia a sušenia obilia", "kat": "02 01 03"}, {"kod": "hnoj_hovadzi", "nazov": "Maštaľný hnoj hovädzí", "kat": "02 01 06"}, {"kod": "hnojovica_osipane", "nazov": "Hnojovica ošípaných", "kat": "02 01 06"}]}}, {"type": "Feature", "geometry": {"type": "Point", "coordinates": [18.298095, 48.678024]}, "properties": {"ico": "00205583", "nazov": "PD „BREZINA\" PRAVOTICE, družstvo", "obec": "Pravotice", "okres": "Bánovce nad Bebravou", "kraj": "Trenčiansky", "typ": "polnohospodarske_druzstvo", "typ_nazov": "Poľnohospodárske družstvo", "sektor": "Poľnohospodárstvo a chov", "presnost": "obec", "t_rok": 0, "odpady": [{"kod": "slama_obilna", "nazov": "Obilná slama", "kat": "02 01 03"}, {"kod": "kukuricne_korovie", "nazov": "Kukuričné kôrovie a stonky", "kat": "02 01 03"}, {"kod": "repkova_slama", "nazov": "Repková slama", "kat": "02 01 03"}, {"kod": "slnecnicove_stonky", "nazov": "Slnečnicové stonky a úbory", "kat": "02 01 03"}, {"kod": "travna_hmota_ttp", "nazov": "Trávna hmota z lúk a TTP", "kat": "02 01 03"}, {"kod": "odpad_cistenie_zrna", "nazov": "Odpad z čistenia a sušenia obilia", "kat": "02 01 03"}, {"kod": "hnoj_hovadzi", "nazov": "Maštaľný hnoj hovädzí", "kat": "02 01 06"}, {"kod": "hnojovica_osipane", "nazov": "Hnojovica ošípaných", "kat": "02 01 06"}]}}, {"type": "Feature", "geometry": {"type": "Point", "coordinates": [18.260228, 48.666713]}, "properties": {"ico": "00205656", "nazov": "PODIELNICKÉ POĽNOHOSPODÁRSKE DRUŽSTVO RYBANY", "obec": "Rybany", "okres": "Bánovce nad Bebravou", "kraj": "Trenčiansky", "typ": "polnohospodarske_druzstvo", "typ_nazov": "Poľnohospodárske družstvo", "sektor": "Poľnohospodárstvo a chov", "presnost": "obec", "t_rok": 0, "odpady": [{"kod": "slama_obilna", "nazov": "Obilná slama", "kat": "02 01 03"}, {"kod": "kukuricne_korovie", "nazov": "Kukuričné kôrovie a stonky", "kat": "02 01 03"}, {"kod": "repkova_slama", "nazov": "Repková slama", "kat": "02 01 03"}, {"kod": "slnecnicove_stonky", "nazov": "Slnečnicové stonky a úbory", "kat": "02 01 03"}, {"kod": "travna_hmota_ttp", "nazov": "Trávna hmota z lúk a TTP", "kat": "02 01 03"}, {"kod": "odpad_cistenie_zrna", "nazov": "Odpad z čistenia a sušenia obilia", "kat": "02 01 03"}, {"kod": "hnoj_hovadzi", "nazov": "Maštaľný hnoj hovädzí", "kat": "02 01 06"}, {"kod": "hnojovica_osipane", "nazov": "Hnojovica ošípaných", "kat": "02 01 06"}]}}, {"type": "Feature", "geometry": {"type": "Point", "coordinates": [18.235802, 48.745418]}, "properties": {"ico": "00205672", "nazov": "Poľnohospodárske družstvo Slatina nad Bebravou", "obec": "Slatina nad Bebravou", "okres": "Bánovce nad Bebravou", "kraj": "Trenčiansky", "typ": "polnohospodarske_druzstvo", "typ_nazov": "Poľnohospodárske družstvo", "sektor": "Poľnohospodárstvo a chov", "presnost": "okres", "t_rok": 0, "odpady": [{"kod": "slama_obilna", "nazov": "Obilná slama", "kat": "02 01 03"}, {"kod": "kukuricne_korovie", "nazov": "Kukuričné kôrovie a stonky", "kat": "02 01 03"}, {"kod": "repkova_slama", "nazov": "Repková slama", "kat": "02 01 03"}, {"kod": "slnecnicove_stonky", "nazov": "Slnečnicové stonky a úbory", "kat": "02 01 03"}, {"kod": "travna_hmota_ttp", "nazov": "Trávna hmota z lúk a TTP", "kat": "02 01 03"}, {"kod": "odpad_cistenie_zrna", "nazov": "Odpad z čistenia a sušenia obilia", "kat": "02 01 03"}, {"kod": "hnoj_hovadzi", "nazov": "Maštaľný hnoj hovädzí", "kat": "02 01 06"}, {"kod": "hnojovica_osipane", "nazov": "Hnojovica ošípaných", "kat": "02 01 06"}]}}, {"type": "Feature", "geometry": {"type": "Point", "coordinates": [18.224509, 48.703784]}, "properties": {"ico": "00205834", "nazov": "Poľnohospodárske družstvo BEBRAVA", "obec": "Veľké Chlievany", "okres": "Bánovce nad Bebravou", "kraj": "Trenčiansky", "typ": "polnohospodarske_druzstvo", "typ_nazov": "Poľnohospodárske družstvo", "sektor": "Poľnohospodárstvo a chov", "presnost": "obec", "t_rok": 0, "odpady": [{"kod": "slama_obilna", "nazov": "Obilná slama", "kat": "02 01 03"}, {"kod": "kukuricne_korovie", "nazov": "Kukuričné kôrovie a stonky", "kat": "02 01 03"}, {"kod": "repkova_slama", "nazov": "Repková slama", "kat": "02 01 03"}, {"kod": "slnecnicove_stonky", "nazov": "Slnečnicové stonky a úbory", "kat": "02 01 03"}, {"kod": "travna_hmota_ttp", "nazov": "Trávna hmota z lúk a TTP", "kat": "02 01 03"}, {"kod": "odpad_cistenie_zrna", "nazov": "Odpad z čistenia a sušenia obilia", "kat": "02 01 03"}, {"kod": "hnoj_hovadzi", "nazov": "Maštaľný hnoj hovädzí", "kat": "02 01 06"}, {"kod": "hnojovica_osipane", "nazov": "Hnojovica ošípaných", "kat": "02 01 06"}]}}, {"type": "Feature", "geometry": {"type": "Point", "coordinates": [18.438069, 48.613712]}, "properties": {"ico": "00205869", "nazov": "Poľnohospodárske družstvo podielnikov Veľké Uherce", "obec": "Veľké Uherce", "okres": "Partizánske", "kraj": "Trenčiansky", "typ": "polnohospodarske_druzstvo", "typ_nazov": "Poľnohospodárske družstvo", "sektor": "Poľnohospodárstvo a chov", "presnost": "obec", "t_rok": 0, "odpady": [{"kod": "slama_obilna", "nazov": "Obilná slama", "kat": "02 01 03"}, {"kod": "kukuricne_korovie", "nazov": "Kukuričné kôrovie a stonky", "kat": "02 01 03"}, {"kod": "repkova_slama", "nazov": "Repková slama", "kat": "02 01 03"}, {"kod": "slnecnicove_stonky", "nazov": "Slnečnicové stonky a úbory", "kat": "02 01 03"}, {"kod": "travna_hmota_ttp", "nazov": "Trávna hmota z lúk a TTP", "kat": "02 01 03"}, {"kod": "odpad_cistenie_zrna", "nazov": "Odpad z čistenia a sušenia obilia", "kat": "02 01 03"}, {"kod": "hnoj_hovadzi", "nazov": "Maštaľný hnoj hovädzí", "kat": "02 01 06"}, {"kod": "hnojovica_osipane", "nazov": "Hnojovica ošípaných", "kat": "02 01 06"}]}}, {"type": "Feature", "geometry": {"type": "Point", "coordinates": [17.842651, 48.826459]}, "properties": {"ico": "00206768", "nazov": "Poľnohospodárske družstvo Bošáca", "obec": "Bošáca", "okres": "Nové Mesto nad Váhom", "kraj": "Trenčiansky", "typ": "polnohospodarske_druzstvo", "typ_nazov": "Poľnohospodárske družstvo", "sektor": "Poľnohospodárstvo a chov", "presnost": "obec", "t_rok": 0, "odpady": [{"kod": "slama_obilna", "nazov": "Obilná slama", "kat": "02 01 03"}, {"kod": "kukuricne_korovie", "nazov": "Kukuričné kôrovie a stonky", "kat": "02 01 03"}, {"kod": "repkova_slama", "nazov": "Repková slama", "kat": "02 01 03"}, {"kod": "slnecnicove_stonky", "nazov": "Slnečnicové stonky a úbory", "kat": "02 01 03"}, {"kod": "travna_hmota_ttp", "nazov": "Trávna hmota z lúk a TTP", "kat": "02 01 03"}, {"kod": "odpad_cistenie_zrna", "nazov": "Odpad z čistenia a sušenia obilia", "kat": "02 01 03"}, {"kod": "hnoj_hovadzi", "nazov": "Maštaľný hnoj hovädzí", "kat": "02 01 06"}, {"kod": "hnojovica_osipane", "nazov": "Hnojovica ošípaných", "kat": "02 01 06"}]}}, {"type": "Feature", "geometry": {"type": "Point", "coordinates": [17.771587, 48.786735]}, "properties": {"ico": "00206784", "nazov": "Poľnohospodárske družstvo Bzince pod Javorinou", "obec": "Bzince pod Javorinou", "okres": "Nové Mesto nad Váhom", "kraj": "Trenčiansky", "typ": "polnohospodarske_druzstvo", "typ_nazov": "Poľnohospodárske družstvo", "sektor": "Poľnohospodárstvo a chov", "presnost": "obec", "t_rok": 0, "odpady": [{"kod": "slama_obilna", "nazov": "Obilná slama", "kat": "02 01 03"}, {"kod": "kukuricne_korovie", "nazov": "Kukuričné kôrovie a stonky", "kat": "02 01 03"}, {"kod": "repkova_slama", "nazov": "Repková slama", "kat": "02 01 03"}, {"kod": "slnecnicove_stonky", "nazov": "Slnečnicové stonky a úbory", "kat": "02 01 03"}, {"kod": "travna_hmota_ttp", "nazov": "Trávna hmota z lúk a TTP", "kat": "02 01 03"}, {"kod": "odpad_cistenie_zrna", "nazov": "Odpad z čistenia a sušenia obilia", "kat": "02 01 03"}, {"kod": "hnoj_hovadzi", "nazov": "Maštaľný hnoj hovädzí", "kat": "02 01 06"}, {"kod": "hnojovica_osipane", "nazov": "Hnojovica ošípaných", "kat": "02 01 06"}]}}, {"type": "Feature", "geometry": {"type": "Point", "coordinates": [17.95, 48.9]}, "properties": {"ico": "00206831", "nazov": "Poľnohospodárske družstvo podielníkov Drietoma", "obec": "Drietoma", "okres": "Trenčín", "kraj": "Trenčiansky", "typ": "polnohospodarske_druzstvo", "typ_nazov": "Poľnohospodárske družstvo", "sektor": "Poľnohospodárstvo a chov", "presnost": "obec", "t_rok": 0, "odpady": [{"kod": "slama_obilna", "nazov": "Obilná slama", "kat": "02 01 03"}, {"kod": "kukuricne_korovie", "nazov": "Kukuričné kôrovie a stonky", "kat": "02 01 03"}, {"kod": "repkova_slama", "nazov": "Repková slama", "kat": "02 01 03"}, {"kod": "slnecnicove_stonky", "nazov": "Slnečnicové stonky a úbory", "kat": "02 01 03"}, {"kod": "travna_hmota_ttp", "nazov": "Trávna hmota z lúk a TTP", "kat": "02 01 03"}, {"kod": "odpad_cistenie_zrna", "nazov": "Odpad z čistenia a sušenia obilia", "kat": "02 01 03"}, {"kod": "hnoj_hovadzi", "nazov": "Maštaľný hnoj hovädzí", "kat": "02 01 06"}, {"kod": "hnojovica_osipane", "nazov": "Hnojovica ošípaných", "kat": "02 01 06"}]}}, {"type": "Feature", "geometry": {"type": "Point", "coordinates": [17.883333, 48.716667]}, "properties": {"ico": "00206865", "nazov": "Poľnohospodárske družstvo Hôrka nad Váhom", "obec": "Hôrka nad Váhom", "okres": "Nové Mesto nad Váhom", "kraj": "Trenčiansky", "typ": "polnohospodarske_druzstvo", "typ_nazov": "Poľnohospodárske družstvo", "sektor": "Poľnohospodárstvo a chov", "presnost": "obec", "t_rok": 0, "odpady": [{"kod": "slama_obilna", "nazov": "Obilná slama", "kat": "02 01 03"}, {"kod": "kukuricne_korovie", "nazov": "Kukuričné kôrovie a stonky", "kat": "02 01 03"}, {"kod": "repkova_slama", "nazov": "Repková slama", "kat": "02 01 03"}, {"kod": "slnecnicove_stonky", "nazov": "Slnečnicové stonky a úbory", "kat": "02 01 03"}, {"kod": "travna_hmota_ttp", "nazov": "Trávna hmota z lúk a TTP", "kat": "02 01 03"}, {"kod": "odpad_cistenie_zrna", "nazov": "Odpad z čistenia a sušenia obilia", "kat": "02 01 03"}, {"kod": "hnoj_hovadzi", "nazov": "Maštaľný hnoj hovädzí", "kat": "02 01 06"}, {"kod": "hnojovica_osipane", "nazov": "Hnojovica ošípaných", "kat": "02 01 06"}]}}, {"type": "Feature", "geometry": {"type": "Point", "coordinates": [18.189604, 48.806392]}, "properties": {"ico": "00206873", "nazov": "Poľnohospodárske družstvo Bobot-Horňany", "obec": "Bobot", "okres": "Trenčín", "kraj": "Trenčiansky", "typ": "polnohospodarske_druzstvo", "typ_nazov": "Poľnohospodárske družstvo", "sektor": "Poľnohospodárstvo a chov", "presnost": "obec", "t_rok": 0, "odpady": [{"kod": "slama_obilna", "nazov": "Obilná slama", "kat": "02 01 03"}, {"kod": "kukuricne_korovie", "nazov": "Kukuričné kôrovie a stonky", "kat": "02 01 03"}, {"kod": "repkova_slama", "nazov": "Repková slama", "kat": "02 01 03"}, {"kod": "slnecnicove_stonky", "nazov": "Slnečnicové stonky a úbory", "kat": "02 01 03"}, {"kod": "travna_hmota_ttp", "nazov": "Trávna hmota z lúk a TTP", "kat": "02 01 03"}, {"kod": "odpad_cistenie_zrna", "nazov": "Odpad z čistenia a sušenia obilia", "kat": "02 01 03"}, {"kod": "hnoj_hovadzi", "nazov": "Maštaľný hnoj hovädzí", "kat": "02 01 06"}, {"kod": "hnojovica_osipane", "nazov": "Hnojovica ošípaných", "kat": "02 01 06"}]}}, {"type": "Feature", "geometry": {"type": "Point", "coordinates": [17.948123, 48.866811]}, "properties": {"ico": "00206938", "nazov": "Roľnícke družstvo podielnikov Chocholná-Velčice", "obec": "Chocholná-Velčice", "okres": "Trenčín", "kraj": "Trenčiansky", "typ": "polnohospodarske_druzstvo", "typ_nazov": "Poľnohospodárske družstvo", "sektor": "Poľnohospodárstvo a chov", "presnost": "obec", "t_rok": 0, "odpady": [{"kod": "slama_obilna", "nazov": "Obilná slama", "kat": "02 01 03"}, {"kod": "kukuricne_korovie", "nazov": "Kukuričné kôrovie a stonky", "kat": "02 01 03"}, {"kod": "repkova_slama", "nazov": "Repková slama", "kat": "02 01 03"}, {"kod": "slnecnicove_stonky", "nazov": "Slnečnicové stonky a úbory", "kat": "02 01 03"}, {"kod": "travna_hmota_ttp", "nazov": "Trávna hmota z lúk a TTP", "kat": "02 01 03"}, {"kod": "odpad_cistenie_zrna", "nazov": "Odpad z čistenia a sušenia obilia", "kat": "02 01 03"}, {"kod": "hnoj_hovadzi", "nazov": "Maštaľný hnoj hovädzí", "kat": "02 01 06"}, {"kod": "hnojovica_osipane", "nazov": "Hnojovica ošípaných", "kat": "02 01 06"}]}}, {"type": "Feature", "geometry": {"type": "Point", "coordinates": [17.882281, 48.649201]}, "properties": {"ico": "00207080", "nazov": "Poľnohospodárske družstvo podielnikov Tematín v Modrovke, družstvo", "obec": "Modrovka", "okres": "Nové Mesto nad Váhom", "kraj": "Trenčiansky", "typ": "polnohospodarske_druzstvo", "typ_nazov": "Poľnohospodárske družstvo", "sektor": "Poľnohospodárstvo a chov", "presnost": "obec", "t_rok": 0, "odpady": [{"kod": "slama_obilna", "nazov": "Obilná slama", "kat": "02 01 03"}, {"kod": "kukuricne_korovie", "nazov": "Kukuričné kôrovie a stonky", "kat": "02 01 03"}, {"kod": "repkova_slama", "nazov": "Repková slama", "kat": "02 01 03"}, {"kod": "slnecnicove_stonky", "nazov": "Slnečnicové stonky a úbory", "kat": "02 01 03"}, {"kod": "travna_hmota_ttp", "nazov": "Trávna hmota z lúk a TTP", "kat": "02 01 03"}, {"kod": "odpad_cistenie_zrna", "nazov": "Odpad z čistenia a sušenia obilia", "kat": "02 01 03"}, {"kod": "hnoj_hovadzi", "nazov": "Maštaľný hnoj hovädzí", "kat": "02 01 06"}, {"kod": "hnojovica_osipane", "nazov": "Hnojovica ošípaných", "kat": "02 01 06"}]}}, {"type": "Feature", "geometry": {"type": "Point", "coordinates": [18.113025, 48.961676]}, "properties": {"ico": "00207098", "nazov": "Poľnohospodárske družstvo Vlára Nemšová", "obec": "Nemšová", "okres": "Trenčín", "kraj": "Trenčiansky", "typ": "polnohospodarske_druzstvo", "typ_nazov": "Poľnohospodárske družstvo", "sektor": "Poľnohospodárstvo a chov", "presnost": "obec", "t_rok": 0, "odpady": [{"kod": "slama_obilna", "nazov": "Obilná slama", "kat": "02 01 03"}, {"kod": "kukuricne_korovie", "nazov": "Kukuričné kôrovie a stonky", "kat": "02 01 03"}, {"kod": "repkova_slama", "nazov": "Repková slama", "kat": "02 01 03"}, {"kod": "slnecnicove_stonky", "nazov": "Slnečnicové stonky a úbory", "kat": "02 01 03"}, {"kod": "travna_hmota_ttp", "nazov": "Trávna hmota z lúk a TTP", "kat": "02 01 03"}, {"kod": "odpad_cistenie_zrna", "nazov": "Odpad z čistenia a sušenia obilia", "kat": "02 01 03"}, {"kod": "hnoj_hovadzi", "nazov": "Maštaľný hnoj hovädzí", "kat": "02 01 06"}, {"kod": "hnojovica_osipane", "nazov": "Hnojovica ošípaných", "kat": "02 01 06"}]}}, {"type": "Feature", "geometry": {"type": "Point", "coordinates": [18.120323, 48.93373]}, "properties": {"ico": "00207128", "nazov": "Poľnohospodárske družstvo Trenčín - Opatová", "obec": "Trenčianska Teplá", "okres": "Trenčín", "kraj": "Trenčiansky", "typ": "polnohospodarske_druzstvo", "typ_nazov": "Poľnohospodárske družstvo", "sektor": "Poľnohospodárstvo a chov", "presnost": "obec", "t_rok": 0, "odpady": [{"kod": "slama_obilna", "nazov": "Obilná slama", "kat": "02 01 03"}, {"kod": "kukuricne_korovie", "nazov": "Kukuričné kôrovie a stonky", "kat": "02 01 03"}, {"kod": "repkova_slama", "nazov": "Repková slama", "kat": "02 01 03"}, {"kod": "slnecnicove_stonky", "nazov": "Slnečnicové stonky a úbory", "kat": "02 01 03"}, {"kod": "travna_hmota_ttp", "nazov": "Trávna hmota z lúk a TTP", "kat": "02 01 03"}, {"kod": "odpad_cistenie_zrna", "nazov": "Odpad z čistenia a sušenia obilia", "kat": "02 01 03"}, {"kod": "hnoj_hovadzi", "nazov": "Maštaľný hnoj hovädzí", "kat": "02 01 06"}, {"kod": "hnojovica_osipane", "nazov": "Hnojovica ošípaných", "kat": "02 01 06"}]}}, {"type": "Feature", "geometry": {"type": "Point", "coordinates": [17.8, 48.65]}, "properties": {"ico": "00207136", "nazov": "Poľnohospodárske družstvo Pobedim", "obec": "Pobedim", "okres": "Nové Mesto nad Váhom", "kraj": "Trenčiansky", "typ": "polnohospodarske_druzstvo", "typ_nazov": "Poľnohospodárske družstvo", "sektor": "Poľnohospodárstvo a chov", "presnost": "obec", "t_rok": 0, "odpady": [{"kod": "slama_obilna", "nazov": "Obilná slama", "kat": "02 01 03"}, {"kod": "kukuricne_korovie", "nazov": "Kukuričné kôrovie a stonky", "kat": "02 01 03"}, {"kod": "repkova_slama", "nazov": "Repková slama", "kat": "02 01 03"}, {"kod": "slnecnicove_stonky", "nazov": "Slnečnicové stonky a úbory", "kat": "02 01 03"}, {"kod": "travna_hmota_ttp", "nazov": "Trávna hmota z lúk a TTP", "kat": "02 01 03"}, {"kod": "odpad_cistenie_zrna", "nazov": "Odpad z čistenia a sušenia obilia", "kat": "02 01 03"}, {"kod": "hnoj_hovadzi", "nazov": "Maštaľný hnoj hovädzí", "kat": "02 01 06"}, {"kod": "hnojovica_osipane", "nazov": "Hnojovica ošípaných", "kat": "02 01 06"}]}}, {"type": "Feature", "geometry": {"type": "Point", "coordinates": [17.774922, 48.674218]}, "properties": {"ico": "00207161", "nazov": "Poľnohospodárske družstvo Podolie", "obec": "Podolie", "okres": "Nové Mesto nad Váhom", "kraj": "Trenčiansky", "typ": "polnohospodarske_druzstvo", "typ_nazov": "Poľnohospodárske družstvo", "sektor": "Poľnohospodárstvo a chov", "presnost": "obec", "t_rok": 0, "odpady": [{"kod": "slama_obilna", "nazov": "Obilná slama", "kat": "02 01 03"}, {"kod": "kukuricne_korovie", "nazov": "Kukuričné kôrovie a stonky", "kat": "02 01 03"}, {"kod": "repkova_slama", "nazov": "Repková slama", "kat": "02 01 03"}, {"kod": "slnecnicove_stonky", "nazov": "Slnečnicové stonky a úbory", "kat": "02 01 03"}, {"kod": "travna_hmota_ttp", "nazov": "Trávna hmota z lúk a TTP", "kat": "02 01 03"}, {"kod": "odpad_cistenie_zrna", "nazov": "Odpad z čistenia a sušenia obilia", "kat": "02 01 03"}, {"kod": "hnoj_hovadzi", "nazov": "Maštaľný hnoj hovädzí", "kat": "02 01 06"}, {"kod": "hnojovica_osipane", "nazov": "Hnojovica ošípaných", "kat": "02 01 06"}]}}, {"type": "Feature", "geometry": {"type": "Point", "coordinates": [18.072372, 48.864744]}, "properties": {"ico": "00207241", "nazov": "Poľnohospodársky podnik Trenčín-Soblahov a. s.", "obec": "Soblahov", "okres": "Trenčín", "kraj": "Trenčiansky", "typ": "polnohospodarske_druzstvo", "typ_nazov": "Poľnohospodárske družstvo", "sektor": "Poľnohospodárstvo a chov", "presnost": "obec", "t_rok": 0, "odpady": [{"kod": "slama_obilna", "nazov": "Obilná slama", "kat": "02 01 03"}, {"kod": "kukuricne_korovie", "nazov": "Kukuričné kôrovie a stonky", "kat": "02 01 03"}, {"kod": "repkova_slama", "nazov": "Repková slama", "kat": "02 01 03"}, {"kod": "slnecnicove_stonky", "nazov": "Slnečnicové stonky a úbory", "kat": "02 01 03"}, {"kod": "travna_hmota_ttp", "nazov": "Trávna hmota z lúk a TTP", "kat": "02 01 03"}, {"kod": "odpad_cistenie_zrna", "nazov": "Odpad z čistenia a sušenia obilia", "kat": "02 01 03"}, {"kod": "hnoj_hovadzi", "nazov": "Maštaľný hnoj hovädzí", "kat": "02 01 06"}, {"kod": "hnojovica_osipane", "nazov": "Hnojovica ošípaných", "kat": "02 01 06"}]}}, {"type": "Feature", "geometry": {"type": "Point", "coordinates": [17.692694, 48.776457]}, "properties": {"ico": "00207250", "nazov": "Poľnohospodárske družstvo Stará Turá", "obec": "Stará Turá", "okres": "Nové Mesto nad Váhom", "kraj": "Trenčiansky", "typ": "polnohospodarske_druzstvo", "typ_nazov": "Poľnohospodárske družstvo", "sektor": "Poľnohospodárstvo a chov", "presnost": "obec", "t_rok": 0, "odpady": [{"kod": "slama_obilna", "nazov": "Obilná slama", "kat": "02 01 03"}, {"kod": "kukuricne_korovie", "nazov": "Kukuričné kôrovie a stonky", "kat": "02 01 03"}, {"kod": "repkova_slama", "nazov": "Repková slama", "kat": "02 01 03"}, {"kod": "slnecnicove_stonky", "nazov": "Slnečnicové stonky a úbory", "kat": "02 01 03"}, {"kod": "travna_hmota_ttp", "nazov": "Trávna hmota z lúk a TTP", "kat": "02 01 03"}, {"kod": "odpad_cistenie_zrna", "nazov": "Odpad z čistenia a sušenia obilia", "kat": "02 01 03"}, {"kod": "hnoj_hovadzi", "nazov": "Maštaľný hnoj hovädzí", "kat": "02 01 06"}, {"kod": "hnojovica_osipane", "nazov": "Hnojovica ošípaných", "kat": "02 01 06"}]}}, {"type": "Feature", "geometry": {"type": "Point", "coordinates": [18.016667, 48.85]}, "properties": {"ico": "00207284", "nazov": "Poľnohospodárske družstvo Trenčianska Turná", "obec": "Trenčianska Turná", "okres": "Trenčín", "kraj": "Trenčiansky", "typ": "polnohospodarske_druzstvo", "typ_nazov": "Poľnohospodárske družstvo", "sektor": "Poľnohospodárstvo a chov", "presnost": "obec", "t_rok": 0, "odpady": [{"kod": "slama_obilna", "nazov": "Obilná slama", "kat": "02 01 03"}, {"kod": "kukuricne_korovie", "nazov": "Kukuričné kôrovie a stonky", "kat": "02 01 03"}, {"kod": "repkova_slama", "nazov": "Repková slama", "kat": "02 01 03"}, {"kod": "slnecnicove_stonky", "nazov": "Slnečnicové stonky a úbory", "kat": "02 01 03"}, {"kod": "travna_hmota_ttp", "nazov": "Trávna hmota z lúk a TTP", "kat": "02 01 03"}, {"kod": "odpad_cistenie_zrna", "nazov": "Odpad z čistenia a sušenia obilia", "kat": "02 01 03"}, {"kod": "hnoj_hovadzi", "nazov": "Maštaľný hnoj hovädzí", "kat": "02 01 06"}, {"kod": "hnojovica_osipane", "nazov": "Hnojovica ošípaných", "kat": "02 01 06"}]}}, {"type": "Feature", "geometry": {"type": "Point", "coordinates": [18.113, 48.823]}, "properties": {"ico": "00207306", "nazov": "Poľnohospodárske družstvo, Trenčianske Mitice", "obec": "Trenčianske Mitice", "okres": "Trenčín", "kraj": "Trenčiansky", "typ": "polnohospodarske_druzstvo", "typ_nazov": "Poľnohospodárske družstvo", "sektor": "Poľnohospodárstvo a chov", "presnost": "obec", "t_rok": 0, "odpady": [{"kod": "slama_obilna", "nazov": "Obilná slama", "kat": "02 01 03"}, {"kod": "kukuricne_korovie", "nazov": "Kukuričné kôrovie a stonky", "kat": "02 01 03"}, {"kod": "repkova_slama", "nazov": "Repková slama", "kat": "02 01 03"}, {"kod": "slnecnicove_stonky", "nazov": "Slnečnicové stonky a úbory", "kat": "02 01 03"}, {"kod": "travna_hmota_ttp", "nazov": "Trávna hmota z lúk a TTP", "kat": "02 01 03"}, {"kod": "odpad_cistenie_zrna", "nazov": "Odpad z čistenia a sušenia obilia", "kat": "02 01 03"}, {"kod": "hnoj_hovadzi", "nazov": "Maštaľný hnoj hovädzí", "kat": "02 01 06"}, {"kod": "hnojovica_osipane", "nazov": "Hnojovica ošípaných", "kat": "02 01 06"}]}}, {"type": "Feature", "geometry": {"type": "Point", "coordinates": [17.987249, 48.838974]}, "properties": {"ico": "00222453", "nazov": "Poľnohospodárske družstvo INOVEC Trenčianske Stankovce", "obec": "Trenčianske Stankovce", "okres": "Trenčín", "kraj": "Trenčiansky", "typ": "polnohospodarske_druzstvo", "typ_nazov": "Poľnohospodárske družstvo", "sektor": "Poľnohospodárstvo a chov", "presnost": "obec", "t_rok": 0, "odpady": [{"kod": "slama_obilna", "nazov": "Obilná slama", "kat": "02 01 03"}, {"kod": "kukuricne_korovie", "nazov": "Kukuričné kôrovie a stonky", "kat": "02 01 03"}, {"kod": "repkova_slama", "nazov": "Repková slama", "kat": "02 01 03"}, {"kod": "slnecnicove_stonky", "nazov": "Slnečnicové stonky a úbory", "kat": "02 01 03"}, {"kod": "travna_hmota_ttp", "nazov": "Trávna hmota z lúk a TTP", "kat": "02 01 03"}, {"kod": "odpad_cistenie_zrna", "nazov": "Odpad z čistenia a sušenia obilia", "kat": "02 01 03"}, {"kod": "hnoj_hovadzi", "nazov": "Maštaľný hnoj hovädzí", "kat": "02 01 06"}, {"kod": "hnojovica_osipane", "nazov": "Hnojovica ošípaných", "kat": "02 01 06"}]}}, {"type": "Feature", "geometry": {"type": "Point", "coordinates": [17.895336, 48.644488]}, "properties": {"ico": "00223603", "nazov": "Bezovec - Poľnohospodárske družstvo", "obec": "Modrová", "okres": "Nové Mesto nad Váhom", "kraj": "Trenčiansky", "typ": "polnohospodarske_druzstvo", "typ_nazov": "Poľnohospodárske družstvo", "sektor": "Poľnohospodárstvo a chov", "presnost": "obec", "t_rok": 0, "odpady": [{"kod": "slama_obilna", "nazov": "Obilná slama", "kat": "02 01 03"}, {"kod": "kukuricne_korovie", "nazov": "Kukuričné kôrovie a stonky", "kat": "02 01 03"}, {"kod": "repkova_slama", "nazov": "Repková slama", "kat": "02 01 03"}, {"kod": "slnecnicove_stonky", "nazov": "Slnečnicové stonky a úbory", "kat": "02 01 03"}, {"kod": "travna_hmota_ttp", "nazov": "Trávna hmota z lúk a TTP", "kat": "02 01 03"}, {"kod": "odpad_cistenie_zrna", "nazov": "Odpad z čistenia a sušenia obilia", "kat": "02 01 03"}, {"kod": "hnoj_hovadzi", "nazov": "Maštaľný hnoj hovädzí", "kat": "02 01 06"}, {"kod": "hnojovica_osipane", "nazov": "Hnojovica ošípaných", "kat": "02 01 06"}]}}, {"type": "Feature", "geometry": {"type": "Point", "coordinates": [17.96711, 48.878828]}, "properties": {"ico": "00227404", "nazov": "Centrum sociálnych služieb - LIPA", "obec": "Kostolná-Záriečie", "okres": "Trenčín", "kraj": "Trenčiansky", "typ": "socialne_zariadenie", "typ_nazov": "Zariadenie sociálnych služieb", "sektor": "Gastro a stravovacie zariadenia", "presnost": "obec", "t_rok": 0, "odpady": [{"kod": "bro_zahrady", "nazov": "Biologicky rozložiteľný odpad zo záhrad", "kat": "20 02 01"}, {"kod": "zvysky_z_taniera", "nazov": "Zvyšky z taniera", "kat": "20 01 08"}, {"kod": "nemocnicny_kuchynsky_odpad", "nazov": "Kuchynský odpad zo zdravotníckych a sociálnych zariadení", "kat": "20 01 08"}]}}, {"type": "Feature", "geometry": {"type": "Point", "coordinates": [18.09061, 48.31257]}, "properties": {"ico": "00308307", "nazov": "Mesto Nitra", "obec": "Nitra", "okres": "Nitra", "kraj": "Nitriansky", "typ": "mesto", "typ_nazov": "Mesto - správa zelene", "sektor": "Komunálny a gastro bioodpad", "presnost": "obec", "t_rok": 0, "odpady": [{"kod": "travna_hmota_kosba", "nazov": "Trávna hmota z kosby verejnej zelene", "kat": "20 02 01"}, {"kod": "konare_stiepka", "nazov": "Konáre a drevná štiepka z údržby zelene", "kat": "20 02 01"}, {"kod": "listie", "nazov": "Lístie z verejnej zelene", "kat": "20 02 01"}, {"kod": "bro_zahrady", "nazov": "Biologicky rozložiteľný odpad zo záhrad", "kat": "20 02 01"}, {"kod": "kuchynsky_odpad", "nazov": "Biologicky rozložiteľný kuchynský a reštauračný odpad", "kat": "20 01 08"}, {"kod": "odpad_trhoviska", "nazov": "Odpad z trhovísk", "kat": "20 03 02"}]}}, {"type": "Feature", "geometry": {"type": "Point", "coordinates": [17.586718, 48.37729]}, "properties": {"ico": "00313114", "nazov": "Mesto Trnava", "obec": "Trnava", "okres": "Trnava", "kraj": "Trnavský", "typ": "mesto", "typ_nazov": "Mesto - správa zelene", "sektor": "Komunálny a gastro bioodpad", "presnost": "obec", "t_rok": 0, "odpady": [{"kod": "travna_hmota_kosba", "nazov": "Trávna hmota z kosby verejnej zelene", "kat": "20 02 01"}, {"kod": "konare_stiepka", "nazov": "Konáre a drevná štiepka z údržby zelene", "kat": "20 02 01"}, {"kod": "listie", "nazov": "Lístie z verejnej zelene", "kat": "20 02 01"}, {"kod": "bro_zahrady", "nazov": "Biologicky rozložiteľný odpad zo záhrad", "kat": "20 02 01"}, {"kod": "kuchynsky_odpad", "nazov": "Biologicky rozložiteľný kuchynský a reštauračný odpad", "kat": "20 01 08"}, {"kod": "odpad_trhoviska", "nazov": "Odpad z trhovísk", "kat": "20 03 02"}]}}, {"type": "Feature", "geometry": {"type": "Point", "coordinates": [18.739498, 49.223464]}, "properties": {"ico": "00321796", "nazov": "Mesto Žilina", "obec": "Žilina", "okres": "Žilina", "kraj": "Žilinský", "typ": "mesto", "typ_nazov": "Mesto - správa zelene", "sektor": "Komunálny a gastro bioodpad", "presnost": "obec", "t_rok": 0, "odpady": [{"kod": "travna_hmota_kosba", "nazov": "Trávna hmota z kosby verejnej zelene", "kat": "20 02 01"}, {"kod": "konare_stiepka", "nazov": "Konáre a drevná štiepka z údržby zelene", "kat": "20 02 01"}, {"kod": "listie", "nazov": "Lístie z verejnej zelene", "kat": "20 02 01"}, {"kod": "bro_zahrady", "nazov": "Biologicky rozložiteľný odpad zo záhrad", "kat": "20 02 01"}, {"kod": "kuchynsky_odpad", "nazov": "Biologicky rozložiteľný kuchynský a reštauračný odpad", "kat": "20 01 08"}, {"kod": "odpad_trhoviska", "nazov": "Odpad z trhovísk", "kat": "20 03 02"}]}}, {"type": "Feature", "geometry": {"type": "Point", "coordinates": [21.252273, 49.000411]}, "properties": {"ico": "00327646", "nazov": "Mesto Prešov", "obec": "Prešov", "okres": "Prešov", "kraj": "Prešovský", "typ": "mesto", "typ_nazov": "Mesto - správa zelene", "sektor": "Komunálny a gastro bioodpad", "presnost": "obec", "t_rok": 0, "odpady": [{"kod": "travna_hmota_kosba", "nazov": "Trávna hmota z kosby verejnej zelene", "kat": "20 02 01"}, {"kod": "konare_stiepka", "nazov": "Konáre a drevná štiepka z údržby zelene", "kat": "20 02 01"}, {"kod": "listie", "nazov": "Lístie z verejnej zelene", "kat": "20 02 01"}, {"kod": "bro_zahrady", "nazov": "Biologicky rozložiteľný odpad zo záhrad", "kat": "20 02 01"}, {"kod": "kuchynsky_odpad", "nazov": "Biologicky rozložiteľný kuchynský a reštauračný odpad", "kat": "20 01 08"}, {"kod": "odpad_trhoviska", "nazov": "Odpad z trhovísk", "kat": "20 03 02"}]}}, {"type": "Feature", "geometry": {"type": "Point", "coordinates": [17.833333, 48.85]}, "properties": {"ico": "00351725", "nazov": "Centrum sociálnych služieb - Zemianske Podhradie", "obec": "Zemianske Podhradie", "okres": "Nové Mesto nad Váhom", "kraj": "Trenčiansky", "typ": "socialne_zariadenie", "typ_nazov": "Zariadenie sociálnych služieb", "sektor": "Gastro a stravovacie zariadenia", "presnost": "obec", "t_rok": 0, "odpady": [{"kod": "bro_zahrady", "nazov": "Biologicky rozložiteľný odpad zo záhrad", "kat": "20 02 01"}, {"kod": "zvysky_z_taniera", "nazov": "Zvyšky z taniera", "kat": "20 01 08"}, {"kod": "nemocnicny_kuchynsky_odpad", "nazov": "Kuchynský odpad zo zdravotníckych a sociálnych zariadení", "kat": "20 01 08"}]}}, {"type": "Feature", "geometry": {"type": "Point", "coordinates": [18.039372, 48.892358]}, "properties": {"ico": "00351741", "nazov": "Centrum sociálnych služieb - DEMY", "obec": "Trenčín", "okres": "Trenčín", "kraj": "Trenčiansky", "typ": "socialne_zariadenie", "typ_nazov": "Zariadenie sociálnych služieb", "sektor": "Gastro a stravovacie zariadenia", "presnost": "obec", "t_rok": 0, "odpady": [{"kod": "bro_zahrady", "nazov": "Biologicky rozložiteľný odpad zo záhrad", "kat": "20 02 01"}, {"kod": "zvysky_z_taniera", "nazov": "Zvyšky z taniera", "kat": "20 01 08"}, {"kod": "nemocnicny_kuchynsky_odpad", "nazov": "Kuchynský odpad zo zdravotníckych a sociálnych zariadení", "kat": "20 01 08"}]}}, {"type": "Feature", "geometry": {"type": "Point", "coordinates": [18.09061, 48.31257]}, "properties": {"ico": "00351750", "nazov": "„BORINKA - ALZHEIMERCENTRUM\", Zariadenie sociálnych služieb Nitra", "obec": "Nitra", "okres": "Nitra", "kraj": "Nitriansky", "typ": "socialne_zariadenie", "typ_nazov": "Zariadenie sociálnych služieb", "sektor": "Gastro a stravovacie zariadenia", "presnost": "obec", "t_rok": 0, "odpady": [{"kod": "bro_zahrady", "nazov": "Biologicky rozložiteľný odpad zo záhrad", "kat": "20 02 01"}, {"kod": "zvysky_z_taniera", "nazov": "Zvyšky z taniera", "kat": "20 01 08"}, {"kod": "nemocnicny_kuchynsky_odpad", "nazov": "Kuchynský odpad zo zdravotníckych a sociálnych zariadení", "kat": "20 01 08"}]}}, {"type": "Feature", "geometry": {"type": "Point", "coordinates": [18.09061, 48.31257]}, "properties": {"ico": "00351768", "nazov": "„NITRAVA\", Zariadenie sociálnych služieb Nitra", "obec": "Nitra", "okres": "Nitra", "kraj": "Nitriansky", "typ": "socialne_zariadenie", "typ_nazov": "Zariadenie sociálnych služieb", "sektor": "Gastro a stravovacie zariadenia", "presnost": "obec", "t_rok": 0, "odpady": [{"kod": "bro_zahrady", "nazov": "Biologicky rozložiteľný odpad zo záhrad", "kat": "20 02 01"}, {"kod": "zvysky_z_taniera", "nazov": "Zvyšky z taniera", "kat": "20 01 08"}, {"kod": "nemocnicny_kuchynsky_odpad", "nazov": "Kuchynský odpad zo zdravotníckych a sociálnych zariadení", "kat": "20 01 08"}]}}, {"type": "Feature", "geometry": {"type": "Point", "coordinates": [18.466667, 48.333333]}, "properties": {"ico": "00351784", "nazov": "„SVETLO\", Zariadenie sociálnych služieb Olichov", "obec": "Volkovce", "okres": "Zlaté Moravce", "kraj": "Nitriansky", "typ": "socialne_zariadenie", "typ_nazov": "Zariadenie sociálnych služieb", "sektor": "Gastro a stravovacie zariadenia", "presnost": "obec", "t_rok": 0, "odpady": [{"kod": "bro_zahrady", "nazov": "Biologicky rozložiteľný odpad zo záhrad", "kat": "20 02 01"}, {"kod": "zvysky_z_taniera", "nazov": "Zvyšky z taniera", "kat": "20 01 08"}, {"kod": "nemocnicny_kuchynsky_odpad", "nazov": "Kuchynský odpad zo zdravotníckych a sociálnych zariadení", "kat": "20 01 08"}]}}, {"type": "Feature", "geometry": {"type": "Point", "coordinates": [17.364383, 48.679121]}, "properties": {"ico": "00351997", "nazov": "Stredná odborná škola podnikania v remeslách a službách", "obec": "Senica", "okres": "Senica", "kraj": "Trnavský", "typ": "skola_stredna", "typ_nazov": "Stredná škola", "sektor": "Gastro a stravovacie zariadenia", "presnost": "obec", "t_rok": 1.56, "odpady": [{"kod": "bro_zahrady", "nazov": "Biologicky rozložiteľný odpad zo záhrad", "kat": "20 02 01"}, {"kod": "skolsky_kuchynsky_odpad", "nazov": "Kuchynský odpad zo školských jedální", "kat": "20 01 08"}, {"kod": "zvysky_z_taniera", "nazov": "Zvyšky z taniera", "kat": "20 01 08"}, {"kod": "gastro_fritovaci_olej", "nazov": "Použitý fritovací olej z gastroprevádzok", "kat": "20 01 25"}]}}, {"type": "Feature", "geometry": {"type": "Point", "coordinates": [18.189095, 47.869084]}, "properties": {"ico": "00352314", "nazov": "„MAGNÓLIA\", Zariadenie sociálnych služieb Hurbanovo", "obec": "Hurbanovo", "okres": "Komárno", "kraj": "Nitriansky", "typ": "socialne_zariadenie", "typ_nazov": "Zariadenie sociálnych služieb", "sektor": "Gastro a stravovacie zariadenia", "presnost": "obec", "t_rok": 0, "odpady": [{"kod": "bro_zahrady", "nazov": "Biologicky rozložiteľný odpad zo záhrad", "kat": "20 02 01"}, {"kod": "zvysky_z_taniera", "nazov": "Zvyšky z taniera", "kat": "20 01 08"}, {"kod": "nemocnicny_kuchynsky_odpad", "nazov": "Kuchynský odpad zo zdravotníckych a sociálnych zariadení", "kat": "20 01 08"}]}}, {"type": "Feature", "geometry": {"type": "Point", "coordinates": [18.129917, 47.757388]}, "properties": {"ico": "00352489", "nazov": "Zariadenie pre seniorov Komárno", "obec": "Komárno", "okres": "Komárno", "kraj": "Nitriansky", "typ": "socialne_zariadenie", "typ_nazov": "Zariadenie sociálnych služieb", "sektor": "Gastro a stravovacie zariadenia", "presnost": "obec", "t_rok": 0, "odpady": [{"kod": "bro_zahrady", "nazov": "Biologicky rozložiteľný odpad zo záhrad", "kat": "20 02 01"}, {"kod": "zvysky_z_taniera", "nazov": "Zvyšky z taniera", "kat": "20 01 08"}, {"kod": "nemocnicny_kuchynsky_odpad", "nazov": "Kuchynský odpad zo zdravotníckych a sociálnych zariadení", "kat": "20 01 08"}]}}, {"type": "Feature", "geometry": {"type": "Point", "coordinates": [18.176052, 48.559116]}, "properties": {"ico": "00356786", "nazov": "„PENZIÓN\", Zariadenie sociálnych služieb Topoľčany", "obec": "Topoľčany", "okres": "Topoľčany", "kraj": "Nitriansky", "typ": "socialne_zariadenie", "typ_nazov": "Zariadenie sociálnych služieb", "sektor": "Gastro a stravovacie zariadenia", "presnost": "obec", "t_rok": 0, "odpady": [{"kod": "bro_zahrady", "nazov": "Biologicky rozložiteľný odpad zo záhrad", "kat": "20 02 01"}, {"kod": "zvysky_z_taniera", "nazov": "Zvyšky z taniera", "kat": "20 01 08"}, {"kod": "nemocnicny_kuchynsky_odpad", "nazov": "Kuchynský odpad zo zdravotníckych a sociálnych zariadení", "kat": "20 01 08"}]}}, {"type": "Feature", "geometry": {"type": "Point", "coordinates": [18.365466, 48.627231]}, "properties": {"ico": "00356883", "nazov": "Centrum sociálnych služieb - Partizánske", "obec": "Partizánske", "okres": "Partizánske", "kraj": "Trenčiansky", "typ": "socialne_zariadenie", "typ_nazov": "Zariadenie sociálnych služieb", "sektor": "Gastro a stravovacie zariadenia", "presnost": "obec", "t_rok": 0, "odpady": [{"kod": "bro_zahrady", "nazov": "Biologicky rozložiteľný odpad zo záhrad", "kat": "20 02 01"}, {"kod": "zvysky_z_taniera", "nazov": "Zvyšky z taniera", "kat": "20 01 08"}, {"kod": "nemocnicny_kuchynsky_odpad", "nazov": "Kuchynský odpad zo zdravotníckych a sociálnych zariadení", "kat": "20 01 08"}]}}, {"type": "Feature", "geometry": {"type": "Point", "coordinates": [18.158903, 48.496327]}, "properties": {"ico": "00356891", "nazov": "„CLEMENTIA\", Zariadenie sociálnych služieb Kovarce", "obec": "Kovarce", "okres": "Topoľčany", "kraj": "Nitriansky", "typ": "socialne_zariadenie", "typ_nazov": "Zariadenie sociálnych služieb", "sektor": "Gastro a stravovacie zariadenia", "presnost": "obec", "t_rok": 0, "odpady": [{"kod": "bro_zahrady", "nazov": "Biologicky rozložiteľný odpad zo záhrad", "kat": "20 02 01"}, {"kod": "zvysky_z_taniera", "nazov": "Zvyšky z taniera", "kat": "20 01 08"}, {"kod": "nemocnicny_kuchynsky_odpad", "nazov": "Kuchynský odpad zo zdravotníckych a sociálnych zariadení", "kat": "20 01 08"}]}}, {"type": "Feature", "geometry": {"type": "Point", "coordinates": [18.045731, 48.493402]}, "properties": {"ico": "00357995", "nazov": "„V KAŠTIELI\", Zariadenie sociálnych služieb Horné Obdokovce", "obec": "Horné Obdokovce", "okres": "Topoľčany", "kraj": "Nitriansky", "typ": "socialne_zariadenie", "typ_nazov": "Zariadenie sociálnych služieb", "sektor": "Gastro a stravovacie zariadenia", "presnost": "obec", "t_rok": 0, "odpady": [{"kod": "bro_zahrady", "nazov": "Biologicky rozložiteľný odpad zo záhrad", "kat": "20 02 01"}, {"kod": "zvysky_z_taniera", "nazov": "Zvyšky z taniera", "kat": "20 01 08"}, {"kod": "nemocnicny_kuchynsky_odpad", "nazov": "Kuchynský odpad zo zdravotníckych a sociálnych zariadení", "kat": "20 01 08"}]}}, {"type": "Feature", "geometry": {"type": "Point", "coordinates": [17.883333, 47.766667]}, "properties": {"ico": "00363146", "nazov": "Poľnohospodárske družstvo Veľké Kosihy", "obec": "Veľké Kosihy", "okres": "Komárno", "kraj": "Nitriansky", "typ": "polnohospodarske_druzstvo", "typ_nazov": "Poľnohospodárske družstvo", "sektor": "Poľnohospodárstvo a chov", "presnost": "obec", "t_rok": 0, "odpady": [{"kod": "slama_obilna", "nazov": "Obilná slama", "kat": "02 01 03"}, {"kod": "kukuricne_korovie", "nazov": "Kukuričné kôrovie a stonky", "kat": "02 01 03"}, {"kod": "repkova_slama", "nazov": "Repková slama", "kat": "02 01 03"}, {"kod": "slnecnicove_stonky", "nazov": "Slnečnicové stonky a úbory", "kat": "02 01 03"}, {"kod": "travna_hmota_ttp", "nazov": "Trávna hmota z lúk a TTP", "kat": "02 01 03"}, {"kod": "odpad_cistenie_zrna", "nazov": "Odpad z čistenia a sušenia obilia", "kat": "02 01 03"}, {"kod": "hnoj_hovadzi", "nazov": "Maštaľný hnoj hovädzí", "kat": "02 01 06"}, {"kod": "hnojovica_osipane", "nazov": "Hnojovica ošípaných", "kat": "02 01 06"}]}}, {"type": "Feature", "geometry": {"type": "Point", "coordinates": [17.788543, 47.773817]}, "properties": {"ico": "00363243", "nazov": "Poľnohospodárske družstvo Trávnik", "obec": "Trávnik", "okres": "Komárno", "kraj": "Nitriansky", "typ": "polnohospodarske_druzstvo", "typ_nazov": "Poľnohospodárske družstvo", "sektor": "Poľnohospodárstvo a chov", "presnost": "obec", "t_rok": 0, "odpady": [{"kod": "slama_obilna", "nazov": "Obilná slama", "kat": "02 01 03"}, {"kod": "kukuricne_korovie", "nazov": "Kukuričné kôrovie a stonky", "kat": "02 01 03"}, {"kod": "repkova_slama", "nazov": "Repková slama", "kat": "02 01 03"}, {"kod": "slnecnicove_stonky", "nazov": "Slnečnicové stonky a úbory", "kat": "02 01 03"}, {"kod": "travna_hmota_ttp", "nazov": "Trávna hmota z lúk a TTP", "kat": "02 01 03"}, {"kod": "odpad_cistenie_zrna", "nazov": "Odpad z čistenia a sušenia obilia", "kat": "02 01 03"}, {"kod": "hnoj_hovadzi", "nazov": "Maštaľný hnoj hovädzí", "kat": "02 01 06"}, {"kod": "hnojovica_osipane", "nazov": "Hnojovica ošípaných", "kat": "02 01 06"}]}}, {"type": "Feature", "geometry": {"type": "Point", "coordinates": [17.032746, 48.273132]}, "properties": {"ico": "00364193", "nazov": "Domov sociálnych služieb a zariadenie pre seniorov Kaštieľ", "obec": "Stupava", "okres": "Malacky", "kraj": "Bratislavský", "typ": "socialne_zariadenie", "typ_nazov": "Zariadenie sociálnych služieb", "sektor": "Gastro a stravovacie zariadenia", "presnost": "obec", "t_rok": 0, "odpady": [{"kod": "bro_zahrady", "nazov": "Biologicky rozložiteľný odpad zo záhrad", "kat": "20 02 01"}, {"kod": "zvysky_z_taniera", "nazov": "Zvyšky z taniera", "kat": "20 01 08"}, {"kod": "nemocnicny_kuchynsky_odpad", "nazov": "Kuchynský odpad zo zdravotníckych a sociálnych zariadení", "kat": "20 01 08"}]}}, {"type": "Feature", "geometry": {"type": "Point", "coordinates": [18.713842, 48.172145]}, "properties": {"ico": "00399388", "nazov": "Stredná odborná škola techniky a služieb, Šahy", "obec": "Šahy", "okres": "Levice", "kraj": "Nitriansky", "typ": "skola_stredna", "typ_nazov": "Stredná škola", "sektor": "Gastro a stravovacie zariadenia", "presnost": "okres", "t_rok": 1.56, "odpady": [{"kod": "bro_zahrady", "nazov": "Biologicky rozložiteľný odpad zo záhrad", "kat": "20 02 01"}, {"kod": "skolsky_kuchynsky_odpad", "nazov": "Kuchynský odpad zo školských jedální", "kat": "20 01 08"}, {"kod": "zvysky_z_taniera", "nazov": "Zvyšky z taniera", "kat": "20 01 08"}, {"kod": "gastro_fritovaci_olej", "nazov": "Použitý fritovací olej z gastroprevádzok", "kat": "20 01 25"}]}}, {"type": "Feature", "geometry": {"type": "Point", "coordinates": [17.876502, 48.150995]}, "properties": {"ico": "00399850", "nazov": "Gymnázium Juraja Fándlyho", "obec": "Šaľa", "okres": "Šaľa", "kraj": "Nitriansky", "typ": "skola_stredna", "typ_nazov": "Stredná škola", "sektor": "Gastro a stravovacie zariadenia", "presnost": "obec", "t_rok": 1.56, "odpady": [{"kod": "bro_zahrady", "nazov": "Biologicky rozložiteľný odpad zo záhrad", "kat": "20 02 01"}, {"kod": "skolsky_kuchynsky_odpad", "nazov": "Kuchynský odpad zo školských jedální", "kat": "20 01 08"}, {"kod": "zvysky_z_taniera", "nazov": "Zvyšky z taniera", "kat": "20 01 08"}, {"kod": "gastro_fritovaci_olej", "nazov": "Použitý fritovací olej z gastroprevádzok", "kat": "20 01 25"}]}}, {"type": "Feature", "geometry": {"type": "Point", "coordinates": [18.725503, 47.831308]}, "properties": {"ico": "00494160", "nazov": "„DUNAJ\", Zariadenie sociálnych služieb Kováčov", "obec": "Kamenica nad Hronom", "okres": "Nové Zámky", "kraj": "Nitriansky", "typ": "socialne_zariadenie", "typ_nazov": "Zariadenie sociálnych služieb", "sektor": "Gastro a stravovacie zariadenia", "presnost": "obec", "t_rok": 0, "odpady": [{"kod": "bro_zahrady", "nazov": "Biologicky rozložiteľný odpad zo záhrad", "kat": "20 02 01"}, {"kod": "zvysky_z_taniera", "nazov": "Zvyšky z taniera", "kat": "20 01 08"}, {"kod": "nemocnicny_kuchynsky_odpad", "nazov": "Kuchynský odpad zo zdravotníckych a sociálnych zariadení", "kat": "20 01 08"}]}}, {"type": "Feature", "geometry": {"type": "Point", "coordinates": [21.479465, 49.248768]}, "properties": {"ico": "00587052", "nazov": "„LIPKA\", Zariadenie sociálnych služieb Lipová", "obec": "Lipová", "okres": "Bardejov", "kraj": "Prešovský", "typ": "socialne_zariadenie", "typ_nazov": "Zariadenie sociálnych služieb", "sektor": "Gastro a stravovacie zariadenia", "presnost": "obec", "t_rok": 0, "odpady": [{"kod": "bro_zahrady", "nazov": "Biologicky rozložiteľný odpad zo záhrad", "kat": "20 02 01"}, {"kod": "zvysky_z_taniera", "nazov": "Zvyšky z taniera", "kat": "20 01 08"}, {"kod": "nemocnicny_kuchynsky_odpad", "nazov": "Kuchynský odpad zo zdravotníckych a sociálnych zariadení", "kat": "20 01 08"}]}}, {"type": "Feature", "geometry": {"type": "Point", "coordinates": [18.416667, 47.9]}, "properties": {"ico": "00587184", "nazov": "Poľnohospodárske družstvo Strekov", "obec": "Strekov", "okres": "Nové Zámky", "kraj": "Nitriansky", "typ": "polnohospodarske_druzstvo", "typ_nazov": "Poľnohospodárske družstvo", "sektor": "Poľnohospodárstvo a chov", "presnost": "obec", "t_rok": 0, "odpady": [{"kod": "slama_obilna", "nazov": "Obilná slama", "kat": "02 01 03"}, {"kod": "kukuricne_korovie", "nazov": "Kukuričné kôrovie a stonky", "kat": "02 01 03"}, {"kod": "repkova_slama", "nazov": "Repková slama", "kat": "02 01 03"}, {"kod": "slnecnicove_stonky", "nazov": "Slnečnicové stonky a úbory", "kat": "02 01 03"}, {"kod": "travna_hmota_ttp", "nazov": "Trávna hmota z lúk a TTP", "kat": "02 01 03"}, {"kod": "odpad_cistenie_zrna", "nazov": "Odpad z čistenia a sušenia obilia", "kat": "02 01 03"}, {"kod": "hnoj_hovadzi", "nazov": "Maštaľný hnoj hovädzí", "kat": "02 01 06"}, {"kod": "hnojovica_osipane", "nazov": "Hnojovica ošípaných", "kat": "02 01 06"}]}}, {"type": "Feature", "geometry": {"type": "Point", "coordinates": [18.339624, 48.10382]}, "properties": {"ico": "00587222", "nazov": "Poľnohospodárske družstvo Podhájska-Radava", "obec": "Podhájska", "okres": "Nové Zámky", "kraj": "Nitriansky", "typ": "polnohospodarske_druzstvo", "typ_nazov": "Poľnohospodárske družstvo", "sektor": "Poľnohospodárstvo a chov", "presnost": "obec", "t_rok": 0, "odpady": [{"kod": "slama_obilna", "nazov": "Obilná slama", "kat": "02 01 03"}, {"kod": "kukuricne_korovie", "nazov": "Kukuričné kôrovie a stonky", "kat": "02 01 03"}, {"kod": "repkova_slama", "nazov": "Repková slama", "kat": "02 01 03"}, {"kod": "slnecnicove_stonky", "nazov": "Slnečnicové stonky a úbory", "kat": "02 01 03"}, {"kod": "travna_hmota_ttp", "nazov": "Trávna hmota z lúk a TTP", "kat": "02 01 03"}, {"kod": "odpad_cistenie_zrna", "nazov": "Odpad z čistenia a sušenia obilia", "kat": "02 01 03"}, {"kod": "hnoj_hovadzi", "nazov": "Maštaľný hnoj hovädzí", "kat": "02 01 06"}, {"kod": "hnojovica_osipane", "nazov": "Hnojovica ošípaných", "kat": "02 01 06"}]}}, {"type": "Feature", "geometry": {"type": "Point", "coordinates": [18.683333, 47.933333]}, "properties": {"ico": "00589144", "nazov": "Poľnohospodárske družstvo podielnikov \"SINCE\"", "obec": "Sikenička", "okres": "Nové Zámky", "kraj": "Nitriansky", "typ": "polnohospodarske_druzstvo", "typ_nazov": "Poľnohospodárske družstvo", "sektor": "Poľnohospodárstvo a chov", "presnost": "obec", "t_rok": 0, "odpady": [{"kod": "slama_obilna", "nazov": "Obilná slama", "kat": "02 01 03"}, {"kod": "kukuricne_korovie", "nazov": "Kukuričné kôrovie a stonky", "kat": "02 01 03"}, {"kod": "repkova_slama", "nazov": "Repková slama", "kat": "02 01 03"}, {"kod": "slnecnicove_stonky", "nazov": "Slnečnicové stonky a úbory", "kat": "02 01 03"}, {"kod": "travna_hmota_ttp", "nazov": "Trávna hmota z lúk a TTP", "kat": "02 01 03"}, {"kod": "odpad_cistenie_zrna", "nazov": "Odpad z čistenia a sušenia obilia", "kat": "02 01 03"}, {"kod": "hnoj_hovadzi", "nazov": "Maštaľný hnoj hovädzí", "kat": "02 01 06"}, {"kod": "hnojovica_osipane", "nazov": "Hnojovica ošípaných", "kat": "02 01 06"}]}}, {"type": "Feature", "geometry": {"type": "Point", "coordinates": [18.120323, 48.93373]}, "properties": {"ico": "00589403", "nazov": "Poľnohospodárske družstvo FLÓRA", "obec": "Trenčianska Teplá", "okres": "Trenčín", "kraj": "Trenčiansky", "typ": "polnohospodarske_druzstvo", "typ_nazov": "Poľnohospodárske družstvo", "sektor": "Poľnohospodárstvo a chov", "presnost": "obec", "t_rok": 0, "odpady": [{"kod": "slama_obilna", "nazov": "Obilná slama", "kat": "02 01 03"}, {"kod": "kukuricne_korovie", "nazov": "Kukuričné kôrovie a stonky", "kat": "02 01 03"}, {"kod": "repkova_slama", "nazov": "Repková slama", "kat": "02 01 03"}, {"kod": "slnecnicove_stonky", "nazov": "Slnečnicové stonky a úbory", "kat": "02 01 03"}, {"kod": "travna_hmota_ttp", "nazov": "Trávna hmota z lúk a TTP", "kat": "02 01 03"}, {"kod": "odpad_cistenie_zrna", "nazov": "Odpad z čistenia a sušenia obilia", "kat": "02 01 03"}, {"kod": "hnoj_hovadzi", "nazov": "Maštaľný hnoj hovädzí", "kat": "02 01 06"}, {"kod": "hnojovica_osipane", "nazov": "Hnojovica ošípaných", "kat": "02 01 06"}]}}, {"type": "Feature", "geometry": {"type": "Point", "coordinates": [17.964227, 48.27723]}, "properties": {"ico": "00589942", "nazov": "Poľnohospodárske družstvo Jarok", "obec": "Jarok", "okres": "Nitra", "kraj": "Nitriansky", "typ": "polnohospodarske_druzstvo", "typ_nazov": "Poľnohospodárske družstvo", "sektor": "Poľnohospodárstvo a chov", "presnost": "obec", "t_rok": 0, "odpady": [{"kod": "slama_obilna", "nazov": "Obilná slama", "kat": "02 01 03"}, {"kod": "kukuricne_korovie", "nazov": "Kukuričné kôrovie a stonky", "kat": "02 01 03"}, {"kod": "repkova_slama", "nazov": "Repková slama", "kat": "02 01 03"}, {"kod": "slnecnicove_stonky", "nazov": "Slnečnicové stonky a úbory", "kat": "02 01 03"}, {"kod": "travna_hmota_ttp", "nazov": "Trávna hmota z lúk a TTP", "kat": "02 01 03"}, {"kod": "odpad_cistenie_zrna", "nazov": "Odpad z čistenia a sušenia obilia", "kat": "02 01 03"}, {"kod": "hnoj_hovadzi", "nazov": "Maštaľný hnoj hovädzí", "kat": "02 01 06"}, {"kod": "hnojovica_osipane", "nazov": "Hnojovica ošípaných", "kat": "02 01 06"}]}}, {"type": "Feature", "geometry": {"type": "Point", "coordinates": [18.072, 48.928]}, "properties": {"ico": "00590100", "nazov": "Poľnohospodárske družstvo Skalka nad Váhom", "obec": "Skalka nad Váhom", "okres": "Trenčín", "kraj": "Trenčiansky", "typ": "polnohospodarske_druzstvo", "typ_nazov": "Poľnohospodárske družstvo", "sektor": "Poľnohospodárstvo a chov", "presnost": "obec", "t_rok": 0, "odpady": [{"kod": "slama_obilna", "nazov": "Obilná slama", "kat": "02 01 03"}, {"kod": "kukuricne_korovie", "nazov": "Kukuričné kôrovie a stonky", "kat": "02 01 03"}, {"kod": "repkova_slama", "nazov": "Repková slama", "kat": "02 01 03"}, {"kod": "slnecnicove_stonky", "nazov": "Slnečnicové stonky a úbory", "kat": "02 01 03"}, {"kod": "travna_hmota_ttp", "nazov": "Trávna hmota z lúk a TTP", "kat": "02 01 03"}, {"kod": "odpad_cistenie_zrna", "nazov": "Odpad z čistenia a sušenia obilia", "kat": "02 01 03"}, {"kod": "hnoj_hovadzi", "nazov": "Maštaľný hnoj hovädzí", "kat": "02 01 06"}, {"kod": "hnojovica_osipane", "nazov": "Hnojovica ošípaných", "kat": "02 01 06"}]}}, {"type": "Feature", "geometry": {"type": "Point", "coordinates": [17.925, 48.853]}, "properties": {"ico": "00596175", "nazov": "Domov sociálnych služieb-Adamovské Kochanovce", "obec": "Adamovské Kochanovce", "okres": "Trenčín", "kraj": "Trenčiansky", "typ": "socialne_zariadenie", "typ_nazov": "Zariadenie sociálnych služieb", "sektor": "Gastro a stravovacie zariadenia", "presnost": "obec", "t_rok": 0, "odpady": [{"kod": "bro_zahrady", "nazov": "Biologicky rozložiteľný odpad zo záhrad", "kat": "20 02 01"}, {"kod": "zvysky_z_taniera", "nazov": "Zvyšky z taniera", "kat": "20 01 08"}, {"kod": "nemocnicny_kuchynsky_odpad", "nazov": "Kuchynský odpad zo zdravotníckych a sociálnych zariadení", "kat": "20 01 08"}]}}, {"type": "Feature", "geometry": {"type": "Point", "coordinates": [18.285713, 48.15367]}, "properties": {"ico": "00596221", "nazov": "„KAMILKA\", Zariadenie sociálnych služieb Maňa", "obec": "Maňa", "okres": "Nové Zámky", "kraj": "Nitriansky", "typ": "socialne_zariadenie", "typ_nazov": "Zariadenie sociálnych služieb", "sektor": "Gastro a stravovacie zariadenia", "presnost": "obec", "t_rok": 0, "odpady": [{"kod": "bro_zahrady", "nazov": "Biologicky rozložiteľný odpad zo záhrad", "kat": "20 02 01"}, {"kod": "zvysky_z_taniera", "nazov": "Zvyšky z taniera", "kat": "20 01 08"}, {"kod": "nemocnicny_kuchynsky_odpad", "nazov": "Kuchynský odpad zo zdravotníckych a sociálnych zariadení", "kat": "20 01 08"}]}}, {"type": "Feature", "geometry": {"type": "Point", "coordinates": [17.382769, 48.586342]}, "properties": {"ico": "00596248", "nazov": "Domov sociálnych služieb pre dospelých Bojková", "obec": "Cerová", "okres": "Senica", "kraj": "Trnavský", "typ": "socialne_zariadenie", "typ_nazov": "Zariadenie sociálnych služieb", "sektor": "Gastro a stravovacie zariadenia", "presnost": "obec", "t_rok": 0, "odpady": [{"kod": "bro_zahrady", "nazov": "Biologicky rozložiteľný odpad zo záhrad", "kat": "20 02 01"}, {"kod": "zvysky_z_taniera", "nazov": "Zvyšky z taniera", "kat": "20 01 08"}, {"kod": "nemocnicny_kuchynsky_odpad", "nazov": "Kuchynský odpad zo zdravotníckych a sociálnych zariadení", "kat": "20 01 08"}]}}, {"type": "Feature", "geometry": {"type": "Point", "coordinates": [17.565022, 48.754035]}, "properties": {"ico": "00596264", "nazov": "Centrum sociálnych služieb - Jesienka", "obec": "Myjava", "okres": "Myjava", "kraj": "Trenčiansky", "typ": "socialne_zariadenie", "typ_nazov": "Zariadenie sociálnych služieb", "sektor": "Gastro a stravovacie zariadenia", "presnost": "obec", "t_rok": 0, "odpady": [{"kod": "bro_zahrady", "nazov": "Biologicky rozložiteľný odpad zo záhrad", "kat": "20 02 01"}, {"kod": "zvysky_z_taniera", "nazov": "Zvyšky z taniera", "kat": "20 01 08"}, {"kod": "nemocnicny_kuchynsky_odpad", "nazov": "Kuchynský odpad zo zdravotníckych a sociálnych zariadení", "kat": "20 01 08"}]}}, {"type": "Feature", "geometry": {"type": "Point", "coordinates": [17.20201, 48.770797]}, "properties": {"ico": "00596469", "nazov": "Zariadenie pre seniorov Skalica", "obec": "Skalica", "okres": "Skalica", "kraj": "Trnavský", "typ": "socialne_zariadenie", "typ_nazov": "Zariadenie sociálnych služieb", "sektor": "Gastro a stravovacie zariadenia", "presnost": "okres", "t_rok": 0, "odpady": [{"kod": "bro_zahrady", "nazov": "Biologicky rozložiteľný odpad zo záhrad", "kat": "20 02 01"}, {"kod": "zvysky_z_taniera", "nazov": "Zvyšky z taniera", "kat": "20 01 08"}, {"kod": "nemocnicny_kuchynsky_odpad", "nazov": "Kuchynský odpad zo zdravotníckych a sociálnych zariadení", "kat": "20 01 08"}]}}, {"type": "Feature", "geometry": {"type": "Point", "coordinates": [17.809046, 47.886638]}, "properties": {"ico": "00596485", "nazov": "Centrum sociálnych služieb Okoč - Opatovský Sokolec", "obec": "Okoč", "okres": "Dunajská Streda", "kraj": "Trnavský", "typ": "socialne_zariadenie", "typ_nazov": "Zariadenie sociálnych služieb", "sektor": "Gastro a stravovacie zariadenia", "presnost": "obec", "t_rok": 0, "odpady": [{"kod": "bro_zahrady", "nazov": "Biologicky rozložiteľný odpad zo záhrad", "kat": "20 02 01"}, {"kod": "zvysky_z_taniera", "nazov": "Zvyšky z taniera", "kat": "20 01 08"}, {"kod": "nemocnicny_kuchynsky_odpad", "nazov": "Kuchynský odpad zo zdravotníckych a sociálnych zariadení", "kat": "20 01 08"}]}}, {"type": "Feature", "geometry": {"type": "Point", "coordinates": [17.620142, 47.989309]}, "properties": {"ico": "00596515", "nazov": "Zariadenie pre seniorov Dunajská Streda", "obec": "Dunajská Streda", "okres": "Dunajská Streda", "kraj": "Trnavský", "typ": "socialne_zariadenie", "typ_nazov": "Zariadenie sociálnych služieb", "sektor": "Gastro a stravovacie zariadenia", "presnost": "obec", "t_rok": 0, "odpady": [{"kod": "bro_zahrady", "nazov": "Biologicky rozložiteľný odpad zo záhrad", "kat": "20 02 01"}, {"kod": "zvysky_z_taniera", "nazov": "Zvyšky z taniera", "kat": "20 01 08"}, {"kod": "nemocnicny_kuchynsky_odpad", "nazov": "Kuchynský odpad zo zdravotníckych a sociálnych zariadení", "kat": "20 01 08"}]}}, {"type": "Feature", "geometry": {"type": "Point", "coordinates": [17.565022, 48.754035]}, "properties": {"ico": "00596680", "nazov": "Gymnázium Myjava", "obec": "Myjava", "okres": "Myjava", "kraj": "Trenčiansky", "typ": "skola_stredna", "typ_nazov": "Stredná škola", "sektor": "Gastro a stravovacie zariadenia", "presnost": "obec", "t_rok": 1.56, "odpady": [{"kod": "bro_zahrady", "nazov": "Biologicky rozložiteľný odpad zo záhrad", "kat": "20 02 01"}, {"kod": "skolsky_kuchynsky_odpad", "nazov": "Kuchynský odpad zo školských jedální", "kat": "20 01 08"}, {"kod": "zvysky_z_taniera", "nazov": "Zvyšky z taniera", "kat": "20 01 08"}, {"kod": "gastro_fritovaci_olej", "nazov": "Použitý fritovací olej z gastroprevádzok", "kat": "20 01 25"}]}}, {"type": "Feature", "geometry": {"type": "Point", "coordinates": [18.765721, 48.156779]}, "properties": {"ico": "00596710", "nazov": "DOBRÝ DOMOV Santovka", "obec": "Santovka", "okres": "Levice", "kraj": "Nitriansky", "typ": "socialne_zariadenie", "typ_nazov": "Zariadenie sociálnych služieb", "sektor": "Gastro a stravovacie zariadenia", "presnost": "obec", "t_rok": 0, "odpady": [{"kod": "bro_zahrady", "nazov": "Biologicky rozložiteľný odpad zo záhrad", "kat": "20 02 01"}, {"kod": "zvysky_z_taniera", "nazov": "Zvyšky z taniera", "kat": "20 01 08"}, {"kod": "nemocnicny_kuchynsky_odpad", "nazov": "Kuchynský odpad zo zdravotníckych a sociálnych zariadení", "kat": "20 01 08"}]}}, {"type": "Feature", "geometry": {"type": "Point", "coordinates": [18.6, 48.216667]}, "properties": {"ico": "00596825", "nazov": "„FÉNIX\", Zariadenie sociálnych služieb Levice", "obec": "Levice", "okres": "Levice", "kraj": "Nitriansky", "typ": "socialne_zariadenie", "typ_nazov": "Zariadenie sociálnych služieb", "sektor": "Gastro a stravovacie zariadenia", "presnost": "obec", "t_rok": 0, "odpady": [{"kod": "bro_zahrady", "nazov": "Biologicky rozložiteľný odpad zo záhrad", "kat": "20 02 01"}, {"kod": "zvysky_z_taniera", "nazov": "Zvyšky z taniera", "kat": "20 01 08"}, {"kod": "nemocnicny_kuchynsky_odpad", "nazov": "Kuchynský odpad zo zdravotníckych a sociálnych zariadení", "kat": "20 01 08"}]}}, {"type": "Feature", "geometry": {"type": "Point", "coordinates": [18.783333, 48.05]}, "properties": {"ico": "00596841", "nazov": "„PLATAN\", Zariadenie sociálnych služieb Lontov", "obec": "Lontov", "okres": "Levice", "kraj": "Nitriansky", "typ": "socialne_zariadenie", "typ_nazov": "Zariadenie sociálnych služieb", "sektor": "Gastro a stravovacie zariadenia", "presnost": "obec", "t_rok": 0, "odpady": [{"kod": "bro_zahrady", "nazov": "Biologicky rozložiteľný odpad zo záhrad", "kat": "20 02 01"}, {"kod": "zvysky_z_taniera", "nazov": "Zvyšky z taniera", "kat": "20 01 08"}, {"kod": "nemocnicny_kuchynsky_odpad", "nazov": "Kuchynský odpad zo zdravotníckych a sociálnych zariadení", "kat": "20 01 08"}]}}, {"type": "Feature", "geometry": {"type": "Point", "coordinates": [18.09061, 48.31257]}, "properties": {"ico": "00596868", "nazov": "Stredná odborná škola techniky a služieb, Cintorínska 4, Nitra", "obec": "Nitra", "okres": "Nitra", "kraj": "Nitriansky", "typ": "skola_stredna", "typ_nazov": "Stredná škola", "sektor": "Gastro a stravovacie zariadenia", "presnost": "obec", "t_rok": 1.56, "odpady": [{"kod": "bro_zahrady", "nazov": "Biologicky rozložiteľný odpad zo záhrad", "kat": "20 02 01"}, {"kod": "skolsky_kuchynsky_odpad", "nazov": "Kuchynský odpad zo školských jedální", "kat": "20 01 08"}, {"kod": "zvysky_z_taniera", "nazov": "Zvyšky z taniera", "kat": "20 01 08"}, {"kod": "gastro_fritovaci_olej", "nazov": "Použitý fritovací olej z gastroprevádzok", "kat": "20 01 25"}]}}, {"type": "Feature", "geometry": {"type": "Point", "coordinates": [18.022658, 47.949753]}, "properties": {"ico": "00597171", "nazov": "Poľnohospodárske družstvo Komoča", "obec": "Komoča", "okres": "Nové Zámky", "kraj": "Nitriansky", "typ": "polnohospodarske_druzstvo", "typ_nazov": "Poľnohospodárske družstvo", "sektor": "Poľnohospodárstvo a chov", "presnost": "obec", "t_rok": 0, "odpady": [{"kod": "slama_obilna", "nazov": "Obilná slama", "kat": "02 01 03"}, {"kod": "kukuricne_korovie", "nazov": "Kukuričné kôrovie a stonky", "kat": "02 01 03"}, {"kod": "repkova_slama", "nazov": "Repková slama", "kat": "02 01 03"}, {"kod": "slnecnicove_stonky", "nazov": "Slnečnicové stonky a úbory", "kat": "02 01 03"}, {"kod": "travna_hmota_ttp", "nazov": "Trávna hmota z lúk a TTP", "kat": "02 01 03"}, {"kod": "odpad_cistenie_zrna", "nazov": "Odpad z čistenia a sušenia obilia", "kat": "02 01 03"}, {"kod": "hnoj_hovadzi", "nazov": "Maštaľný hnoj hovädzí", "kat": "02 01 06"}, {"kod": "hnojovica_osipane", "nazov": "Hnojovica ošípaných", "kat": "02 01 06"}]}}, {"type": "Feature", "geometry": {"type": "Point", "coordinates": [21.249677, 48.717227]}, "properties": {"ico": "00598071", "nazov": "Gymnázium Košice", "obec": "Košice", "okres": "Košice I", "kraj": "Košický", "typ": "skola_stredna", "typ_nazov": "Stredná škola", "sektor": "Gastro a stravovacie zariadenia", "presnost": "obec", "t_rok": 1.56, "odpady": [{"kod": "bro_zahrady", "nazov": "Biologicky rozložiteľný odpad zo záhrad", "kat": "20 02 01"}, {"kod": "skolsky_kuchynsky_odpad", "nazov": "Kuchynský odpad zo školských jedální", "kat": "20 01 08"}, {"kod": "zvysky_z_taniera", "nazov": "Zvyšky z taniera", "kat": "20 01 08"}, {"kod": "gastro_fritovaci_olej", "nazov": "Použitý fritovací olej z gastroprevádzok", "kat": "20 01 25"}]}}, {"type": "Feature", "geometry": {"type": "Point", "coordinates": [17.651682, 48.322017]}, "properties": {"ico": "00611948", "nazov": "Zariadenie pre seniorov Križovany nad Dudváhom", "obec": "Križovany nad Dudváhom", "okres": "Trnava", "kraj": "Trnavský", "typ": "socialne_zariadenie", "typ_nazov": "Zariadenie sociálnych služieb", "sektor": "Gastro a stravovacie zariadenia", "presnost": "obec", "t_rok": 0, "odpady": [{"kod": "bro_zahrady", "nazov": "Biologicky rozložiteľný odpad zo záhrad", "kat": "20 02 01"}, {"kod": "zvysky_z_taniera", "nazov": "Zvyšky z taniera", "kat": "20 01 08"}, {"kod": "nemocnicny_kuchynsky_odpad", "nazov": "Kuchynský odpad zo zdravotníckych a sociálnych zariadení", "kat": "20 01 08"}]}}, {"type": "Feature", "geometry": {"type": "Point", "coordinates": [17.798585, 48.427951]}, "properties": {"ico": "00611956", "nazov": "Harmonia - Zariadenie pre seniorov, Hlohovec", "obec": "Hlohovec", "okres": "Hlohovec", "kraj": "Trnavský", "typ": "socialne_zariadenie", "typ_nazov": "Zariadenie sociálnych služieb", "sektor": "Gastro a stravovacie zariadenia", "presnost": "obec", "t_rok": 0, "odpady": [{"kod": "bro_zahrady", "nazov": "Biologicky rozložiteľný odpad zo záhrad", "kat": "20 02 01"}, {"kod": "zvysky_z_taniera", "nazov": "Zvyšky z taniera", "kat": "20 01 08"}, {"kod": "nemocnicny_kuchynsky_odpad", "nazov": "Kuchynský odpad zo zdravotníckych a sociálnych zariadení", "kat": "20 01 08"}]}}, {"type": "Feature", "geometry": {"type": "Point", "coordinates": [17.586718, 48.37729]}, "properties": {"ico": "00611972", "nazov": "Zariadenie pre seniorov v Trnave", "obec": "Trnava", "okres": "Trnava", "kraj": "Trnavský", "typ": "socialne_zariadenie", "typ_nazov": "Zariadenie sociálnych služieb", "sektor": "Gastro a stravovacie zariadenia", "presnost": "obec", "t_rok": 0, "odpady": [{"kod": "bro_zahrady", "nazov": "Biologicky rozložiteľný odpad zo záhrad", "kat": "20 02 01"}, {"kod": "zvysky_z_taniera", "nazov": "Zvyšky z taniera", "kat": "20 01 08"}, {"kod": "nemocnicny_kuchynsky_odpad", "nazov": "Kuchynský odpad zo zdravotníckych a sociálnych zariadení", "kat": "20 01 08"}]}}, {"type": "Feature", "geometry": {"type": "Point", "coordinates": [18.788221, 49.440819]}, "properties": {"ico": "00614866", "nazov": "Stredná odborná škola pedagogická sv. Márie Goretti", "obec": "Čadca", "okres": "Čadca", "kraj": "Žilinský", "typ": "skola_stredna", "typ_nazov": "Stredná škola", "sektor": "Gastro a stravovacie zariadenia", "presnost": "obec", "t_rok": 1.56, "odpady": [{"kod": "bro_zahrady", "nazov": "Biologicky rozložiteľný odpad zo záhrad", "kat": "20 02 01"}, {"kod": "skolsky_kuchynsky_odpad", "nazov": "Kuchynský odpad zo školských jedální", "kat": "20 01 08"}, {"kod": "zvysky_z_taniera", "nazov": "Zvyšky z taniera", "kat": "20 01 08"}, {"kod": "gastro_fritovaci_olej", "nazov": "Použitý fritovací olej z gastroprevádzok", "kat": "20 01 25"}]}}, {"type": "Feature", "geometry": {"type": "Point", "coordinates": [20.531184, 48.654392]}, "properties": {"ico": "00617652", "nazov": "Stredná odborná škola obchodu a služieb, Rožňavská Baňa 211, Rožňava", "obec": "Rožňava", "okres": "Rožňava", "kraj": "Košický", "typ": "skola_stredna", "typ_nazov": "Stredná škola", "sektor": "Gastro a stravovacie zariadenia", "presnost": "obec", "t_rok": 1.56, "odpady": [{"kod": "bro_zahrady", "nazov": "Biologicky rozložiteľný odpad zo záhrad", "kat": "20 02 01"}, {"kod": "skolsky_kuchynsky_odpad", "nazov": "Kuchynský odpad zo školských jedální", "kat": "20 01 08"}, {"kod": "zvysky_z_taniera", "nazov": "Zvyšky z taniera", "kat": "20 01 08"}, {"kod": "gastro_fritovaci_olej", "nazov": "Použitý fritovací olej z gastroprevádzok", "kat": "20 01 25"}]}}, {"type": "Feature", "geometry": {"type": "Point", "coordinates": [21.90314, 48.934603]}, "properties": {"ico": "00617750", "nazov": "Stredná odborná škola obchodu a služieb, Mierová 1973/79, Humenné", "obec": "Humenné", "okres": "Humenné", "kraj": "Prešovský", "typ": "skola_stredna", "typ_nazov": "Stredná škola", "sektor": "Gastro a stravovacie zariadenia", "presnost": "obec", "t_rok": 1.56, "odpady": [{"kod": "bro_zahrady", "nazov": "Biologicky rozložiteľný odpad zo záhrad", "kat": "20 02 01"}, {"kod": "skolsky_kuchynsky_odpad", "nazov": "Kuchynský odpad zo školských jedální", "kat": "20 01 08"}, {"kod": "zvysky_z_taniera", "nazov": "Zvyšky z taniera", "kat": "20 01 08"}, {"kod": "gastro_fritovaci_olej", "nazov": "Použitý fritovací olej z gastroprevádzok", "kat": "20 01 25"}]}}, {"type": "Feature", "geometry": {"type": "Point", "coordinates": [19.030518, 49.25922]}, "properties": {"ico": "00623521", "nazov": "Centrum sociálnych služieb Terchová", "obec": "Terchová", "okres": "Žilina", "kraj": "Žilinský", "typ": "socialne_zariadenie", "typ_nazov": "Zariadenie sociálnych služieb", "sektor": "Gastro a stravovacie zariadenia", "presnost": "obec", "t_rok": 0, "odpady": [{"kod": "bro_zahrady", "nazov": "Biologicky rozložiteľný odpad zo záhrad", "kat": "20 02 01"}, {"kod": "zvysky_z_taniera", "nazov": "Zvyšky z taniera", "kat": "20 01 08"}, {"kod": "nemocnicny_kuchynsky_odpad", "nazov": "Kuchynský odpad zo zdravotníckych a sociálnych zariadení", "kat": "20 01 08"}]}}, {"type": "Feature", "geometry": {"type": "Point", "coordinates": [18.324242, 49.123992]}, "properties": {"ico": "00628115", "nazov": "Domov sociálnych služieb-Púchov-Nosice", "obec": "Púchov", "okres": "Púchov", "kraj": "Trenčiansky", "typ": "socialne_zariadenie", "typ_nazov": "Zariadenie sociálnych služieb", "sektor": "Gastro a stravovacie zariadenia", "presnost": "obec", "t_rok": 0, "odpady": [{"kod": "bro_zahrady", "nazov": "Biologicky rozložiteľný odpad zo záhrad", "kat": "20 02 01"}, {"kod": "zvysky_z_taniera", "nazov": "Zvyšky z taniera", "kat": "20 01 08"}, {"kod": "nemocnicny_kuchynsky_odpad", "nazov": "Kuchynský odpad zo zdravotníckych a sociálnych zariadení", "kat": "20 01 08"}]}}, {"type": "Feature", "geometry": {"type": "Point", "coordinates": [18.283333, 49.066667]}, "properties": {"ico": "00630250", "nazov": "Centrum sociálnych služieb - Lednické Rovne", "obec": "Lednické Rovne", "okres": "Púchov", "kraj": "Trenčiansky", "typ": "socialne_zariadenie", "typ_nazov": "Zariadenie sociálnych služieb", "sektor": "Gastro a stravovacie zariadenia", "presnost": "obec", "t_rok": 0, "odpady": [{"kod": "bro_zahrady", "nazov": "Biologicky rozložiteľný odpad zo záhrad", "kat": "20 02 01"}, {"kod": "zvysky_z_taniera", "nazov": "Zvyšky z taniera", "kat": "20 01 08"}, {"kod": "nemocnicny_kuchynsky_odpad", "nazov": "Kuchynský odpad zo zdravotníckych a sociálnych zariadení", "kat": "20 01 08"}]}}, {"type": "Feature", "geometry": {"type": "Point", "coordinates": [18.167022, 48.957172]}, "properties": {"ico": "00632333", "nazov": "Zariadenie pre seniorov Dubina, m.r.o.", "obec": "Dubnica nad Váhom", "okres": "Ilava", "kraj": "Trenčiansky", "typ": "socialne_zariadenie", "typ_nazov": "Zariadenie sociálnych služieb", "sektor": "Gastro a stravovacie zariadenia", "presnost": "obec", "t_rok": 0, "odpady": [{"kod": "bro_zahrady", "nazov": "Biologicky rozložiteľný odpad zo záhrad", "kat": "20 02 01"}, {"kod": "zvysky_z_taniera", "nazov": "Zvyšky z taniera", "kat": "20 01 08"}, {"kod": "nemocnicny_kuchynsky_odpad", "nazov": "Kuchynský odpad zo zdravotníckych a sociálnych zariadení", "kat": "20 01 08"}]}}, {"type": "Feature", "geometry": {"type": "Point", "coordinates": [18.447319, 49.114507]}, "properties": {"ico": "00632350", "nazov": "Centrum sociálnych služieb - BYSTRIČAN", "obec": "Považská Bystrica", "okres": "Považská Bystrica", "kraj": "Trenčiansky", "typ": "socialne_zariadenie", "typ_nazov": "Zariadenie sociálnych služieb", "sektor": "Gastro a stravovacie zariadenia", "presnost": "obec", "t_rok": 0, "odpady": [{"kod": "bro_zahrady", "nazov": "Biologicky rozložiteľný odpad zo záhrad", "kat": "20 02 01"}, {"kod": "zvysky_z_taniera", "nazov": "Zvyšky z taniera", "kat": "20 01 08"}, {"kod": "nemocnicny_kuchynsky_odpad", "nazov": "Kuchynský odpad zo zdravotníckych a sociálnych zariadení", "kat": "20 01 08"}]}}, {"type": "Feature", "geometry": {"type": "Point", "coordinates": [18.324242, 49.123992]}, "properties": {"ico": "00632368", "nazov": "Centrum sociálnych služieb - KOLONKA", "obec": "Púchov", "okres": "Púchov", "kraj": "Trenčiansky", "typ": "socialne_zariadenie", "typ_nazov": "Zariadenie sociálnych služieb", "sektor": "Gastro a stravovacie zariadenia", "presnost": "obec", "t_rok": 0, "odpady": [{"kod": "bro_zahrady", "nazov": "Biologicky rozložiteľný odpad zo záhrad", "kat": "20 02 01"}, {"kod": "zvysky_z_taniera", "nazov": "Zvyšky z taniera", "kat": "20 01 08"}, {"kod": "nemocnicny_kuchynsky_odpad", "nazov": "Kuchynský odpad zo zdravotníckych a sociálnych zariadení", "kat": "20 01 08"}]}}, {"type": "Feature", "geometry": {"type": "Point", "coordinates": [18.167022, 48.957172]}, "properties": {"ico": "00632384", "nazov": "Centrum sociálnych služieb - AVE", "obec": "Dubnica nad Váhom", "okres": "Ilava", "kraj": "Trenčiansky", "typ": "socialne_zariadenie", "typ_nazov": "Zariadenie sociálnych služieb", "sektor": "Gastro a stravovacie zariadenia", "presnost": "obec", "t_rok": 0, "odpady": [{"kod": "bro_zahrady", "nazov": "Biologicky rozložiteľný odpad zo záhrad", "kat": "20 02 01"}, {"kod": "zvysky_z_taniera", "nazov": "Zvyšky z taniera", "kat": "20 01 08"}, {"kod": "nemocnicny_kuchynsky_odpad", "nazov": "Kuchynský odpad zo zdravotníckych a sociálnych zariadení", "kat": "20 01 08"}]}}, {"type": "Feature", "geometry": {"type": "Point", "coordinates": [18.447319, 49.114507]}, "properties": {"ico": "00632392", "nazov": "Centrum sociálnych služieb - LÚČ", "obec": "Považská Bystrica", "okres": "Považská Bystrica", "kraj": "Trenčiansky", "typ": "socialne_zariadenie", "typ_nazov": "Zariadenie sociálnych služieb", "sektor": "Gastro a stravovacie zariadenia", "presnost": "obec", "t_rok": 0, "odpady": [{"kod": "bro_zahrady", "nazov": "Biologicky rozložiteľný odpad zo záhrad", "kat": "20 02 01"}, {"kod": "zvysky_z_taniera", "nazov": "Zvyšky z taniera", "kat": "20 01 08"}, {"kod": "nemocnicny_kuchynsky_odpad", "nazov": "Kuchynský odpad zo zdravotníckych a sociálnych zariadení", "kat": "20 01 08"}]}}, {"type": "Feature", "geometry": {"type": "Point", "coordinates": [18.183333, 49.0]}, "properties": {"ico": "00632406", "nazov": "Centrum sociálnych služieb - SLOVEN", "obec": "Slavnica", "okres": "Ilava", "kraj": "Trenčiansky", "typ": "socialne_zariadenie", "typ_nazov": "Zariadenie sociálnych služieb", "sektor": "Gastro a stravovacie zariadenia", "presnost": "obec", "t_rok": 0, "odpady": [{"kod": "bro_zahrady", "nazov": "Biologicky rozložiteľný odpad zo záhrad", "kat": "20 02 01"}, {"kod": "zvysky_z_taniera", "nazov": "Zvyšky z taniera", "kat": "20 01 08"}, {"kod": "nemocnicny_kuchynsky_odpad", "nazov": "Kuchynský odpad zo zdravotníckych a sociálnych zariadení", "kat": "20 01 08"}]}}, {"type": "Feature", "geometry": {"type": "Point", "coordinates": [18.416667, 49.05]}, "properties": {"ico": "00632414", "nazov": "Centrum sociálnych služieb - NÁDEJ", "obec": "Dolný Lieskov", "okres": "Považská Bystrica", "kraj": "Trenčiansky", "typ": "socialne_zariadenie", "typ_nazov": "Zariadenie sociálnych služieb", "sektor": "Gastro a stravovacie zariadenia", "presnost": "obec", "t_rok": 0, "odpady": [{"kod": "bro_zahrady", "nazov": "Biologicky rozložiteľný odpad zo záhrad", "kat": "20 02 01"}, {"kod": "zvysky_z_taniera", "nazov": "Zvyšky z taniera", "kat": "20 01 08"}, {"kod": "nemocnicny_kuchynsky_odpad", "nazov": "Kuchynský odpad zo zdravotníckych a sociálnych zariadení", "kat": "20 01 08"}]}}, {"type": "Feature", "geometry": {"type": "Point", "coordinates": [18.788221, 49.440819]}, "properties": {"ico": "00632520", "nazov": "Centrum sociálnych služieb PARK", "obec": "Čadca", "okres": "Čadca", "kraj": "Žilinský", "typ": "socialne_zariadenie", "typ_nazov": "Zariadenie sociálnych služieb", "sektor": "Gastro a stravovacie zariadenia", "presnost": "obec", "t_rok": 0, "odpady": [{"kod": "bro_zahrady", "nazov": "Biologicky rozložiteľný odpad zo záhrad", "kat": "20 02 01"}, {"kod": "zvysky_z_taniera", "nazov": "Zvyšky z taniera", "kat": "20 01 08"}, {"kod": "nemocnicny_kuchynsky_odpad", "nazov": "Kuchynský odpad zo zdravotníckych a sociálnych zariadení", "kat": "20 01 08"}]}}, {"type": "Feature", "geometry": {"type": "Point", "coordinates": [19.554188, 49.336574]}, "properties": {"ico": "00632783", "nazov": "Centrum sociálnych služieb ORAVA", "obec": "Tvrdošín", "okres": "Tvrdošín", "kraj": "Žilinský", "typ": "socialne_zariadenie", "typ_nazov": "Zariadenie sociálnych služieb", "sektor": "Gastro a stravovacie zariadenia", "presnost": "obec", "t_rok": 0, "odpady": [{"kod": "bro_zahrady", "nazov": "Biologicky rozložiteľný odpad zo záhrad", "kat": "20 02 01"}, {"kod": "zvysky_z_taniera", "nazov": "Zvyšky z taniera", "kat": "20 01 08"}, {"kod": "nemocnicny_kuchynsky_odpad", "nazov": "Kuchynský odpad zo zdravotníckych a sociálnych zariadení", "kat": "20 01 08"}]}}, {"type": "Feature", "geometry": {"type": "Point", "coordinates": [19.3, 49.383333]}, "properties": {"ico": "00632848", "nazov": "Centrum sociálnych služieb Zákamenné", "obec": "Zákamenné", "okres": "Námestovo", "kraj": "Žilinský", "typ": "socialne_zariadenie", "typ_nazov": "Zariadenie sociálnych služieb", "sektor": "Gastro a stravovacie zariadenia", "presnost": "obec", "t_rok": 0, "odpady": [{"kod": "bro_zahrady", "nazov": "Biologicky rozložiteľný odpad zo záhrad", "kat": "20 02 01"}, {"kod": "zvysky_z_taniera", "nazov": "Zvyšky z taniera", "kat": "20 01 08"}, {"kod": "nemocnicny_kuchynsky_odpad", "nazov": "Kuchynský odpad zo zdravotníckych a sociálnych zariadení", "kat": "20 01 08"}]}}, {"type": "Feature", "geometry": {"type": "Point", "coordinates": [18.739498, 49.223464]}, "properties": {"ico": "00647675", "nazov": "Centrum sociálnych služieb STRANÍK", "obec": "Žilina", "okres": "Žilina", "kraj": "Žilinský", "typ": "socialne_zariadenie", "typ_nazov": "Zariadenie sociálnych služieb", "sektor": "Gastro a stravovacie zariadenia", "presnost": "obec", "t_rok": 0, "odpady": [{"kod": "bro_zahrady", "nazov": "Biologicky rozložiteľný odpad zo záhrad", "kat": "20 02 01"}, {"kod": "zvysky_z_taniera", "nazov": "Zvyšky z taniera", "kat": "20 01 08"}, {"kod": "nemocnicny_kuchynsky_odpad", "nazov": "Kuchynský odpad zo zdravotníckych a sociálnych zariadení", "kat": "20 01 08"}]}}, {"type": "Feature", "geometry": {"type": "Point", "coordinates": [18.739498, 49.223464]}, "properties": {"ico": "00647691", "nazov": "Centrum sociálnych služieb SYNNÓMIA", "obec": "Žilina", "okres": "Žilina", "kraj": "Žilinský", "typ": "socialne_zariadenie", "typ_nazov": "Zariadenie sociálnych služieb", "sektor": "Gastro a stravovacie zariadenia", "presnost": "obec", "t_rok": 0, "odpady": [{"kod": "bro_zahrady", "nazov": "Biologicky rozložiteľný odpad zo záhrad", "kat": "20 02 01"}, {"kod": "zvysky_z_taniera", "nazov": "Zvyšky z taniera", "kat": "20 01 08"}, {"kod": "nemocnicny_kuchynsky_odpad", "nazov": "Kuchynský odpad zo zdravotníckych a sociálnych zariadení", "kat": "20 01 08"}]}}, {"type": "Feature", "geometry": {"type": "Point", "coordinates": [18.739498, 49.223464]}, "properties": {"ico": "00647713", "nazov": "ÚSMEV - Zariadenie pre seniorov", "obec": "Žilina", "okres": "Žilina", "kraj": "Žilinský", "typ": "socialne_zariadenie", "typ_nazov": "Zariadenie sociálnych služieb", "sektor": "Gastro a stravovacie zariadenia", "presnost": "obec", "t_rok": 0, "odpady": [{"kod": "bro_zahrady", "nazov": "Biologicky rozložiteľný odpad zo záhrad", "kat": "20 02 01"}, {"kod": "zvysky_z_taniera", "nazov": "Zvyšky z taniera", "kat": "20 01 08"}, {"kod": "nemocnicny_kuchynsky_odpad", "nazov": "Kuchynský odpad zo zdravotníckych a sociálnych zariadení", "kat": "20 01 08"}]}}, {"type": "Feature", "geometry": {"type": "Point", "coordinates": [18.739498, 49.223464]}, "properties": {"ico": "00647748", "nazov": "Centrum sociálnych služieb HARMÓNIA", "obec": "Žilina", "okres": "Žilina", "kraj": "Žilinský", "typ": "socialne_zariadenie", "typ_nazov": "Zariadenie sociálnych služieb", "sektor": "Gastro a stravovacie zariadenia", "presnost": "obec", "t_rok": 0, "odpady": [{"kod": "bro_zahrady", "nazov": "Biologicky rozložiteľný odpad zo záhrad", "kat": "20 02 01"}, {"kod": "zvysky_z_taniera", "nazov": "Zvyšky z taniera", "kat": "20 01 08"}, {"kod": "nemocnicny_kuchynsky_odpad", "nazov": "Kuchynský odpad zo zdravotníckych a sociálnych zariadení", "kat": "20 01 08"}]}}, {"type": "Feature", "geometry": {"type": "Point", "coordinates": [19.302965, 49.08187]}, "properties": {"ico": "00647802", "nazov": "TROJLÍSTOK - centrum sociálnych služieb", "obec": "Ružomberok", "okres": "Ružomberok", "kraj": "Žilinský", "typ": "socialne_zariadenie", "typ_nazov": "Zariadenie sociálnych služieb", "sektor": "Gastro a stravovacie zariadenia", "presnost": "obec", "t_rok": 0, "odpady": [{"kod": "bro_zahrady", "nazov": "Biologicky rozložiteľný odpad zo záhrad", "kat": "20 02 01"}, {"kod": "zvysky_z_taniera", "nazov": "Zvyšky z taniera", "kat": "20 01 08"}, {"kod": "nemocnicny_kuchynsky_odpad", "nazov": "Kuchynský odpad zo zdravotníckych a sociálnych zariadení", "kat": "20 01 08"}]}}, {"type": "Feature", "geometry": {"type": "Point", "coordinates": [18.623306, 48.77104]}, "properties": {"ico": "00648701", "nazov": "Centrum sociálnych služieb - DOMINO", "obec": "Prievidza", "okres": "Prievidza", "kraj": "Trenčiansky", "typ": "socialne_zariadenie", "typ_nazov": "Zariadenie sociálnych služieb", "sektor": "Gastro a stravovacie zariadenia", "presnost": "obec", "t_rok": 0, "odpady": [{"kod": "bro_zahrady", "nazov": "Biologicky rozložiteľný odpad zo záhrad", "kat": "20 02 01"}, {"kod": "zvysky_z_taniera", "nazov": "Zvyšky z taniera", "kat": "20 01 08"}, {"kod": "nemocnicny_kuchynsky_odpad", "nazov": "Kuchynský odpad zo zdravotníckych a sociálnych zariadení", "kat": "20 01 08"}]}}, {"type": "Feature", "geometry": {"type": "Point", "coordinates": [18.633333, 48.866667]}, "properties": {"ico": "00648710", "nazov": "Centrum sociálnych služieb - Bôrik", "obec": "Nitrianske Pravno", "okres": "Prievidza", "kraj": "Trenčiansky", "typ": "socialne_zariadenie", "typ_nazov": "Zariadenie sociálnych služieb", "sektor": "Gastro a stravovacie zariadenia", "presnost": "obec", "t_rok": 0, "odpady": [{"kod": "bro_zahrady", "nazov": "Biologicky rozložiteľný odpad zo záhrad", "kat": "20 02 01"}, {"kod": "zvysky_z_taniera", "nazov": "Zvyšky z taniera", "kat": "20 01 08"}, {"kod": "nemocnicny_kuchynsky_odpad", "nazov": "Kuchynský odpad zo zdravotníckych a sociálnych zariadení", "kat": "20 01 08"}]}}, {"type": "Feature", "geometry": {"type": "Point", "coordinates": [18.3, 49.1]}, "properties": {"ico": "00650935", "nazov": "Družstevná ovocná pálenica Streženice", "obec": "Streženice", "okres": "Púchov", "kraj": "Trenčiansky", "typ": "ovocne_sady", "typ_nazov": "Ovocné sady a spracovanie ovocia", "sektor": "Poľnohospodárstvo a chov", "presnost": "obec", "t_rok": 0, "odpady": [{"kod": "jablcne_vylisky", "nazov": "Jablčné výlisky", "kat": "02 07 04"}, {"kod": "bobulove_vylisky", "nazov": "Výlisky z bobuľového ovocia", "kat": "02 07 04"}, {"kod": "vnate_pozberove", "nazov": "Vňate a pozberové zvyšky zeleniny", "kat": "02 01 03"}]}}, {"type": "Feature", "geometry": {"type": "Point", "coordinates": [18.739498, 49.223464]}, "properties": {"ico": "00651117", "nazov": "Stredná odborná škola dopravná, Rosinská 3126/2, Žilina", "obec": "Žilina", "okres": "Žilina", "kraj": "Žilinský", "typ": "skola_stredna", "typ_nazov": "Stredná škola", "sektor": "Gastro a stravovacie zariadenia", "presnost": "obec", "t_rok": 1.56, "odpady": [{"kod": "bro_zahrady", "nazov": "Biologicky rozložiteľný odpad zo záhrad", "kat": "20 02 01"}, {"kod": "skolsky_kuchynsky_odpad", "nazov": "Kuchynský odpad zo školských jedální", "kat": "20 01 08"}, {"kod": "zvysky_z_taniera", "nazov": "Zvyšky z taniera", "kat": "20 01 08"}, {"kod": "gastro_fritovaci_olej", "nazov": "Použitý fritovací olej z gastroprevádzok", "kat": "20 01 25"}]}}, {"type": "Feature", "geometry": {"type": "Point", "coordinates": [18.324242, 49.123992]}, "properties": {"ico": "00651273", "nazov": "COOP Jednota Púchov, spotrebné družstvo", "obec": "Púchov", "okres": "Púchov", "kraj": "Trenčiansky", "typ": "retail_druzstvo", "typ_nazov": "Spotrebné družstvo (predajne)", "sektor": "Retail a distribúcia potravín", "presnost": "obec", "t_rok": 0, "odpady": [{"kod": "retail_ovocie_zelenina", "nazov": "Neupredané ovocie a zelenina z predajní", "kat": "20 01 08"}, {"kod": "retail_pecivo", "nazov": "Neupredané pečivo a pekárske výrobky", "kat": "02 06 01"}, {"kod": "retail_mliecne", "nazov": "Mliečne výrobky po dátume minimálnej trvanlivosti", "kat": "20 01 08"}, {"kod": "retail_maso_zvysky", "nazov": "Mäsové a údenárske výrobky po dátume spotreby", "kat": "02 02 03"}, {"kod": "retail_zmesovy", "nazov": "Zmesový potravinový odpad z predajne", "kat": "20 01 08"}]}}, {"type": "Feature", "geometry": {"type": "Point", "coordinates": [18.929174, 49.07226]}, "properties": {"ico": "00651435", "nazov": "Centrum sociálnych služieb Ľadoveň", "obec": "Martin", "okres": "Martin", "kraj": "Žilinský", "typ": "socialne_zariadenie", "typ_nazov": "Zariadenie sociálnych služieb", "sektor": "Gastro a stravovacie zariadenia", "presnost": "obec", "t_rok": 0, "odpady": [{"kod": "bro_zahrady", "nazov": "Biologicky rozložiteľný odpad zo záhrad", "kat": "20 02 01"}, {"kod": "zvysky_z_taniera", "nazov": "Zvyšky z taniera", "kat": "20 01 08"}, {"kod": "nemocnicny_kuchynsky_odpad", "nazov": "Kuchynský odpad zo zdravotníckych a sociálnych zariadení", "kat": "20 01 08"}]}}, {"type": "Feature", "geometry": {"type": "Point", "coordinates": [18.858728, 48.862737]}, "properties": {"ico": "00651443", "nazov": "Centrum sociálnych služieb Horný Turiec", "obec": "Turčianske Teplice", "okres": "Turčianske Teplice", "kraj": "Žilinský", "typ": "socialne_zariadenie", "typ_nazov": "Zariadenie sociálnych služieb", "sektor": "Gastro a stravovacie zariadenia", "presnost": "obec", "t_rok": 0, "odpady": [{"kod": "bro_zahrady", "nazov": "Biologicky rozložiteľný odpad zo záhrad", "kat": "20 02 01"}, {"kod": "zvysky_z_taniera", "nazov": "Zvyšky z taniera", "kat": "20 01 08"}, {"kod": "nemocnicny_kuchynsky_odpad", "nazov": "Kuchynský odpad zo zdravotníckych a sociálnych zariadení", "kat": "20 01 08"}]}}, {"type": "Feature", "geometry": {"type": "Point", "coordinates": [17.308037, 48.336443]}, "properties": {"ico": "00654795", "nazov": "Centrum sociálnych služieb MEREMA", "obec": "Modra", "okres": "Pezinok", "kraj": "Bratislavský", "typ": "socialne_zariadenie", "typ_nazov": "Zariadenie sociálnych služieb", "sektor": "Gastro a stravovacie zariadenia", "presnost": "obec", "t_rok": 0, "odpady": [{"kod": "bro_zahrady", "nazov": "Biologicky rozložiteľný odpad zo záhrad", "kat": "20 02 01"}, {"kod": "zvysky_z_taniera", "nazov": "Zvyšky z taniera", "kat": "20 01 08"}, {"kod": "nemocnicny_kuchynsky_odpad", "nazov": "Kuchynský odpad zo zdravotníckych a sociálnych zariadení", "kat": "20 01 08"}]}}, {"type": "Feature", "geometry": {"type": "Point", "coordinates": [18.416667, 48.116667]}, "properties": {"ico": "00655295", "nazov": "„BARACHA\", Zariadenie sociálnych služieb Bardoňovo", "obec": "Bardoňovo", "okres": "Nové Zámky", "kraj": "Nitriansky", "typ": "socialne_zariadenie", "typ_nazov": "Zariadenie sociálnych služieb", "sektor": "Gastro a stravovacie zariadenia", "presnost": "obec", "t_rok": 0, "odpady": [{"kod": "bro_zahrady", "nazov": "Biologicky rozložiteľný odpad zo záhrad", "kat": "20 02 01"}, {"kod": "zvysky_z_taniera", "nazov": "Zvyšky z taniera", "kat": "20 01 08"}, {"kod": "nemocnicny_kuchynsky_odpad", "nazov": "Kuchynský odpad zo zdravotníckych a sociálnych zariadení", "kat": "20 01 08"}]}}, {"type": "Feature", "geometry": {"type": "Point", "coordinates": [18.767487, 47.863625]}, "properties": {"ico": "00655317", "nazov": "„IPEĽ\", Zariadenie sociálnych služieb Leľa", "obec": "Leľa", "okres": "Nové Zámky", "kraj": "Nitriansky", "typ": "socialne_zariadenie", "typ_nazov": "Zariadenie sociálnych služieb", "sektor": "Gastro a stravovacie zariadenia", "presnost": "obec", "t_rok": 0, "odpady": [{"kod": "bro_zahrady", "nazov": "Biologicky rozložiteľný odpad zo záhrad", "kat": "20 02 01"}, {"kod": "zvysky_z_taniera", "nazov": "Zvyšky z taniera", "kat": "20 01 08"}, {"kod": "nemocnicny_kuchynsky_odpad", "nazov": "Kuchynský odpad zo zdravotníckych a sociálnych zariadení", "kat": "20 01 08"}]}}, {"type": "Feature", "geometry": {"type": "Point", "coordinates": [18.166661, 47.98334]}, "properties": {"ico": "00655341", "nazov": "„VEK NÁDEJE\", Zariadenie sociálnych služieb Nové Zámky", "obec": "Nové Zámky", "okres": "Nové Zámky", "kraj": "Nitriansky", "typ": "socialne_zariadenie", "typ_nazov": "Zariadenie sociálnych služieb", "sektor": "Gastro a stravovacie zariadenia", "presnost": "obec", "t_rok": 0, "odpady": [{"kod": "bro_zahrady", "nazov": "Biologicky rozložiteľný odpad zo záhrad", "kat": "20 02 01"}, {"kod": "zvysky_z_taniera", "nazov": "Zvyšky z taniera", "kat": "20 01 08"}, {"kod": "nemocnicny_kuchynsky_odpad", "nazov": "Kuchynský odpad zo zdravotníckych a sociálnych zariadení", "kat": "20 01 08"}]}}, {"type": "Feature", "geometry": {"type": "Point", "coordinates": [17.246132, 48.810594]}, "properties": {"ico": "00655589", "nazov": "Zariadenie pre seniorov Mokrý Háj", "obec": "Mokrý Háj", "okres": "Skalica", "kraj": "Trnavský", "typ": "socialne_zariadenie", "typ_nazov": "Zariadenie sociálnych služieb", "sektor": "Gastro a stravovacie zariadenia", "presnost": "obec", "t_rok": 0, "odpady": [{"kod": "bro_zahrady", "nazov": "Biologicky rozložiteľný odpad zo záhrad", "kat": "20 02 01"}, {"kod": "zvysky_z_taniera", "nazov": "Zvyšky z taniera", "kat": "20 01 08"}, {"kod": "nemocnicny_kuchynsky_odpad", "nazov": "Kuchynský odpad zo zdravotníckych a sociálnych zariadení", "kat": "20 01 08"}]}}, {"type": "Feature", "geometry": {"type": "Point", "coordinates": [17.578125, 47.895106]}, "properties": {"ico": "00655716", "nazov": "Zariadenie pre seniorov Gabčíkovo", "obec": "Gabčíkovo", "okres": "Dunajská Streda", "kraj": "Trnavský", "typ": "socialne_zariadenie", "typ_nazov": "Zariadenie sociálnych služieb", "sektor": "Gastro a stravovacie zariadenia", "presnost": "obec", "t_rok": 0, "odpady": [{"kod": "bro_zahrady", "nazov": "Biologicky rozložiteľný odpad zo záhrad", "kat": "20 02 01"}, {"kod": "zvysky_z_taniera", "nazov": "Zvyšky z taniera", "kat": "20 01 08"}, {"kod": "nemocnicny_kuchynsky_odpad", "nazov": "Kuchynský odpad zo zdravotníckych a sociálnych zariadení", "kat": "20 01 08"}]}}, {"type": "Feature", "geometry": {"type": "Point", "coordinates": [18.670036, 48.221253]}, "properties": {"ico": "00656046", "nazov": "„DOMUM\", Zariadenie sociálnych služieb Krškany", "obec": "Krškany", "okres": "Levice", "kraj": "Nitriansky", "typ": "socialne_zariadenie", "typ_nazov": "Zariadenie sociálnych služieb", "sektor": "Gastro a stravovacie zariadenia", "presnost": "obec", "t_rok": 0, "odpady": [{"kod": "bro_zahrady", "nazov": "Biologicky rozložiteľný odpad zo záhrad", "kat": "20 02 01"}, {"kod": "zvysky_z_taniera", "nazov": "Zvyšky z taniera", "kat": "20 01 08"}, {"kod": "nemocnicny_kuchynsky_odpad", "nazov": "Kuchynský odpad zo zdravotníckych a sociálnych zariadení", "kat": "20 01 08"}]}}, {"type": "Feature", "geometry": {"type": "Point", "coordinates": [17.109671, 48.153538]}, "properties": {"ico": "00681300", "nazov": "Odvoz a likvidácia odpadu a.s. (OLO a.s.)", "obec": "Bratislava", "okres": "Bratislava I", "kraj": "Bratislavský", "typ": "odpadove_hospodarstvo", "typ_nazov": "Odpadové hospodárstvo", "sektor": "Komunálny a gastro bioodpad", "presnost": "obec", "t_rok": 0, "odpady": [{"kod": "bro_zahrady", "nazov": "Biologicky rozložiteľný odpad zo záhrad", "kat": "20 02 01"}, {"kod": "kuchynsky_odpad", "nazov": "Biologicky rozložiteľný kuchynský a reštauračný odpad", "kat": "20 01 08"}, {"kod": "jedle_oleje_pouzite", "nazov": "Použité jedlé oleje a tuky", "kat": "20 01 25"}, {"kod": "potraviny_po_dobe", "nazov": "Nepredané potraviny po dátume spotreby", "kat": "20 01 08"}, {"kod": "tuky_odlucovace", "nazov": "Tuky z odlučovačov", "kat": "19 08 09"}]}}, {"type": "Feature", "geometry": {"type": "Point", "coordinates": [21.27554, 49.292999]}, "properties": {"ico": "00686981", "nazov": "Súkromná stredná odborná škola služieb, Hviezdoslavova 11, Bardejov", "obec": "Bardejov", "okres": "Bardejov", "kraj": "Prešovský", "typ": "skola_stredna", "typ_nazov": "Stredná škola", "sektor": "Gastro a stravovacie zariadenia", "presnost": "obec", "t_rok": 1.56, "odpady": [{"kod": "bro_zahrady", "nazov": "Biologicky rozložiteľný odpad zo záhrad", "kat": "20 02 01"}, {"kod": "skolsky_kuchynsky_odpad", "nazov": "Kuchynský odpad zo školských jedální", "kat": "20 01 08"}, {"kod": "zvysky_z_taniera", "nazov": "Zvyšky z taniera", "kat": "20 01 08"}, {"kod": "gastro_fritovaci_olej", "nazov": "Použitý fritovací olej z gastroprevádzok", "kat": "20 01 25"}]}}, {"type": "Feature", "geometry": {"type": "Point", "coordinates": [21.227312, 48.714333]}, "properties": {"ico": "00691135", "nazov": "Mesto Košice", "obec": "Košice - mestská časť Západ", "okres": "Košice II", "kraj": "Košický", "typ": "mesto", "typ_nazov": "Mesto - správa zelene", "sektor": "Komunálny a gastro bioodpad", "presnost": "mestska_cast", "t_rok": 0, "odpady": [{"kod": "travna_hmota_kosba", "nazov": "Trávna hmota z kosby verejnej zelene", "kat": "20 02 01"}, {"kod": "konare_stiepka", "nazov": "Konáre a drevná štiepka z údržby zelene", "kat": "20 02 01"}, {"kod": "listie", "nazov": "Lístie z verejnej zelene", "kat": "20 02 01"}, {"kod": "bro_zahrady", "nazov": "Biologicky rozložiteľný odpad zo záhrad", "kat": "20 02 01"}, {"kod": "kuchynsky_odpad", "nazov": "Biologicky rozložiteľný kuchynský a reštauračný odpad", "kat": "20 01 08"}, {"kod": "odpad_trhoviska", "nazov": "Odpad z trhovísk", "kat": "20 03 02"}]}}, {"type": "Feature", "geometry": {"type": "Point", "coordinates": [20.430447, 49.136318]}, "properties": {"ico": "00691852", "nazov": "Zariadenie pre seniorov a Zariadenie opatrovateľskej služby Kežmarok", "obec": "Kežmarok", "okres": "Kežmarok", "kraj": "Prešovský", "typ": "socialne_zariadenie", "typ_nazov": "Zariadenie sociálnych služieb", "sektor": "Gastro a stravovacie zariadenia", "presnost": "obec", "t_rok": 0, "odpady": [{"kod": "bro_zahrady", "nazov": "Biologicky rozložiteľný odpad zo záhrad", "kat": "20 02 01"}, {"kod": "zvysky_z_taniera", "nazov": "Zvyšky z taniera", "kat": "20 01 08"}, {"kod": "nemocnicny_kuchynsky_odpad", "nazov": "Kuchynský odpad zo zdravotníckych a sociálnych zariadení", "kat": "20 01 08"}]}}, {"type": "Feature", "geometry": {"type": "Point", "coordinates": [21.252273, 49.000411]}, "properties": {"ico": "00691976", "nazov": "Zariadenie pre seniorov Harmónia, Prešov - Cemjata", "obec": "Prešov", "okres": "Prešov", "kraj": "Prešovský", "typ": "socialne_zariadenie", "typ_nazov": "Zariadenie sociálnych služieb", "sektor": "Gastro a stravovacie zariadenia", "presnost": "obec", "t_rok": 0, "odpady": [{"kod": "bro_zahrady", "nazov": "Biologicky rozložiteľný odpad zo záhrad", "kat": "20 02 01"}, {"kod": "zvysky_z_taniera", "nazov": "Zvyšky z taniera", "kat": "20 01 08"}, {"kod": "nemocnicny_kuchynsky_odpad", "nazov": "Kuchynský odpad zo zdravotníckych a sociálnych zariadení", "kat": "20 01 08"}]}}, {"type": "Feature", "geometry": {"type": "Point", "coordinates": [21.252273, 49.000411]}, "properties": {"ico": "00692000", "nazov": "Zariadenie pre seniorov Náruč", "obec": "Prešov", "okres": "Prešov", "kraj": "Prešovský", "typ": "socialne_zariadenie", "typ_nazov": "Zariadenie sociálnych služieb", "sektor": "Gastro a stravovacie zariadenia", "presnost": "obec", "t_rok": 0, "odpady": [{"kod": "bro_zahrady", "nazov": "Biologicky rozložiteľný odpad zo záhrad", "kat": "20 02 01"}, {"kod": "zvysky_z_taniera", "nazov": "Zvyšky z taniera", "kat": "20 01 08"}, {"kod": "nemocnicny_kuchynsky_odpad", "nazov": "Kuchynský odpad zo zdravotníckych a sociálnych zariadení", "kat": "20 01 08"}]}}, {"type": "Feature", "geometry": {"type": "Point", "coordinates": [19.480783, 49.409512]}, "properties": {"ico": "00693804", "nazov": "COOP Jednota Námestovo, spotrebné družstvo", "obec": "Námestovo", "okres": "Námestovo", "kraj": "Žilinský", "typ": "retail_druzstvo", "typ_nazov": "Spotrebné družstvo (predajne)", "sektor": "Retail a distribúcia potravín", "presnost": "obec", "t_rok": 0, "odpady": [{"kod": "retail_ovocie_zelenina", "nazov": "Neupredané ovocie a zelenina z predajní", "kat": "20 01 08"}, {"kod": "retail_pecivo", "nazov": "Neupredané pečivo a pekárske výrobky", "kat": "02 06 01"}, {"kod": "retail_mliecne", "nazov": "Mliečne výrobky po dátume minimálnej trvanlivosti", "kat": "20 01 08"}, {"kod": "retail_maso_zvysky", "nazov": "Mäsové a údenárske výrobky po dátume spotreby", "kat": "02 02 03"}, {"kod": "retail_zmesovy", "nazov": "Zmesový potravinový odpad z predajne", "kat": "20 01 08"}]}}, {"type": "Feature", "geometry": {"type": "Point", "coordinates": [20.531184, 48.654392]}, "properties": {"ico": "00695327", "nazov": "SUBSIDIUM - Špecializované zariadenie a zariadenie pre seniorov", "obec": "Rožňava", "okres": "Rožňava", "kraj": "Košický", "typ": "socialne_zariadenie", "typ_nazov": "Zariadenie sociálnych služieb", "sektor": "Gastro a stravovacie zariadenia", "presnost": "obec", "t_rok": 0, "odpady": [{"kod": "bro_zahrady", "nazov": "Biologicky rozložiteľný odpad zo záhrad", "kat": "20 02 01"}, {"kod": "zvysky_z_taniera", "nazov": "Zvyšky z taniera", "kat": "20 01 08"}, {"kod": "nemocnicny_kuchynsky_odpad", "nazov": "Kuchynský odpad zo zdravotníckych a sociálnych zariadení", "kat": "20 01 08"}]}}, {"type": "Feature", "geometry": {"type": "Point", "coordinates": [18.6, 48.216667]}, "properties": {"ico": "00893315", "nazov": "Stredná odborná škola techniky a služieb, Pod amfiteátrom 7, Levice", "obec": "Levice", "okres": "Levice", "kraj": "Nitriansky", "typ": "skola_stredna", "typ_nazov": "Stredná škola", "sektor": "Gastro a stravovacie zariadenia", "presnost": "obec", "t_rok": 1.56, "odpady": [{"kod": "bro_zahrady", "nazov": "Biologicky rozložiteľný odpad zo záhrad", "kat": "20 02 01"}, {"kod": "skolsky_kuchynsky_odpad", "nazov": "Kuchynský odpad zo školských jedální", "kat": "20 01 08"}, {"kod": "zvysky_z_taniera", "nazov": "Zvyšky z taniera", "kat": "20 01 08"}, {"kod": "gastro_fritovaci_olej", "nazov": "Použitý fritovací olej z gastroprevádzok", "kat": "20 01 25"}]}}, {"type": "Feature", "geometry": {"type": "Point", "coordinates": [21.259905, 48.706875]}, "properties": {"ico": "00893331", "nazov": "Stredná odborná škola informačných technológií, Ostrovského 1, Košice", "obec": "Košice - mestská časť Juh", "okres": "Košice IV", "kraj": "Košický", "typ": "skola_stredna", "typ_nazov": "Stredná škola", "sektor": "Gastro a stravovacie zariadenia", "presnost": "mestska_cast", "t_rok": 1.56, "odpady": [{"kod": "bro_zahrady", "nazov": "Biologicky rozložiteľný odpad zo záhrad", "kat": "20 02 01"}, {"kod": "skolsky_kuchynsky_odpad", "nazov": "Kuchynský odpad zo školských jedální", "kat": "20 01 08"}, {"kod": "zvysky_z_taniera", "nazov": "Zvyšky z taniera", "kat": "20 01 08"}, {"kod": "gastro_fritovaci_olej", "nazov": "Použitý fritovací olej z gastroprevádzok", "kat": "20 01 25"}]}}, {"type": "Feature", "geometry": {"type": "Point", "coordinates": [21.573643, 49.308408]}, "properties": {"ico": "00893692", "nazov": "Stredná odborná škola polytechnická a služieb arm. gen. L. Svobodu", "obec": "Svidník", "okres": "Svidník", "kraj": "Prešovský", "typ": "skola_stredna", "typ_nazov": "Stredná škola", "sektor": "Gastro a stravovacie zariadenia", "presnost": "obec", "t_rok": 1.56, "odpady": [{"kod": "bro_zahrady", "nazov": "Biologicky rozložiteľný odpad zo záhrad", "kat": "20 02 01"}, {"kod": "skolsky_kuchynsky_odpad", "nazov": "Kuchynský odpad zo školských jedální", "kat": "20 01 08"}, {"kod": "zvysky_z_taniera", "nazov": "Zvyšky z taniera", "kat": "20 01 08"}, {"kod": "gastro_fritovaci_olej", "nazov": "Použitý fritovací olej z gastroprevádzok", "kat": "20 01 25"}]}}, {"type": "Feature", "geometry": {"type": "Point", "coordinates": [17.678594, 48.140162]}, "properties": {"ico": "11882115", "nazov": "Súkromná stredná odborná škola obchodu a služieb s VJM", "obec": "Mostová", "okres": "Galanta", "kraj": "Trnavský", "typ": "skola_stredna", "typ_nazov": "Stredná škola", "sektor": "Gastro a stravovacie zariadenia", "presnost": "obec", "t_rok": 1.56, "odpady": [{"kod": "bro_zahrady", "nazov": "Biologicky rozložiteľný odpad zo záhrad", "kat": "20 02 01"}, {"kod": "skolsky_kuchynsky_odpad", "nazov": "Kuchynský odpad zo školských jedální", "kat": "20 01 08"}, {"kod": "zvysky_z_taniera", "nazov": "Zvyšky z taniera", "kat": "20 01 08"}, {"kod": "gastro_fritovaci_olej", "nazov": "Použitý fritovací olej z gastroprevádzok", "kat": "20 01 25"}]}}, {"type": "Feature", "geometry": {"type": "Point", "coordinates": [18.622017, 48.819215]}, "properties": {"ico": "14321114", "nazov": "Anton Kollár - MASIARSTVO TONY", "obec": "Lažany", "okres": "Prievidza", "kraj": "Trenčiansky", "typ": "masovyroba", "typ_nazov": "Mäsospracovanie", "sektor": "Potravinárstvo a nápoje", "presnost": "obec", "t_rok": 0, "odpady": [{"kod": "kostny_zvysok", "nazov": "Kosti a kostné zvyšky", "kat": "02 02 02"}, {"kod": "kozne_odrezky", "nazov": "Kožné odrezky a podkožný tuk", "kat": "02 02 02"}, {"kod": "masovy_flotacny_kal", "nazov": "Flotačný kal z mäsospracovania", "kat": "02 02 04"}, {"kod": "zvp_kat3", "nazov": "Živočíšne vedľajšie produkty kategórie 3", "kat": "02 02 02"}, {"kod": "technicky_zivocisny_tuk", "nazov": "Technický živočíšny tuk", "kat": "02 02 03"}, {"kod": "masokostna_mucka", "nazov": "Mäsokostná múčka", "kat": "02 02 02"}]}}, {"type": "Feature", "geometry": {"type": "Point", "coordinates": [21.171446, 48.631448]}, "properties": {"ico": "14390710", "nazov": "Vojtech Bárány Mäso - údeniny", "obec": "Košice - mestská časť Šaca", "okres": "Košice II", "kraj": "Košický", "typ": "masovyroba", "typ_nazov": "Mäsospracovanie", "sektor": "Potravinárstvo a nápoje", "presnost": "mestska_cast", "t_rok": 0, "odpady": [{"kod": "kostny_zvysok", "nazov": "Kosti a kostné zvyšky", "kat": "02 02 02"}, {"kod": "kozne_odrezky", "nazov": "Kožné odrezky a podkožný tuk", "kat": "02 02 02"}, {"kod": "masovy_flotacny_kal", "nazov": "Flotačný kal z mäsospracovania", "kat": "02 02 04"}, {"kod": "zvp_kat3", "nazov": "Živočíšne vedľajšie produkty kategórie 3", "kat": "02 02 02"}, {"kod": "technicky_zivocisny_tuk", "nazov": "Technický živočíšny tuk", "kat": "02 02 03"}, {"kod": "masokostna_mucka", "nazov": "Mäsokostná múčka", "kat": "02 02 02"}]}}, {"type": "Feature", "geometry": {"type": "Point", "coordinates": [18.27348, 48.609821]}, "properties": {"ico": "14414805", "nazov": "Jaroslav Darmo Mäso - údeniny", "obec": "Chynorany", "okres": "Partizánske", "kraj": "Trenčiansky", "typ": "masovyroba", "typ_nazov": "Mäsospracovanie", "sektor": "Potravinárstvo a nápoje", "presnost": "obec", "t_rok": 0, "odpady": [{"kod": "kostny_zvysok", "nazov": "Kosti a kostné zvyšky", "kat": "02 02 02"}, {"kod": "kozne_odrezky", "nazov": "Kožné odrezky a podkožný tuk", "kat": "02 02 02"}, {"kod": "masovy_flotacny_kal", "nazov": "Flotačný kal z mäsospracovania", "kat": "02 02 04"}, {"kod": "zvp_kat3", "nazov": "Živočíšne vedľajšie produkty kategórie 3", "kat": "02 02 02"}, {"kod": "technicky_zivocisny_tuk", "nazov": "Technický živočíšny tuk", "kat": "02 02 03"}, {"kod": "masokostna_mucka", "nazov": "Mäsokostná múčka", "kat": "02 02 02"}]}}, {"type": "Feature", "geometry": {"type": "Point", "coordinates": [18.713842, 48.172145]}, "properties": {"ico": "17050111", "nazov": "Gymnázium Juraja Szondyho s VJM", "obec": "Šahy", "okres": "Levice", "kraj": "Nitriansky", "typ": "skola_stredna", "typ_nazov": "Stredná škola", "sektor": "Gastro a stravovacie zariadenia", "presnost": "okres", "t_rok": 1.56, "odpady": [{"kod": "bro_zahrady", "nazov": "Biologicky rozložiteľný odpad zo záhrad", "kat": "20 02 01"}, {"kod": "skolsky_kuchynsky_odpad", "nazov": "Kuchynský odpad zo školských jedální", "kat": "20 01 08"}, {"kod": "zvysky_z_taniera", "nazov": "Zvyšky z taniera", "kat": "20 01 08"}, {"kod": "gastro_fritovaci_olej", "nazov": "Použitý fritovací olej z gastroprevádzok", "kat": "20 01 25"}]}}, {"type": "Feature", "geometry": {"type": "Point", "coordinates": [17.308037, 48.336443]}, "properties": {"ico": "17050197", "nazov": "Gymnázium Karola Štúra", "obec": "Modra", "okres": "Pezinok", "kraj": "Bratislavský", "typ": "skola_stredna", "typ_nazov": "Stredná škola", "sektor": "Gastro a stravovacie zariadenia", "presnost": "obec", "t_rok": 1.56, "odpady": [{"kod": "bro_zahrady", "nazov": "Biologicky rozložiteľný odpad zo záhrad", "kat": "20 02 01"}, {"kod": "skolsky_kuchynsky_odpad", "nazov": "Kuchynský odpad zo školských jedální", "kat": "20 01 08"}, {"kod": "zvysky_z_taniera", "nazov": "Zvyšky z taniera", "kat": "20 01 08"}, {"kod": "gastro_fritovaci_olej", "nazov": "Použitý fritovací olej z gastroprevádzok", "kat": "20 01 25"}]}}, {"type": "Feature", "geometry": {"type": "Point", "coordinates": [18.259826, 48.721667]}, "properties": {"ico": "17050227", "nazov": "Gymnázium Janka Jesenského", "obec": "Bánovce nad Bebravou", "okres": "Bánovce nad Bebravou", "kraj": "Trenčiansky", "typ": "skola_stredna", "typ_nazov": "Stredná škola", "sektor": "Gastro a stravovacie zariadenia", "presnost": "obec", "t_rok": 1.56, "odpady": [{"kod": "bro_zahrady", "nazov": "Biologicky rozložiteľný odpad zo záhrad", "kat": "20 02 01"}, {"kod": "skolsky_kuchynsky_odpad", "nazov": "Kuchynský odpad zo školských jedální", "kat": "20 01 08"}, {"kod": "zvysky_z_taniera", "nazov": "Zvyšky z taniera", "kat": "20 01 08"}, {"kod": "gastro_fritovaci_olej", "nazov": "Použitý fritovací olej z gastroprevádzok", "kat": "20 01 25"}]}}, {"type": "Feature", "geometry": {"type": "Point", "coordinates": [19.480783, 49.409512]}, "properties": {"ico": "17053846", "nazov": "Stredná odborná škola podnikania a služieb, Hattalova 968/33, Námestovo", "obec": "Námestovo", "okres": "Námestovo", "kraj": "Žilinský", "typ": "skola_stredna", "typ_nazov": "Stredná škola", "sektor": "Gastro a stravovacie zariadenia", "presnost": "obec", "t_rok": 1.56, "odpady": [{"kod": "bro_zahrady", "nazov": "Biologicky rozložiteľný odpad zo záhrad", "kat": "20 02 01"}, {"kod": "skolsky_kuchynsky_odpad", "nazov": "Kuchynský odpad zo školských jedální", "kat": "20 01 08"}, {"kod": "zvysky_z_taniera", "nazov": "Zvyšky z taniera", "kat": "20 01 08"}, {"kod": "gastro_fritovaci_olej", "nazov": "Použitý fritovací olej z gastroprevádzok", "kat": "20 01 25"}]}}, {"type": "Feature", "geometry": {"type": "Point", "coordinates": [17.164279, 48.149645]}, "properties": {"ico": "17053871", "nazov": "Stredná odborná škola kaderníctva a vizážistiky", "obec": "Bratislava - mestská časť Ružinov", "okres": "Bratislava II", "kraj": "Bratislavský", "typ": "skola_stredna", "typ_nazov": "Stredná škola", "sektor": "Gastro a stravovacie zariadenia", "presnost": "mestska_cast", "t_rok": 1.56, "odpady": [{"kod": "bro_zahrady", "nazov": "Biologicky rozložiteľný odpad zo záhrad", "kat": "20 02 01"}, {"kod": "skolsky_kuchynsky_odpad", "nazov": "Kuchynský odpad zo školských jedální", "kat": "20 01 08"}, {"kod": "zvysky_z_taniera", "nazov": "Zvyšky z taniera", "kat": "20 01 08"}, {"kod": "gastro_fritovaci_olej", "nazov": "Použitý fritovací olej z gastroprevádzok", "kat": "20 01 25"}]}}, {"type": "Feature", "geometry": {"type": "Point", "coordinates": [18.145837, 48.940148]}, "properties": {"ico": "17059186", "nazov": "Zariadenie pre seniorov Nová Dubnica", "obec": "Nová Dubnica", "okres": "Ilava", "kraj": "Trenčiansky", "typ": "socialne_zariadenie", "typ_nazov": "Zariadenie sociálnych služieb", "sektor": "Gastro a stravovacie zariadenia", "presnost": "obec", "t_rok": 0, "odpady": [{"kod": "bro_zahrady", "nazov": "Biologicky rozložiteľný odpad zo záhrad", "kat": "20 02 01"}, {"kod": "zvysky_z_taniera", "nazov": "Zvyšky z taniera", "kat": "20 01 08"}, {"kod": "nemocnicny_kuchynsky_odpad", "nazov": "Kuchynský odpad zo zdravotníckych a sociálnych zariadení", "kat": "20 01 08"}]}}, {"type": "Feature", "geometry": {"type": "Point", "coordinates": [19.29539, 49.218073]}, "properties": {"ico": "17060664", "nazov": "Centrum sociálnych služieb Brezovec", "obec": "Dolný Kubín", "okres": "Dolný Kubín", "kraj": "Žilinský", "typ": "socialne_zariadenie", "typ_nazov": "Zariadenie sociálnych služieb", "sektor": "Gastro a stravovacie zariadenia", "presnost": "obec", "t_rok": 0, "odpady": [{"kod": "bro_zahrady", "nazov": "Biologicky rozložiteľný odpad zo záhrad", "kat": "20 02 01"}, {"kod": "zvysky_z_taniera", "nazov": "Zvyšky z taniera", "kat": "20 01 08"}, {"kod": "nemocnicny_kuchynsky_odpad", "nazov": "Kuchynský odpad zo zdravotníckych a sociálnych zariadení", "kat": "20 01 08"}]}}, {"type": "Feature", "geometry": {"type": "Point", "coordinates": [18.324242, 49.123992]}, "properties": {"ico": "17066913", "nazov": "Centrum sociálnych služieb - Chmelinec", "obec": "Púchov", "okres": "Púchov", "kraj": "Trenčiansky", "typ": "socialne_zariadenie", "typ_nazov": "Zariadenie sociálnych služieb", "sektor": "Gastro a stravovacie zariadenia", "presnost": "obec", "t_rok": 0, "odpady": [{"kod": "bro_zahrady", "nazov": "Biologicky rozložiteľný odpad zo záhrad", "kat": "20 02 01"}, {"kod": "zvysky_z_taniera", "nazov": "Zvyšky z taniera", "kat": "20 01 08"}, {"kod": "nemocnicny_kuchynsky_odpad", "nazov": "Kuchynský odpad zo zdravotníckych a sociálnych zariadení", "kat": "20 01 08"}]}}, {"type": "Feature", "geometry": {"type": "Point", "coordinates": [21.27554, 49.292999]}, "properties": {"ico": "17070503", "nazov": "Základná škola s materskou školou pri zdravotníckom zariadení, Bardejovské kúpele 13", "obec": "Bardejov", "okres": "Bardejov", "kraj": "Prešovský", "typ": "skola_zakladna", "typ_nazov": "Základná škola", "sektor": "Gastro a stravovacie zariadenia", "presnost": "obec", "t_rok": 1.77, "odpady": [{"kod": "bro_zahrady", "nazov": "Biologicky rozložiteľný odpad zo záhrad", "kat": "20 02 01"}, {"kod": "skolsky_kuchynsky_odpad", "nazov": "Kuchynský odpad zo školských jedální", "kat": "20 01 08"}, {"kod": "zvysky_z_taniera", "nazov": "Zvyšky z taniera", "kat": "20 01 08"}, {"kod": "gastro_kavova_sedlina", "nazov": "Kávová sedlina z gastroprevádzok", "kat": "20 01 08"}]}}, {"type": "Feature", "geometry": {"type": "Point", "coordinates": [21.259905, 48.706875]}, "properties": {"ico": "17078202", "nazov": "Správa mestskej zelene v Košiciach", "obec": "Košice - mestská časť Juh", "okres": "Košice IV", "kraj": "Košický", "typ": "mesto", "typ_nazov": "Mesto - správa zelene", "sektor": "Komunálny a gastro bioodpad", "presnost": "mestska_cast", "t_rok": 0, "odpady": [{"kod": "travna_hmota_kosba", "nazov": "Trávna hmota z kosby verejnej zelene", "kat": "20 02 01"}, {"kod": "konare_stiepka", "nazov": "Konáre a drevná štiepka z údržby zelene", "kat": "20 02 01"}, {"kod": "listie", "nazov": "Lístie z verejnej zelene", "kat": "20 02 01"}, {"kod": "bro_zahrady", "nazov": "Biologicky rozložiteľný odpad zo záhrad", "kat": "20 02 01"}, {"kod": "kuchynsky_odpad", "nazov": "Biologicky rozložiteľný kuchynský a reštauračný odpad", "kat": "20 01 08"}, {"kod": "odpad_trhoviska", "nazov": "Odpad z trhovísk", "kat": "20 03 02"}]}}, {"type": "Feature", "geometry": {"type": "Point", "coordinates": [21.252273, 49.000411]}, "properties": {"ico": "17078482", "nazov": "Stredná odborná škola gastronómie a služieb, Prešov", "obec": "Prešov", "okres": "Prešov", "kraj": "Prešovský", "typ": "skola_stredna", "typ_nazov": "Stredná škola", "sektor": "Gastro a stravovacie zariadenia", "presnost": "obec", "t_rok": 1.56, "odpady": [{"kod": "bro_zahrady", "nazov": "Biologicky rozložiteľný odpad zo záhrad", "kat": "20 02 01"}, {"kod": "skolsky_kuchynsky_odpad", "nazov": "Kuchynský odpad zo školských jedální", "kat": "20 01 08"}, {"kod": "zvysky_z_taniera", "nazov": "Zvyšky z taniera", "kat": "20 01 08"}, {"kod": "gastro_fritovaci_olej", "nazov": "Použitý fritovací olej z gastroprevádzok", "kat": "20 01 25"}]}}, {"type": "Feature", "geometry": {"type": "Point", "coordinates": [20.24008, 48.627976]}, "properties": {"ico": "17132151", "nazov": "Milan Černaj Mäso-údeniny", "obec": "Jelšava", "okres": "Revúca", "kraj": "Banskobystrický", "typ": "masovyroba", "typ_nazov": "Mäsospracovanie", "sektor": "Potravinárstvo a nápoje", "presnost": "obec", "t_rok": 0, "odpady": [{"kod": "kostny_zvysok", "nazov": "Kosti a kostné zvyšky", "kat": "02 02 02"}, {"kod": "kozne_odrezky", "nazov": "Kožné odrezky a podkožný tuk", "kat": "02 02 02"}, {"kod": "masovy_flotacny_kal", "nazov": "Flotačný kal z mäsospracovania", "kat": "02 02 04"}, {"kod": "zvp_kat3", "nazov": "Živočíšne vedľajšie produkty kategórie 3", "kat": "02 02 02"}, {"kod": "technicky_zivocisny_tuk", "nazov": "Technický živočíšny tuk", "kat": "02 02 03"}, {"kod": "masokostna_mucka", "nazov": "Mäsokostná múčka", "kat": "02 02 02"}]}}, {"type": "Feature", "geometry": {"type": "Point", "coordinates": [21.27554, 49.292999]}, "properties": {"ico": "17149355", "nazov": "Centrum sociálnych služieb Bardejov", "obec": "Bardejov", "okres": "Bardejov", "kraj": "Prešovský", "typ": "socialne_zariadenie", "typ_nazov": "Zariadenie sociálnych služieb", "sektor": "Gastro a stravovacie zariadenia", "presnost": "obec", "t_rok": 0, "odpady": [{"kod": "bro_zahrady", "nazov": "Biologicky rozložiteľný odpad zo záhrad", "kat": "20 02 01"}, {"kod": "zvysky_z_taniera", "nazov": "Zvyšky z taniera", "kat": "20 01 08"}, {"kod": "nemocnicny_kuchynsky_odpad", "nazov": "Kuchynský odpad zo zdravotníckych a sociálnych zariadení", "kat": "20 01 08"}]}}, {"type": "Feature", "geometry": {"type": "Point", "coordinates": [21.933333, 48.75]}, "properties": {"ico": "17151341", "nazov": "Gymnázium Michalovce", "obec": "Michalovce", "okres": "Michalovce", "kraj": "Košický", "typ": "skola_stredna", "typ_nazov": "Stredná škola", "sektor": "Gastro a stravovacie zariadenia", "presnost": "obec", "t_rok": 1.56, "odpady": [{"kod": "bro_zahrady", "nazov": "Biologicky rozložiteľný odpad zo záhrad", "kat": "20 02 01"}, {"kod": "skolsky_kuchynsky_odpad", "nazov": "Kuchynský odpad zo školských jedální", "kat": "20 01 08"}, {"kod": "zvysky_z_taniera", "nazov": "Zvyšky z taniera", "kat": "20 01 08"}, {"kod": "gastro_fritovaci_olej", "nazov": "Použitý fritovací olej z gastroprevádzok", "kat": "20 01 25"}]}}, {"type": "Feature", "geometry": {"type": "Point", "coordinates": [21.90314, 48.934603]}, "properties": {"ico": "17219914", "nazov": "Nadežda Planková závodná jedáleň", "obec": "Humenné", "okres": "Humenné", "kraj": "Prešovský", "typ": "jedalen_zavodna", "typ_nazov": "Závodná a verejná jedáleň", "sektor": "Gastro a stravovacie zariadenia", "presnost": "obec", "t_rok": 0, "odpady": [{"kod": "tuky_odlucovace", "nazov": "Tuky z odlučovačov", "kat": "19 08 09"}, {"kod": "zvysky_z_taniera", "nazov": "Zvyšky z taniera", "kat": "20 01 08"}, {"kod": "gastro_kuchynsky_odpad", "nazov": "Kuchynský odpad z reštaurácií a hotelov", "kat": "20 01 08"}, {"kod": "gastro_fritovaci_olej", "nazov": "Použitý fritovací olej z gastroprevádzok", "kat": "20 01 25"}]}}, {"type": "Feature", "geometry": {"type": "Point", "coordinates": [21.29313, 48.641526]}, "properties": {"ico": "17259533", "nazov": "Anton Eliáš Mäso-údeniny", "obec": "Valaliky", "okres": "Košice - okolie", "kraj": "Košický", "typ": "masovyroba", "typ_nazov": "Mäsospracovanie", "sektor": "Potravinárstvo a nápoje", "presnost": "obec", "t_rok": 0, "odpady": [{"kod": "kostny_zvysok", "nazov": "Kosti a kostné zvyšky", "kat": "02 02 02"}, {"kod": "kozne_odrezky", "nazov": "Kožné odrezky a podkožný tuk", "kat": "02 02 02"}, {"kod": "masovy_flotacny_kal", "nazov": "Flotačný kal z mäsospracovania", "kat": "02 02 04"}, {"kod": "zvp_kat3", "nazov": "Živočíšne vedľajšie produkty kategórie 3", "kat": "02 02 02"}, {"kod": "technicky_zivocisny_tuk", "nazov": "Technický živočíšny tuk", "kat": "02 02 03"}, {"kod": "masokostna_mucka", "nazov": "Mäsokostná múčka", "kat": "02 02 02"}]}}, {"type": "Feature", "geometry": {"type": "Point", "coordinates": [21.633333, 48.516667]}, "properties": {"ico": "17266807", "nazov": "Mária Pastorová - BUFET ZÁHRADA", "obec": "Michaľany", "okres": "Trebišov", "kraj": "Košický", "typ": "restauracia", "typ_nazov": "Reštaurácia", "sektor": "Gastro a stravovacie zariadenia", "presnost": "obec", "t_rok": 0, "odpady": [{"kod": "tuky_odlucovace", "nazov": "Tuky z odlučovačov", "kat": "19 08 09"}, {"kod": "zvysky_z_taniera", "nazov": "Zvyšky z taniera", "kat": "20 01 08"}, {"kod": "gastro_kuchynsky_odpad", "nazov": "Kuchynský odpad z reštaurácií a hotelov", "kat": "20 01 08"}, {"kod": "gastro_fritovaci_olej", "nazov": "Použitý fritovací olej z gastroprevádzok", "kat": "20 01 25"}, {"kod": "gastro_kavova_sedlina", "nazov": "Kávová sedlina z gastroprevádzok", "kat": "20 01 08"}]}}, {"type": "Feature", "geometry": {"type": "Point", "coordinates": [18.260143, 48.758555]}, "properties": {"ico": "17639301", "nazov": "Poľnohospodárske družstvo Prusy", "obec": "Prusy", "okres": "Bánovce nad Bebravou", "kraj": "Trenčiansky", "typ": "polnohospodarske_druzstvo", "typ_nazov": "Poľnohospodárske družstvo", "sektor": "Poľnohospodárstvo a chov", "presnost": "obec", "t_rok": 0, "odpady": [{"kod": "slama_obilna", "nazov": "Obilná slama", "kat": "02 01 03"}, {"kod": "kukuricne_korovie", "nazov": "Kukuričné kôrovie a stonky", "kat": "02 01 03"}, {"kod": "repkova_slama", "nazov": "Repková slama", "kat": "02 01 03"}, {"kod": "slnecnicove_stonky", "nazov": "Slnečnicové stonky a úbory", "kat": "02 01 03"}, {"kod": "travna_hmota_ttp", "nazov": "Trávna hmota z lúk a TTP", "kat": "02 01 03"}, {"kod": "odpad_cistenie_zrna", "nazov": "Odpad z čistenia a sušenia obilia", "kat": "02 01 03"}, {"kod": "hnoj_hovadzi", "nazov": "Maštaľný hnoj hovädzí", "kat": "02 01 06"}, {"kod": "hnojovica_osipane", "nazov": "Hnojovica ošípaných", "kat": "02 01 06"}]}}, {"type": "Feature", "geometry": {"type": "Point", "coordinates": [18.666667, 47.95]}, "properties": {"ico": "17639913", "nazov": "Poľnohospodárske družstvo KLAS", "obec": "Čata", "okres": "Levice", "kraj": "Nitriansky", "typ": "polnohospodarske_druzstvo", "typ_nazov": "Poľnohospodárske družstvo", "sektor": "Poľnohospodárstvo a chov", "presnost": "obec", "t_rok": 0, "odpady": [{"kod": "slama_obilna", "nazov": "Obilná slama", "kat": "02 01 03"}, {"kod": "kukuricne_korovie", "nazov": "Kukuričné kôrovie a stonky", "kat": "02 01 03"}, {"kod": "repkova_slama", "nazov": "Repková slama", "kat": "02 01 03"}, {"kod": "slnecnicove_stonky", "nazov": "Slnečnicové stonky a úbory", "kat": "02 01 03"}, {"kod": "travna_hmota_ttp", "nazov": "Trávna hmota z lúk a TTP", "kat": "02 01 03"}, {"kod": "odpad_cistenie_zrna", "nazov": "Odpad z čistenia a sušenia obilia", "kat": "02 01 03"}, {"kod": "hnoj_hovadzi", "nazov": "Maštaľný hnoj hovädzí", "kat": "02 01 06"}, {"kod": "hnojovica_osipane", "nazov": "Hnojovica ošípaných", "kat": "02 01 06"}]}}, {"type": "Feature", "geometry": {"type": "Point", "coordinates": [17.819541, 48.80029]}, "properties": {"ico": "17642566", "nazov": "Poľnohospodárske družstvo Dolné Srnie", "obec": "Dolné Srnie", "okres": "Nové Mesto nad Váhom", "kraj": "Trenčiansky", "typ": "polnohospodarske_druzstvo", "typ_nazov": "Poľnohospodárske družstvo", "sektor": "Poľnohospodárstvo a chov", "presnost": "obec", "t_rok": 0, "odpady": [{"kod": "slama_obilna", "nazov": "Obilná slama", "kat": "02 01 03"}, {"kod": "kukuricne_korovie", "nazov": "Kukuričné kôrovie a stonky", "kat": "02 01 03"}, {"kod": "repkova_slama", "nazov": "Repková slama", "kat": "02 01 03"}, {"kod": "slnecnicove_stonky", "nazov": "Slnečnicové stonky a úbory", "kat": "02 01 03"}, {"kod": "travna_hmota_ttp", "nazov": "Trávna hmota z lúk a TTP", "kat": "02 01 03"}, {"kod": "odpad_cistenie_zrna", "nazov": "Odpad z čistenia a sušenia obilia", "kat": "02 01 03"}, {"kod": "hnoj_hovadzi", "nazov": "Maštaľný hnoj hovädzí", "kat": "02 01 06"}, {"kod": "hnojovica_osipane", "nazov": "Hnojovica ošípaných", "kat": "02 01 06"}]}}, {"type": "Feature", "geometry": {"type": "Point", "coordinates": [17.283333, 48.766667]}, "properties": {"ico": "17642795", "nazov": "COOP Jednota Radošovce, spotrebné družstvo", "obec": "Radošovce", "okres": "Skalica", "kraj": "Trnavský", "typ": "retail_druzstvo", "typ_nazov": "Spotrebné družstvo (predajne)", "sektor": "Retail a distribúcia potravín", "presnost": "obec", "t_rok": 0, "odpady": [{"kod": "retail_ovocie_zelenina", "nazov": "Neupredané ovocie a zelenina z predajní", "kat": "20 01 08"}, {"kod": "retail_pecivo", "nazov": "Neupredané pečivo a pekárske výrobky", "kat": "02 06 01"}, {"kod": "retail_mliecne", "nazov": "Mliečne výrobky po dátume minimálnej trvanlivosti", "kat": "20 01 08"}, {"kod": "retail_maso_zvysky", "nazov": "Mäsové a údenárske výrobky po dátume spotreby", "kat": "02 02 03"}, {"kod": "retail_zmesovy", "nazov": "Zmesový potravinový odpad z predajne", "kat": "20 01 08"}]}}, {"type": "Feature", "geometry": {"type": "Point", "coordinates": [17.830464, 48.058997]}, "properties": {"ico": "17689503", "nazov": "Margita Farkasová - Reštaurácia", "obec": "Kráľov Brod", "okres": "Galanta", "kraj": "Trnavský", "typ": "restauracia", "typ_nazov": "Reštaurácia", "sektor": "Gastro a stravovacie zariadenia", "presnost": "obec", "t_rok": 0, "odpady": [{"kod": "tuky_odlucovace", "nazov": "Tuky z odlučovačov", "kat": "19 08 09"}, {"kod": "zvysky_z_taniera", "nazov": "Zvyšky z taniera", "kat": "20 01 08"}, {"kod": "gastro_kuchynsky_odpad", "nazov": "Kuchynský odpad z reštaurácií a hotelov", "kat": "20 01 08"}, {"kod": "gastro_fritovaci_olej", "nazov": "Použitý fritovací olej z gastroprevádzok", "kat": "20 01 25"}, {"kod": "gastro_kavova_sedlina", "nazov": "Kávová sedlina z gastroprevádzok", "kat": "20 01 08"}]}}, {"type": "Feature", "geometry": {"type": "Point", "coordinates": [18.853646, 48.590505]}, "properties": {"ico": "17795541", "nazov": "Milan Hric - MÄSO - ÚDENINY", "obec": "Žiar nad Hronom", "okres": "Žiar nad Hronom", "kraj": "Banskobystrický", "typ": "masovyroba", "typ_nazov": "Mäsospracovanie", "sektor": "Potravinárstvo a nápoje", "presnost": "obec", "t_rok": 0, "odpady": [{"kod": "kostny_zvysok", "nazov": "Kosti a kostné zvyšky", "kat": "02 02 02"}, {"kod": "kozne_odrezky", "nazov": "Kožné odrezky a podkožný tuk", "kat": "02 02 02"}, {"kod": "masovy_flotacny_kal", "nazov": "Flotačný kal z mäsospracovania", "kat": "02 02 04"}, {"kod": "zvp_kat3", "nazov": "Živočíšne vedľajšie produkty kategórie 3", "kat": "02 02 02"}, {"kod": "technicky_zivocisny_tuk", "nazov": "Technický živočíšny tuk", "kat": "02 02 03"}, {"kod": "masokostna_mucka", "nazov": "Mäsokostná múčka", "kat": "02 02 02"}]}}, {"type": "Feature", "geometry": {"type": "Point", "coordinates": [18.794346, 49.290202]}, "properties": {"ico": "17817994", "nazov": "Miloš Kubala MÄSO-ÚDENINY", "obec": "Radoľa", "okres": "Kysucké Nové Mesto", "kraj": "Žilinský", "typ": "masovyroba", "typ_nazov": "Mäsospracovanie", "sektor": "Potravinárstvo a nápoje", "presnost": "obec", "t_rok": 0, "odpady": [{"kod": "kostny_zvysok", "nazov": "Kosti a kostné zvyšky", "kat": "02 02 02"}, {"kod": "kozne_odrezky", "nazov": "Kožné odrezky a podkožný tuk", "kat": "02 02 02"}, {"kod": "masovy_flotacny_kal", "nazov": "Flotačný kal z mäsospracovania", "kat": "02 02 04"}, {"kod": "zvp_kat3", "nazov": "Živočíšne vedľajšie produkty kategórie 3", "kat": "02 02 02"}, {"kod": "technicky_zivocisny_tuk", "nazov": "Technický živočíšny tuk", "kat": "02 02 03"}, {"kod": "masokostna_mucka", "nazov": "Mäsokostná múčka", "kat": "02 02 02"}]}}, {"type": "Feature", "geometry": {"type": "Point", "coordinates": [18.410113, 48.420271]}, "properties": {"ico": "18047181", "nazov": "Vinárske závody Topoľčianky, s.r.o.", "obec": "Topoľčianky", "okres": "Zlaté Moravce", "kraj": "Nitriansky", "typ": "vinarstvo", "typ_nazov": "Vinárstvo", "sektor": "Potravinárstvo a nápoje", "presnost": "obec", "t_rok": 0, "odpady": [{"kod": "hroznove_vylisky", "nazov": "Hroznové výlisky (matolina)", "kat": "02 07 04"}, {"kod": "vinne_kaly", "nazov": "Vínne kaly", "kat": "02 07 05"}, {"kod": "hroznove_stopky", "nazov": "Hroznové stopky (strapiny)", "kat": "02 07 01"}]}}, {"type": "Feature", "geometry": {"type": "Point", "coordinates": [18.120323, 48.93373]}, "properties": {"ico": "30027551", "nazov": "Štefan Hôrka - Mäso - údeniny", "obec": "Trenčianska Teplá", "okres": "Trenčín", "kraj": "Trenčiansky", "typ": "masovyroba", "typ_nazov": "Mäsospracovanie", "sektor": "Potravinárstvo a nápoje", "presnost": "obec", "t_rok": 0, "odpady": [{"kod": "kostny_zvysok", "nazov": "Kosti a kostné zvyšky", "kat": "02 02 02"}, {"kod": "kozne_odrezky", "nazov": "Kožné odrezky a podkožný tuk", "kat": "02 02 02"}, {"kod": "masovy_flotacny_kal", "nazov": "Flotačný kal z mäsospracovania", "kat": "02 02 04"}, {"kod": "zvp_kat3", "nazov": "Živočíšne vedľajšie produkty kategórie 3", "kat": "02 02 02"}, {"kod": "technicky_zivocisny_tuk", "nazov": "Technický živočíšny tuk", "kat": "02 02 03"}, {"kod": "masokostna_mucka", "nazov": "Mäsokostná múčka", "kat": "02 02 02"}]}}, {"type": "Feature", "geometry": {"type": "Point", "coordinates": [17.686623, 48.245092]}, "properties": {"ico": "30111641", "nazov": "František Sekera Mliekáreň", "obec": "Veľká Mača", "okres": "Galanta", "kraj": "Trnavský", "typ": "mliekaren", "typ_nazov": "Mliekáreň", "sektor": "Potravinárstvo a nápoje", "presnost": "obec", "t_rok": 0, "odpady": [{"kod": "srvatka_sladka", "nazov": "Sladká srvátka", "kat": "02 05 01"}, {"kod": "srvatka_kysla", "nazov": "Kyslá srvátka", "kat": "02 05 01"}, {"kod": "srvatkovy_permeat", "nazov": "Srvátkový permeát", "kat": "02 05 01"}, {"kod": "cmar", "nazov": "Cmar", "kat": "02 05 01"}, {"kod": "mliekarensky_kal", "nazov": "Kal z mliekarenskej ČOV", "kat": "02 05 02"}]}}, {"type": "Feature", "geometry": {"type": "Point", "coordinates": [18.858728, 48.862737]}, "properties": {"ico": "30222966", "nazov": "Technické služby Turčianske Teplice, s. r. o.", "obec": "Turčianske Teplice", "okres": "Turčianske Teplice", "kraj": "Žilinský", "typ": "technicke_sluzby", "typ_nazov": "Technické služby mesta / obce", "sektor": "Komunálny a gastro bioodpad", "presnost": "obec", "t_rok": 0, "odpady": [{"kod": "travna_hmota_kosba", "nazov": "Trávna hmota z kosby verejnej zelene", "kat": "20 02 01"}, {"kod": "konare_stiepka", "nazov": "Konáre a drevná štiepka z údržby zelene", "kat": "20 02 01"}, {"kod": "listie", "nazov": "Lístie z verejnej zelene", "kat": "20 02 01"}, {"kod": "bro_zahrady", "nazov": "Biologicky rozložiteľný odpad zo záhrad", "kat": "20 02 01"}, {"kod": "odpad_trhoviska", "nazov": "Odpad z trhovísk", "kat": "20 03 02"}]}}, {"type": "Feature", "geometry": {"type": "Point", "coordinates": [18.628775, 49.402543]}, "properties": {"ico": "30223423", "nazov": "Spojená škola sv. Jozefa, Jašíkova 219, Turzovka", "obec": "Turzovka", "okres": "Čadca", "kraj": "Žilinský", "typ": "skola_stredna", "typ_nazov": "Stredná škola", "sektor": "Gastro a stravovacie zariadenia", "presnost": "obec", "t_rok": 1.56, "odpady": [{"kod": "bro_zahrady", "nazov": "Biologicky rozložiteľný odpad zo záhrad", "kat": "20 02 01"}, {"kod": "skolsky_kuchynsky_odpad", "nazov": "Kuchynský odpad zo školských jedální", "kat": "20 01 08"}, {"kod": "zvysky_z_taniera", "nazov": "Zvyšky z taniera", "kat": "20 01 08"}, {"kod": "gastro_fritovaci_olej", "nazov": "Použitý fritovací olej z gastroprevádzok", "kat": "20 01 25"}]}}, {"type": "Feature", "geometry": {"type": "Point", "coordinates": [18.929174, 49.07226]}, "properties": {"ico": "30225159", "nazov": "TURIANSKA PEKÁREŇ, spol. s r.o.", "obec": "Martin", "okres": "Martin", "kraj": "Žilinský", "typ": "pekaren", "typ_nazov": "Pekáreň", "sektor": "Potravinárstvo a nápoje", "presnost": "obec", "t_rok": 0, "odpady": [{"kod": "pekarenske_zvysky", "nazov": "Pekárenské zvyšky", "kat": "02 06 01"}, {"kod": "cestovinove_zvysky", "nazov": "Cestovinové a múčne zvyšky", "kat": "02 06 01"}]}}, {"type": "Feature", "geometry": {"type": "Point", "coordinates": [18.929174, 49.07226]}, "properties": {"ico": "30225591", "nazov": "Centrum sociálnych služieb Méta", "obec": "Martin", "okres": "Martin", "kraj": "Žilinský", "typ": "socialne_zariadenie", "typ_nazov": "Zariadenie sociálnych služieb", "sektor": "Gastro a stravovacie zariadenia", "presnost": "obec", "t_rok": 0, "odpady": [{"kod": "bro_zahrady", "nazov": "Biologicky rozložiteľný odpad zo záhrad", "kat": "20 02 01"}, {"kod": "zvysky_z_taniera", "nazov": "Zvyšky z taniera", "kat": "20 01 08"}, {"kod": "nemocnicny_kuchynsky_odpad", "nazov": "Kuchynský odpad zo zdravotníckych a sociálnych zariadení", "kat": "20 01 08"}]}}, {"type": "Feature", "geometry": {"type": "Point", "coordinates": [18.447319, 49.114507]}, "properties": {"ico": "30228271", "nazov": "Zariadenie pre seniorov Považská Bystrica", "obec": "Považská Bystrica", "okres": "Považská Bystrica", "kraj": "Trenčiansky", "typ": "socialne_zariadenie", "typ_nazov": "Zariadenie sociálnych služieb", "sektor": "Gastro a stravovacie zariadenia", "presnost": "obec", "t_rok": 0, "odpady": [{"kod": "bro_zahrady", "nazov": "Biologicky rozložiteľný odpad zo záhrad", "kat": "20 02 01"}, {"kod": "zvysky_z_taniera", "nazov": "Zvyšky z taniera", "kat": "20 01 08"}, {"kod": "nemocnicny_kuchynsky_odpad", "nazov": "Kuchynský odpad zo zdravotníckych a sociálnych zariadení", "kat": "20 01 08"}]}}, {"type": "Feature", "geometry": {"type": "Point", "coordinates": [20.531184, 48.654392]}, "properties": {"ico": "30285216", "nazov": "Štefan Kún - Mäso - údeniny", "obec": "Rožňava", "okres": "Rožňava", "kraj": "Košický", "typ": "masovyroba", "typ_nazov": "Mäsospracovanie", "sektor": "Potravinárstvo a nápoje", "presnost": "obec", "t_rok": 0, "odpady": [{"kod": "kostny_zvysok", "nazov": "Kosti a kostné zvyšky", "kat": "02 02 02"}, {"kod": "kozne_odrezky", "nazov": "Kožné odrezky a podkožný tuk", "kat": "02 02 02"}, {"kod": "masovy_flotacny_kal", "nazov": "Flotačný kal z mäsospracovania", "kat": "02 02 04"}, {"kod": "zvp_kat3", "nazov": "Živočíšne vedľajšie produkty kategórie 3", "kat": "02 02 02"}, {"kod": "technicky_zivocisny_tuk", "nazov": "Technický živočíšny tuk", "kat": "02 02 03"}, {"kod": "masokostna_mucka", "nazov": "Mäsokostná múčka", "kat": "02 02 02"}]}}, {"type": "Feature", "geometry": {"type": "Point", "coordinates": [19.302965, 49.08187]}, "properties": {"ico": "30526027", "nazov": "Jozef Furťo - MÄSNA", "obec": "Ružomberok", "okres": "Ružomberok", "kraj": "Žilinský", "typ": "masovyroba", "typ_nazov": "Mäsospracovanie", "sektor": "Potravinárstvo a nápoje", "presnost": "obec", "t_rok": 0, "odpady": [{"kod": "kostny_zvysok", "nazov": "Kosti a kostné zvyšky", "kat": "02 02 02"}, {"kod": "kozne_odrezky", "nazov": "Kožné odrezky a podkožný tuk", "kat": "02 02 02"}, {"kod": "masovy_flotacny_kal", "nazov": "Flotačný kal z mäsospracovania", "kat": "02 02 04"}, {"kod": "zvp_kat3", "nazov": "Živočíšne vedľajšie produkty kategórie 3", "kat": "02 02 02"}, {"kod": "technicky_zivocisny_tuk", "nazov": "Technický živočíšny tuk", "kat": "02 02 03"}, {"kod": "masokostna_mucka", "nazov": "Mäsokostná múčka", "kat": "02 02 02"}]}}, {"type": "Feature", "geometry": {"type": "Point", "coordinates": [19.640961, 48.805335]}, "properties": {"ico": "30568731", "nazov": "Ján Macuľa - MÄSO - ÚDENINY", "obec": "Brezno", "okres": "Brezno", "kraj": "Banskobystrický", "typ": "masovyroba", "typ_nazov": "Mäsospracovanie", "sektor": "Potravinárstvo a nápoje", "presnost": "obec", "t_rok": 0, "odpady": [{"kod": "kostny_zvysok", "nazov": "Kosti a kostné zvyšky", "kat": "02 02 02"}, {"kod": "kozne_odrezky", "nazov": "Kožné odrezky a podkožný tuk", "kat": "02 02 02"}, {"kod": "masovy_flotacny_kal", "nazov": "Flotačný kal z mäsospracovania", "kat": "02 02 04"}, {"kod": "zvp_kat3", "nazov": "Živočíšne vedľajšie produkty kategórie 3", "kat": "02 02 02"}, {"kod": "technicky_zivocisny_tuk", "nazov": "Technický živočíšny tuk", "kat": "02 02 03"}, {"kod": "masokostna_mucka", "nazov": "Mäsokostná múčka", "kat": "02 02 02"}]}}, {"type": "Feature", "geometry": {"type": "Point", "coordinates": [18.600899, 47.78991]}, "properties": {"ico": "30578990", "nazov": "Rudolf Škrobák - RaJ", "obec": "Mužla", "okres": "Nové Zámky", "kraj": "Nitriansky", "typ": "restauracia", "typ_nazov": "Reštaurácia", "sektor": "Gastro a stravovacie zariadenia", "presnost": "obec", "t_rok": 0, "odpady": [{"kod": "tuky_odlucovace", "nazov": "Tuky z odlučovačov", "kat": "19 08 09"}, {"kod": "zvysky_z_taniera", "nazov": "Zvyšky z taniera", "kat": "20 01 08"}, {"kod": "gastro_kuchynsky_odpad", "nazov": "Kuchynský odpad z reštaurácií a hotelov", "kat": "20 01 08"}, {"kod": "gastro_fritovaci_olej", "nazov": "Použitý fritovací olej z gastroprevádzok", "kat": "20 01 25"}, {"kod": "gastro_kavova_sedlina", "nazov": "Kávová sedlina z gastroprevádzok", "kat": "20 01 08"}]}}, {"type": "Feature", "geometry": {"type": "Point", "coordinates": [17.109671, 48.153538]}, "properties": {"ico": "30797969", "nazov": "Súkromné gymnázium ESPRIT", "obec": "Bratislava", "okres": "Bratislava I", "kraj": "Bratislavský", "typ": "skola_stredna", "typ_nazov": "Stredná škola", "sektor": "Gastro a stravovacie zariadenia", "presnost": "obec", "t_rok": 1.56, "odpady": [{"kod": "bro_zahrady", "nazov": "Biologicky rozložiteľný odpad zo záhrad", "kat": "20 02 01"}, {"kod": "skolsky_kuchynsky_odpad", "nazov": "Kuchynský odpad zo školských jedální", "kat": "20 01 08"}, {"kod": "zvysky_z_taniera", "nazov": "Zvyšky z taniera", "kat": "20 01 08"}, {"kod": "gastro_fritovaci_olej", "nazov": "Použitý fritovací olej z gastroprevádzok", "kat": "20 01 25"}]}}, {"type": "Feature", "geometry": {"type": "Point", "coordinates": [17.1534, 48.211512]}, "properties": {"ico": "30804191", "nazov": "Centrum sociálnych služieb Rača", "obec": "Bratislava - mestská časť Rača", "okres": "Bratislava III", "kraj": "Bratislavský", "typ": "socialne_zariadenie", "typ_nazov": "Zariadenie sociálnych služieb", "sektor": "Gastro a stravovacie zariadenia", "presnost": "mestska_cast", "t_rok": 0, "odpady": [{"kod": "bro_zahrady", "nazov": "Biologicky rozložiteľný odpad zo záhrad", "kat": "20 02 01"}, {"kod": "zvysky_z_taniera", "nazov": "Zvyšky z taniera", "kat": "20 01 08"}, {"kod": "nemocnicny_kuchynsky_odpad", "nazov": "Kuchynský odpad zo zdravotníckych a sociálnych zariadení", "kat": "20 01 08"}]}}, {"type": "Feature", "geometry": {"type": "Point", "coordinates": [17.138349, 48.167188]}, "properties": {"ico": "30808901", "nazov": "Mestské lesy v Bratislave", "obec": "Bratislava - mestská časť Nové Mesto", "okres": "Bratislava III", "kraj": "Bratislavský", "typ": "mestske_lesy", "typ_nazov": "Mestské lesy", "sektor": "Drevo, lesníctvo a ostatné", "presnost": "mestska_cast", "t_rok": 0, "odpady": [{"kod": "konare_stiepka", "nazov": "Konáre a drevná štiepka z údržby zelene", "kat": "20 02 01"}, {"kod": "kora", "nazov": "Odpadová kôra", "kat": "03 01 01"}, {"kod": "odrezky_dreva", "nazov": "Odrezky a drevný odpad", "kat": "03 01 05"}, {"kod": "lesna_stiepka", "nazov": "Lesná štiepka a haluzina", "kat": "02 01 07"}]}}, {"type": "Feature", "geometry": {"type": "Point", "coordinates": [17.164279, 48.149645]}, "properties": {"ico": "30847656", "nazov": "Školská jedáleň pri 1. súkromnom gymnáziu, Bajkalská 20, Bratislava", "obec": "Bratislava - mestská časť Ružinov", "okres": "Bratislava II", "kraj": "Bratislavský", "typ": "skolska_jedalen", "typ_nazov": "Školská jedáleň", "sektor": "Gastro a stravovacie zariadenia", "presnost": "mestska_cast", "t_rok": 2.36, "odpady": [{"kod": "skolsky_kuchynsky_odpad", "nazov": "Kuchynský odpad zo školských jedální", "kat": "20 01 08"}, {"kod": "zvysky_z_taniera", "nazov": "Zvyšky z taniera", "kat": "20 01 08"}, {"kod": "gastro_fritovaci_olej", "nazov": "Použitý fritovací olej z gastroprevádzok", "kat": "20 01 25"}]}}, {"type": "Feature", "geometry": {"type": "Point", "coordinates": [17.207422, 48.130042]}, "properties": {"ico": "30853711", "nazov": "Materská škola, Linzbothova 9847/18, Bratislava", "obec": "Bratislava - mestská časť Podunajské Biskupice", "okres": "Bratislava II", "kraj": "Bratislavský", "typ": "skola_materska", "typ_nazov": "Materská škola", "sektor": "Gastro a stravovacie zariadenia", "presnost": "mestska_cast", "t_rok": 1.54, "odpady": [{"kod": "bro_zahrady", "nazov": "Biologicky rozložiteľný odpad zo záhrad", "kat": "20 02 01"}, {"kod": "skolsky_kuchynsky_odpad", "nazov": "Kuchynský odpad zo školských jedální", "kat": "20 01 08"}, {"kod": "zvysky_z_taniera", "nazov": "Zvyšky z taniera", "kat": "20 01 08"}]}}, {"type": "Feature", "geometry": {"type": "Point", "coordinates": [17.143541, 48.368333]}, "properties": {"ico": "30866065", "nazov": "Základná škola s materskou školou, Pernek 285", "obec": "Pernek", "okres": "Malacky", "kraj": "Bratislavský", "typ": "skola_zakladna", "typ_nazov": "Základná škola", "sektor": "Gastro a stravovacie zariadenia", "presnost": "obec", "t_rok": 1.77, "odpady": [{"kod": "bro_zahrady", "nazov": "Biologicky rozložiteľný odpad zo záhrad", "kat": "20 02 01"}, {"kod": "skolsky_kuchynsky_odpad", "nazov": "Kuchynský odpad zo školských jedální", "kat": "20 01 08"}, {"kod": "zvysky_z_taniera", "nazov": "Zvyšky z taniera", "kat": "20 01 08"}, {"kod": "gastro_kavova_sedlina", "nazov": "Kávová sedlina z gastroprevádzok", "kat": "20 01 08"}]}}, {"type": "Feature", "geometry": {"type": "Point", "coordinates": [17.047532, 48.160464]}, "properties": {"ico": "30868645", "nazov": "Súkromná stredná odborná škola pedagogická a sociálna", "obec": "Bratislava - mestská časť Karlova Ves", "okres": "Bratislava IV", "kraj": "Bratislavský", "typ": "skola_stredna", "typ_nazov": "Stredná škola", "sektor": "Gastro a stravovacie zariadenia", "presnost": "mestska_cast", "t_rok": 1.56, "odpady": [{"kod": "bro_zahrady", "nazov": "Biologicky rozložiteľný odpad zo záhrad", "kat": "20 02 01"}, {"kod": "skolsky_kuchynsky_odpad", "nazov": "Kuchynský odpad zo školských jedální", "kat": "20 01 08"}, {"kod": "zvysky_z_taniera", "nazov": "Zvyšky z taniera", "kat": "20 01 08"}, {"kod": "gastro_fritovaci_olej", "nazov": "Použitý fritovací olej z gastroprevádzok", "kat": "20 01 25"}]}}, {"type": "Feature", "geometry": {"type": "Point", "coordinates": [18.6, 48.216667]}, "properties": {"ico": "30996261", "nazov": "MJM agro Cetín, s.r.o.", "obec": "Levice", "okres": "Levice", "kraj": "Nitriansky", "typ": "agro", "typ_nazov": "Poľnohospodársky podnik", "sektor": "Poľnohospodárstvo a chov", "presnost": "obec", "t_rok": 0, "odpady": [{"kod": "slama_obilna", "nazov": "Obilná slama", "kat": "02 01 03"}, {"kod": "kukuricne_korovie", "nazov": "Kukuričné kôrovie a stonky", "kat": "02 01 03"}, {"kod": "repkova_slama", "nazov": "Repková slama", "kat": "02 01 03"}, {"kod": "travna_hmota_ttp", "nazov": "Trávna hmota z lúk a TTP", "kat": "02 01 03"}, {"kod": "odpad_cistenie_zrna", "nazov": "Odpad z čistenia a sušenia obilia", "kat": "02 01 03"}]}}, {"type": "Feature", "geometry": {"type": "Point", "coordinates": [17.883333, 47.766667]}, "properties": {"ico": "30998034", "nazov": "Poľnohospodárske družstvo Okánikovo", "obec": "Veľké Kosihy", "okres": "Komárno", "kraj": "Nitriansky", "typ": "polnohospodarske_druzstvo", "typ_nazov": "Poľnohospodárske družstvo", "sektor": "Poľnohospodárstvo a chov", "presnost": "obec", "t_rok": 0, "odpady": [{"kod": "slama_obilna", "nazov": "Obilná slama", "kat": "02 01 03"}, {"kod": "kukuricne_korovie", "nazov": "Kukuričné kôrovie a stonky", "kat": "02 01 03"}, {"kod": "repkova_slama", "nazov": "Repková slama", "kat": "02 01 03"}, {"kod": "slnecnicove_stonky", "nazov": "Slnečnicové stonky a úbory", "kat": "02 01 03"}, {"kod": "travna_hmota_ttp", "nazov": "Trávna hmota z lúk a TTP", "kat": "02 01 03"}, {"kod": "odpad_cistenie_zrna", "nazov": "Odpad z čistenia a sušenia obilia", "kat": "02 01 03"}, {"kod": "hnoj_hovadzi", "nazov": "Maštaľný hnoj hovädzí", "kat": "02 01 06"}, {"kod": "hnojovica_osipane", "nazov": "Hnojovica ošípaných", "kat": "02 01 06"}]}}, {"type": "Feature", "geometry": {"type": "Point", "coordinates": [18.259826, 48.721667]}, "properties": {"ico": "30999847", "nazov": "Centrum sociálnych služieb - Bánovce nad Bebravou", "obec": "Bánovce nad Bebravou", "okres": "Bánovce nad Bebravou", "kraj": "Trenčiansky", "typ": "socialne_zariadenie", "typ_nazov": "Zariadenie sociálnych služieb", "sektor": "Gastro a stravovacie zariadenia", "presnost": "obec", "t_rok": 0, "odpady": [{"kod": "bro_zahrady", "nazov": "Biologicky rozložiteľný odpad zo záhrad", "kat": "20 02 01"}, {"kod": "zvysky_z_taniera", "nazov": "Zvyšky z taniera", "kat": "20 01 08"}, {"kod": "nemocnicny_kuchynsky_odpad", "nazov": "Kuchynský odpad zo zdravotníckych a sociálnych zariadení", "kat": "20 01 08"}]}}, {"type": "Feature", "geometry": {"type": "Point", "coordinates": [17.032746, 48.273132]}, "properties": {"ico": "31102701", "nazov": "LYKO s.r.o.", "obec": "Stupava", "okres": "Malacky", "kraj": "Bratislavský", "typ": "pila", "typ_nazov": "Píla a drevospracovanie", "sektor": "Drevo, lesníctvo a ostatné", "presnost": "obec", "t_rok": 0, "odpady": [{"kod": "kora", "nazov": "Odpadová kôra", "kat": "03 01 01"}, {"kod": "piliny", "nazov": "Piliny a hobliny", "kat": "03 01 05"}, {"kod": "odrezky_dreva", "nazov": "Odrezky a drevný odpad", "kat": "03 01 05"}]}}, {"type": "Feature", "geometry": {"type": "Point", "coordinates": [17.20201, 48.770797]}, "properties": {"ico": "31105394", "nazov": "Zariadenie sociálnych služieb Zelený dom Skalica", "obec": "Skalica", "okres": "Skalica", "kraj": "Trnavský", "typ": "socialne_zariadenie", "typ_nazov": "Zariadenie sociálnych služieb", "sektor": "Gastro a stravovacie zariadenia", "presnost": "okres", "t_rok": 0, "odpady": [{"kod": "bro_zahrady", "nazov": "Biologicky rozložiteľný odpad zo záhrad", "kat": "20 02 01"}, {"kod": "zvysky_z_taniera", "nazov": "Zvyšky z taniera", "kat": "20 01 08"}, {"kod": "nemocnicny_kuchynsky_odpad", "nazov": "Kuchynský odpad zo zdravotníckych a sociálnych zariadení", "kat": "20 01 08"}]}}, {"type": "Feature", "geometry": {"type": "Point", "coordinates": [17.976459, 47.767557]}, "properties": {"ico": "31106161", "nazov": "Poľnohospodárske družstvo Zlatná na Ostrove", "obec": "Zlatná na Ostrove", "okres": "Komárno", "kraj": "Nitriansky", "typ": "polnohospodarske_druzstvo", "typ_nazov": "Poľnohospodárske družstvo", "sektor": "Poľnohospodárstvo a chov", "presnost": "obec", "t_rok": 0, "odpady": [{"kod": "slama_obilna", "nazov": "Obilná slama", "kat": "02 01 03"}, {"kod": "kukuricne_korovie", "nazov": "Kukuričné kôrovie a stonky", "kat": "02 01 03"}, {"kod": "repkova_slama", "nazov": "Repková slama", "kat": "02 01 03"}, {"kod": "slnecnicove_stonky", "nazov": "Slnečnicové stonky a úbory", "kat": "02 01 03"}, {"kod": "travna_hmota_ttp", "nazov": "Trávna hmota z lúk a TTP", "kat": "02 01 03"}, {"kod": "odpad_cistenie_zrna", "nazov": "Odpad z čistenia a sušenia obilia", "kat": "02 01 03"}, {"kod": "hnoj_hovadzi", "nazov": "Maštaľný hnoj hovädzí", "kat": "02 01 06"}, {"kod": "hnojovica_osipane", "nazov": "Hnojovica ošípaných", "kat": "02 01 06"}]}}, {"type": "Feature", "geometry": {"type": "Point", "coordinates": [17.771587, 48.786735]}, "properties": {"ico": "31118682", "nazov": "Centrum sociálnych služieb - DOMOV JAVORINA", "obec": "Bzince pod Javorinou", "okres": "Nové Mesto nad Váhom", "kraj": "Trenčiansky", "typ": "socialne_zariadenie", "typ_nazov": "Zariadenie sociálnych služieb", "sektor": "Gastro a stravovacie zariadenia", "presnost": "obec", "t_rok": 0, "odpady": [{"kod": "bro_zahrady", "nazov": "Biologicky rozložiteľný odpad zo záhrad", "kat": "20 02 01"}, {"kod": "zvysky_z_taniera", "nazov": "Zvyšky z taniera", "kat": "20 01 08"}, {"kod": "nemocnicny_kuchynsky_odpad", "nazov": "Kuchynský odpad zo zdravotníckych a sociálnych zariadení", "kat": "20 01 08"}]}}, {"type": "Feature", "geometry": {"type": "Point", "coordinates": [18.129917, 47.757388]}, "properties": {"ico": "31193897", "nazov": "OAZIS - Zariadenie sociálnych služieb", "obec": "Komárno", "okres": "Komárno", "kraj": "Nitriansky", "typ": "socialne_zariadenie", "typ_nazov": "Zariadenie sociálnych služieb", "sektor": "Gastro a stravovacie zariadenia", "presnost": "obec", "t_rok": 0, "odpady": [{"kod": "bro_zahrady", "nazov": "Biologicky rozložiteľný odpad zo záhrad", "kat": "20 02 01"}, {"kod": "zvysky_z_taniera", "nazov": "Zvyšky z taniera", "kat": "20 01 08"}, {"kod": "nemocnicny_kuchynsky_odpad", "nazov": "Kuchynský odpad zo zdravotníckych a sociálnych zariadení", "kat": "20 01 08"}]}}, {"type": "Feature", "geometry": {"type": "Point", "coordinates": [21.249677, 48.717227]}, "properties": {"ico": "31305288", "nazov": "Evanjelické gymnázium Jana Amosa Komenského", "obec": "Košice", "okres": "Košice I", "kraj": "Košický", "typ": "skola_stredna", "typ_nazov": "Stredná škola", "sektor": "Gastro a stravovacie zariadenia", "presnost": "obec", "t_rok": 1.56, "odpady": [{"kod": "bro_zahrady", "nazov": "Biologicky rozložiteľný odpad zo záhrad", "kat": "20 02 01"}, {"kod": "skolsky_kuchynsky_odpad", "nazov": "Kuchynský odpad zo školských jedální", "kat": "20 01 08"}, {"kod": "zvysky_z_taniera", "nazov": "Zvyšky z taniera", "kat": "20 01 08"}, {"kod": "gastro_fritovaci_olej", "nazov": "Použitý fritovací olej z gastroprevádzok", "kat": "20 01 25"}]}}, {"type": "Feature", "geometry": {"type": "Point", "coordinates": [17.164279, 48.149645]}, "properties": {"ico": "31321828", "nazov": "TESCO STORES SR, a.s.", "obec": "Bratislava - mestská časť Ružinov", "okres": "Bratislava II", "kraj": "Bratislavský", "typ": "retail_retazec", "typ_nazov": "Obchodný reťazec", "sektor": "Retail a distribúcia potravín", "presnost": "mestska_cast", "t_rok": 0, "odpady": [{"kod": "gastro_fritovaci_olej", "nazov": "Použitý fritovací olej z gastroprevádzok", "kat": "20 01 25"}, {"kod": "retail_ovocie_zelenina", "nazov": "Neupredané ovocie a zelenina z predajní", "kat": "20 01 08"}, {"kod": "retail_pecivo", "nazov": "Neupredané pečivo a pekárske výrobky", "kat": "02 06 01"}, {"kod": "retail_mliecne", "nazov": "Mliečne výrobky po dátume minimálnej trvanlivosti", "kat": "20 01 08"}, {"kod": "retail_maso_zvysky", "nazov": "Mäsové a údenárske výrobky po dátume spotreby", "kat": "02 02 03"}, {"kod": "retail_zmesovy", "nazov": "Zmesový potravinový odpad z predajne", "kat": "20 01 08"}]}}, {"type": "Feature", "geometry": {"type": "Point", "coordinates": [17.164279, 48.149645]}, "properties": {"ico": "31347037", "nazov": "BILLA s.r.o.", "obec": "Bratislava - mestská časť Ružinov", "okres": "Bratislava II", "kraj": "Bratislavský", "typ": "retail_retazec", "typ_nazov": "Obchodný reťazec", "sektor": "Retail a distribúcia potravín", "presnost": "mestska_cast", "t_rok": 0, "odpady": [{"kod": "gastro_fritovaci_olej", "nazov": "Použitý fritovací olej z gastroprevádzok", "kat": "20 01 25"}, {"kod": "retail_ovocie_zelenina", "nazov": "Neupredané ovocie a zelenina z predajní", "kat": "20 01 08"}, {"kod": "retail_pecivo", "nazov": "Neupredané pečivo a pekárske výrobky", "kat": "02 06 01"}, {"kod": "retail_mliecne", "nazov": "Mliečne výrobky po dátume minimálnej trvanlivosti", "kat": "20 01 08"}, {"kod": "retail_maso_zvysky", "nazov": "Mäsové a údenárske výrobky po dátume spotreby", "kat": "02 02 03"}, {"kod": "retail_zmesovy", "nazov": "Zmesový potravinový odpad z predajne", "kat": "20 01 08"}]}}, {"type": "Feature", "geometry": {"type": "Point", "coordinates": [17.109671, 48.153538]}, "properties": {"ico": "31386563", "nazov": "Univerzitná nemocnica AGEL Milosrdní bratia s. r. o.", "obec": "Bratislava", "okres": "Bratislava I", "kraj": "Bratislavský", "typ": "nemocnica", "typ_nazov": "Nemocnica", "sektor": "Gastro a stravovacie zariadenia", "presnost": "obec", "t_rok": 26.86, "odpady": [{"kod": "zvysky_z_taniera", "nazov": "Zvyšky z taniera", "kat": "20 01 08"}, {"kod": "nemocnicny_kuchynsky_odpad", "nazov": "Kuchynský odpad zo zdravotníckych a sociálnych zariadení", "kat": "20 01 08"}, {"kod": "gastro_fritovaci_olej", "nazov": "Použitý fritovací olej z gastroprevádzok", "kat": "20 01 25"}]}}, {"type": "Feature", "geometry": {"type": "Point", "coordinates": [18.023092, 48.245665]}, "properties": {"ico": "31408265", "nazov": "PEKÁREŇ UNO, spol. s r.o.", "obec": "Cabaj - Čápor", "okres": "Nitra", "kraj": "Nitriansky", "typ": "pekaren", "typ_nazov": "Pekáreň", "sektor": "Potravinárstvo a nápoje", "presnost": "obec", "t_rok": 0, "odpady": [{"kod": "pekarenske_zvysky", "nazov": "Pekárenské zvyšky", "kat": "02 06 01"}, {"kod": "cestovinove_zvysky", "nazov": "Cestovinové a múčne zvyšky", "kat": "02 06 01"}]}}, {"type": "Feature", "geometry": {"type": "Point", "coordinates": [18.71486, 47.797831]}, "properties": {"ico": "31410146", "nazov": "Priemyselný park Štúrovo, a. s.", "obec": "Štúrovo", "okres": "Nové Zámky", "kraj": "Nitriansky", "typ": "papierne", "typ_nazov": "Papiereň a celulózka", "sektor": "Drevo, lesníctvo a ostatné", "presnost": "obec", "t_rok": 0, "odpady": [{"kod": "kora", "nazov": "Odpadová kôra", "kat": "03 01 01"}, {"kod": "papierensky_kal", "nazov": "Papierenský kal", "kat": "03 03 11"}, {"kod": "vlaknity_vymet", "nazov": "Výmety z vlákien a plnív", "kat": "03 03 10"}]}}, {"type": "Feature", "geometry": {"type": "Point", "coordinates": [18.6, 48.216667]}, "properties": {"ico": "31412271", "nazov": "LEVICKÉ MLIEKÁRNE a.s.", "obec": "Levice", "okres": "Levice", "kraj": "Nitriansky", "typ": "mliekaren", "typ_nazov": "Mliekáreň", "sektor": "Potravinárstvo a nápoje", "presnost": "obec", "t_rok": 0, "odpady": [{"kod": "srvatka_sladka", "nazov": "Sladká srvátka", "kat": "02 05 01"}, {"kod": "srvatka_kysla", "nazov": "Kyslá srvátka", "kat": "02 05 01"}, {"kod": "srvatkovy_permeat", "nazov": "Srvátkový permeát", "kat": "02 05 01"}, {"kod": "cmar", "nazov": "Cmar", "kat": "02 05 01"}, {"kod": "mliekarensky_kal", "nazov": "Kal z mliekarenskej ČOV", "kat": "02 05 02"}]}}, {"type": "Feature", "geometry": {"type": "Point", "coordinates": [18.176052, 48.559116]}, "properties": {"ico": "31412408", "nazov": "Topoľčianske pekárne a cukrárne a.s. skrátený názov TOPEC a.s.", "obec": "Topoľčany", "okres": "Topoľčany", "kraj": "Nitriansky", "typ": "pekaren", "typ_nazov": "Pekáreň", "sektor": "Potravinárstvo a nápoje", "presnost": "obec", "t_rok": 0, "odpady": [{"kod": "pekarenske_zvysky", "nazov": "Pekárenské zvyšky", "kat": "02 06 01"}, {"kod": "cestovinove_zvysky", "nazov": "Cestovinové a múčne zvyšky", "kat": "02 06 01"}]}}, {"type": "Feature", "geometry": {"type": "Point", "coordinates": [18.666667, 47.983333]}, "properties": {"ico": "31412459", "nazov": "Mlyn Pohronský Ruskov, a.s.", "obec": "Pohronský Ruskov", "okres": "Levice", "kraj": "Nitriansky", "typ": "mlyn", "typ_nazov": "Mlyn", "sektor": "Potravinárstvo a nápoje", "presnost": "obec", "t_rok": 0, "odpady": [{"kod": "psenicne_otruby", "nazov": "Pšeničné otruby", "kat": "02 03 04"}, {"kod": "mlynske_zmetky", "nazov": "Mlynské zmetky a plevy", "kat": "02 03 04"}, {"kod": "odpad_cistenie_zrna", "nazov": "Odpad z čistenia a sušenia obilia", "kat": "02 01 03"}]}}, {"type": "Feature", "geometry": {"type": "Point", "coordinates": [18.09061, 48.31257]}, "properties": {"ico": "31414958", "nazov": "ABC HOTEL s.r.o.", "obec": "Nitra", "okres": "Nitra", "kraj": "Nitriansky", "typ": "hotel", "typ_nazov": "Hotel", "sektor": "Gastro a stravovacie zariadenia", "presnost": "obec", "t_rok": 0, "odpady": [{"kod": "bro_zahrady", "nazov": "Biologicky rozložiteľný odpad zo záhrad", "kat": "20 02 01"}, {"kod": "zvysky_z_taniera", "nazov": "Zvyšky z taniera", "kat": "20 01 08"}, {"kod": "gastro_kuchynsky_odpad", "nazov": "Kuchynský odpad z reštaurácií a hotelov", "kat": "20 01 08"}, {"kod": "gastro_fritovaci_olej", "nazov": "Použitý fritovací olej z gastroprevádzok", "kat": "20 01 25"}, {"kod": "gastro_kavova_sedlina", "nazov": "Kávová sedlina z gastroprevádzok", "kat": "20 01 08"}]}}, {"type": "Feature", "geometry": {"type": "Point", "coordinates": [18.71486, 47.797831]}, "properties": {"ico": "31424384", "nazov": "AGROVAŽAN s.r.o.", "obec": "Štúrovo", "okres": "Nové Zámky", "kraj": "Nitriansky", "typ": "agro", "typ_nazov": "Poľnohospodársky podnik", "sektor": "Poľnohospodárstvo a chov", "presnost": "obec", "t_rok": 0, "odpady": [{"kod": "slama_obilna", "nazov": "Obilná slama", "kat": "02 01 03"}, {"kod": "kukuricne_korovie", "nazov": "Kukuričné kôrovie a stonky", "kat": "02 01 03"}, {"kod": "repkova_slama", "nazov": "Repková slama", "kat": "02 01 03"}, {"kod": "travna_hmota_ttp", "nazov": "Trávna hmota z lúk a TTP", "kat": "02 01 03"}, {"kod": "odpad_cistenie_zrna", "nazov": "Odpad z čistenia a sušenia obilia", "kat": "02 01 03"}]}}, {"type": "Feature", "geometry": {"type": "Point", "coordinates": [18.333335, 48.066661]}, "properties": {"ico": "31424945", "nazov": "MLYN - verejná obchodná spoločnosť", "obec": "Veľké Lovce", "okres": "Nové Zámky", "kraj": "Nitriansky", "typ": "mlyn", "typ_nazov": "Mlyn", "sektor": "Potravinárstvo a nápoje", "presnost": "obec", "t_rok": 0, "odpady": [{"kod": "psenicne_otruby", "nazov": "Pšeničné otruby", "kat": "02 03 04"}, {"kod": "mlynske_zmetky", "nazov": "Mlynské zmetky a plevy", "kat": "02 03 04"}, {"kod": "odpad_cistenie_zrna", "nazov": "Odpad z čistenia a sušenia obilia", "kat": "02 01 03"}]}}, {"type": "Feature", "geometry": {"type": "Point", "coordinates": [18.239113, 48.770966]}, "properties": {"ico": "31425399", "nazov": "Píla Podlužany spol. s r.o.", "obec": "Podlužany", "okres": "Bánovce nad Bebravou", "kraj": "Trenčiansky", "typ": "pila", "typ_nazov": "Píla a drevospracovanie", "sektor": "Drevo, lesníctvo a ostatné", "presnost": "obec", "t_rok": 0, "odpady": [{"kod": "kora", "nazov": "Odpadová kôra", "kat": "03 01 01"}, {"kod": "piliny", "nazov": "Piliny a hobliny", "kat": "03 01 05"}, {"kod": "odrezky_dreva", "nazov": "Odrezky a drevný odpad", "kat": "03 01 05"}]}}, {"type": "Feature", "geometry": {"type": "Point", "coordinates": [17.166667, 48.8]}, "properties": {"ico": "31429254", "nazov": "Ed. Haas SK, s.r.o.", "obec": "Holíč", "okres": "Skalica", "kraj": "Trnavský", "typ": "cukrovinky", "typ_nazov": "Výroba cukroviniek", "sektor": "Potravinárstvo a nápoje", "presnost": "obec", "t_rok": 0, "odpady": [{"kod": "cukrovinkarske_zvysky", "nazov": "Zvyšky z výroby cukroviniek", "kat": "02 06 01"}, {"kod": "kavove_slupky", "nazov": "Kávové šupky (silverskin)", "kat": "02 03 04"}]}}, {"type": "Feature", "geometry": {"type": "Point", "coordinates": [17.927848, 48.764557]}, "properties": {"ico": "31431631", "nazov": "Poľnohospodárske družstvo Kálnica", "obec": "Kálnica", "okres": "Nové Mesto nad Váhom", "kraj": "Trenčiansky", "typ": "polnohospodarske_druzstvo", "typ_nazov": "Poľnohospodárske družstvo", "sektor": "Poľnohospodárstvo a chov", "presnost": "obec", "t_rok": 0, "odpady": [{"kod": "slama_obilna", "nazov": "Obilná slama", "kat": "02 01 03"}, {"kod": "kukuricne_korovie", "nazov": "Kukuričné kôrovie a stonky", "kat": "02 01 03"}, {"kod": "repkova_slama", "nazov": "Repková slama", "kat": "02 01 03"}, {"kod": "slnecnicove_stonky", "nazov": "Slnečnicové stonky a úbory", "kat": "02 01 03"}, {"kod": "travna_hmota_ttp", "nazov": "Trávna hmota z lúk a TTP", "kat": "02 01 03"}, {"kod": "odpad_cistenie_zrna", "nazov": "Odpad z čistenia a sušenia obilia", "kat": "02 01 03"}, {"kod": "hnoj_hovadzi", "nazov": "Maštaľný hnoj hovädzí", "kat": "02 01 06"}, {"kod": "hnojovica_osipane", "nazov": "Hnojovica ošípaných", "kat": "02 01 06"}]}}, {"type": "Feature", "geometry": {"type": "Point", "coordinates": [17.940569, 48.308171]}, "properties": {"ico": "31434118", "nazov": "HYDINÁRI s.r.o.", "obec": "Veľké Zálužie", "okres": "Nitra", "kraj": "Nitriansky", "typ": "hydina", "typ_nazov": "Hydinárska prevádzka", "sektor": "Poľnohospodárstvo a chov", "presnost": "obec", "t_rok": 0, "odpady": [{"kod": "krv_bitunok", "nazov": "Krv z bitúnku", "kat": "02 02 03"}, {"kod": "perie", "nazov": "Perie z hydinových bitúnkov", "kat": "02 02 02"}, {"kod": "hydinovy_trus", "nazov": "Hydinový trus a podstielka", "kat": "02 01 06"}, {"kod": "kadavery", "nazov": "Uhynuté zvieratá (kadávery)", "kat": "02 01 02"}, {"kod": "zvp_kat3", "nazov": "Živočíšne vedľajšie produkty kategórie 3", "kat": "02 02 02"}, {"kod": "zvp_kat2", "nazov": "Živočíšne vedľajšie produkty kategórie 2", "kat": "02 02 02"}]}}, {"type": "Feature", "geometry": {"type": "Point", "coordinates": [18.461012, 47.869087]}, "properties": {"ico": "31435432", "nazov": "Pekáreň VIESKATRANS spol. s r.o.", "obec": "Nová Vieska", "okres": "Nové Zámky", "kraj": "Nitriansky", "typ": "pekaren", "typ_nazov": "Pekáreň", "sektor": "Potravinárstvo a nápoje", "presnost": "obec", "t_rok": 0, "odpady": [{"kod": "pekarenske_zvysky", "nazov": "Pekárenské zvyšky", "kat": "02 06 01"}, {"kod": "cestovinove_zvysky", "nazov": "Cestovinové a múčne zvyšky", "kat": "02 06 01"}]}}, {"type": "Feature", "geometry": {"type": "Point", "coordinates": [18.142173, 48.768904]}, "properties": {"ico": "31436641", "nazov": "PD Veľká Hradná, a.s.", "obec": "Veľká Hradná", "okres": "Trenčín", "kraj": "Trenčiansky", "typ": "polnohospodarske_druzstvo", "typ_nazov": "Poľnohospodárske družstvo", "sektor": "Poľnohospodárstvo a chov", "presnost": "obec", "t_rok": 0, "odpady": [{"kod": "slama_obilna", "nazov": "Obilná slama", "kat": "02 01 03"}, {"kod": "kukuricne_korovie", "nazov": "Kukuričné kôrovie a stonky", "kat": "02 01 03"}, {"kod": "repkova_slama", "nazov": "Repková slama", "kat": "02 01 03"}, {"kod": "slnecnicove_stonky", "nazov": "Slnečnicové stonky a úbory", "kat": "02 01 03"}, {"kod": "travna_hmota_ttp", "nazov": "Trávna hmota z lúk a TTP", "kat": "02 01 03"}, {"kod": "odpad_cistenie_zrna", "nazov": "Odpad z čistenia a sušenia obilia", "kat": "02 01 03"}, {"kod": "hnoj_hovadzi", "nazov": "Maštaľný hnoj hovädzí", "kat": "02 01 06"}, {"kod": "hnojovica_osipane", "nazov": "Hnojovica ošípaných", "kat": "02 01 06"}]}}, {"type": "Feature", "geometry": {"type": "Point", "coordinates": [18.166667, 48.466667]}, "properties": {"ico": "31438881", "nazov": "HYDINA SÚLOVCE, s.r.o.", "obec": "Súlovce", "okres": "Topoľčany", "kraj": "Nitriansky", "typ": "hydina", "typ_nazov": "Hydinárska prevádzka", "sektor": "Poľnohospodárstvo a chov", "presnost": "obec", "t_rok": 0, "odpady": [{"kod": "krv_bitunok", "nazov": "Krv z bitúnku", "kat": "02 02 03"}, {"kod": "perie", "nazov": "Perie z hydinových bitúnkov", "kat": "02 02 02"}, {"kod": "hydinovy_trus", "nazov": "Hydinový trus a podstielka", "kat": "02 01 06"}, {"kod": "kadavery", "nazov": "Uhynuté zvieratá (kadávery)", "kat": "02 01 02"}, {"kod": "zvp_kat3", "nazov": "Živočíšne vedľajšie produkty kategórie 3", "kat": "02 02 02"}, {"kod": "zvp_kat2", "nazov": "Živočíšne vedľajšie produkty kategórie 2", "kat": "02 02 02"}]}}, {"type": "Feature", "geometry": {"type": "Point", "coordinates": [21.5, 49.033333]}, "properties": {"ico": "31448291", "nazov": "Pivovar Diakovce, spol. s r.o.", "obec": "Hanušovce nad Topľou", "okres": "Vranov nad Topľou", "kraj": "Prešovský", "typ": "pivovar", "typ_nazov": "Pivovar / minipivovar", "sektor": "Potravinárstvo a nápoje", "presnost": "obec", "t_rok": 0, "odpady": [{"kod": "pivovarske_mlato", "nazov": "Pivovarské mláto", "kat": "02 07 01"}, {"kod": "pivovarske_kvasnice", "nazov": "Pivovarské kvasnice", "kat": "02 07 05"}, {"kod": "chmelovy_mlat", "nazov": "Chmeľový mlát", "kat": "02 07 01"}, {"kod": "kremelinovy_kal", "nazov": "Kremelinový kal z filtrácie", "kat": "02 07 05"}]}}, {"type": "Feature", "geometry": {"type": "Point", "coordinates": [19.616667, 49.083333]}, "properties": {"ico": "31559107", "nazov": "Liptovské pekárne a cukrárne VČELA - Lippek s.r.o.", "obec": "Liptovský Mikuláš", "okres": "Liptovský Mikuláš", "kraj": "Žilinský", "typ": "pekaren", "typ_nazov": "Pekáreň", "sektor": "Potravinárstvo a nápoje", "presnost": "obec", "t_rok": 0, "odpady": [{"kod": "pekarenske_zvysky", "nazov": "Pekárenské zvyšky", "kat": "02 06 01"}, {"kod": "cestovinove_zvysky", "nazov": "Cestovinové a múčne zvyšky", "kat": "02 06 01"}]}}, {"type": "Feature", "geometry": {"type": "Point", "coordinates": [18.623306, 48.77104]}, "properties": {"ico": "31561802", "nazov": "DOBROTA, a.s.", "obec": "Prievidza", "okres": "Prievidza", "kraj": "Trenčiansky", "typ": "pekaren", "typ_nazov": "Pekáreň", "sektor": "Potravinárstvo a nápoje", "presnost": "obec", "t_rok": 0, "odpady": [{"kod": "pekarenske_zvysky", "nazov": "Pekárenské zvyšky", "kat": "02 06 01"}, {"kod": "cestovinove_zvysky", "nazov": "Cestovinové a múčne zvyšky", "kat": "02 06 01"}]}}, {"type": "Feature", "geometry": {"type": "Point", "coordinates": [18.929174, 49.07226]}, "properties": {"ico": "31562116", "nazov": "DS Smith Turpak Obaly, a.s.", "obec": "Martin", "okres": "Martin", "kraj": "Žilinský", "typ": "papierne", "typ_nazov": "Papiereň a celulózka", "sektor": "Drevo, lesníctvo a ostatné", "presnost": "obec", "t_rok": 0, "odpady": [{"kod": "kora", "nazov": "Odpadová kôra", "kat": "03 01 01"}, {"kod": "papierensky_kal", "nazov": "Papierenský kal", "kat": "03 03 11"}, {"kod": "vlaknity_vymet", "nazov": "Výmety z vlákien a plnív", "kat": "03 03 10"}]}}, {"type": "Feature", "geometry": {"type": "Point", "coordinates": [18.739498, 49.223464]}, "properties": {"ico": "31563490", "nazov": "Ryba Žilina, spol. s r.o.", "obec": "Žilina", "okres": "Žilina", "kraj": "Žilinský", "typ": "rybarstvo", "typ_nazov": "Rybárstvo a akvakultúra", "sektor": "Drevo, lesníctvo a ostatné", "presnost": "obec", "t_rok": 0, "odpady": [{"kod": "rybie_zvysky", "nazov": "Rybie hlavy, vnútornosti a kosti", "kat": "02 02 03"}, {"kod": "kal_akvakultura", "nazov": "Kal z akvakultúry", "kat": "02 01 01"}]}}, {"type": "Feature", "geometry": {"type": "Point", "coordinates": [17.730881, 48.288903]}, "properties": {"ico": "31568386", "nazov": "SLOVENSKÉ CUKROVARY, s.r.o.", "obec": "Sereď", "okres": "Galanta", "kraj": "Trnavský", "typ": "cukrovar", "typ_nazov": "Cukrovar", "sektor": "Potravinárstvo a nápoje", "presnost": "obec", "t_rok": 0, "odpady": [{"kod": "repne_rezky", "nazov": "Cukrovarnícke repné rezky", "kat": "02 04 99"}, {"kod": "melasa", "nazov": "Melasa", "kat": "02 04 99"}, {"kod": "saturacne_kaly", "nazov": "Saturačné kaly", "kat": "02 04 02"}, {"kod": "repna_zemina", "nazov": "Zemina a chvostíky z prania repy", "kat": "02 04 01"}]}}, {"type": "Feature", "geometry": {"type": "Point", "coordinates": [18.183333, 49.083333]}, "properties": {"ico": "31574912", "nazov": "AGROFARMA, spol. s r.o. Červený Kameň", "obec": "Červený Kameň", "okres": "Ilava", "kraj": "Trenčiansky", "typ": "farma", "typ_nazov": "Živočíšna farma", "sektor": "Poľnohospodárstvo a chov", "presnost": "obec", "t_rok": 0, "odpady": [{"kod": "travna_hmota_ttp", "nazov": "Trávna hmota z lúk a TTP", "kat": "02 01 03"}, {"kod": "hnoj_hovadzi", "nazov": "Maštaľný hnoj hovädzí", "kat": "02 01 06"}, {"kod": "hnojovica_osipane", "nazov": "Hnojovica ošípaných", "kat": "02 01 06"}, {"kod": "ovciarsky_hnoj", "nazov": "Ovčí a kozí hnoj", "kat": "02 01 06"}, {"kod": "kadavery", "nazov": "Uhynuté zvieratá (kadávery)", "kat": "02 01 02"}]}}, {"type": "Feature", "geometry": {"type": "Point", "coordinates": [19.302965, 49.08187]}, "properties": {"ico": "31577156", "nazov": "Slovryb, a.s.", "obec": "Ružomberok", "okres": "Ružomberok", "kraj": "Žilinský", "typ": "rybarstvo", "typ_nazov": "Rybárstvo a akvakultúra", "sektor": "Drevo, lesníctvo a ostatné", "presnost": "obec", "t_rok": 0, "odpady": [{"kod": "rybie_zvysky", "nazov": "Rybie hlavy, vnútornosti a kosti", "kat": "02 02 03"}, {"kod": "kal_akvakultura", "nazov": "Kal z akvakultúry", "kat": "02 01 01"}]}}, {"type": "Feature", "geometry": {"type": "Point", "coordinates": [18.623306, 48.77104]}, "properties": {"ico": "31579183", "nazov": "Technické služby mesta Prievidza s.r.o.", "obec": "Prievidza", "okres": "Prievidza", "kraj": "Trenčiansky", "typ": "technicke_sluzby", "typ_nazov": "Technické služby mesta / obce", "sektor": "Komunálny a gastro bioodpad", "presnost": "obec", "t_rok": 0, "odpady": [{"kod": "travna_hmota_kosba", "nazov": "Trávna hmota z kosby verejnej zelene", "kat": "20 02 01"}, {"kod": "konare_stiepka", "nazov": "Konáre a drevná štiepka z údržby zelene", "kat": "20 02 01"}, {"kod": "listie", "nazov": "Lístie z verejnej zelene", "kat": "20 02 01"}, {"kod": "bro_zahrady", "nazov": "Biologicky rozložiteľný odpad zo záhrad", "kat": "20 02 01"}, {"kod": "odpad_trhoviska", "nazov": "Odpad z trhovísk", "kat": "20 03 02"}]}}, {"type": "Feature", "geometry": {"type": "Point", "coordinates": [18.644609, 48.41225]}, "properties": {"ico": "31588182", "nazov": "Mestské lesy Nová Baňa s. r. o.", "obec": "Nová Baňa", "okres": "Žarnovica", "kraj": "Banskobystrický", "typ": "mestske_lesy", "typ_nazov": "Mestské lesy", "sektor": "Drevo, lesníctvo a ostatné", "presnost": "obec", "t_rok": 0, "odpady": [{"kod": "konare_stiepka", "nazov": "Konáre a drevná štiepka z údržby zelene", "kat": "20 02 01"}, {"kod": "kora", "nazov": "Odpadová kôra", "kat": "03 01 01"}, {"kod": "odrezky_dreva", "nazov": "Odrezky a drevný odpad", "kat": "03 01 05"}, {"kod": "lesna_stiepka", "nazov": "Lesná štiepka a haluzina", "kat": "02 01 07"}]}}, {"type": "Feature", "geometry": {"type": "Point", "coordinates": [18.09061, 48.31257]}, "properties": {"ico": "31592015", "nazov": "HOTEL ZOBOR s.r.o.", "obec": "Nitra", "okres": "Nitra", "kraj": "Nitriansky", "typ": "hotel", "typ_nazov": "Hotel", "sektor": "Gastro a stravovacie zariadenia", "presnost": "obec", "t_rok": 0, "odpady": [{"kod": "bro_zahrady", "nazov": "Biologicky rozložiteľný odpad zo záhrad", "kat": "20 02 01"}, {"kod": "zvysky_z_taniera", "nazov": "Zvyšky z taniera", "kat": "20 01 08"}, {"kod": "gastro_kuchynsky_odpad", "nazov": "Kuchynský odpad z reštaurácií a hotelov", "kat": "20 01 08"}, {"kod": "gastro_fritovaci_olej", "nazov": "Použitý fritovací olej z gastroprevádzok", "kat": "20 01 25"}, {"kod": "gastro_kavova_sedlina", "nazov": "Kávová sedlina z gastroprevádzok", "kat": "20 01 08"}]}}, {"type": "Feature", "geometry": {"type": "Point", "coordinates": [18.433333, 48.95]}, "properties": {"ico": "31595740", "nazov": "AGROSTRÁŽOV, spol. s r.o.", "obec": "Zliechov", "okres": "Ilava", "kraj": "Trenčiansky", "typ": "agro", "typ_nazov": "Poľnohospodársky podnik", "sektor": "Poľnohospodárstvo a chov", "presnost": "obec", "t_rok": 0, "odpady": [{"kod": "slama_obilna", "nazov": "Obilná slama", "kat": "02 01 03"}, {"kod": "kukuricne_korovie", "nazov": "Kukuričné kôrovie a stonky", "kat": "02 01 03"}, {"kod": "repkova_slama", "nazov": "Repková slama", "kat": "02 01 03"}, {"kod": "travna_hmota_ttp", "nazov": "Trávna hmota z lúk a TTP", "kat": "02 01 03"}, {"kod": "odpad_cistenie_zrna", "nazov": "Odpad z čistenia a sušenia obilia", "kat": "02 01 03"}]}}, {"type": "Feature", "geometry": {"type": "Point", "coordinates": [18.039372, 48.892358]}, "properties": {"ico": "31598498", "nazov": "Mäsoprodukt spol. s r.o.", "obec": "Trenčín", "okres": "Trenčín", "kraj": "Trenčiansky", "typ": "masovyroba", "typ_nazov": "Mäsospracovanie", "sektor": "Potravinárstvo a nápoje", "presnost": "obec", "t_rok": 0, "odpady": [{"kod": "kostny_zvysok", "nazov": "Kosti a kostné zvyšky", "kat": "02 02 02"}, {"kod": "kozne_odrezky", "nazov": "Kožné odrezky a podkožný tuk", "kat": "02 02 02"}, {"kod": "masovy_flotacny_kal", "nazov": "Flotačný kal z mäsospracovania", "kat": "02 02 04"}, {"kod": "zvp_kat3", "nazov": "Živočíšne vedľajšie produkty kategórie 3", "kat": "02 02 02"}, {"kod": "technicky_zivocisny_tuk", "nazov": "Technický živočíšny tuk", "kat": "02 02 03"}, {"kod": "masokostna_mucka", "nazov": "Mäsokostná múčka", "kat": "02 02 02"}]}}, {"type": "Feature", "geometry": {"type": "Point", "coordinates": [18.483333, 49.016667]}, "properties": {"ico": "31598528", "nazov": "MALENICA, s.r.o.", "obec": "Pružina", "okres": "Považská Bystrica", "kraj": "Trenčiansky", "typ": "pila", "typ_nazov": "Píla a drevospracovanie", "sektor": "Drevo, lesníctvo a ostatné", "presnost": "obec", "t_rok": 0, "odpady": [{"kod": "kora", "nazov": "Odpadová kôra", "kat": "03 01 01"}, {"kod": "piliny", "nazov": "Piliny a hobliny", "kat": "03 01 05"}, {"kod": "odrezky_dreva", "nazov": "Odrezky a drevný odpad", "kat": "03 01 05"}]}}, {"type": "Feature", "geometry": {"type": "Point", "coordinates": [18.916667, 48.7]}, "properties": {"ico": "31600182", "nazov": "Mestské lesy Kremnica, s.r.o.", "obec": "Kremnica", "okres": "Žiar nad Hronom", "kraj": "Banskobystrický", "typ": "mestske_lesy", "typ_nazov": "Mestské lesy", "sektor": "Drevo, lesníctvo a ostatné", "presnost": "obec", "t_rok": 0, "odpady": [{"kod": "konare_stiepka", "nazov": "Konáre a drevná štiepka z údržby zelene", "kat": "20 02 01"}, {"kod": "kora", "nazov": "Odpadová kôra", "kat": "03 01 01"}, {"kod": "odrezky_dreva", "nazov": "Odrezky a drevný odpad", "kat": "03 01 05"}, {"kod": "lesna_stiepka", "nazov": "Lesná štiepka a haluzina", "kat": "02 01 07"}]}}, {"type": "Feature", "geometry": {"type": "Point", "coordinates": [19.302965, 49.08187]}, "properties": {"ico": "31603271", "nazov": "Mestské lesy, spol. s r.o. Ružomberok", "obec": "Ružomberok", "okres": "Ružomberok", "kraj": "Žilinský", "typ": "mestske_lesy", "typ_nazov": "Mestské lesy", "sektor": "Drevo, lesníctvo a ostatné", "presnost": "obec", "t_rok": 0, "odpady": [{"kod": "konare_stiepka", "nazov": "Konáre a drevná štiepka z údržby zelene", "kat": "20 02 01"}, {"kod": "kora", "nazov": "Odpadová kôra", "kat": "03 01 01"}, {"kod": "odrezky_dreva", "nazov": "Odrezky a drevný odpad", "kat": "03 01 05"}, {"kod": "lesna_stiepka", "nazov": "Lesná štiepka a haluzina", "kat": "02 01 07"}]}}, {"type": "Feature", "geometry": {"type": "Point", "coordinates": [19.358256, 48.748315]}, "properties": {"ico": "31605397", "nazov": "Obecná píla Ľubietová, spol. s r.o.", "obec": "Ľubietová", "okres": "Banská Bystrica", "kraj": "Banskobystrický", "typ": "pila", "typ_nazov": "Píla a drevospracovanie", "sektor": "Drevo, lesníctvo a ostatné", "presnost": "obec", "t_rok": 0, "odpady": [{"kod": "kora", "nazov": "Odpadová kôra", "kat": "03 01 01"}, {"kod": "piliny", "nazov": "Piliny a hobliny", "kat": "03 01 05"}, {"kod": "odrezky_dreva", "nazov": "Odrezky a drevný odpad", "kat": "03 01 05"}]}}, {"type": "Feature", "geometry": {"type": "Point", "coordinates": [19.29539, 49.218073]}, "properties": {"ico": "31609911", "nazov": "Technické služby, s.r.o. Dolný Kubín", "obec": "Dolný Kubín", "okres": "Dolný Kubín", "kraj": "Žilinský", "typ": "technicke_sluzby", "typ_nazov": "Technické služby mesta / obce", "sektor": "Komunálny a gastro bioodpad", "presnost": "obec", "t_rok": 0, "odpady": [{"kod": "travna_hmota_kosba", "nazov": "Trávna hmota z kosby verejnej zelene", "kat": "20 02 01"}, {"kod": "konare_stiepka", "nazov": "Konáre a drevná štiepka z údržby zelene", "kat": "20 02 01"}, {"kod": "listie", "nazov": "Lístie z verejnej zelene", "kat": "20 02 01"}, {"kod": "bro_zahrady", "nazov": "Biologicky rozložiteľný odpad zo záhrad", "kat": "20 02 01"}, {"kod": "odpad_trhoviska", "nazov": "Odpad z trhovísk", "kat": "20 03 02"}]}}, {"type": "Feature", "geometry": {"type": "Point", "coordinates": [19.29539, 49.218073]}, "properties": {"ico": "31611907", "nazov": "DOBROTA Orava, s.r.o.", "obec": "Dolný Kubín", "okres": "Dolný Kubín", "kraj": "Žilinský", "typ": "pekaren", "typ_nazov": "Pekáreň", "sektor": "Potravinárstvo a nápoje", "presnost": "obec", "t_rok": 0, "odpady": [{"kod": "pekarenske_zvysky", "nazov": "Pekárenské zvyšky", "kat": "02 06 01"}, {"kod": "cestovinove_zvysky", "nazov": "Cestovinové a múčne zvyšky", "kat": "02 06 01"}]}}, {"type": "Feature", "geometry": {"type": "Point", "coordinates": [18.447319, 49.114507]}, "properties": {"ico": "31613314", "nazov": "Mestské lesy Považská Bystrica, s.r.o.", "obec": "Považská Bystrica", "okres": "Považská Bystrica", "kraj": "Trenčiansky", "typ": "mestske_lesy", "typ_nazov": "Mestské lesy", "sektor": "Drevo, lesníctvo a ostatné", "presnost": "obec", "t_rok": 0, "odpady": [{"kod": "konare_stiepka", "nazov": "Konáre a drevná štiepka z údržby zelene", "kat": "20 02 01"}, {"kod": "kora", "nazov": "Odpadová kôra", "kat": "03 01 01"}, {"kod": "odrezky_dreva", "nazov": "Odrezky a drevný odpad", "kat": "03 01 05"}, {"kod": "lesna_stiepka", "nazov": "Lesná štiepka a haluzina", "kat": "02 01 07"}]}}, {"type": "Feature", "geometry": {"type": "Point", "coordinates": [19.069182, 48.352728]}, "properties": {"ico": "31616798", "nazov": "Mestské lesy, s.r.o. Krupina", "obec": "Krupina", "okres": "Krupina", "kraj": "Banskobystrický", "typ": "mestske_lesy", "typ_nazov": "Mestské lesy", "sektor": "Drevo, lesníctvo a ostatné", "presnost": "obec", "t_rok": 0, "odpady": [{"kod": "konare_stiepka", "nazov": "Konáre a drevná štiepka z údržby zelene", "kat": "20 02 01"}, {"kod": "kora", "nazov": "Odpadová kôra", "kat": "03 01 01"}, {"kod": "odrezky_dreva", "nazov": "Odrezky a drevný odpad", "kat": "03 01 05"}, {"kod": "lesna_stiepka", "nazov": "Lesná štiepka a haluzina", "kat": "02 01 07"}]}}, {"type": "Feature", "geometry": {"type": "Point", "coordinates": [19.462852, 48.813419]}, "properties": {"ico": "31619002", "nazov": "HYDINÁREŇ ZÁMOSTIE, s.r.o.", "obec": "Predajná", "okres": "Brezno", "kraj": "Banskobystrický", "typ": "hydina", "typ_nazov": "Hydinárska prevádzka", "sektor": "Poľnohospodárstvo a chov", "presnost": "obec", "t_rok": 0, "odpady": [{"kod": "krv_bitunok", "nazov": "Krv z bitúnku", "kat": "02 02 03"}, {"kod": "perie", "nazov": "Perie z hydinových bitúnkov", "kat": "02 02 02"}, {"kod": "hydinovy_trus", "nazov": "Hydinový trus a podstielka", "kat": "02 01 06"}, {"kod": "kadavery", "nazov": "Uhynuté zvieratá (kadávery)", "kat": "02 01 02"}, {"kod": "zvp_kat3", "nazov": "Živočíšne vedľajšie produkty kategórie 3", "kat": "02 02 02"}, {"kod": "zvp_kat2", "nazov": "Živočíšne vedľajšie produkty kategórie 2", "kat": "02 02 02"}]}}, {"type": "Feature", "geometry": {"type": "Point", "coordinates": [18.433333, 48.95]}, "properties": {"ico": "31628842", "nazov": "FARMA Zliechov, spol. s r.o.", "obec": "Zliechov", "okres": "Ilava", "kraj": "Trenčiansky", "typ": "farma", "typ_nazov": "Živočíšna farma", "sektor": "Poľnohospodárstvo a chov", "presnost": "obec", "t_rok": 0, "odpady": [{"kod": "travna_hmota_ttp", "nazov": "Trávna hmota z lúk a TTP", "kat": "02 01 03"}, {"kod": "hnoj_hovadzi", "nazov": "Maštaľný hnoj hovädzí", "kat": "02 01 06"}, {"kod": "hnojovica_osipane", "nazov": "Hnojovica ošípaných", "kat": "02 01 06"}, {"kod": "ovciarsky_hnoj", "nazov": "Ovčí a kozí hnoj", "kat": "02 01 06"}, {"kod": "kadavery", "nazov": "Uhynuté zvieratá (kadávery)", "kat": "02 01 02"}]}}, {"type": "Feature", "geometry": {"type": "Point", "coordinates": [19.128476, 48.576512]}, "properties": {"ico": "31629857", "nazov": "Zvolenská mliekareň s.r.o.", "obec": "Zvolen", "okres": "Zvolen", "kraj": "Banskobystrický", "typ": "mliekaren", "typ_nazov": "Mliekáreň", "sektor": "Potravinárstvo a nápoje", "presnost": "obec", "t_rok": 0, "odpady": [{"kod": "srvatka_sladka", "nazov": "Sladká srvátka", "kat": "02 05 01"}, {"kod": "srvatka_kysla", "nazov": "Kyslá srvátka", "kat": "02 05 01"}, {"kod": "srvatkovy_permeat", "nazov": "Srvátkový permeát", "kat": "02 05 01"}, {"kod": "cmar", "nazov": "Cmar", "kat": "02 05 01"}, {"kod": "mliekarensky_kal", "nazov": "Kal z mliekarenskej ČOV", "kat": "02 05 02"}]}}, {"type": "Feature", "geometry": {"type": "Point", "coordinates": [17.112478, 48.140553]}, "properties": {"ico": "31634184", "nazov": "Hotel Podjavorník s.r.o.", "obec": "Bratislava - mestská časť Staré Mesto", "okres": "Bratislava I", "kraj": "Bratislavský", "typ": "hotel", "typ_nazov": "Hotel", "sektor": "Gastro a stravovacie zariadenia", "presnost": "mestska_cast", "t_rok": 0, "odpady": [{"kod": "bro_zahrady", "nazov": "Biologicky rozložiteľný odpad zo záhrad", "kat": "20 02 01"}, {"kod": "zvysky_z_taniera", "nazov": "Zvyšky z taniera", "kat": "20 01 08"}, {"kod": "gastro_kuchynsky_odpad", "nazov": "Kuchynský odpad z reštaurácií a hotelov", "kat": "20 01 08"}, {"kod": "gastro_fritovaci_olej", "nazov": "Použitý fritovací olej z gastroprevádzok", "kat": "20 01 25"}, {"kod": "gastro_kavova_sedlina", "nazov": "Kávová sedlina z gastroprevádzok", "kat": "20 01 08"}]}}, {"type": "Feature", "geometry": {"type": "Point", "coordinates": [19.302965, 49.08187]}, "properties": {"ico": "31637051", "nazov": "Mondi SCP, a.s.", "obec": "Ružomberok", "okres": "Ružomberok", "kraj": "Žilinský", "typ": "papierne", "typ_nazov": "Papiereň a celulózka", "sektor": "Drevo, lesníctvo a ostatné", "presnost": "obec", "t_rok": 0, "odpady": [{"kod": "kora", "nazov": "Odpadová kôra", "kat": "03 01 01"}, {"kod": "papierensky_kal", "nazov": "Papierenský kal", "kat": "03 03 11"}, {"kod": "vlaknity_vymet", "nazov": "Výmety z vlákien a plnív", "kat": "03 03 10"}]}}, {"type": "Feature", "geometry": {"type": "Point", "coordinates": [19.942023, 48.681]}, "properties": {"ico": "31638767", "nazov": "Mestské lesy Tisovec s.r.o.", "obec": "Tisovec", "okres": "Rimavská Sobota", "kraj": "Banskobystrický", "typ": "mestske_lesy", "typ_nazov": "Mestské lesy", "sektor": "Drevo, lesníctvo a ostatné", "presnost": "obec", "t_rok": 0, "odpady": [{"kod": "konare_stiepka", "nazov": "Konáre a drevná štiepka z údržby zelene", "kat": "20 02 01"}, {"kod": "kora", "nazov": "Odpadová kôra", "kat": "03 01 01"}, {"kod": "odrezky_dreva", "nazov": "Odrezky a drevný odpad", "kat": "03 01 05"}, {"kod": "lesna_stiepka", "nazov": "Lesná štiepka a haluzina", "kat": "02 01 07"}]}}, {"type": "Feature", "geometry": {"type": "Point", "coordinates": [18.89828, 48.458093]}, "properties": {"ico": "31638775", "nazov": "Mestské lesy Banská Štiavnica, spol. s r.o.", "obec": "Banská Štiavnica", "okres": "Banská Štiavnica", "kraj": "Banskobystrický", "typ": "mestske_lesy", "typ_nazov": "Mestské lesy", "sektor": "Drevo, lesníctvo a ostatné", "presnost": "obec", "t_rok": 0, "odpady": [{"kod": "konare_stiepka", "nazov": "Konáre a drevná štiepka z údržby zelene", "kat": "20 02 01"}, {"kod": "kora", "nazov": "Odpadová kôra", "kat": "03 01 01"}, {"kod": "odrezky_dreva", "nazov": "Odrezky a drevný odpad", "kat": "03 01 05"}, {"kod": "lesna_stiepka", "nazov": "Lesná štiepka a haluzina", "kat": "02 01 07"}]}}, {"type": "Feature", "geometry": {"type": "Point", "coordinates": [18.581862, 48.78]}, "properties": {"ico": "31639216", "nazov": "Výskumný ústav ovocných a okrasných drevín a.s. (VÚOOD, a.s.)", "obec": "Bojnice", "okres": "Prievidza", "kraj": "Trenčiansky", "typ": "ovocne_sady", "typ_nazov": "Ovocné sady a spracovanie ovocia", "sektor": "Poľnohospodárstvo a chov", "presnost": "obec", "t_rok": 0, "odpady": [{"kod": "jablcne_vylisky", "nazov": "Jablčné výlisky", "kat": "02 07 04"}, {"kod": "bobulove_vylisky", "nazov": "Výlisky z bobuľového ovocia", "kat": "02 07 04"}, {"kod": "vnate_pozberove", "nazov": "Vňate a pozberové zvyšky zeleniny", "kat": "02 01 03"}]}}, {"type": "Feature", "geometry": {"type": "Point", "coordinates": [18.788221, 49.440819]}, "properties": {"ico": "31640265", "nazov": "Kysucké pekárne, a.s.", "obec": "Čadca", "okres": "Čadca", "kraj": "Žilinský", "typ": "pekaren", "typ_nazov": "Pekáreň", "sektor": "Potravinárstvo a nápoje", "presnost": "obec", "t_rok": 0, "odpady": [{"kod": "pekarenske_zvysky", "nazov": "Pekárenské zvyšky", "kat": "02 06 01"}, {"kod": "cestovinove_zvysky", "nazov": "Cestovinové a múčne zvyšky", "kat": "02 06 01"}]}}, {"type": "Feature", "geometry": {"type": "Point", "coordinates": [19.050931, 48.815627]}, "properties": {"ico": "31642365", "nazov": "Mestské lesy Banská Bystrica s.r.o.", "obec": "Dolný Harmanec", "okres": "Banská Bystrica", "kraj": "Banskobystrický", "typ": "mestske_lesy", "typ_nazov": "Mestské lesy", "sektor": "Drevo, lesníctvo a ostatné", "presnost": "obec", "t_rok": 0, "odpady": [{"kod": "konare_stiepka", "nazov": "Konáre a drevná štiepka z údržby zelene", "kat": "20 02 01"}, {"kod": "kora", "nazov": "Odpadová kôra", "kat": "03 01 01"}, {"kod": "odrezky_dreva", "nazov": "Odrezky a drevný odpad", "kat": "03 01 05"}, {"kod": "lesna_stiepka", "nazov": "Lesná štiepka a haluzina", "kat": "02 01 07"}]}}, {"type": "Feature", "geometry": {"type": "Point", "coordinates": [18.333333, 49.066667]}, "properties": {"ico": "31644571", "nazov": "FARMA JANEK, spol. s r.o.", "obec": "Beluša", "okres": "Púchov", "kraj": "Trenčiansky", "typ": "farma", "typ_nazov": "Živočíšna farma", "sektor": "Poľnohospodárstvo a chov", "presnost": "obec", "t_rok": 0, "odpady": [{"kod": "travna_hmota_ttp", "nazov": "Trávna hmota z lúk a TTP", "kat": "02 01 03"}, {"kod": "hnoj_hovadzi", "nazov": "Maštaľný hnoj hovädzí", "kat": "02 01 06"}, {"kod": "hnojovica_osipane", "nazov": "Hnojovica ošípaných", "kat": "02 01 06"}, {"kod": "ovciarsky_hnoj", "nazov": "Ovčí a kozí hnoj", "kat": "02 01 06"}, {"kod": "kadavery", "nazov": "Uhynuté zvieratá (kadávery)", "kat": "02 01 02"}]}}, {"type": "Feature", "geometry": {"type": "Point", "coordinates": [21.2, 49.05]}, "properties": {"ico": "31648479", "nazov": "Plzeňský Prazdroj Slovensko, a.s.", "obec": "Veľký Šariš", "okres": "Prešov", "kraj": "Prešovský", "typ": "pivovar", "typ_nazov": "Pivovar / minipivovar", "sektor": "Potravinárstvo a nápoje", "presnost": "obec", "t_rok": 0, "odpady": [{"kod": "pivovarske_mlato", "nazov": "Pivovarské mláto", "kat": "02 07 01"}, {"kod": "pivovarske_kvasnice", "nazov": "Pivovarské kvasnice", "kat": "02 07 05"}, {"kod": "chmelovy_mlat", "nazov": "Chmeľový mlát", "kat": "02 07 01"}, {"kod": "kremelinovy_kal", "nazov": "Kremelinový kal z filtrácie", "kat": "02 07 05"}]}}, {"type": "Feature", "geometry": {"type": "Point", "coordinates": [21.933333, 48.75]}, "properties": {"ico": "31651321", "nazov": "SYRÁREŇ BEL SLOVENSKO a.s.", "obec": "Michalovce", "okres": "Michalovce", "kraj": "Košický", "typ": "syraren", "typ_nazov": "Syráreň a bryndziareň", "sektor": "Potravinárstvo a nápoje", "presnost": "obec", "t_rok": 0, "odpady": [{"kod": "srvatka_sladka", "nazov": "Sladká srvátka", "kat": "02 05 01"}, {"kod": "srvatka_kysla", "nazov": "Kyslá srvátka", "kat": "02 05 01"}, {"kod": "mliekarensky_kal", "nazov": "Kal z mliekarenskej ČOV", "kat": "02 05 02"}, {"kod": "syrarska_srvatka_tuh", "nazov": "Tuhé zvyšky zo syrárskej výroby", "kat": "02 05 01"}]}}, {"type": "Feature", "geometry": {"type": "Point", "coordinates": [20.430447, 49.136318]}, "properties": {"ico": "31654363", "nazov": "Tatranská mliekareň a.s.", "obec": "Kežmarok", "okres": "Kežmarok", "kraj": "Prešovský", "typ": "mliekaren", "typ_nazov": "Mliekáreň", "sektor": "Potravinárstvo a nápoje", "presnost": "obec", "t_rok": 0, "odpady": [{"kod": "srvatka_sladka", "nazov": "Sladká srvátka", "kat": "02 05 01"}, {"kod": "srvatka_kysla", "nazov": "Kyslá srvátka", "kat": "02 05 01"}, {"kod": "srvatkovy_permeat", "nazov": "Srvátkový permeát", "kat": "02 05 01"}, {"kod": "cmar", "nazov": "Cmar", "kat": "02 05 01"}, {"kod": "mliekarensky_kal", "nazov": "Kal z mliekarenskej ČOV", "kat": "02 05 02"}]}}, {"type": "Feature", "geometry": {"type": "Point", "coordinates": [21.252273, 49.000411]}, "properties": {"ico": "31669794", "nazov": "MÄSOPRODUKT, a.s., Prešov", "obec": "Prešov", "okres": "Prešov", "kraj": "Prešovský", "typ": "masovyroba", "typ_nazov": "Mäsospracovanie", "sektor": "Potravinárstvo a nápoje", "presnost": "obec", "t_rok": 0, "odpady": [{"kod": "kostny_zvysok", "nazov": "Kosti a kostné zvyšky", "kat": "02 02 02"}, {"kod": "kozne_odrezky", "nazov": "Kožné odrezky a podkožný tuk", "kat": "02 02 02"}, {"kod": "masovy_flotacny_kal", "nazov": "Flotačný kal z mäsospracovania", "kat": "02 02 04"}, {"kod": "zvp_kat3", "nazov": "Živočíšne vedľajšie produkty kategórie 3", "kat": "02 02 02"}, {"kod": "technicky_zivocisny_tuk", "nazov": "Technický živočíšny tuk", "kat": "02 02 03"}, {"kod": "masokostna_mucka", "nazov": "Mäsokostná múčka", "kat": "02 02 02"}]}}, {"type": "Feature", "geometry": {"type": "Point", "coordinates": [21.249677, 48.717227]}, "properties": {"ico": "31672981", "nazov": "Mestské lesy Košice a.s.", "obec": "Košice", "okres": "Košice I", "kraj": "Košický", "typ": "mestske_lesy", "typ_nazov": "Mestské lesy", "sektor": "Drevo, lesníctvo a ostatné", "presnost": "obec", "t_rok": 0, "odpady": [{"kod": "konare_stiepka", "nazov": "Konáre a drevná štiepka z údržby zelene", "kat": "20 02 01"}, {"kod": "kora", "nazov": "Odpadová kôra", "kat": "03 01 01"}, {"kod": "odrezky_dreva", "nazov": "Odrezky a drevný odpad", "kat": "03 01 05"}, {"kod": "lesna_stiepka", "nazov": "Lesná štiepka a haluzina", "kat": "02 01 07"}]}}, {"type": "Feature", "geometry": {"type": "Point", "coordinates": [20.116667, 48.683333]}, "properties": {"ico": "31673449", "nazov": "Mestské lesy, Revúca spol. s r.o.", "obec": "Revúca", "okres": "Revúca", "kraj": "Banskobystrický", "typ": "mestske_lesy", "typ_nazov": "Mestské lesy", "sektor": "Drevo, lesníctvo a ostatné", "presnost": "obec", "t_rok": 0, "odpady": [{"kod": "konare_stiepka", "nazov": "Konáre a drevná štiepka z údržby zelene", "kat": "20 02 01"}, {"kod": "kora", "nazov": "Odpadová kôra", "kat": "03 01 01"}, {"kod": "odrezky_dreva", "nazov": "Odrezky a drevný odpad", "kat": "03 01 05"}, {"kod": "lesna_stiepka", "nazov": "Lesná štiepka a haluzina", "kat": "02 01 07"}]}}, {"type": "Feature", "geometry": {"type": "Point", "coordinates": [20.430447, 49.136318]}, "properties": {"ico": "31677258", "nazov": "PEKÁREŇ GROS, spol. s r.o.", "obec": "Kežmarok", "okres": "Kežmarok", "kraj": "Prešovský", "typ": "pekaren", "typ_nazov": "Pekáreň", "sektor": "Potravinárstvo a nápoje", "presnost": "obec", "t_rok": 0, "odpady": [{"kod": "pekarenske_zvysky", "nazov": "Pekárenské zvyšky", "kat": "02 06 01"}, {"kod": "cestovinove_zvysky", "nazov": "Cestovinové a múčne zvyšky", "kat": "02 06 01"}]}}, {"type": "Feature", "geometry": {"type": "Point", "coordinates": [20.364743, 48.821028]}, "properties": {"ico": "31683410", "nazov": "Mestské lesy Dobšiná, spol. s r.o.", "obec": "Dobšiná", "okres": "Rožňava", "kraj": "Košický", "typ": "mestske_lesy", "typ_nazov": "Mestské lesy", "sektor": "Drevo, lesníctvo a ostatné", "presnost": "obec", "t_rok": 0, "odpady": [{"kod": "konare_stiepka", "nazov": "Konáre a drevná štiepka z údržby zelene", "kat": "20 02 01"}, {"kod": "kora", "nazov": "Odpadová kôra", "kat": "03 01 01"}, {"kod": "odrezky_dreva", "nazov": "Odrezky a drevný odpad", "kat": "03 01 05"}, {"kod": "lesna_stiepka", "nazov": "Lesná štiepka a haluzina", "kat": "02 01 07"}]}}, {"type": "Feature", "geometry": {"type": "Point", "coordinates": [22.155625, 48.990062]}, "properties": {"ico": "31683843", "nazov": "PILA TERA, spol. s r.o.", "obec": "Snina", "okres": "Snina", "kraj": "Prešovský", "typ": "pila", "typ_nazov": "Píla a drevospracovanie", "sektor": "Drevo, lesníctvo a ostatné", "presnost": "obec", "t_rok": 0, "odpady": [{"kod": "kora", "nazov": "Odpadová kôra", "kat": "03 01 01"}, {"kod": "piliny", "nazov": "Piliny a hobliny", "kat": "03 01 05"}, {"kod": "odrezky_dreva", "nazov": "Odrezky a drevný odpad", "kat": "03 01 05"}]}}, {"type": "Feature", "geometry": {"type": "Point", "coordinates": [20.24008, 48.627976]}, "properties": {"ico": "31686541", "nazov": "Mestské lesy Jelšava, s.r.o.", "obec": "Jelšava", "okres": "Revúca", "kraj": "Banskobystrický", "typ": "mestske_lesy", "typ_nazov": "Mestské lesy", "sektor": "Drevo, lesníctvo a ostatné", "presnost": "obec", "t_rok": 0, "odpady": [{"kod": "konare_stiepka", "nazov": "Konáre a drevná štiepka z údržby zelene", "kat": "20 02 01"}, {"kod": "kora", "nazov": "Odpadová kôra", "kat": "03 01 01"}, {"kod": "odrezky_dreva", "nazov": "Odrezky a drevný odpad", "kat": "03 01 05"}, {"kod": "lesna_stiepka", "nazov": "Lesná štiepka a haluzina", "kat": "02 01 07"}]}}, {"type": "Feature", "geometry": {"type": "Point", "coordinates": [20.966667, 49.15]}, "properties": {"ico": "31704735", "nazov": "TECHNICKÉ SLUŽBY, spol. s r.o. Lipany", "obec": "Lipany", "okres": "Sabinov", "kraj": "Prešovský", "typ": "technicke_sluzby", "typ_nazov": "Technické služby mesta / obce", "sektor": "Komunálny a gastro bioodpad", "presnost": "obec", "t_rok": 0, "odpady": [{"kod": "travna_hmota_kosba", "nazov": "Trávna hmota z kosby verejnej zelene", "kat": "20 02 01"}, {"kod": "konare_stiepka", "nazov": "Konáre a drevná štiepka z údržby zelene", "kat": "20 02 01"}, {"kod": "listie", "nazov": "Lístie z verejnej zelene", "kat": "20 02 01"}, {"kod": "bro_zahrady", "nazov": "Biologicky rozložiteľný odpad zo záhrad", "kat": "20 02 01"}, {"kod": "odpad_trhoviska", "nazov": "Odpad z trhovísk", "kat": "20 03 02"}]}}, {"type": "Feature", "geometry": {"type": "Point", "coordinates": [21.854297, 48.577134]}, "properties": {"ico": "31713891", "nazov": "Agropotravinárske družstvo Malčice", "obec": "Malčice", "okres": "Michalovce", "kraj": "Košický", "typ": "vinarstvo", "typ_nazov": "Vinárstvo", "sektor": "Potravinárstvo a nápoje", "presnost": "obec", "t_rok": 0, "odpady": [{"kod": "hroznove_vylisky", "nazov": "Hroznové výlisky (matolina)", "kat": "02 07 04"}, {"kod": "vinne_kaly", "nazov": "Vínne kaly", "kat": "02 07 05"}, {"kod": "hroznove_stopky", "nazov": "Hroznové stopky (strapiny)", "kat": "02 07 01"}]}}, {"type": "Feature", "geometry": {"type": "Point", "coordinates": [21.680564, 48.890524]}, "properties": {"ico": "31737200", "nazov": "COOP Jednota Vranov nad Topľou, spotrebné družstvo", "obec": "Vranov nad Topľou", "okres": "Vranov nad Topľou", "kraj": "Prešovský", "typ": "retail_druzstvo", "typ_nazov": "Spotrebné družstvo (predajne)", "sektor": "Retail a distribúcia potravín", "presnost": "obec", "t_rok": 0, "odpady": [{"kod": "retail_ovocie_zelenina", "nazov": "Neupredané ovocie a zelenina z predajní", "kat": "20 01 08"}, {"kod": "retail_pecivo", "nazov": "Neupredané pečivo a pekárske výrobky", "kat": "02 06 01"}, {"kod": "retail_mliecne", "nazov": "Mliečne výrobky po dátume minimálnej trvanlivosti", "kat": "20 01 08"}, {"kod": "retail_maso_zvysky", "nazov": "Mäsové a údenárske výrobky po dátume spotreby", "kat": "02 02 03"}, {"kod": "retail_zmesovy", "nazov": "Zmesový potravinový odpad z predajne", "kat": "20 01 08"}]}}, {"type": "Feature", "geometry": {"type": "Point", "coordinates": [17.207422, 48.130042]}, "properties": {"ico": "31745041", "nazov": "Základná škola, Podzáhradná 51, Bratislava", "obec": "Bratislava - mestská časť Podunajské Biskupice", "okres": "Bratislava II", "kraj": "Bratislavský", "typ": "skola_zakladna", "typ_nazov": "Základná škola", "sektor": "Gastro a stravovacie zariadenia", "presnost": "mestska_cast", "t_rok": 1.77, "odpady": [{"kod": "bro_zahrady", "nazov": "Biologicky rozložiteľný odpad zo záhrad", "kat": "20 02 01"}, {"kod": "skolsky_kuchynsky_odpad", "nazov": "Kuchynský odpad zo školských jedální", "kat": "20 01 08"}, {"kod": "zvysky_z_taniera", "nazov": "Zvyšky z taniera", "kat": "20 01 08"}, {"kod": "gastro_kavova_sedlina", "nazov": "Kávová sedlina z gastroprevádzok", "kat": "20 01 08"}]}}, {"type": "Feature", "geometry": {"type": "Point", "coordinates": [17.207422, 48.130042]}, "properties": {"ico": "31748198", "nazov": "Základná škola s materskou školou s VJM, Vetvárska 7, Bratislava", "obec": "Bratislava - mestská časť Podunajské Biskupice", "okres": "Bratislava II", "kraj": "Bratislavský", "typ": "skola_zakladna", "typ_nazov": "Základná škola", "sektor": "Gastro a stravovacie zariadenia", "presnost": "mestska_cast", "t_rok": 1.77, "odpady": [{"kod": "bro_zahrady", "nazov": "Biologicky rozložiteľný odpad zo záhrad", "kat": "20 02 01"}, {"kod": "skolsky_kuchynsky_odpad", "nazov": "Kuchynský odpad zo školských jedální", "kat": "20 01 08"}, {"kod": "zvysky_z_taniera", "nazov": "Zvyšky z taniera", "kat": "20 01 08"}, {"kod": "gastro_kavova_sedlina", "nazov": "Kávová sedlina z gastroprevádzok", "kat": "20 01 08"}]}}, {"type": "Feature", "geometry": {"type": "Point", "coordinates": [17.207422, 48.130042]}, "properties": {"ico": "31748201", "nazov": "Základná škola, Biskupická 21, Bratislava", "obec": "Bratislava - mestská časť Podunajské Biskupice", "okres": "Bratislava II", "kraj": "Bratislavský", "typ": "skola_zakladna", "typ_nazov": "Základná škola", "sektor": "Gastro a stravovacie zariadenia", "presnost": "mestska_cast", "t_rok": 1.77, "odpady": [{"kod": "bro_zahrady", "nazov": "Biologicky rozložiteľný odpad zo záhrad", "kat": "20 02 01"}, {"kod": "skolsky_kuchynsky_odpad", "nazov": "Kuchynský odpad zo školských jedální", "kat": "20 01 08"}, {"kod": "zvysky_z_taniera", "nazov": "Zvyšky z taniera", "kat": "20 01 08"}, {"kod": "gastro_kavova_sedlina", "nazov": "Kávová sedlina z gastroprevádzok", "kat": "20 01 08"}]}}, {"type": "Feature", "geometry": {"type": "Point", "coordinates": [17.110791, 48.111346]}, "properties": {"ico": "31754929", "nazov": "Základná škola, Černyševského 8, Bratislava", "obec": "Bratislava - mestská časť Petržalka", "okres": "Bratislava V", "kraj": "Bratislavský", "typ": "skola_zakladna", "typ_nazov": "Základná škola", "sektor": "Gastro a stravovacie zariadenia", "presnost": "mestska_cast", "t_rok": 1.77, "odpady": [{"kod": "bro_zahrady", "nazov": "Biologicky rozložiteľný odpad zo záhrad", "kat": "20 02 01"}, {"kod": "skolsky_kuchynsky_odpad", "nazov": "Kuchynský odpad zo školských jedální", "kat": "20 01 08"}, {"kod": "zvysky_z_taniera", "nazov": "Zvyšky z taniera", "kat": "20 01 08"}, {"kod": "gastro_kavova_sedlina", "nazov": "Kávová sedlina z gastroprevádzok", "kat": "20 01 08"}]}}, {"type": "Feature", "geometry": {"type": "Point", "coordinates": [17.27028, 48.285586]}, "properties": {"ico": "31770398", "nazov": "Centrum sociálnych služieb Pod Karpatmi", "obec": "Pezinok", "okres": "Pezinok", "kraj": "Bratislavský", "typ": "socialne_zariadenie", "typ_nazov": "Zariadenie sociálnych služieb", "sektor": "Gastro a stravovacie zariadenia", "presnost": "obec", "t_rok": 0, "odpady": [{"kod": "bro_zahrady", "nazov": "Biologicky rozložiteľný odpad zo záhrad", "kat": "20 02 01"}, {"kod": "zvysky_z_taniera", "nazov": "Zvyšky z taniera", "kat": "20 01 08"}, {"kod": "nemocnicny_kuchynsky_odpad", "nazov": "Kuchynský odpad zo zdravotníckych a sociálnych zariadení", "kat": "20 01 08"}]}}, {"type": "Feature", "geometry": {"type": "Point", "coordinates": [17.207422, 48.130042]}, "properties": {"ico": "31780741", "nazov": "Základná škola, Bieloruská 1, Bratislava", "obec": "Bratislava - mestská časť Podunajské Biskupice", "okres": "Bratislava II", "kraj": "Bratislavský", "typ": "skola_zakladna", "typ_nazov": "Základná škola", "sektor": "Gastro a stravovacie zariadenia", "presnost": "mestska_cast", "t_rok": 1.77, "odpady": [{"kod": "bro_zahrady", "nazov": "Biologicky rozložiteľný odpad zo záhrad", "kat": "20 02 01"}, {"kod": "skolsky_kuchynsky_odpad", "nazov": "Kuchynský odpad zo školských jedální", "kat": "20 01 08"}, {"kod": "zvysky_z_taniera", "nazov": "Zvyšky z taniera", "kat": "20 01 08"}, {"kod": "gastro_kavova_sedlina", "nazov": "Kávová sedlina z gastroprevádzok", "kat": "20 01 08"}]}}, {"type": "Feature", "geometry": {"type": "Point", "coordinates": [17.207422, 48.130042]}, "properties": {"ico": "31787045", "nazov": "Materská škola, Estónska 5207/3, Bratislava", "obec": "Bratislava - mestská časť Podunajské Biskupice", "okres": "Bratislava II", "kraj": "Bratislavský", "typ": "skola_materska", "typ_nazov": "Materská škola", "sektor": "Gastro a stravovacie zariadenia", "presnost": "mestska_cast", "t_rok": 1.54, "odpady": [{"kod": "bro_zahrady", "nazov": "Biologicky rozložiteľný odpad zo záhrad", "kat": "20 02 01"}, {"kod": "skolsky_kuchynsky_odpad", "nazov": "Kuchynský odpad zo školských jedální", "kat": "20 01 08"}, {"kod": "zvysky_z_taniera", "nazov": "Zvyšky z taniera", "kat": "20 01 08"}]}}, {"type": "Feature", "geometry": {"type": "Point", "coordinates": [17.15852, 48.405751]}, "properties": {"ico": "31810268", "nazov": "Základná škola s materskou školou, Kuchyňa 551", "obec": "Kuchyňa", "okres": "Malacky", "kraj": "Bratislavský", "typ": "skola_zakladna", "typ_nazov": "Základná škola", "sektor": "Gastro a stravovacie zariadenia", "presnost": "obec", "t_rok": 1.77, "odpady": [{"kod": "bro_zahrady", "nazov": "Biologicky rozložiteľný odpad zo záhrad", "kat": "20 02 01"}, {"kod": "skolsky_kuchynsky_odpad", "nazov": "Kuchynský odpad zo školských jedální", "kat": "20 01 08"}, {"kod": "zvysky_z_taniera", "nazov": "Zvyšky z taniera", "kat": "20 01 08"}, {"kod": "gastro_kavova_sedlina", "nazov": "Kávová sedlina z gastroprevádzok", "kat": "20 01 08"}]}}, {"type": "Feature", "geometry": {"type": "Point", "coordinates": [17.005391, 48.374094]}, "properties": {"ico": "31810276", "nazov": "Základná škola, Plavecký Štvrtok 351", "obec": "Plavecký Štvrtok", "okres": "Malacky", "kraj": "Bratislavský", "typ": "skola_zakladna", "typ_nazov": "Základná škola", "sektor": "Gastro a stravovacie zariadenia", "presnost": "obec", "t_rok": 1.77, "odpady": [{"kod": "bro_zahrady", "nazov": "Biologicky rozložiteľný odpad zo záhrad", "kat": "20 02 01"}, {"kod": "skolsky_kuchynsky_odpad", "nazov": "Kuchynský odpad zo školských jedální", "kat": "20 01 08"}, {"kod": "zvysky_z_taniera", "nazov": "Zvyšky z taniera", "kat": "20 01 08"}, {"kod": "gastro_kavova_sedlina", "nazov": "Kávová sedlina z gastroprevádzok", "kat": "20 01 08"}]}}, {"type": "Feature", "geometry": {"type": "Point", "coordinates": [17.231969, 48.465196]}, "properties": {"ico": "31810292", "nazov": "Základná škola, Školská ulica 7/19, Sološnica", "obec": "Sološnica", "okres": "Malacky", "kraj": "Bratislavský", "typ": "skola_zakladna", "typ_nazov": "Základná škola", "sektor": "Gastro a stravovacie zariadenia", "presnost": "obec", "t_rok": 1.77, "odpady": [{"kod": "bro_zahrady", "nazov": "Biologicky rozložiteľný odpad zo záhrad", "kat": "20 02 01"}, {"kod": "skolsky_kuchynsky_odpad", "nazov": "Kuchynský odpad zo školských jedální", "kat": "20 01 08"}, {"kod": "zvysky_z_taniera", "nazov": "Zvyšky z taniera", "kat": "20 01 08"}, {"kod": "gastro_kavova_sedlina", "nazov": "Kávová sedlina z gastroprevádzok", "kat": "20 01 08"}]}}, {"type": "Feature", "geometry": {"type": "Point", "coordinates": [17.405103, 48.360397]}, "properties": {"ico": "31810543", "nazov": "Základná škola s materskou školou, Budmerice 430", "obec": "Budmerice", "okres": "Pezinok", "kraj": "Bratislavský", "typ": "skola_zakladna", "typ_nazov": "Základná škola", "sektor": "Gastro a stravovacie zariadenia", "presnost": "obec", "t_rok": 1.77, "odpady": [{"kod": "bro_zahrady", "nazov": "Biologicky rozložiteľný odpad zo záhrad", "kat": "20 02 01"}, {"kod": "skolsky_kuchynsky_odpad", "nazov": "Kuchynský odpad zo školských jedální", "kat": "20 01 08"}, {"kod": "zvysky_z_taniera", "nazov": "Zvyšky z taniera", "kat": "20 01 08"}, {"kod": "gastro_kavova_sedlina", "nazov": "Kávová sedlina z gastroprevádzok", "kat": "20 01 08"}]}}, {"type": "Feature", "geometry": {"type": "Point", "coordinates": [16.922298, 48.468407]}, "properties": {"ico": "31811523", "nazov": "Materská škola, Hlavná 88, Gajary", "obec": "Gajary", "okres": "Malacky", "kraj": "Bratislavský", "typ": "skola_materska", "typ_nazov": "Materská škola", "sektor": "Gastro a stravovacie zariadenia", "presnost": "obec", "t_rok": 1.54, "odpady": [{"kod": "bro_zahrady", "nazov": "Biologicky rozložiteľný odpad zo záhrad", "kat": "20 02 01"}, {"kod": "skolsky_kuchynsky_odpad", "nazov": "Kuchynský odpad zo školských jedální", "kat": "20 01 08"}, {"kod": "zvysky_z_taniera", "nazov": "Zvyšky z taniera", "kat": "20 01 08"}]}}, {"type": "Feature", "geometry": {"type": "Point", "coordinates": [17.136328, 48.528061]}, "properties": {"ico": "31816924", "nazov": "Základná škola s materskou školou, Studienka 222", "obec": "Studienka", "okres": "Malacky", "kraj": "Bratislavský", "typ": "skola_zakladna", "typ_nazov": "Základná škola", "sektor": "Gastro a stravovacie zariadenia", "presnost": "obec", "t_rok": 1.77, "odpady": [{"kod": "bro_zahrady", "nazov": "Biologicky rozložiteľný odpad zo záhrad", "kat": "20 02 01"}, {"kod": "skolsky_kuchynsky_odpad", "nazov": "Kuchynský odpad zo školských jedální", "kat": "20 01 08"}, {"kod": "zvysky_z_taniera", "nazov": "Zvyšky z taniera", "kat": "20 01 08"}, {"kod": "gastro_kavova_sedlina", "nazov": "Kávová sedlina z gastroprevádzok", "kat": "20 01 08"}]}}, {"type": "Feature", "geometry": {"type": "Point", "coordinates": [17.397091, 48.334375]}, "properties": {"ico": "31817025", "nazov": "Základná škola s materskou školou, Vištuk 44", "obec": "Vištuk", "okres": "Pezinok", "kraj": "Bratislavský", "typ": "skola_zakladna", "typ_nazov": "Základná škola", "sektor": "Gastro a stravovacie zariadenia", "presnost": "obec", "t_rok": 1.77, "odpady": [{"kod": "bro_zahrady", "nazov": "Biologicky rozložiteľný odpad zo záhrad", "kat": "20 02 01"}, {"kod": "skolsky_kuchynsky_odpad", "nazov": "Kuchynský odpad zo školských jedální", "kat": "20 01 08"}, {"kod": "zvysky_z_taniera", "nazov": "Zvyšky z taniera", "kat": "20 01 08"}, {"kod": "gastro_kavova_sedlina", "nazov": "Kávová sedlina z gastroprevádzok", "kat": "20 01 08"}]}}, {"type": "Feature", "geometry": {"type": "Point", "coordinates": [17.263614, 48.082194]}, "properties": {"ico": "31817033", "nazov": "Školská jedáleň, Školská 257, Dunajská Lužná", "obec": "Dunajská Lužná", "okres": "Senec", "kraj": "Bratislavský", "typ": "skolska_jedalen", "typ_nazov": "Školská jedáleň", "sektor": "Gastro a stravovacie zariadenia", "presnost": "obec", "t_rok": 2.36, "odpady": [{"kod": "skolsky_kuchynsky_odpad", "nazov": "Kuchynský odpad zo školských jedální", "kat": "20 01 08"}, {"kod": "zvysky_z_taniera", "nazov": "Zvyšky z taniera", "kat": "20 01 08"}, {"kod": "gastro_fritovaci_olej", "nazov": "Použitý fritovací olej z gastroprevádzok", "kat": "20 01 25"}]}}, {"type": "Feature", "geometry": {"type": "Point", "coordinates": [18.1, 48.983333]}, "properties": {"ico": "31822665", "nazov": "Centrum sociálnych služieb - LIPOVEC", "obec": "Horné Srnie", "okres": "Trenčín", "kraj": "Trenčiansky", "typ": "socialne_zariadenie", "typ_nazov": "Zariadenie sociálnych služieb", "sektor": "Gastro a stravovacie zariadenia", "presnost": "obec", "t_rok": 0, "odpady": [{"kod": "bro_zahrady", "nazov": "Biologicky rozložiteľný odpad zo záhrad", "kat": "20 02 01"}, {"kod": "zvysky_z_taniera", "nazov": "Zvyšky z taniera", "kat": "20 01 08"}, {"kod": "nemocnicny_kuchynsky_odpad", "nazov": "Kuchynský odpad zo zdravotníckych a sociálnych zariadení", "kat": "20 01 08"}]}}, {"type": "Feature", "geometry": {"type": "Point", "coordinates": [17.149745, 48.640447]}, "properties": {"ico": "31824064", "nazov": "Zariadenie pre seniorov Šaštín-Stráže", "obec": "Šaštín-Stráže", "okres": "Senica", "kraj": "Trnavský", "typ": "socialne_zariadenie", "typ_nazov": "Zariadenie sociálnych služieb", "sektor": "Gastro a stravovacie zariadenia", "presnost": "obec", "t_rok": 0, "odpady": [{"kod": "bro_zahrady", "nazov": "Biologicky rozložiteľný odpad zo záhrad", "kat": "20 02 01"}, {"kod": "zvysky_z_taniera", "nazov": "Zvyšky z taniera", "kat": "20 01 08"}, {"kod": "nemocnicny_kuchynsky_odpad", "nazov": "Kuchynský odpad zo zdravotníckych a sociálnych zariadení", "kat": "20 01 08"}]}}, {"type": "Feature", "geometry": {"type": "Point", "coordinates": [17.99042, 47.91593]}, "properties": {"ico": "31824633", "nazov": "Zariadenie pre seniorov a denný stacionár Kolárovo", "obec": "Kolárovo", "okres": "Komárno", "kraj": "Nitriansky", "typ": "socialne_zariadenie", "typ_nazov": "Zariadenie sociálnych služieb", "sektor": "Gastro a stravovacie zariadenia", "presnost": "obec", "t_rok": 0, "odpady": [{"kod": "bro_zahrady", "nazov": "Biologicky rozložiteľný odpad zo záhrad", "kat": "20 02 01"}, {"kod": "zvysky_z_taniera", "nazov": "Zvyšky z taniera", "kat": "20 01 08"}, {"kod": "nemocnicny_kuchynsky_odpad", "nazov": "Kuchynský odpad zo zdravotníckych a sociálnych zariadení", "kat": "20 01 08"}]}}, {"type": "Feature", "geometry": {"type": "Point", "coordinates": [18.176052, 48.559116]}, "properties": {"ico": "31825796", "nazov": "„HARLEKÝN\", Zariadenie sociálnych služieb Topoľčany", "obec": "Topoľčany", "okres": "Topoľčany", "kraj": "Nitriansky", "typ": "socialne_zariadenie", "typ_nazov": "Zariadenie sociálnych služieb", "sektor": "Gastro a stravovacie zariadenia", "presnost": "obec", "t_rok": 0, "odpady": [{"kod": "bro_zahrady", "nazov": "Biologicky rozložiteľný odpad zo záhrad", "kat": "20 02 01"}, {"kod": "zvysky_z_taniera", "nazov": "Zvyšky z taniera", "kat": "20 01 08"}, {"kod": "nemocnicny_kuchynsky_odpad", "nazov": "Kuchynský odpad zo zdravotníckych a sociálnych zariadení", "kat": "20 01 08"}]}}, {"type": "Feature", "geometry": {"type": "Point", "coordinates": [19.480783, 49.409512]}, "properties": {"ico": "31897959", "nazov": "Súkromná Spojená škola EDUCO, Námestovo", "obec": "Námestovo", "okres": "Námestovo", "kraj": "Žilinský", "typ": "skola_stredna", "typ_nazov": "Stredná škola", "sektor": "Gastro a stravovacie zariadenia", "presnost": "obec", "t_rok": 1.56, "odpady": [{"kod": "bro_zahrady", "nazov": "Biologicky rozložiteľný odpad zo záhrad", "kat": "20 02 01"}, {"kod": "skolsky_kuchynsky_odpad", "nazov": "Kuchynský odpad zo školských jedální", "kat": "20 01 08"}, {"kod": "zvysky_z_taniera", "nazov": "Zvyšky z taniera", "kat": "20 01 08"}, {"kod": "gastro_fritovaci_olej", "nazov": "Použitý fritovací olej z gastroprevádzok", "kat": "20 01 25"}]}}, {"type": "Feature", "geometry": {"type": "Point", "coordinates": [19.640961, 48.805335]}, "properties": {"ico": "31908969", "nazov": "Nemocnica s poliklinikou Brezno, n.o.", "obec": "Brezno", "okres": "Brezno", "kraj": "Banskobystrický", "typ": "nemocnica", "typ_nazov": "Nemocnica", "sektor": "Gastro a stravovacie zariadenia", "presnost": "obec", "t_rok": 26.86, "odpady": [{"kod": "zvysky_z_taniera", "nazov": "Zvyšky z taniera", "kat": "20 01 08"}, {"kod": "nemocnicny_kuchynsky_odpad", "nazov": "Kuchynský odpad zo zdravotníckych a sociálnych zariadení", "kat": "20 01 08"}, {"kod": "gastro_fritovaci_olej", "nazov": "Použitý fritovací olej z gastroprevádzok", "kat": "20 01 25"}]}}, {"type": "Feature", "geometry": {"type": "Point", "coordinates": [17.783333, 48.25]}, "properties": {"ico": "32338261", "nazov": "Alžbeta Ladovičová Mäso-údeniny u Ladoviča", "obec": "Váhovce", "okres": "Galanta", "kraj": "Trnavský", "typ": "masovyroba", "typ_nazov": "Mäsospracovanie", "sektor": "Potravinárstvo a nápoje", "presnost": "obec", "t_rok": 0, "odpady": [{"kod": "kostny_zvysok", "nazov": "Kosti a kostné zvyšky", "kat": "02 02 02"}, {"kod": "kozne_odrezky", "nazov": "Kožné odrezky a podkožný tuk", "kat": "02 02 02"}, {"kod": "masovy_flotacny_kal", "nazov": "Flotačný kal z mäsospracovania", "kat": "02 02 04"}, {"kod": "zvp_kat3", "nazov": "Živočíšne vedľajšie produkty kategórie 3", "kat": "02 02 02"}, {"kod": "technicky_zivocisny_tuk", "nazov": "Technický živočíšny tuk", "kat": "02 02 03"}, {"kod": "masokostna_mucka", "nazov": "Mäsokostná múčka", "kat": "02 02 02"}]}}, {"type": "Feature", "geometry": {"type": "Point", "coordinates": [18.461012, 47.869087]}, "properties": {"ico": "32410182", "nazov": "Peter Bernáth - mäso, údeniny", "obec": "Nová Vieska", "okres": "Nové Zámky", "kraj": "Nitriansky", "typ": "masovyroba", "typ_nazov": "Mäsospracovanie", "sektor": "Potravinárstvo a nápoje", "presnost": "obec", "t_rok": 0, "odpady": [{"kod": "kostny_zvysok", "nazov": "Kosti a kostné zvyšky", "kat": "02 02 02"}, {"kod": "kozne_odrezky", "nazov": "Kožné odrezky a podkožný tuk", "kat": "02 02 02"}, {"kod": "masovy_flotacny_kal", "nazov": "Flotačný kal z mäsospracovania", "kat": "02 02 04"}, {"kod": "zvp_kat3", "nazov": "Živočíšne vedľajšie produkty kategórie 3", "kat": "02 02 02"}, {"kod": "technicky_zivocisny_tuk", "nazov": "Technický živočíšny tuk", "kat": "02 02 03"}, {"kod": "masokostna_mucka", "nazov": "Mäsokostná múčka", "kat": "02 02 02"}]}}, {"type": "Feature", "geometry": {"type": "Point", "coordinates": [17.565022, 48.754035]}, "properties": {"ico": "32716869", "nazov": "Milan Smaženka Mäso - údeniny", "obec": "Myjava", "okres": "Myjava", "kraj": "Trenčiansky", "typ": "masovyroba", "typ_nazov": "Mäsospracovanie", "sektor": "Potravinárstvo a nápoje", "presnost": "obec", "t_rok": 0, "odpady": [{"kod": "kostny_zvysok", "nazov": "Kosti a kostné zvyšky", "kat": "02 02 02"}, {"kod": "kozne_odrezky", "nazov": "Kožné odrezky a podkožný tuk", "kat": "02 02 02"}, {"kod": "masovy_flotacny_kal", "nazov": "Flotačný kal z mäsospracovania", "kat": "02 02 04"}, {"kod": "zvp_kat3", "nazov": "Živočíšne vedľajšie produkty kategórie 3", "kat": "02 02 02"}, {"kod": "technicky_zivocisny_tuk", "nazov": "Technický živočíšny tuk", "kat": "02 02 03"}, {"kod": "masokostna_mucka", "nazov": "Mäsokostná múčka", "kat": "02 02 02"}]}}, {"type": "Feature", "geometry": {"type": "Point", "coordinates": [18.633333, 49.233333]}, "properties": {"ico": "33357285", "nazov": "Milan Puchoň Reštaurácia VRTULA", "obec": "Dolný Hričov", "okres": "Žilina", "kraj": "Žilinský", "typ": "restauracia", "typ_nazov": "Reštaurácia", "sektor": "Gastro a stravovacie zariadenia", "presnost": "obec", "t_rok": 0, "odpady": [{"kod": "tuky_odlucovace", "nazov": "Tuky z odlučovačov", "kat": "19 08 09"}, {"kod": "zvysky_z_taniera", "nazov": "Zvyšky z taniera", "kat": "20 01 08"}, {"kod": "gastro_kuchynsky_odpad", "nazov": "Kuchynský odpad z reštaurácií a hotelov", "kat": "20 01 08"}, {"kod": "gastro_fritovaci_olej", "nazov": "Použitý fritovací olej z gastroprevádzok", "kat": "20 01 25"}, {"kod": "gastro_kavova_sedlina", "nazov": "Kávová sedlina z gastroprevádzok", "kat": "20 01 08"}]}}, {"type": "Feature", "geometry": {"type": "Point", "coordinates": [18.186834, 48.086106]}, "properties": {"ico": "33456691", "nazov": "Dušan Novák Mäso - Údeniny", "obec": "Šurany", "okres": "Nové Zámky", "kraj": "Nitriansky", "typ": "masovyroba", "typ_nazov": "Mäsospracovanie", "sektor": "Potravinárstvo a nápoje", "presnost": "obec", "t_rok": 0, "odpady": [{"kod": "kostny_zvysok", "nazov": "Kosti a kostné zvyšky", "kat": "02 02 02"}, {"kod": "kozne_odrezky", "nazov": "Kožné odrezky a podkožný tuk", "kat": "02 02 02"}, {"kod": "masovy_flotacny_kal", "nazov": "Flotačný kal z mäsospracovania", "kat": "02 02 04"}, {"kod": "zvp_kat3", "nazov": "Živočíšne vedľajšie produkty kategórie 3", "kat": "02 02 02"}, {"kod": "technicky_zivocisny_tuk", "nazov": "Technický živočíšny tuk", "kat": "02 02 03"}, {"kod": "masokostna_mucka", "nazov": "Mäsokostná múčka", "kat": "02 02 02"}]}}, {"type": "Feature", "geometry": {"type": "Point", "coordinates": [18.15, 48.983333]}, "properties": {"ico": "33488070", "nazov": "Karel Štoncner MASO - ÚDENINY", "obec": "Bolešov", "okres": "Ilava", "kraj": "Trenčiansky", "typ": "masovyroba", "typ_nazov": "Mäsospracovanie", "sektor": "Potravinárstvo a nápoje", "presnost": "obec", "t_rok": 0, "odpady": [{"kod": "kostny_zvysok", "nazov": "Kosti a kostné zvyšky", "kat": "02 02 02"}, {"kod": "kozne_odrezky", "nazov": "Kožné odrezky a podkožný tuk", "kat": "02 02 02"}, {"kod": "masovy_flotacny_kal", "nazov": "Flotačný kal z mäsospracovania", "kat": "02 02 04"}, {"kod": "zvp_kat3", "nazov": "Živočíšne vedľajšie produkty kategórie 3", "kat": "02 02 02"}, {"kod": "technicky_zivocisny_tuk", "nazov": "Technický živočíšny tuk", "kat": "02 02 03"}, {"kod": "masokostna_mucka", "nazov": "Mäsokostná múčka", "kat": "02 02 02"}]}}, {"type": "Feature", "geometry": {"type": "Point", "coordinates": [17.348321, 48.299537]}, "properties": {"ico": "33504181", "nazov": "Dušan Baša Mäso - údeniny", "obec": "Šenkvice", "okres": "Pezinok", "kraj": "Bratislavský", "typ": "masovyroba", "typ_nazov": "Mäsospracovanie", "sektor": "Potravinárstvo a nápoje", "presnost": "obec", "t_rok": 0, "odpady": [{"kod": "kostny_zvysok", "nazov": "Kosti a kostné zvyšky", "kat": "02 02 02"}, {"kod": "kozne_odrezky", "nazov": "Kožné odrezky a podkožný tuk", "kat": "02 02 02"}, {"kod": "masovy_flotacny_kal", "nazov": "Flotačný kal z mäsospracovania", "kat": "02 02 04"}, {"kod": "zvp_kat3", "nazov": "Živočíšne vedľajšie produkty kategórie 3", "kat": "02 02 02"}, {"kod": "technicky_zivocisny_tuk", "nazov": "Technický živočíšny tuk", "kat": "02 02 03"}, {"kod": "masokostna_mucka", "nazov": "Mäsokostná múčka", "kat": "02 02 02"}]}}, {"type": "Feature", "geometry": {"type": "Point", "coordinates": [18.365466, 48.627231]}, "properties": {"ico": "33560498", "nazov": "Anna Kajanová - STRAVOVANIE", "obec": "Partizánske", "okres": "Partizánske", "kraj": "Trenčiansky", "typ": "jedalen_zavodna", "typ_nazov": "Závodná a verejná jedáleň", "sektor": "Gastro a stravovacie zariadenia", "presnost": "obec", "t_rok": 0, "odpady": [{"kod": "tuky_odlucovace", "nazov": "Tuky z odlučovačov", "kat": "19 08 09"}, {"kod": "zvysky_z_taniera", "nazov": "Zvyšky z taniera", "kat": "20 01 08"}, {"kod": "gastro_kuchynsky_odpad", "nazov": "Kuchynský odpad z reštaurácií a hotelov", "kat": "20 01 08"}, {"kod": "gastro_fritovaci_olej", "nazov": "Použitý fritovací olej z gastroprevádzok", "kat": "20 01 25"}]}}, {"type": "Feature", "geometry": {"type": "Point", "coordinates": [18.416667, 47.9]}, "properties": {"ico": "33657939", "nazov": "Tibor Vida Mäso - údeniny", "obec": "Strekov", "okres": "Nové Zámky", "kraj": "Nitriansky", "typ": "masovyroba", "typ_nazov": "Mäsospracovanie", "sektor": "Potravinárstvo a nápoje", "presnost": "obec", "t_rok": 0, "odpady": [{"kod": "kostny_zvysok", "nazov": "Kosti a kostné zvyšky", "kat": "02 02 02"}, {"kod": "kozne_odrezky", "nazov": "Kožné odrezky a podkožný tuk", "kat": "02 02 02"}, {"kod": "masovy_flotacny_kal", "nazov": "Flotačný kal z mäsospracovania", "kat": "02 02 04"}, {"kod": "zvp_kat3", "nazov": "Živočíšne vedľajšie produkty kategórie 3", "kat": "02 02 02"}, {"kod": "technicky_zivocisny_tuk", "nazov": "Technický živočíšny tuk", "kat": "02 02 03"}, {"kod": "masokostna_mucka", "nazov": "Mäsokostná múčka", "kat": "02 02 02"}]}}, {"type": "Feature", "geometry": {"type": "Point", "coordinates": [17.876502, 48.150995]}, "properties": {"ico": "33891184", "nazov": "Aladár Jurás - Mäso-údeniny", "obec": "Šaľa", "okres": "Šaľa", "kraj": "Nitriansky", "typ": "masovyroba", "typ_nazov": "Mäsospracovanie", "sektor": "Potravinárstvo a nápoje", "presnost": "obec", "t_rok": 0, "odpady": [{"kod": "kostny_zvysok", "nazov": "Kosti a kostné zvyšky", "kat": "02 02 02"}, {"kod": "kozne_odrezky", "nazov": "Kožné odrezky a podkožný tuk", "kat": "02 02 02"}, {"kod": "masovy_flotacny_kal", "nazov": "Flotačný kal z mäsospracovania", "kat": "02 02 04"}, {"kod": "zvp_kat3", "nazov": "Živočíšne vedľajšie produkty kategórie 3", "kat": "02 02 02"}, {"kod": "technicky_zivocisny_tuk", "nazov": "Technický živočíšny tuk", "kat": "02 02 03"}, {"kod": "masokostna_mucka", "nazov": "Mäsokostná múčka", "kat": "02 02 02"}]}}, {"type": "Feature", "geometry": {"type": "Point", "coordinates": [18.166667, 48.25]}, "properties": {"ico": "33956383", "nazov": "Monika Šubová ĽUDOVÁ JEDÁLEŇ", "obec": "Čechynce", "okres": "Nitra", "kraj": "Nitriansky", "typ": "jedalen_zavodna", "typ_nazov": "Závodná a verejná jedáleň", "sektor": "Gastro a stravovacie zariadenia", "presnost": "obec", "t_rok": 0, "odpady": [{"kod": "tuky_odlucovace", "nazov": "Tuky z odlučovačov", "kat": "19 08 09"}, {"kod": "zvysky_z_taniera", "nazov": "Zvyšky z taniera", "kat": "20 01 08"}, {"kod": "gastro_kuchynsky_odpad", "nazov": "Kuchynský odpad z reštaurácií a hotelov", "kat": "20 01 08"}, {"kod": "gastro_fritovaci_olej", "nazov": "Použitý fritovací olej z gastroprevádzok", "kat": "20 01 25"}]}}, {"type": "Feature", "geometry": {"type": "Point", "coordinates": [17.364383, 48.679121]}, "properties": {"ico": "34000992", "nazov": "Domov sociálnych služieb pre dospelých a zariadenie pre seniorov SENICA", "obec": "Senica", "okres": "Senica", "kraj": "Trnavský", "typ": "socialne_zariadenie", "typ_nazov": "Zariadenie sociálnych služieb", "sektor": "Gastro a stravovacie zariadenia", "presnost": "obec", "t_rok": 0, "odpady": [{"kod": "bro_zahrady", "nazov": "Biologicky rozložiteľný odpad zo záhrad", "kat": "20 02 01"}, {"kod": "zvysky_z_taniera", "nazov": "Zvyšky z taniera", "kat": "20 01 08"}, {"kod": "nemocnicny_kuchynsky_odpad", "nazov": "Kuchynský odpad zo zdravotníckych a sociálnych zariadení", "kat": "20 01 08"}]}}, {"type": "Feature", "geometry": {"type": "Point", "coordinates": [17.813354, 48.747801]}, "properties": {"ico": "34011641", "nazov": "Centrum sociálnych služieb - Nová Bošáca", "obec": "Nová Bošáca", "okres": "Nové Mesto nad Váhom", "kraj": "Trenčiansky", "typ": "socialne_zariadenie", "typ_nazov": "Zariadenie sociálnych služieb", "sektor": "Gastro a stravovacie zariadenia", "presnost": "okres", "t_rok": 0, "odpady": [{"kod": "bro_zahrady", "nazov": "Biologicky rozložiteľný odpad zo záhrad", "kat": "20 02 01"}, {"kod": "zvysky_z_taniera", "nazov": "Zvyšky z taniera", "kat": "20 01 08"}, {"kod": "nemocnicny_kuchynsky_odpad", "nazov": "Kuchynský odpad zo zdravotníckych a sociálnych zariadení", "kat": "20 01 08"}]}}, {"type": "Feature", "geometry": {"type": "Point", "coordinates": [18.039372, 48.892358]}, "properties": {"ico": "34056505", "nazov": "Centrum sociálnych služieb-Juh", "obec": "Trenčín", "okres": "Trenčín", "kraj": "Trenčiansky", "typ": "socialne_zariadenie", "typ_nazov": "Zariadenie sociálnych služieb", "sektor": "Gastro a stravovacie zariadenia", "presnost": "obec", "t_rok": 0, "odpady": [{"kod": "bro_zahrady", "nazov": "Biologicky rozložiteľný odpad zo záhrad", "kat": "20 02 01"}, {"kod": "zvysky_z_taniera", "nazov": "Zvyšky z taniera", "kat": "20 01 08"}, {"kod": "nemocnicny_kuchynsky_odpad", "nazov": "Kuchynský odpad zo zdravotníckych a sociálnych zariadení", "kat": "20 01 08"}]}}, {"type": "Feature", "geometry": {"type": "Point", "coordinates": [18.4, 48.383333]}, "properties": {"ico": "34097694", "nazov": "AGROSTYRO, s.r.o.", "obec": "Zlaté Moravce", "okres": "Zlaté Moravce", "kraj": "Nitriansky", "typ": "agro", "typ_nazov": "Poľnohospodársky podnik", "sektor": "Poľnohospodárstvo a chov", "presnost": "obec", "t_rok": 0, "odpady": [{"kod": "slama_obilna", "nazov": "Obilná slama", "kat": "02 01 03"}, {"kod": "kukuricne_korovie", "nazov": "Kukuričné kôrovie a stonky", "kat": "02 01 03"}, {"kod": "repkova_slama", "nazov": "Repková slama", "kat": "02 01 03"}, {"kod": "travna_hmota_ttp", "nazov": "Trávna hmota z lúk a TTP", "kat": "02 01 03"}, {"kod": "odpad_cistenie_zrna", "nazov": "Odpad z čistenia a sušenia obilia", "kat": "02 01 03"}]}}, {"type": "Feature", "geometry": {"type": "Point", "coordinates": [18.296077, 48.346006]}, "properties": {"ico": "34098887", "nazov": "AGROKLAS, s.r.o.", "obec": "Beladice", "okres": "Zlaté Moravce", "kraj": "Nitriansky", "typ": "agro", "typ_nazov": "Poľnohospodársky podnik", "sektor": "Poľnohospodárstvo a chov", "presnost": "obec", "t_rok": 0, "odpady": [{"kod": "slama_obilna", "nazov": "Obilná slama", "kat": "02 01 03"}, {"kod": "kukuricne_korovie", "nazov": "Kukuričné kôrovie a stonky", "kat": "02 01 03"}, {"kod": "repkova_slama", "nazov": "Repková slama", "kat": "02 01 03"}, {"kod": "travna_hmota_ttp", "nazov": "Trávna hmota z lúk a TTP", "kat": "02 01 03"}, {"kod": "odpad_cistenie_zrna", "nazov": "Odpad z čistenia a sušenia obilia", "kat": "02 01 03"}]}}, {"type": "Feature", "geometry": {"type": "Point", "coordinates": [17.827826, 48.311844]}, "properties": {"ico": "34100644", "nazov": "KOMPLEX-odpadová spoločnosť, s.r.o.", "obec": "Pusté Sady", "okres": "Galanta", "kraj": "Trnavský", "typ": "odpadove_hospodarstvo", "typ_nazov": "Odpadové hospodárstvo", "sektor": "Komunálny a gastro bioodpad", "presnost": "obec", "t_rok": 0, "odpady": [{"kod": "bro_zahrady", "nazov": "Biologicky rozložiteľný odpad zo záhrad", "kat": "20 02 01"}, {"kod": "kuchynsky_odpad", "nazov": "Biologicky rozložiteľný kuchynský a reštauračný odpad", "kat": "20 01 08"}, {"kod": "jedle_oleje_pouzite", "nazov": "Použité jedlé oleje a tuky", "kat": "20 01 25"}, {"kod": "potraviny_po_dobe", "nazov": "Nepredané potraviny po dátume spotreby", "kat": "20 01 08"}, {"kod": "tuky_odlucovace", "nazov": "Tuky z odlučovačov", "kat": "19 08 09"}]}}, {"type": "Feature", "geometry": {"type": "Point", "coordinates": [18.161449, 48.785155]}, "properties": {"ico": "34103198", "nazov": "AGROTRIA s.r.o.", "obec": "Svinná", "okres": "Trenčín", "kraj": "Trenčiansky", "typ": "agro", "typ_nazov": "Poľnohospodársky podnik", "sektor": "Poľnohospodárstvo a chov", "presnost": "obec", "t_rok": 0, "odpady": [{"kod": "slama_obilna", "nazov": "Obilná slama", "kat": "02 01 03"}, {"kod": "kukuricne_korovie", "nazov": "Kukuričné kôrovie a stonky", "kat": "02 01 03"}, {"kod": "repkova_slama", "nazov": "Repková slama", "kat": "02 01 03"}, {"kod": "travna_hmota_ttp", "nazov": "Trávna hmota z lúk a TTP", "kat": "02 01 03"}, {"kod": "odpad_cistenie_zrna", "nazov": "Odpad z čistenia a sušenia obilia", "kat": "02 01 03"}]}}, {"type": "Feature", "geometry": {"type": "Point", "coordinates": [18.189095, 47.869084]}, "properties": {"ico": "34103651", "nazov": "Výskumný ústav zeleninársky, s.r.o.", "obec": "Hurbanovo", "okres": "Komárno", "kraj": "Nitriansky", "typ": "zeleninarstvo", "typ_nazov": "Zeleninárstvo", "sektor": "Poľnohospodárstvo a chov", "presnost": "obec", "t_rok": 0, "odpady": [{"kod": "zemiakove_supky", "nazov": "Zemiakové šupky a orezky", "kat": "02 03 04"}, {"kod": "zeleninove_orezky", "nazov": "Orezky a nepodarky zeleniny", "kat": "02 03 04"}, {"kod": "kal_pranie_zeleniny", "nazov": "Kal z prania a lúpania zeleniny", "kat": "02 03 01"}, {"kod": "vnate_pozberove", "nazov": "Vňate a pozberové zvyšky zeleniny", "kat": "02 01 03"}]}}, {"type": "Feature", "geometry": {"type": "Point", "coordinates": [17.27028, 48.285586]}, "properties": {"ico": "34124411", "nazov": "Vinohradnícko vinárske družstvo podielníkov KARPATY, družstvo", "obec": "Pezinok", "okres": "Pezinok", "kraj": "Bratislavský", "typ": "vinarstvo", "typ_nazov": "Vinárstvo", "sektor": "Potravinárstvo a nápoje", "presnost": "obec", "t_rok": 0, "odpady": [{"kod": "hroznove_vylisky", "nazov": "Hroznové výlisky (matolina)", "kat": "02 07 04"}, {"kod": "vinne_kaly", "nazov": "Vínne kaly", "kat": "02 07 05"}, {"kod": "hroznove_stopky", "nazov": "Hroznové stopky (strapiny)", "kat": "02 07 01"}]}}, {"type": "Feature", "geometry": {"type": "Point", "coordinates": [17.703515, 48.736145]}, "properties": {"ico": "34133861", "nazov": "Kopaničiarska odpadová spoločnosť, s.r.o. (K.O.S., s.r.o.)", "obec": "Kostolné", "okres": "Myjava", "kraj": "Trenčiansky", "typ": "odpadove_hospodarstvo", "typ_nazov": "Odpadové hospodárstvo", "sektor": "Komunálny a gastro bioodpad", "presnost": "obec", "t_rok": 0, "odpady": [{"kod": "bro_zahrady", "nazov": "Biologicky rozložiteľný odpad zo záhrad", "kat": "20 02 01"}, {"kod": "kuchynsky_odpad", "nazov": "Biologicky rozložiteľný kuchynský a reštauračný odpad", "kat": "20 01 08"}, {"kod": "jedle_oleje_pouzite", "nazov": "Použité jedlé oleje a tuky", "kat": "20 01 25"}, {"kod": "potraviny_po_dobe", "nazov": "Nepredané potraviny po dátume spotreby", "kat": "20 01 08"}, {"kod": "tuky_odlucovace", "nazov": "Tuky z odlučovačov", "kat": "19 08 09"}]}}, {"type": "Feature", "geometry": {"type": "Point", "coordinates": [17.565022, 48.754035]}, "properties": {"ico": "34135278", "nazov": "Myjavská pekáreň, s.r.o.", "obec": "Myjava", "okres": "Myjava", "kraj": "Trenčiansky", "typ": "pekaren", "typ_nazov": "Pekáreň", "sektor": "Potravinárstvo a nápoje", "presnost": "obec", "t_rok": 0, "odpady": [{"kod": "pekarenske_zvysky", "nazov": "Pekárenské zvyšky", "kat": "02 06 01"}, {"kod": "cestovinove_zvysky", "nazov": "Cestovinové a múčne zvyšky", "kat": "02 06 01"}]}}, {"type": "Feature", "geometry": {"type": "Point", "coordinates": [18.6, 48.216667]}, "properties": {"ico": "34137653", "nazov": "AGROFARMA Rozina, s.r.o.", "obec": "Levice", "okres": "Levice", "kraj": "Nitriansky", "typ": "farma", "typ_nazov": "Živočíšna farma", "sektor": "Poľnohospodárstvo a chov", "presnost": "obec", "t_rok": 0, "odpady": [{"kod": "travna_hmota_ttp", "nazov": "Trávna hmota z lúk a TTP", "kat": "02 01 03"}, {"kod": "hnoj_hovadzi", "nazov": "Maštaľný hnoj hovädzí", "kat": "02 01 06"}, {"kod": "hnojovica_osipane", "nazov": "Hnojovica ošípaných", "kat": "02 01 06"}, {"kod": "ovciarsky_hnoj", "nazov": "Ovčí a kozí hnoj", "kat": "02 01 06"}, {"kod": "kadavery", "nazov": "Uhynuté zvieratá (kadávery)", "kat": "02 01 02"}]}}, {"type": "Feature", "geometry": {"type": "Point", "coordinates": [17.20201, 48.770797]}, "properties": {"ico": "34139141", "nazov": "Masárstvo u Lašáku, s. r. o.", "obec": "Skalica", "okres": "Skalica", "kraj": "Trnavský", "typ": "masovyroba", "typ_nazov": "Mäsospracovanie", "sektor": "Potravinárstvo a nápoje", "presnost": "okres", "t_rok": 0, "odpady": [{"kod": "kostny_zvysok", "nazov": "Kosti a kostné zvyšky", "kat": "02 02 02"}, {"kod": "kozne_odrezky", "nazov": "Kožné odrezky a podkožný tuk", "kat": "02 02 02"}, {"kod": "masovy_flotacny_kal", "nazov": "Flotačný kal z mäsospracovania", "kat": "02 02 04"}, {"kod": "zvp_kat3", "nazov": "Živočíšne vedľajšie produkty kategórie 3", "kat": "02 02 02"}, {"kod": "technicky_zivocisny_tuk", "nazov": "Technický živočíšny tuk", "kat": "02 02 03"}, {"kod": "masokostna_mucka", "nazov": "Mäsokostná múčka", "kat": "02 02 02"}]}}, {"type": "Feature", "geometry": {"type": "Point", "coordinates": [17.53703, 48.661644]}, "properties": {"ico": "34141995", "nazov": "Mestské lesy, s.r.o. Brezová pod Bradlom", "obec": "Brezová pod Bradlom", "okres": "Myjava", "kraj": "Trenčiansky", "typ": "mestske_lesy", "typ_nazov": "Mestské lesy", "sektor": "Drevo, lesníctvo a ostatné", "presnost": "obec", "t_rok": 0, "odpady": [{"kod": "konare_stiepka", "nazov": "Konáre a drevná štiepka z údržby zelene", "kat": "20 02 01"}, {"kod": "kora", "nazov": "Odpadová kôra", "kat": "03 01 01"}, {"kod": "odrezky_dreva", "nazov": "Odrezky a drevný odpad", "kat": "03 01 05"}, {"kod": "lesna_stiepka", "nazov": "Lesná štiepka a haluzina", "kat": "02 01 07"}]}}, {"type": "Feature", "geometry": {"type": "Point", "coordinates": [17.586718, 48.37729]}, "properties": {"ico": "34143076", "nazov": "Sladovne a.s.", "obec": "Trnava", "okres": "Trnava", "kraj": "Trnavský", "typ": "sladovna", "typ_nazov": "Sladovňa", "sektor": "Potravinárstvo a nápoje", "presnost": "obec", "t_rok": 0, "odpady": [{"kod": "sladovy_klicok", "nazov": "Sladový klíčok", "kat": "02 07 01"}, {"kod": "sladovy_prach", "nazov": "Sladový prach a plevy", "kat": "02 07 01"}]}}, {"type": "Feature", "geometry": {"type": "Point", "coordinates": [17.974057, 48.01844]}, "properties": {"ico": "34144587", "nazov": "Skládka tuhého komunálneho odpadu N-14, a.s.", "obec": "Neded", "okres": "Šaľa", "kraj": "Nitriansky", "typ": "odpadove_hospodarstvo", "typ_nazov": "Odpadové hospodárstvo", "sektor": "Komunálny a gastro bioodpad", "presnost": "obec", "t_rok": 0, "odpady": [{"kod": "bro_zahrady", "nazov": "Biologicky rozložiteľný odpad zo záhrad", "kat": "20 02 01"}, {"kod": "kuchynsky_odpad", "nazov": "Biologicky rozložiteľný kuchynský a reštauračný odpad", "kat": "20 01 08"}, {"kod": "jedle_oleje_pouzite", "nazov": "Použité jedlé oleje a tuky", "kat": "20 01 25"}, {"kod": "potraviny_po_dobe", "nazov": "Nepredané potraviny po dátume spotreby", "kat": "20 01 08"}, {"kod": "tuky_odlucovace", "nazov": "Tuky z odlučovačov", "kat": "19 08 09"}]}}, {"type": "Feature", "geometry": {"type": "Point", "coordinates": [18.658355, 48.049226]}, "properties": {"ico": "34147781", "nazov": "ZEA - AGRO, s.r.o.", "obec": "Želiezovce", "okres": "Levice", "kraj": "Nitriansky", "typ": "agro", "typ_nazov": "Poľnohospodársky podnik", "sektor": "Poľnohospodárstvo a chov", "presnost": "obec", "t_rok": 0, "odpady": [{"kod": "slama_obilna", "nazov": "Obilná slama", "kat": "02 01 03"}, {"kod": "kukuricne_korovie", "nazov": "Kukuričné kôrovie a stonky", "kat": "02 01 03"}, {"kod": "repkova_slama", "nazov": "Repková slama", "kat": "02 01 03"}, {"kod": "travna_hmota_ttp", "nazov": "Trávna hmota z lúk a TTP", "kat": "02 01 03"}, {"kod": "odpad_cistenie_zrna", "nazov": "Odpad z čistenia a sušenia obilia", "kat": "02 01 03"}]}}, {"type": "Feature", "geometry": {"type": "Point", "coordinates": [18.6, 48.216667]}, "properties": {"ico": "34150056", "nazov": "COOP Jednota Levice, spotrebné družstvo", "obec": "Levice", "okres": "Levice", "kraj": "Nitriansky", "typ": "retail_druzstvo", "typ_nazov": "Spotrebné družstvo (predajne)", "sektor": "Retail a distribúcia potravín", "presnost": "obec", "t_rok": 0, "odpady": [{"kod": "retail_ovocie_zelenina", "nazov": "Neupredané ovocie a zelenina z predajní", "kat": "20 01 08"}, {"kod": "retail_pecivo", "nazov": "Neupredané pečivo a pekárske výrobky", "kat": "02 06 01"}, {"kod": "retail_mliecne", "nazov": "Mliečne výrobky po dátume minimálnej trvanlivosti", "kat": "20 01 08"}, {"kod": "retail_maso_zvysky", "nazov": "Mäsové a údenárske výrobky po dátume spotreby", "kat": "02 02 03"}, {"kod": "retail_zmesovy", "nazov": "Zmesový potravinový odpad z predajne", "kat": "20 01 08"}]}}, {"type": "Feature", "geometry": {"type": "Point", "coordinates": [17.531812, 48.43796]}, "properties": {"ico": "34152521", "nazov": "BALSYR, s.r.o.", "obec": "Šelpice", "okres": "Trnava", "kraj": "Trnavský", "typ": "syraren", "typ_nazov": "Syráreň a bryndziareň", "sektor": "Potravinárstvo a nápoje", "presnost": "obec", "t_rok": 0, "odpady": [{"kod": "srvatka_sladka", "nazov": "Sladká srvátka", "kat": "02 05 01"}, {"kod": "srvatka_kysla", "nazov": "Kyslá srvátka", "kat": "02 05 01"}, {"kod": "mliekarensky_kal", "nazov": "Kal z mliekarenskej ČOV", "kat": "02 05 02"}, {"kod": "syrarska_srvatka_tuh", "nazov": "Tuhé zvyšky zo syrárskej výroby", "kat": "02 05 01"}]}}, {"type": "Feature", "geometry": {"type": "Point", "coordinates": [20.687317, 49.297258]}, "properties": {"ico": "34312056", "nazov": "Daniela Polomčáková - JEDÁLEŇ PALMA", "obec": "Stará Ľubovňa", "okres": "Stará Ľubovňa", "kraj": "Prešovský", "typ": "jedalen_zavodna", "typ_nazov": "Závodná a verejná jedáleň", "sektor": "Gastro a stravovacie zariadenia", "presnost": "obec", "t_rok": 0, "odpady": [{"kod": "tuky_odlucovace", "nazov": "Tuky z odlučovačov", "kat": "19 08 09"}, {"kod": "zvysky_z_taniera", "nazov": "Zvyšky z taniera", "kat": "20 01 08"}, {"kod": "gastro_kuchynsky_odpad", "nazov": "Kuchynský odpad z reštaurácií a hotelov", "kat": "20 01 08"}, {"kod": "gastro_fritovaci_olej", "nazov": "Použitý fritovací olej z gastroprevádzok", "kat": "20 01 25"}]}}, {"type": "Feature", "geometry": {"type": "Point", "coordinates": [21.252273, 49.000411]}, "properties": {"ico": "34510885", "nazov": "Ľudmila Pribulová - Modrá jedáleň", "obec": "Prešov", "okres": "Prešov", "kraj": "Prešovský", "typ": "jedalen_zavodna", "typ_nazov": "Závodná a verejná jedáleň", "sektor": "Gastro a stravovacie zariadenia", "presnost": "obec", "t_rok": 0, "odpady": [{"kod": "tuky_odlucovace", "nazov": "Tuky z odlučovačov", "kat": "19 08 09"}, {"kod": "zvysky_z_taniera", "nazov": "Zvyšky z taniera", "kat": "20 01 08"}, {"kod": "gastro_kuchynsky_odpad", "nazov": "Kuchynský odpad z reštaurácií a hotelov", "kat": "20 01 08"}, {"kod": "gastro_fritovaci_olej", "nazov": "Použitý fritovací olej z gastroprevádzok", "kat": "20 01 25"}]}}, {"type": "Feature", "geometry": {"type": "Point", "coordinates": [19.156869, 48.738539]}, "properties": {"ico": "34706674", "nazov": "Daniel Šagát - Jedáleň SOU-Elektrotechnické", "obec": "Banská Bystrica", "okres": "Banská Bystrica", "kraj": "Banskobystrický", "typ": "jedalen_zavodna", "typ_nazov": "Závodná a verejná jedáleň", "sektor": "Gastro a stravovacie zariadenia", "presnost": "obec", "t_rok": 0, "odpady": [{"kod": "tuky_odlucovace", "nazov": "Tuky z odlučovačov", "kat": "19 08 09"}, {"kod": "zvysky_z_taniera", "nazov": "Zvyšky z taniera", "kat": "20 01 08"}, {"kod": "gastro_kuchynsky_odpad", "nazov": "Kuchynský odpad z reštaurácií a hotelov", "kat": "20 01 08"}, {"kod": "gastro_fritovaci_olej", "nazov": "Použitý fritovací olej z gastroprevádzok", "kat": "20 01 25"}]}}, {"type": "Feature", "geometry": {"type": "Point", "coordinates": [18.186834, 48.086106]}, "properties": {"ico": "34962018", "nazov": "Karol Schroner - Mäso - údeniny", "obec": "Šurany", "okres": "Nové Zámky", "kraj": "Nitriansky", "typ": "masovyroba", "typ_nazov": "Mäsospracovanie", "sektor": "Potravinárstvo a nápoje", "presnost": "obec", "t_rok": 0, "odpady": [{"kod": "kostny_zvysok", "nazov": "Kosti a kostné zvyšky", "kat": "02 02 02"}, {"kod": "kozne_odrezky", "nazov": "Kožné odrezky a podkožný tuk", "kat": "02 02 02"}, {"kod": "masovy_flotacny_kal", "nazov": "Flotačný kal z mäsospracovania", "kat": "02 02 04"}, {"kod": "zvp_kat3", "nazov": "Živočíšne vedľajšie produkty kategórie 3", "kat": "02 02 02"}, {"kod": "technicky_zivocisny_tuk", "nazov": "Technický živočíšny tuk", "kat": "02 02 03"}, {"kod": "masokostna_mucka", "nazov": "Mäsokostná múčka", "kat": "02 02 02"}]}}, {"type": "Feature", "geometry": {"type": "Point", "coordinates": [18.929174, 49.07226]}, "properties": {"ico": "35390492", "nazov": "Miroslava Jeneiová - Reštaurácia Mirka", "obec": "Martin", "okres": "Martin", "kraj": "Žilinský", "typ": "restauracia", "typ_nazov": "Reštaurácia", "sektor": "Gastro a stravovacie zariadenia", "presnost": "obec", "t_rok": 0, "odpady": [{"kod": "tuky_odlucovace", "nazov": "Tuky z odlučovačov", "kat": "19 08 09"}, {"kod": "zvysky_z_taniera", "nazov": "Zvyšky z taniera", "kat": "20 01 08"}, {"kod": "gastro_kuchynsky_odpad", "nazov": "Kuchynský odpad z reštaurácií a hotelov", "kat": "20 01 08"}, {"kod": "gastro_fritovaci_olej", "nazov": "Použitý fritovací olej z gastroprevádzok", "kat": "20 01 25"}, {"kod": "gastro_kavova_sedlina", "nazov": "Kávová sedlina z gastroprevádzok", "kat": "20 01 08"}]}}, {"type": "Feature", "geometry": {"type": "Point", "coordinates": [20.410809, 48.977432]}, "properties": {"ico": "35540915", "nazov": "Špeciálna základná škola, Hviezdoslavova 164, Hrabušice", "obec": "Hrabušice", "okres": "Spišská Nová Ves", "kraj": "Košický", "typ": "skola_zakladna", "typ_nazov": "Základná škola", "sektor": "Gastro a stravovacie zariadenia", "presnost": "obec", "t_rok": 1.77, "odpady": [{"kod": "bro_zahrady", "nazov": "Biologicky rozložiteľný odpad zo záhrad", "kat": "20 02 01"}, {"kod": "skolsky_kuchynsky_odpad", "nazov": "Kuchynský odpad zo školských jedální", "kat": "20 01 08"}, {"kod": "zvysky_z_taniera", "nazov": "Zvyšky z taniera", "kat": "20 01 08"}, {"kod": "gastro_kavova_sedlina", "nazov": "Kávová sedlina z gastroprevádzok", "kat": "20 01 08"}]}}, {"type": "Feature", "geometry": {"type": "Point", "coordinates": [21.983333, 48.416667]}, "properties": {"ico": "35541148", "nazov": "Základná škola Mihálya Helmeczyho s VJM, Hunyadiho 1256/16, Kráľovský Chlmec", "obec": "Kráľovský Chlmec", "okres": "Trebišov", "kraj": "Košický", "typ": "skola_zakladna", "typ_nazov": "Základná škola", "sektor": "Gastro a stravovacie zariadenia", "presnost": "obec", "t_rok": 1.77, "odpady": [{"kod": "bro_zahrady", "nazov": "Biologicky rozložiteľný odpad zo záhrad", "kat": "20 02 01"}, {"kod": "skolsky_kuchynsky_odpad", "nazov": "Kuchynský odpad zo školských jedální", "kat": "20 01 08"}, {"kod": "zvysky_z_taniera", "nazov": "Zvyšky z taniera", "kat": "20 01 08"}, {"kod": "gastro_kavova_sedlina", "nazov": "Kávová sedlina z gastroprevádzok", "kat": "20 01 08"}]}}, {"type": "Feature", "geometry": {"type": "Point", "coordinates": [21.633333, 48.516667]}, "properties": {"ico": "35541253", "nazov": "Základná škola, Školská 339/2, Michaľany", "obec": "Michaľany", "okres": "Trebišov", "kraj": "Košický", "typ": "skola_zakladna", "typ_nazov": "Základná škola", "sektor": "Gastro a stravovacie zariadenia", "presnost": "obec", "t_rok": 1.77, "odpady": [{"kod": "bro_zahrady", "nazov": "Biologicky rozložiteľný odpad zo záhrad", "kat": "20 02 01"}, {"kod": "skolsky_kuchynsky_odpad", "nazov": "Kuchynský odpad zo školských jedální", "kat": "20 01 08"}, {"kod": "zvysky_z_taniera", "nazov": "Zvyšky z taniera", "kat": "20 01 08"}, {"kod": "gastro_kavova_sedlina", "nazov": "Kávová sedlina z gastroprevádzok", "kat": "20 01 08"}]}}, {"type": "Feature", "geometry": {"type": "Point", "coordinates": [21.227312, 48.714333]}, "properties": {"ico": "35542756", "nazov": "Školská jedáleň, Kežmarská 28, Košice", "obec": "Košice - mestská časť Západ", "okres": "Košice II", "kraj": "Košický", "typ": "skolska_jedalen", "typ_nazov": "Školská jedáleň", "sektor": "Gastro a stravovacie zariadenia", "presnost": "mestska_cast", "t_rok": 2.36, "odpady": [{"kod": "skolsky_kuchynsky_odpad", "nazov": "Kuchynský odpad zo školských jedální", "kat": "20 01 08"}, {"kod": "zvysky_z_taniera", "nazov": "Zvyšky z taniera", "kat": "20 01 08"}, {"kod": "gastro_fritovaci_olej", "nazov": "Použitý fritovací olej z gastroprevádzok", "kat": "20 01 25"}]}}, {"type": "Feature", "geometry": {"type": "Point", "coordinates": [21.227312, 48.714333]}, "properties": {"ico": "35542764", "nazov": "Školská jedáleň, Trebišovská 10, Košice", "obec": "Košice - mestská časť Západ", "okres": "Košice II", "kraj": "Košický", "typ": "skolska_jedalen", "typ_nazov": "Školská jedáleň", "sektor": "Gastro a stravovacie zariadenia", "presnost": "mestska_cast", "t_rok": 2.36, "odpady": [{"kod": "skolsky_kuchynsky_odpad", "nazov": "Kuchynský odpad zo školských jedální", "kat": "20 01 08"}, {"kod": "zvysky_z_taniera", "nazov": "Zvyšky z taniera", "kat": "20 01 08"}, {"kod": "gastro_fritovaci_olej", "nazov": "Použitý fritovací olej z gastroprevádzok", "kat": "20 01 25"}]}}, {"type": "Feature", "geometry": {"type": "Point", "coordinates": [21.227312, 48.714333]}, "properties": {"ico": "35542772", "nazov": "Školská jedáleň, Bernolákova 16, Košice", "obec": "Košice - mestská časť Západ", "okres": "Košice II", "kraj": "Košický", "typ": "skolska_jedalen", "typ_nazov": "Školská jedáleň", "sektor": "Gastro a stravovacie zariadenia", "presnost": "mestska_cast", "t_rok": 2.36, "odpady": [{"kod": "skolsky_kuchynsky_odpad", "nazov": "Kuchynský odpad zo školských jedální", "kat": "20 01 08"}, {"kod": "zvysky_z_taniera", "nazov": "Zvyšky z taniera", "kat": "20 01 08"}, {"kod": "gastro_fritovaci_olej", "nazov": "Použitý fritovací olej z gastroprevádzok", "kat": "20 01 25"}]}}, {"type": "Feature", "geometry": {"type": "Point", "coordinates": [20.531184, 48.654392]}, "properties": {"ico": "35543647", "nazov": "Základná škola, Pionierov 1, Rožňava", "obec": "Rožňava", "okres": "Rožňava", "kraj": "Košický", "typ": "skola_zakladna", "typ_nazov": "Základná škola", "sektor": "Gastro a stravovacie zariadenia", "presnost": "obec", "t_rok": 1.77, "odpady": [{"kod": "bro_zahrady", "nazov": "Biologicky rozložiteľný odpad zo záhrad", "kat": "20 02 01"}, {"kod": "skolsky_kuchynsky_odpad", "nazov": "Kuchynský odpad zo školských jedální", "kat": "20 01 08"}, {"kod": "zvysky_z_taniera", "nazov": "Zvyšky z taniera", "kat": "20 01 08"}, {"kod": "gastro_kavova_sedlina", "nazov": "Kávová sedlina z gastroprevádzok", "kat": "20 01 08"}]}}, {"type": "Feature", "geometry": {"type": "Point", "coordinates": [20.364743, 48.821028]}, "properties": {"ico": "35543752", "nazov": "Základná škola Eugena Ruffinyho, Zimná 190/144, Dobšiná", "obec": "Dobšiná", "okres": "Rožňava", "kraj": "Košický", "typ": "skola_zakladna", "typ_nazov": "Základná škola", "sektor": "Gastro a stravovacie zariadenia", "presnost": "obec", "t_rok": 1.77, "odpady": [{"kod": "bro_zahrady", "nazov": "Biologicky rozložiteľný odpad zo záhrad", "kat": "20 02 01"}, {"kod": "skolsky_kuchynsky_odpad", "nazov": "Kuchynský odpad zo školských jedální", "kat": "20 01 08"}, {"kod": "zvysky_z_taniera", "nazov": "Zvyšky z taniera", "kat": "20 01 08"}, {"kod": "gastro_kavova_sedlina", "nazov": "Kávová sedlina z gastroprevádzok", "kat": "20 01 08"}]}}, {"type": "Feature", "geometry": {"type": "Point", "coordinates": [22.179139, 48.742148]}, "properties": {"ico": "35545666", "nazov": "Školská jedáleň, Komenského 6, Sobrance", "obec": "Sobrance", "okres": "Sobrance", "kraj": "Košický", "typ": "skolska_jedalen", "typ_nazov": "Školská jedáleň", "sektor": "Gastro a stravovacie zariadenia", "presnost": "obec", "t_rok": 2.36, "odpady": [{"kod": "skolsky_kuchynsky_odpad", "nazov": "Kuchynský odpad zo školských jedální", "kat": "20 01 08"}, {"kod": "zvysky_z_taniera", "nazov": "Zvyšky z taniera", "kat": "20 01 08"}, {"kod": "gastro_fritovaci_olej", "nazov": "Použitý fritovací olej z gastroprevádzok", "kat": "20 01 25"}]}}, {"type": "Feature", "geometry": {"type": "Point", "coordinates": [22.179139, 48.742148]}, "properties": {"ico": "35545674", "nazov": "Školská jedáleň, Komenského 12, Sobrance", "obec": "Sobrance", "okres": "Sobrance", "kraj": "Košický", "typ": "skolska_jedalen", "typ_nazov": "Školská jedáleň", "sektor": "Gastro a stravovacie zariadenia", "presnost": "obec", "t_rok": 2.36, "odpady": [{"kod": "skolsky_kuchynsky_odpad", "nazov": "Kuchynský odpad zo školských jedální", "kat": "20 01 08"}, {"kod": "zvysky_z_taniera", "nazov": "Zvyšky z taniera", "kat": "20 01 08"}, {"kod": "gastro_fritovaci_olej", "nazov": "Použitý fritovací olej z gastroprevádzok", "kat": "20 01 25"}]}}, {"type": "Feature", "geometry": {"type": "Point", "coordinates": [20.562964, 48.943534]}, "properties": {"ico": "35546069", "nazov": "Základná škola, Z. Nejedlého 2, Spišská Nová Ves", "obec": "Spišská Nová Ves", "okres": "Spišská Nová Ves", "kraj": "Košický", "typ": "skola_zakladna", "typ_nazov": "Základná škola", "sektor": "Gastro a stravovacie zariadenia", "presnost": "obec", "t_rok": 1.77, "odpady": [{"kod": "bro_zahrady", "nazov": "Biologicky rozložiteľný odpad zo záhrad", "kat": "20 02 01"}, {"kod": "skolsky_kuchynsky_odpad", "nazov": "Kuchynský odpad zo školských jedální", "kat": "20 01 08"}, {"kod": "zvysky_z_taniera", "nazov": "Zvyšky z taniera", "kat": "20 01 08"}, {"kod": "gastro_kavova_sedlina", "nazov": "Kávová sedlina z gastroprevádzok", "kat": "20 01 08"}]}}, {"type": "Feature", "geometry": {"type": "Point", "coordinates": [20.8, 48.8]}, "properties": {"ico": "35546484", "nazov": "Základná škola, Mníšek nad Hnilcom 497", "obec": "Mníšek nad Hnilcom", "okres": "Gelnica", "kraj": "Košický", "typ": "skola_zakladna", "typ_nazov": "Základná škola", "sektor": "Gastro a stravovacie zariadenia", "presnost": "obec", "t_rok": 1.77, "odpady": [{"kod": "bro_zahrady", "nazov": "Biologicky rozložiteľný odpad zo záhrad", "kat": "20 02 01"}, {"kod": "skolsky_kuchynsky_odpad", "nazov": "Kuchynský odpad zo školských jedální", "kat": "20 01 08"}, {"kod": "zvysky_z_taniera", "nazov": "Zvyšky z taniera", "kat": "20 01 08"}, {"kod": "gastro_kavova_sedlina", "nazov": "Kávová sedlina z gastroprevádzok", "kat": "20 01 08"}]}}, {"type": "Feature", "geometry": {"type": "Point", "coordinates": [21.26885, 48.756322]}, "properties": {"ico": "35559420", "nazov": "Materská škola, Budapeštianska 1, Košice", "obec": "Košice - mestská časť Sídlisko Ťahanovce", "okres": "Košice I", "kraj": "Košický", "typ": "skola_materska", "typ_nazov": "Materská škola", "sektor": "Gastro a stravovacie zariadenia", "presnost": "mestska_cast", "t_rok": 1.54, "odpady": [{"kod": "bro_zahrady", "nazov": "Biologicky rozložiteľný odpad zo záhrad", "kat": "20 02 01"}, {"kod": "skolsky_kuchynsky_odpad", "nazov": "Kuchynský odpad zo školských jedální", "kat": "20 01 08"}, {"kod": "zvysky_z_taniera", "nazov": "Zvyšky z taniera", "kat": "20 01 08"}]}}, {"type": "Feature", "geometry": {"type": "Point", "coordinates": [21.249677, 48.717227]}, "properties": {"ico": "35560321", "nazov": "Gymnázium sv. Edity Steinovej", "obec": "Košice", "okres": "Košice I", "kraj": "Košický", "typ": "skola_stredna", "typ_nazov": "Stredná škola", "sektor": "Gastro a stravovacie zariadenia", "presnost": "obec", "t_rok": 1.56, "odpady": [{"kod": "bro_zahrady", "nazov": "Biologicky rozložiteľný odpad zo záhrad", "kat": "20 02 01"}, {"kod": "skolsky_kuchynsky_odpad", "nazov": "Kuchynský odpad zo školských jedální", "kat": "20 01 08"}, {"kod": "zvysky_z_taniera", "nazov": "Zvyšky z taniera", "kat": "20 01 08"}, {"kod": "gastro_fritovaci_olej", "nazov": "Použitý fritovací olej z gastroprevádzok", "kat": "20 01 25"}]}}, {"type": "Feature", "geometry": {"type": "Point", "coordinates": [21.259905, 48.706875]}, "properties": {"ico": "35564024", "nazov": "Stredná odborná škola pedagogická sv. Cyrila a Metoda", "obec": "Košice - mestská časť Juh", "okres": "Košice IV", "kraj": "Košický", "typ": "skola_stredna", "typ_nazov": "Stredná škola", "sektor": "Gastro a stravovacie zariadenia", "presnost": "mestska_cast", "t_rok": 1.56, "odpady": [{"kod": "bro_zahrady", "nazov": "Biologicky rozložiteľný odpad zo záhrad", "kat": "20 02 01"}, {"kod": "skolsky_kuchynsky_odpad", "nazov": "Kuchynský odpad zo školských jedální", "kat": "20 01 08"}, {"kod": "zvysky_z_taniera", "nazov": "Zvyšky z taniera", "kat": "20 01 08"}, {"kod": "gastro_fritovaci_olej", "nazov": "Použitý fritovací olej z gastroprevádzok", "kat": "20 01 25"}]}}, {"type": "Feature", "geometry": {"type": "Point", "coordinates": [20.797352, 48.947914]}, "properties": {"ico": "35564113", "nazov": "Základná škola, SNP 13, Spišské Vlachy", "obec": "Spišské Vlachy", "okres": "Spišská Nová Ves", "kraj": "Košický", "typ": "skola_zakladna", "typ_nazov": "Základná škola", "sektor": "Gastro a stravovacie zariadenia", "presnost": "obec", "t_rok": 1.77, "odpady": [{"kod": "bro_zahrady", "nazov": "Biologicky rozložiteľný odpad zo záhrad", "kat": "20 02 01"}, {"kod": "skolsky_kuchynsky_odpad", "nazov": "Kuchynský odpad zo školských jedální", "kat": "20 01 08"}, {"kod": "zvysky_z_taniera", "nazov": "Zvyšky z taniera", "kat": "20 01 08"}, {"kod": "gastro_kavova_sedlina", "nazov": "Kávová sedlina z gastroprevádzok", "kat": "20 01 08"}]}}, {"type": "Feature", "geometry": {"type": "Point", "coordinates": [20.873055, 48.917127]}, "properties": {"ico": "35566451", "nazov": "Materská škola, Hlavná ulica 3, Krompachy", "obec": "Krompachy", "okres": "Spišská Nová Ves", "kraj": "Košický", "typ": "skola_materska", "typ_nazov": "Materská škola", "sektor": "Gastro a stravovacie zariadenia", "presnost": "obec", "t_rok": 1.54, "odpady": [{"kod": "bro_zahrady", "nazov": "Biologicky rozložiteľný odpad zo záhrad", "kat": "20 02 01"}, {"kod": "skolsky_kuchynsky_odpad", "nazov": "Kuchynský odpad zo školských jedální", "kat": "20 01 08"}, {"kod": "zvysky_z_taniera", "nazov": "Zvyšky z taniera", "kat": "20 01 08"}]}}, {"type": "Feature", "geometry": {"type": "Point", "coordinates": [21.933333, 48.75]}, "properties": {"ico": "35581000", "nazov": "Psychiatrická nemocnica Michalovce, n. o.", "obec": "Michalovce", "okres": "Michalovce", "kraj": "Košický", "typ": "nemocnica", "typ_nazov": "Nemocnica", "sektor": "Gastro a stravovacie zariadenia", "presnost": "obec", "t_rok": 26.86, "odpady": [{"kod": "zvysky_z_taniera", "nazov": "Zvyšky z taniera", "kat": "20 01 08"}, {"kod": "nemocnicny_kuchynsky_odpad", "nazov": "Kuchynský odpad zo zdravotníckych a sociálnych zariadení", "kat": "20 01 08"}, {"kod": "gastro_fritovaci_olej", "nazov": "Použitý fritovací olej z gastroprevádzok", "kat": "20 01 25"}]}}, {"type": "Feature", "geometry": {"type": "Point", "coordinates": [22.179139, 48.742148]}, "properties": {"ico": "35582391", "nazov": "Regionálna nemocnica Sobrance, n. o.", "obec": "Sobrance", "okres": "Sobrance", "kraj": "Košický", "typ": "nemocnica", "typ_nazov": "Nemocnica", "sektor": "Gastro a stravovacie zariadenia", "presnost": "obec", "t_rok": 26.86, "odpady": [{"kod": "zvysky_z_taniera", "nazov": "Zvyšky z taniera", "kat": "20 01 08"}, {"kod": "nemocnicny_kuchynsky_odpad", "nazov": "Kuchynský odpad zo zdravotníckych a sociálnych zariadení", "kat": "20 01 08"}, {"kod": "gastro_fritovaci_olej", "nazov": "Použitý fritovací olej z gastroprevádzok", "kat": "20 01 25"}]}}, {"type": "Feature", "geometry": {"type": "Point", "coordinates": [20.531184, 48.654392]}, "properties": {"ico": "35583720", "nazov": "Zariadenie pre seniorov Juraja Schoppera, n.o.", "obec": "Rožňava", "okres": "Rožňava", "kraj": "Košický", "typ": "socialne_zariadenie", "typ_nazov": "Zariadenie sociálnych služieb", "sektor": "Gastro a stravovacie zariadenia", "presnost": "obec", "t_rok": 0, "odpady": [{"kod": "bro_zahrady", "nazov": "Biologicky rozložiteľný odpad zo záhrad", "kat": "20 02 01"}, {"kod": "zvysky_z_taniera", "nazov": "Zvyšky z taniera", "kat": "20 01 08"}, {"kod": "nemocnicny_kuchynsky_odpad", "nazov": "Kuchynský odpad zo zdravotníckych a sociálnych zariadení", "kat": "20 01 08"}]}}, {"type": "Feature", "geometry": {"type": "Point", "coordinates": [17.644866, 48.208208]}, "properties": {"ico": "35630027", "nazov": "Spojená škola, Školská 212, Sládkovičovo", "obec": "Sládkovičovo", "okres": "Galanta", "kraj": "Trnavský", "typ": "skola_stredna", "typ_nazov": "Stredná škola", "sektor": "Gastro a stravovacie zariadenia", "presnost": "obec", "t_rok": 1.56, "odpady": [{"kod": "bro_zahrady", "nazov": "Biologicky rozložiteľný odpad zo záhrad", "kat": "20 02 01"}, {"kod": "skolsky_kuchynsky_odpad", "nazov": "Kuchynský odpad zo školských jedální", "kat": "20 01 08"}, {"kod": "zvysky_z_taniera", "nazov": "Zvyšky z taniera", "kat": "20 01 08"}, {"kod": "gastro_fritovaci_olej", "nazov": "Použitý fritovací olej z gastroprevádzok", "kat": "20 01 25"}]}}, {"type": "Feature", "geometry": {"type": "Point", "coordinates": [17.20201, 48.770797]}, "properties": {"ico": "35630043", "nazov": "Spojená škola, Jatočná 4, Skalica", "obec": "Skalica", "okres": "Skalica", "kraj": "Trnavský", "typ": "skola_stredna", "typ_nazov": "Stredná škola", "sektor": "Gastro a stravovacie zariadenia", "presnost": "okres", "t_rok": 1.56, "odpady": [{"kod": "bro_zahrady", "nazov": "Biologicky rozložiteľný odpad zo záhrad", "kat": "20 02 01"}, {"kod": "skolsky_kuchynsky_odpad", "nazov": "Kuchynský odpad zo školských jedální", "kat": "20 01 08"}, {"kod": "zvysky_z_taniera", "nazov": "Zvyšky z taniera", "kat": "20 01 08"}, {"kod": "gastro_fritovaci_olej", "nazov": "Použitý fritovací olej z gastroprevádzok", "kat": "20 01 25"}]}}, {"type": "Feature", "geometry": {"type": "Point", "coordinates": [17.109671, 48.153538]}, "properties": {"ico": "35697547", "nazov": "COOP Jednota Slovensko, spotrebné družstvo", "obec": "Bratislava", "okres": "Bratislava I", "kraj": "Bratislavský", "typ": "retail_druzstvo", "typ_nazov": "Spotrebné družstvo (predajne)", "sektor": "Retail a distribúcia potravín", "presnost": "obec", "t_rok": 0, "odpady": [{"kod": "retail_ovocie_zelenina", "nazov": "Neupredané ovocie a zelenina z predajní", "kat": "20 01 08"}, {"kod": "retail_pecivo", "nazov": "Neupredané pečivo a pekárske výrobky", "kat": "02 06 01"}, {"kod": "retail_mliecne", "nazov": "Mliečne výrobky po dátume minimálnej trvanlivosti", "kat": "20 01 08"}, {"kod": "retail_maso_zvysky", "nazov": "Mäsové a údenárske výrobky po dátume spotreby", "kat": "02 02 03"}, {"kod": "retail_zmesovy", "nazov": "Zmesový potravinový odpad z predajne", "kat": "20 01 08"}]}}, {"type": "Feature", "geometry": {"type": "Point", "coordinates": [17.233333, 48.1]}, "properties": {"ico": "35697679", "nazov": "PIVOVAR CODECON spol. s r.o.", "obec": "Rovinka", "okres": "Senec", "kraj": "Bratislavský", "typ": "pivovar", "typ_nazov": "Pivovar / minipivovar", "sektor": "Potravinárstvo a nápoje", "presnost": "obec", "t_rok": 0, "odpady": [{"kod": "pivovarske_mlato", "nazov": "Pivovarské mláto", "kat": "02 07 01"}, {"kod": "pivovarske_kvasnice", "nazov": "Pivovarské kvasnice", "kat": "02 07 05"}, {"kod": "chmelovy_mlat", "nazov": "Chmeľový mlát", "kat": "02 07 01"}, {"kod": "kremelinovy_kal", "nazov": "Kremelinový kal z filtrácie", "kat": "02 07 05"}]}}, {"type": "Feature", "geometry": {"type": "Point", "coordinates": [18.666667, 47.983333]}, "properties": {"ico": "35761555", "nazov": "MLYN ŠTÚROVO, a.s.", "obec": "Pohronský Ruskov", "okres": "Levice", "kraj": "Nitriansky", "typ": "mlyn", "typ_nazov": "Mlyn", "sektor": "Potravinárstvo a nápoje", "presnost": "obec", "t_rok": 0, "odpady": [{"kod": "psenicne_otruby", "nazov": "Pšeničné otruby", "kat": "02 03 04"}, {"kod": "mlynske_zmetky", "nazov": "Mlynské zmetky a plevy", "kat": "02 03 04"}, {"kod": "odpad_cistenie_zrna", "nazov": "Odpad z čistenia a sušenia obilia", "kat": "02 01 03"}]}}, {"type": "Feature", "geometry": {"type": "Point", "coordinates": [17.263614, 48.082194]}, "properties": {"ico": "35774151", "nazov": "Pekáreň Dunajská Lužná s.r.o.", "obec": "Dunajská Lužná", "okres": "Senec", "kraj": "Bratislavský", "typ": "pekaren", "typ_nazov": "Pekáreň", "sektor": "Potravinárstvo a nápoje", "presnost": "obec", "t_rok": 0, "odpady": [{"kod": "pekarenske_zvysky", "nazov": "Pekárenské zvyšky", "kat": "02 06 01"}, {"kod": "cestovinove_zvysky", "nazov": "Cestovinové a múčne zvyšky", "kat": "02 06 01"}]}}, {"type": "Feature", "geometry": {"type": "Point", "coordinates": [17.586718, 48.37729]}, "properties": {"ico": "35782803", "nazov": "Lycos Malt s.r.o.", "obec": "Trnava", "okres": "Trnava", "kraj": "Trnavský", "typ": "sladovna", "typ_nazov": "Sladovňa", "sektor": "Potravinárstvo a nápoje", "presnost": "obec", "t_rok": 0, "odpady": [{"kod": "sladovy_klicok", "nazov": "Sladový klíčok", "kat": "02 07 01"}, {"kod": "sladovy_prach", "nazov": "Sladový prach a plevy", "kat": "02 07 01"}]}}, {"type": "Feature", "geometry": {"type": "Point", "coordinates": [17.138349, 48.167188]}, "properties": {"ico": "35790164", "nazov": "Kaufland Slovenská republika v.o.s.", "obec": "Bratislava - mestská časť Nové Mesto", "okres": "Bratislava III", "kraj": "Bratislavský", "typ": "retail_retazec", "typ_nazov": "Obchodný reťazec", "sektor": "Retail a distribúcia potravín", "presnost": "mestska_cast", "t_rok": 0, "odpady": [{"kod": "gastro_fritovaci_olej", "nazov": "Použitý fritovací olej z gastroprevádzok", "kat": "20 01 25"}, {"kod": "retail_ovocie_zelenina", "nazov": "Neupredané ovocie a zelenina z predajní", "kat": "20 01 08"}, {"kod": "retail_pecivo", "nazov": "Neupredané pečivo a pekárske výrobky", "kat": "02 06 01"}, {"kod": "retail_mliecne", "nazov": "Mliečne výrobky po dátume minimálnej trvanlivosti", "kat": "20 01 08"}, {"kod": "retail_maso_zvysky", "nazov": "Mäsové a údenárske výrobky po dátume spotreby", "kat": "02 02 03"}, {"kod": "retail_zmesovy", "nazov": "Zmesový potravinový odpad z predajne", "kat": "20 01 08"}]}}, {"type": "Feature", "geometry": {"type": "Point", "coordinates": [17.164279, 48.149645]}, "properties": {"ico": "35793783", "nazov": "Lidl Slovenská republika, s.r.o.", "obec": "Bratislava - mestská časť Ružinov", "okres": "Bratislava II", "kraj": "Bratislavský", "typ": "retail_retazec", "typ_nazov": "Obchodný reťazec", "sektor": "Retail a distribúcia potravín", "presnost": "mestska_cast", "t_rok": 0, "odpady": [{"kod": "gastro_fritovaci_olej", "nazov": "Použitý fritovací olej z gastroprevádzok", "kat": "20 01 25"}, {"kod": "retail_ovocie_zelenina", "nazov": "Neupredané ovocie a zelenina z predajní", "kat": "20 01 08"}, {"kod": "retail_pecivo", "nazov": "Neupredané pečivo a pekárske výrobky", "kat": "02 06 01"}, {"kod": "retail_mliecne", "nazov": "Mliečne výrobky po dátume minimálnej trvanlivosti", "kat": "20 01 08"}, {"kod": "retail_maso_zvysky", "nazov": "Mäsové a údenárske výrobky po dátume spotreby", "kat": "02 02 03"}, {"kod": "retail_zmesovy", "nazov": "Zmesový potravinový odpad z predajne", "kat": "20 01 08"}]}}, {"type": "Feature", "geometry": {"type": "Point", "coordinates": [21.433333, 49.366667]}, "properties": {"ico": "35793848", "nazov": "Skládka odpadov - Dubová, s.r.o.", "obec": "Dubová", "okres": "Svidník", "kraj": "Prešovský", "typ": "odpadove_hospodarstvo", "typ_nazov": "Odpadové hospodárstvo", "sektor": "Komunálny a gastro bioodpad", "presnost": "obec", "t_rok": 0, "odpady": [{"kod": "bro_zahrady", "nazov": "Biologicky rozložiteľný odpad zo záhrad", "kat": "20 02 01"}, {"kod": "kuchynsky_odpad", "nazov": "Biologicky rozložiteľný kuchynský a reštauračný odpad", "kat": "20 01 08"}, {"kod": "jedle_oleje_pouzite", "nazov": "Použité jedlé oleje a tuky", "kat": "20 01 25"}, {"kod": "potraviny_po_dobe", "nazov": "Nepredané potraviny po dátume spotreby", "kat": "20 01 08"}, {"kod": "tuky_odlucovace", "nazov": "Tuky z odlučovačov", "kat": "19 08 09"}]}}, {"type": "Feature", "geometry": {"type": "Point", "coordinates": [18.129917, 47.757388]}, "properties": {"ico": "35798815", "nazov": "GT-Hydina s.r.o.", "obec": "Komárno", "okres": "Komárno", "kraj": "Nitriansky", "typ": "hydina", "typ_nazov": "Hydinárska prevádzka", "sektor": "Poľnohospodárstvo a chov", "presnost": "obec", "t_rok": 0, "odpady": [{"kod": "krv_bitunok", "nazov": "Krv z bitúnku", "kat": "02 02 03"}, {"kod": "perie", "nazov": "Perie z hydinových bitúnkov", "kat": "02 02 02"}, {"kod": "hydinovy_trus", "nazov": "Hydinový trus a podstielka", "kat": "02 01 06"}, {"kod": "kadavery", "nazov": "Uhynuté zvieratá (kadávery)", "kat": "02 01 02"}, {"kod": "zvp_kat3", "nazov": "Živočíšne vedľajšie produkty kategórie 3", "kat": "02 02 02"}, {"kod": "zvp_kat2", "nazov": "Živočíšne vedľajšie produkty kategórie 2", "kat": "02 02 02"}]}}, {"type": "Feature", "geometry": {"type": "Point", "coordinates": [19.101794, 48.473486]}, "properties": {"ico": "35820667", "nazov": "Mliekoservis Slovakia, a.s.", "obec": "Dobrá Niva", "okres": "Zvolen", "kraj": "Banskobystrický", "typ": "mliekaren", "typ_nazov": "Mliekáreň", "sektor": "Potravinárstvo a nápoje", "presnost": "obec", "t_rok": 0, "odpady": [{"kod": "srvatka_sladka", "nazov": "Sladká srvátka", "kat": "02 05 01"}, {"kod": "srvatka_kysla", "nazov": "Kyslá srvátka", "kat": "02 05 01"}, {"kod": "srvatkovy_permeat", "nazov": "Srvátkový permeát", "kat": "02 05 01"}, {"kod": "cmar", "nazov": "Cmar", "kat": "02 05 01"}, {"kod": "mliekarensky_kal", "nazov": "Kal z mliekarenskej ČOV", "kat": "02 05 02"}]}}, {"type": "Feature", "geometry": {"type": "Point", "coordinates": [17.020348, 48.43475]}, "properties": {"ico": "35843462", "nazov": "PÍLA MALACKY, s.r.o.", "obec": "Malacky", "okres": "Malacky", "kraj": "Bratislavský", "typ": "pila", "typ_nazov": "Píla a drevospracovanie", "sektor": "Drevo, lesníctvo a ostatné", "presnost": "obec", "t_rok": 0, "odpady": [{"kod": "kora", "nazov": "Odpadová kôra", "kat": "03 01 01"}, {"kod": "piliny", "nazov": "Piliny a hobliny", "kat": "03 01 05"}, {"kod": "odrezky_dreva", "nazov": "Odrezky a drevný odpad", "kat": "03 01 05"}]}}, {"type": "Feature", "geometry": {"type": "Point", "coordinates": [17.164279, 48.149645]}, "properties": {"ico": "35850370", "nazov": "Bratislavská vodárenská spoločnosť, a.s.", "obec": "Bratislava - mestská časť Ružinov", "okres": "Bratislava II", "kraj": "Bratislavský", "typ": "vodarenska", "typ_nazov": "Vodárenská spoločnosť (ČOV)", "sektor": "Komunálny a gastro bioodpad", "presnost": "mestska_cast", "t_rok": 0, "odpady": [{"kod": "cov_kal_komunalny", "nazov": "Kal z komunálnej ČOV", "kat": "19 08 05"}, {"kod": "tuky_odlucovace", "nazov": "Tuky z odlučovačov", "kat": "19 08 09"}]}}, {"type": "Feature", "geometry": {"type": "Point", "coordinates": [18.252347, 48.08008]}, "properties": {"ico": "35854723", "nazov": "SLOVŠKROB a.s.", "obec": "Dolný Ohaj", "okres": "Nové Zámky", "kraj": "Nitriansky", "typ": "skrobaren", "typ_nazov": "Škrobáreň", "sektor": "Potravinárstvo a nápoje", "presnost": "obec", "t_rok": 0, "odpady": [{"kod": "skrobarenske_zvysky", "nazov": "Škrobárenské zvyšky", "kat": "02 03 01"}, {"kod": "zemiakove_supky", "nazov": "Zemiakové šupky a orezky", "kat": "02 03 04"}]}}, {"type": "Feature", "geometry": {"type": "Point", "coordinates": [17.109671, 48.153538]}, "properties": {"ico": "35858451", "nazov": "Mäso Förster, s.r.o.", "obec": "Bratislava", "okres": "Bratislava I", "kraj": "Bratislavský", "typ": "masovyroba", "typ_nazov": "Mäsospracovanie", "sektor": "Potravinárstvo a nápoje", "presnost": "obec", "t_rok": 0, "odpady": [{"kod": "kostny_zvysok", "nazov": "Kosti a kostné zvyšky", "kat": "02 02 02"}, {"kod": "kozne_odrezky", "nazov": "Kožné odrezky a podkožný tuk", "kat": "02 02 02"}, {"kod": "masovy_flotacny_kal", "nazov": "Flotačný kal z mäsospracovania", "kat": "02 02 04"}, {"kod": "zvp_kat3", "nazov": "Živočíšne vedľajšie produkty kategórie 3", "kat": "02 02 02"}, {"kod": "technicky_zivocisny_tuk", "nazov": "Technický živočíšny tuk", "kat": "02 02 03"}, {"kod": "masokostna_mucka", "nazov": "Mäsokostná múčka", "kat": "02 02 02"}]}}, {"type": "Feature", "geometry": {"type": "Point", "coordinates": [17.1534, 48.211512]}, "properties": {"ico": "35864761", "nazov": "Reštaurácia a kaviareň biffi, s.r.o.", "obec": "Bratislava - mestská časť Rača", "okres": "Bratislava III", "kraj": "Bratislavský", "typ": "restauracia", "typ_nazov": "Reštaurácia", "sektor": "Gastro a stravovacie zariadenia", "presnost": "mestska_cast", "t_rok": 0, "odpady": [{"kod": "tuky_odlucovace", "nazov": "Tuky z odlučovačov", "kat": "19 08 09"}, {"kod": "zvysky_z_taniera", "nazov": "Zvyšky z taniera", "kat": "20 01 08"}, {"kod": "gastro_kuchynsky_odpad", "nazov": "Kuchynský odpad z reštaurácií a hotelov", "kat": "20 01 08"}, {"kod": "gastro_fritovaci_olej", "nazov": "Použitý fritovací olej z gastroprevádzok", "kat": "20 01 25"}, {"kod": "gastro_kavova_sedlina", "nazov": "Kávová sedlina z gastroprevádzok", "kat": "20 01 08"}]}}, {"type": "Feature", "geometry": {"type": "Point", "coordinates": [17.109671, 48.153538]}, "properties": {"ico": "35874287", "nazov": "Slovenská liehovarnícka, a.s.", "obec": "Bratislava", "okres": "Bratislava I", "kraj": "Bratislavský", "typ": "liehovar", "typ_nazov": "Liehovar a pálenica", "sektor": "Potravinárstvo a nápoje", "presnost": "obec", "t_rok": 0, "odpady": [{"kod": "vypalky", "nazov": "Liehovarnícke výpalky", "kat": "02 07 02"}, {"kod": "drozdiarske_zvysky", "nazov": "Zvyšky z výroby droždia", "kat": "02 03 04"}]}}, {"type": "Feature", "geometry": {"type": "Point", "coordinates": [17.164279, 48.149645]}, "properties": {"ico": "35880228", "nazov": "Hotel LIPA Slovakia s. r. o.", "obec": "Bratislava - mestská časť Ružinov", "okres": "Bratislava II", "kraj": "Bratislavský", "typ": "hotel", "typ_nazov": "Hotel", "sektor": "Gastro a stravovacie zariadenia", "presnost": "mestska_cast", "t_rok": 0, "odpady": [{"kod": "bro_zahrady", "nazov": "Biologicky rozložiteľný odpad zo záhrad", "kat": "20 02 01"}, {"kod": "zvysky_z_taniera", "nazov": "Zvyšky z taniera", "kat": "20 01 08"}, {"kod": "gastro_kuchynsky_odpad", "nazov": "Kuchynský odpad z reštaurácií a hotelov", "kat": "20 01 08"}, {"kod": "gastro_fritovaci_olej", "nazov": "Použitý fritovací olej z gastroprevádzok", "kat": "20 01 25"}, {"kod": "gastro_kavova_sedlina", "nazov": "Kávová sedlina z gastroprevádzok", "kat": "20 01 08"}]}}, {"type": "Feature", "geometry": {"type": "Point", "coordinates": [17.164279, 48.149645]}, "properties": {"ico": "35880821", "nazov": "ST. NICOLAUS Group a.s.", "obec": "Bratislava - mestská časť Ružinov", "okres": "Bratislava II", "kraj": "Bratislavský", "typ": "liehovar", "typ_nazov": "Liehovar a pálenica", "sektor": "Potravinárstvo a nápoje", "presnost": "mestska_cast", "t_rok": 0, "odpady": [{"kod": "vypalky", "nazov": "Liehovarnícke výpalky", "kat": "02 07 02"}, {"kod": "drozdiarske_zvysky", "nazov": "Zvyšky z výroby droždia", "kat": "02 03 04"}]}}, {"type": "Feature", "geometry": {"type": "Point", "coordinates": [17.378144, 48.414316]}, "properties": {"ico": "35889543", "nazov": "VÍNO Doľany spol. s r. o.", "obec": "Doľany", "okres": "Pezinok", "kraj": "Bratislavský", "typ": "vinarstvo", "typ_nazov": "Vinárstvo", "sektor": "Potravinárstvo a nápoje", "presnost": "obec", "t_rok": 0, "odpady": [{"kod": "hroznove_vylisky", "nazov": "Hroznové výlisky (matolina)", "kat": "02 07 04"}, {"kod": "vinne_kaly", "nazov": "Vínne kaly", "kat": "02 07 05"}, {"kod": "hroznove_stopky", "nazov": "Hroznové stopky (strapiny)", "kat": "02 07 01"}]}}, {"type": "Feature", "geometry": {"type": "Point", "coordinates": [17.27028, 48.285586]}, "properties": {"ico": "35898224", "nazov": "Vinárstvo Kamenica, s. r. o.", "obec": "Pezinok", "okres": "Pezinok", "kraj": "Bratislavský", "typ": "vinarstvo", "typ_nazov": "Vinárstvo", "sektor": "Potravinárstvo a nápoje", "presnost": "obec", "t_rok": 0, "odpady": [{"kod": "hroznove_vylisky", "nazov": "Hroznové výlisky (matolina)", "kat": "02 07 04"}, {"kod": "vinne_kaly", "nazov": "Vínne kaly", "kat": "02 07 05"}, {"kod": "hroznove_stopky", "nazov": "Hroznové stopky (strapiny)", "kat": "02 07 01"}]}}, {"type": "Feature", "geometry": {"type": "Point", "coordinates": [17.450829, 48.195128]}, "properties": {"ico": "35910445", "nazov": "Zeleninárska s.r.o.", "obec": "Kráľová pri Senci", "okres": "Senec", "kraj": "Bratislavský", "typ": "zeleninarstvo", "typ_nazov": "Zeleninárstvo", "sektor": "Poľnohospodárstvo a chov", "presnost": "obec", "t_rok": 0, "odpady": [{"kod": "zemiakove_supky", "nazov": "Zemiakové šupky a orezky", "kat": "02 03 04"}, {"kod": "zeleninove_orezky", "nazov": "Orezky a nepodarky zeleniny", "kat": "02 03 04"}, {"kod": "kal_pranie_zeleniny", "nazov": "Kal z prania a lúpania zeleniny", "kat": "02 03 01"}, {"kod": "vnate_pozberove", "nazov": "Vňate a pozberové zvyšky zeleniny", "kat": "02 01 03"}]}}, {"type": "Feature", "geometry": {"type": "Point", "coordinates": [17.112478, 48.140553]}, "properties": {"ico": "35929006", "nazov": "AB pivovar, a.s.", "obec": "Bratislava - mestská časť Staré Mesto", "okres": "Bratislava I", "kraj": "Bratislavský", "typ": "pivovar", "typ_nazov": "Pivovar / minipivovar", "sektor": "Potravinárstvo a nápoje", "presnost": "mestska_cast", "t_rok": 0, "odpady": [{"kod": "pivovarske_mlato", "nazov": "Pivovarské mláto", "kat": "02 07 01"}, {"kod": "pivovarske_kvasnice", "nazov": "Pivovarské kvasnice", "kat": "02 07 05"}, {"kod": "chmelovy_mlat", "nazov": "Chmeľový mlát", "kat": "02 07 01"}, {"kod": "kremelinovy_kal", "nazov": "Kremelinový kal z filtrácie", "kat": "02 07 05"}]}}, {"type": "Feature", "geometry": {"type": "Point", "coordinates": [18.333335, 48.066661]}, "properties": {"ico": "35929936", "nazov": "ROĽNÍCKY MLYN, s.r.o.", "obec": "Veľké Lovce", "okres": "Nové Zámky", "kraj": "Nitriansky", "typ": "mlyn", "typ_nazov": "Mlyn", "sektor": "Potravinárstvo a nápoje", "presnost": "obec", "t_rok": 0, "odpady": [{"kod": "psenicne_otruby", "nazov": "Pšeničné otruby", "kat": "02 03 04"}, {"kod": "mlynske_zmetky", "nazov": "Mlynské zmetky a plevy", "kat": "02 03 04"}, {"kod": "odpad_cistenie_zrna", "nazov": "Odpad z čistenia a sušenia obilia", "kat": "02 01 03"}]}}, {"type": "Feature", "geometry": {"type": "Point", "coordinates": [17.112478, 48.140553]}, "properties": {"ico": "35949856", "nazov": "Vinárstvo Vištuk a. s.", "obec": "Bratislava - mestská časť Staré Mesto", "okres": "Bratislava I", "kraj": "Bratislavský", "typ": "vinarstvo", "typ_nazov": "Vinárstvo", "sektor": "Potravinárstvo a nápoje", "presnost": "mestska_cast", "t_rok": 0, "odpady": [{"kod": "hroznove_vylisky", "nazov": "Hroznové výlisky (matolina)", "kat": "02 07 04"}, {"kod": "vinne_kaly", "nazov": "Vínne kaly", "kat": "02 07 05"}, {"kod": "hroznove_stopky", "nazov": "Hroznové stopky (strapiny)", "kat": "02 07 01"}]}}, {"type": "Feature", "geometry": {"type": "Point", "coordinates": [18.350798, 48.332164]}, "properties": {"ico": "35964243", "nazov": "FARMA MAGJEP, s. r. o.", "obec": "Tesárske Mlyňany", "okres": "Zlaté Moravce", "kraj": "Nitriansky", "typ": "farma", "typ_nazov": "Živočíšna farma", "sektor": "Poľnohospodárstvo a chov", "presnost": "obec", "t_rok": 0, "odpady": [{"kod": "travna_hmota_ttp", "nazov": "Trávna hmota z lúk a TTP", "kat": "02 01 03"}, {"kod": "hnoj_hovadzi", "nazov": "Maštaľný hnoj hovädzí", "kat": "02 01 06"}, {"kod": "hnojovica_osipane", "nazov": "Hnojovica ošípaných", "kat": "02 01 06"}, {"kod": "ovciarsky_hnoj", "nazov": "Ovčí a kozí hnoj", "kat": "02 01 06"}, {"kod": "kadavery", "nazov": "Uhynuté zvieratá (kadávery)", "kat": "02 01 02"}]}}, {"type": "Feature", "geometry": {"type": "Point", "coordinates": [18.416667, 47.9]}, "properties": {"ico": "35979381", "nazov": "HBT VITIS, s.r.o.", "obec": "Strekov", "okres": "Nové Zámky", "kraj": "Nitriansky", "typ": "vinarstvo", "typ_nazov": "Vinárstvo", "sektor": "Potravinárstvo a nápoje", "presnost": "obec", "t_rok": 0, "odpady": [{"kod": "hroznove_vylisky", "nazov": "Hroznové výlisky (matolina)", "kat": "02 07 04"}, {"kod": "vinne_kaly", "nazov": "Vínne kaly", "kat": "02 07 05"}, {"kod": "hroznove_stopky", "nazov": "Hroznové stopky (strapiny)", "kat": "02 07 01"}]}}, {"type": "Feature", "geometry": {"type": "Point", "coordinates": [19.349119, 48.20896]}, "properties": {"ico": "35984457", "nazov": "Špeciálna základná škola, Za parkom 966, Veľký Krtíš", "obec": "Veľký Krtíš", "okres": "Veľký Krtíš", "kraj": "Banskobystrický", "typ": "skola_zakladna", "typ_nazov": "Základná škola", "sektor": "Gastro a stravovacie zariadenia", "presnost": "obec", "t_rok": 1.77, "odpady": [{"kod": "bro_zahrady", "nazov": "Biologicky rozložiteľný odpad zo záhrad", "kat": "20 02 01"}, {"kod": "skolsky_kuchynsky_odpad", "nazov": "Kuchynský odpad zo školských jedální", "kat": "20 01 08"}, {"kod": "zvysky_z_taniera", "nazov": "Zvyšky z taniera", "kat": "20 01 08"}, {"kod": "gastro_kavova_sedlina", "nazov": "Kávová sedlina z gastroprevádzok", "kat": "20 01 08"}]}}, {"type": "Feature", "geometry": {"type": "Point", "coordinates": [19.664144, 48.330282]}, "properties": {"ico": "35991593", "nazov": "Základná škola M. R. Štefánika, Haličská cesta 1191/8, Lučenec", "obec": "Lučenec", "okres": "Lučenec", "kraj": "Banskobystrický", "typ": "skola_zakladna", "typ_nazov": "Základná škola", "sektor": "Gastro a stravovacie zariadenia", "presnost": "obec", "t_rok": 1.77, "odpady": [{"kod": "bro_zahrady", "nazov": "Biologicky rozložiteľný odpad zo záhrad", "kat": "20 02 01"}, {"kod": "skolsky_kuchynsky_odpad", "nazov": "Kuchynský odpad zo školských jedální", "kat": "20 01 08"}, {"kod": "zvysky_z_taniera", "nazov": "Zvyšky z taniera", "kat": "20 01 08"}, {"kod": "gastro_kavova_sedlina", "nazov": "Kávová sedlina z gastroprevádzok", "kat": "20 01 08"}]}}, {"type": "Feature", "geometry": {"type": "Point", "coordinates": [18.324242, 49.123992]}, "properties": {"ico": "35995904", "nazov": "Základná škola Jana Amosa Komenského, Komenského 652/50, Púchov", "obec": "Púchov", "okres": "Púchov", "kraj": "Trenčiansky", "typ": "skola_zakladna", "typ_nazov": "Základná škola", "sektor": "Gastro a stravovacie zariadenia", "presnost": "obec", "t_rok": 1.77, "odpady": [{"kod": "bro_zahrady", "nazov": "Biologicky rozložiteľný odpad zo záhrad", "kat": "20 02 01"}, {"kod": "skolsky_kuchynsky_odpad", "nazov": "Kuchynský odpad zo školských jedální", "kat": "20 01 08"}, {"kod": "zvysky_z_taniera", "nazov": "Zvyšky z taniera", "kat": "20 01 08"}, {"kod": "gastro_kavova_sedlina", "nazov": "Kávová sedlina z gastroprevádzok", "kat": "20 01 08"}]}}, {"type": "Feature", "geometry": {"type": "Point", "coordinates": [18.09061, 48.31257]}, "properties": {"ico": "36002470", "nazov": "Píla Maša, s.r.o.", "obec": "Nitra", "okres": "Nitra", "kraj": "Nitriansky", "typ": "pila", "typ_nazov": "Píla a drevospracovanie", "sektor": "Drevo, lesníctvo a ostatné", "presnost": "obec", "t_rok": 0, "odpady": [{"kod": "kora", "nazov": "Odpadová kôra", "kat": "03 01 01"}, {"kod": "piliny", "nazov": "Piliny a hobliny", "kat": "03 01 05"}, {"kod": "odrezky_dreva", "nazov": "Odrezky a drevný odpad", "kat": "03 01 05"}]}}, {"type": "Feature", "geometry": {"type": "Point", "coordinates": [18.952016, 48.275107]}, "properties": {"ico": "36005614", "nazov": "PÍLA SEB, s.r.o.", "obec": "Sebechleby", "okres": "Krupina", "kraj": "Banskobystrický", "typ": "pila", "typ_nazov": "Píla a drevospracovanie", "sektor": "Drevo, lesníctvo a ostatné", "presnost": "obec", "t_rok": 0, "odpady": [{"kod": "kora", "nazov": "Odpadová kôra", "kat": "03 01 01"}, {"kod": "piliny", "nazov": "Piliny a hobliny", "kat": "03 01 05"}, {"kod": "odrezky_dreva", "nazov": "Odrezky a drevný odpad", "kat": "03 01 05"}]}}, {"type": "Feature", "geometry": {"type": "Point", "coordinates": [19.640961, 48.805335]}, "properties": {"ico": "36009342", "nazov": "COOP Jednota Brezno, spotrebné družstvo", "obec": "Brezno", "okres": "Brezno", "kraj": "Banskobystrický", "typ": "retail_druzstvo", "typ_nazov": "Spotrebné družstvo (predajne)", "sektor": "Retail a distribúcia potravín", "presnost": "obec", "t_rok": 0, "odpady": [{"kod": "retail_ovocie_zelenina", "nazov": "Neupredané ovocie a zelenina z predajní", "kat": "20 01 08"}, {"kod": "retail_pecivo", "nazov": "Neupredané pečivo a pekárske výrobky", "kat": "02 06 01"}, {"kod": "retail_mliecne", "nazov": "Mliečne výrobky po dátume minimálnej trvanlivosti", "kat": "20 01 08"}, {"kod": "retail_maso_zvysky", "nazov": "Mäsové a údenárske výrobky po dátume spotreby", "kat": "02 02 03"}, {"kod": "retail_zmesovy", "nazov": "Zmesový potravinový odpad z predajne", "kat": "20 01 08"}]}}, {"type": "Feature", "geometry": {"type": "Point", "coordinates": [19.615641, 49.363892]}, "properties": {"ico": "36012815", "nazov": "COOP Jednota Trstená, spotrebné družstvo", "obec": "Trstená", "okres": "Tvrdošín", "kraj": "Žilinský", "typ": "retail_druzstvo", "typ_nazov": "Spotrebné družstvo (predajne)", "sektor": "Retail a distribúcia potravín", "presnost": "obec", "t_rok": 0, "odpady": [{"kod": "retail_ovocie_zelenina", "nazov": "Neupredané ovocie a zelenina z predajní", "kat": "20 01 08"}, {"kod": "retail_pecivo", "nazov": "Neupredané pečivo a pekárske výrobky", "kat": "02 06 01"}, {"kod": "retail_mliecne", "nazov": "Mliečne výrobky po dátume minimálnej trvanlivosti", "kat": "20 01 08"}, {"kod": "retail_maso_zvysky", "nazov": "Mäsové a údenárske výrobky po dátume spotreby", "kat": "02 02 03"}, {"kod": "retail_zmesovy", "nazov": "Zmesový potravinový odpad z predajne", "kat": "20 01 08"}]}}, {"type": "Feature", "geometry": {"type": "Point", "coordinates": [18.447319, 49.114507]}, "properties": {"ico": "36014508", "nazov": "OVISFARMA SK, s. r. o.", "obec": "Považská Bystrica", "okres": "Považská Bystrica", "kraj": "Trenčiansky", "typ": "farma", "typ_nazov": "Živočíšna farma", "sektor": "Poľnohospodárstvo a chov", "presnost": "obec", "t_rok": 0, "odpady": [{"kod": "travna_hmota_ttp", "nazov": "Trávna hmota z lúk a TTP", "kat": "02 01 03"}, {"kod": "hnoj_hovadzi", "nazov": "Maštaľný hnoj hovädzí", "kat": "02 01 06"}, {"kod": "hnojovica_osipane", "nazov": "Hnojovica ošípaných", "kat": "02 01 06"}, {"kod": "ovciarsky_hnoj", "nazov": "Ovčí a kozí hnoj", "kat": "02 01 06"}, {"kod": "kadavery", "nazov": "Uhynuté zvieratá (kadávery)", "kat": "02 01 02"}]}}, {"type": "Feature", "geometry": {"type": "Point", "coordinates": [18.6, 48.216667]}, "properties": {"ico": "36036102", "nazov": "SPOL AGRO POČÚVADLO, s.r.o.", "obec": "Levice", "okres": "Levice", "kraj": "Nitriansky", "typ": "agro", "typ_nazov": "Poľnohospodársky podnik", "sektor": "Poľnohospodárstvo a chov", "presnost": "obec", "t_rok": 0, "odpady": [{"kod": "slama_obilna", "nazov": "Obilná slama", "kat": "02 01 03"}, {"kod": "kukuricne_korovie", "nazov": "Kukuričné kôrovie a stonky", "kat": "02 01 03"}, {"kod": "repkova_slama", "nazov": "Repková slama", "kat": "02 01 03"}, {"kod": "travna_hmota_ttp", "nazov": "Trávna hmota z lúk a TTP", "kat": "02 01 03"}, {"kod": "odpad_cistenie_zrna", "nazov": "Odpad z čistenia a sušenia obilia", "kat": "02 01 03"}]}}, {"type": "Feature", "geometry": {"type": "Point", "coordinates": [19.260067, 48.560709]}, "properties": {"ico": "36040690", "nazov": "Bryndziareň a syráreň, s.r.o.", "obec": "Zvolenská Slatina", "okres": "Zvolen", "kraj": "Banskobystrický", "typ": "syraren", "typ_nazov": "Syráreň a bryndziareň", "sektor": "Potravinárstvo a nápoje", "presnost": "obec", "t_rok": 0, "odpady": [{"kod": "srvatka_sladka", "nazov": "Sladká srvátka", "kat": "02 05 01"}, {"kod": "srvatka_kysla", "nazov": "Kyslá srvátka", "kat": "02 05 01"}, {"kod": "mliekarensky_kal", "nazov": "Kal z mliekarenskej ČOV", "kat": "02 05 02"}, {"kod": "syrarska_srvatka_tuh", "nazov": "Tuhé zvyšky zo syrárskej výroby", "kat": "02 05 01"}]}}, {"type": "Feature", "geometry": {"type": "Point", "coordinates": [17.109671, 48.153538]}, "properties": {"ico": "36043702", "nazov": "HYDINÁREŇ TOMÁŠOVCE s.r.o.", "obec": "Bratislava", "okres": "Bratislava I", "kraj": "Bratislavský", "typ": "hydina", "typ_nazov": "Hydinárska prevádzka", "sektor": "Poľnohospodárstvo a chov", "presnost": "obec", "t_rok": 0, "odpady": [{"kod": "krv_bitunok", "nazov": "Krv z bitúnku", "kat": "02 02 03"}, {"kod": "perie", "nazov": "Perie z hydinových bitúnkov", "kat": "02 02 02"}, {"kod": "hydinovy_trus", "nazov": "Hydinový trus a podstielka", "kat": "02 01 06"}, {"kod": "kadavery", "nazov": "Uhynuté zvieratá (kadávery)", "kat": "02 01 02"}, {"kod": "zvp_kat3", "nazov": "Živočíšne vedľajšie produkty kategórie 3", "kat": "02 02 02"}, {"kod": "zvp_kat2", "nazov": "Živočíšne vedľajšie produkty kategórie 2", "kat": "02 02 02"}]}}, {"type": "Feature", "geometry": {"type": "Point", "coordinates": [19.942023, 48.681]}, "properties": {"ico": "36044041", "nazov": "Pekáreň ALFEX, spol. s r. o.", "obec": "Tisovec", "okres": "Rimavská Sobota", "kraj": "Banskobystrický", "typ": "pekaren", "typ_nazov": "Pekáreň", "sektor": "Potravinárstvo a nápoje", "presnost": "obec", "t_rok": 0, "odpady": [{"kod": "pekarenske_zvysky", "nazov": "Pekárenské zvyšky", "kat": "02 06 01"}, {"kod": "cestovinove_zvysky", "nazov": "Cestovinové a múčne zvyšky", "kat": "02 06 01"}]}}, {"type": "Feature", "geometry": {"type": "Point", "coordinates": [19.573333, 48.354442]}, "properties": {"ico": "36047716", "nazov": "PEKÁREŇ, s.r.o.", "obec": "Halič", "okres": "Lučenec", "kraj": "Banskobystrický", "typ": "pekaren", "typ_nazov": "Pekáreň", "sektor": "Potravinárstvo a nápoje", "presnost": "obec", "t_rok": 0, "odpady": [{"kod": "pekarenske_zvysky", "nazov": "Pekárenské zvyšky", "kat": "02 06 01"}, {"kod": "cestovinove_zvysky", "nazov": "Cestovinové a múčne zvyšky", "kat": "02 06 01"}]}}, {"type": "Feature", "geometry": {"type": "Point", "coordinates": [18.798587, 48.505945]}, "properties": {"ico": "36051691", "nazov": "Pivovar STEIGER a.s.", "obec": "Vyhne", "okres": "Žiar nad Hronom", "kraj": "Banskobystrický", "typ": "pivovar", "typ_nazov": "Pivovar / minipivovar", "sektor": "Potravinárstvo a nápoje", "presnost": "obec", "t_rok": 0, "odpady": [{"kod": "pivovarske_mlato", "nazov": "Pivovarské mláto", "kat": "02 07 01"}, {"kod": "pivovarske_kvasnice", "nazov": "Pivovarské kvasnice", "kat": "02 07 05"}, {"kod": "chmelovy_mlat", "nazov": "Chmeľový mlát", "kat": "02 07 01"}, {"kod": "kremelinovy_kal", "nazov": "Kremelinový kal z filtrácie", "kat": "02 07 05"}]}}, {"type": "Feature", "geometry": {"type": "Point", "coordinates": [19.156869, 48.738539]}, "properties": {"ico": "36056006", "nazov": "Stredoslovenská vodárenská spoločnosť, a.s.", "obec": "Banská Bystrica", "okres": "Banská Bystrica", "kraj": "Banskobystrický", "typ": "vodarenska", "typ_nazov": "Vodárenská spoločnosť (ČOV)", "sektor": "Komunálny a gastro bioodpad", "presnost": "obec", "t_rok": 0, "odpady": [{"kod": "cov_kal_komunalny", "nazov": "Kal z komunálnej ČOV", "kat": "19 08 05"}, {"kod": "tuky_odlucovace", "nazov": "Tuky z odlučovačov", "kat": "19 08 09"}]}}, {"type": "Feature", "geometry": {"type": "Point", "coordinates": [19.411609, 48.544384]}, "properties": {"ico": "36057029", "nazov": "Technické služby Detva s.r.o.", "obec": "Detva", "okres": "Detva", "kraj": "Banskobystrický", "typ": "technicke_sluzby", "typ_nazov": "Technické služby mesta / obce", "sektor": "Komunálny a gastro bioodpad", "presnost": "obec", "t_rok": 0, "odpady": [{"kod": "travna_hmota_kosba", "nazov": "Trávna hmota z kosby verejnej zelene", "kat": "20 02 01"}, {"kod": "konare_stiepka", "nazov": "Konáre a drevná štiepka z údržby zelene", "kat": "20 02 01"}, {"kod": "listie", "nazov": "Lístie z verejnej zelene", "kat": "20 02 01"}, {"kod": "bro_zahrady", "nazov": "Biologicky rozložiteľný odpad zo záhrad", "kat": "20 02 01"}, {"kod": "odpad_trhoviska", "nazov": "Odpad z trhovísk", "kat": "20 03 02"}]}}, {"type": "Feature", "geometry": {"type": "Point", "coordinates": [16.982457, 48.317496]}, "properties": {"ico": "36063959", "nazov": "Základná škola Albína Brunovského, Obchodná ulica 7, Zohor", "obec": "Zohor", "okres": "Malacky", "kraj": "Bratislavský", "typ": "skola_zakladna", "typ_nazov": "Základná škola", "sektor": "Gastro a stravovacie zariadenia", "presnost": "obec", "t_rok": 1.77, "odpady": [{"kod": "bro_zahrady", "nazov": "Biologicky rozložiteľný odpad zo záhrad", "kat": "20 02 01"}, {"kod": "skolsky_kuchynsky_odpad", "nazov": "Kuchynský odpad zo školských jedální", "kat": "20 01 08"}, {"kod": "zvysky_z_taniera", "nazov": "Zvyšky z taniera", "kat": "20 01 08"}, {"kod": "gastro_kavova_sedlina", "nazov": "Kávová sedlina z gastroprevádzok", "kat": "20 01 08"}]}}, {"type": "Feature", "geometry": {"type": "Point", "coordinates": [17.164279, 48.149645]}, "properties": {"ico": "36077739", "nazov": "Špecializovaná nemocnica pre ortopedickú protetiku Bratislava, n.o.", "obec": "Bratislava - mestská časť Ružinov", "okres": "Bratislava II", "kraj": "Bratislavský", "typ": "nemocnica", "typ_nazov": "Nemocnica", "sektor": "Gastro a stravovacie zariadenia", "presnost": "mestska_cast", "t_rok": 26.86, "odpady": [{"kod": "zvysky_z_taniera", "nazov": "Zvyšky z taniera", "kat": "20 01 08"}, {"kod": "nemocnicny_kuchynsky_odpad", "nazov": "Kuchynský odpad zo zdravotníckych a sociálnych zariadení", "kat": "20 01 08"}, {"kod": "gastro_fritovaci_olej", "nazov": "Použitý fritovací olej z gastroprevádzok", "kat": "20 01 25"}]}}, {"type": "Feature", "geometry": {"type": "Point", "coordinates": [17.821604, 48.589897]}, "properties": {"ico": "36083895", "nazov": "Nemocnica Piešťany n.f.", "obec": "Piešťany", "okres": "Piešťany", "kraj": "Trnavský", "typ": "nemocnica", "typ_nazov": "Nemocnica", "sektor": "Gastro a stravovacie zariadenia", "presnost": "obec", "t_rok": 26.86, "odpady": [{"kod": "zvysky_z_taniera", "nazov": "Zvyšky z taniera", "kat": "20 01 08"}, {"kod": "nemocnicny_kuchynsky_odpad", "nazov": "Kuchynský odpad zo zdravotníckych a sociálnych zariadení", "kat": "20 01 08"}, {"kod": "gastro_fritovaci_olej", "nazov": "Použitý fritovací olej z gastroprevádzok", "kat": "20 01 25"}]}}, {"type": "Feature", "geometry": {"type": "Point", "coordinates": [17.723876, 48.619531]}, "properties": {"ico": "36084166", "nazov": "Domov Klas n.o.", "obec": "Vrbové", "okres": "Piešťany", "kraj": "Trnavský", "typ": "socialne_zariadenie", "typ_nazov": "Zariadenie sociálnych služieb", "sektor": "Gastro a stravovacie zariadenia", "presnost": "obec", "t_rok": 0, "odpady": [{"kod": "bro_zahrady", "nazov": "Biologicky rozložiteľný odpad zo záhrad", "kat": "20 02 01"}, {"kod": "zvysky_z_taniera", "nazov": "Zvyšky z taniera", "kat": "20 01 08"}, {"kod": "nemocnicny_kuchynsky_odpad", "nazov": "Kuchynský odpad zo zdravotníckych a sociálnych zariadení", "kat": "20 01 08"}]}}, {"type": "Feature", "geometry": {"type": "Point", "coordinates": [17.75582, 48.458044]}, "properties": {"ico": "36090212", "nazov": "Základná škola s materskou školou, Osloboditeľov 9, Červeník", "obec": "Červeník", "okres": "Hlohovec", "kraj": "Trnavský", "typ": "skola_zakladna", "typ_nazov": "Základná škola", "sektor": "Gastro a stravovacie zariadenia", "presnost": "obec", "t_rok": 1.77, "odpady": [{"kod": "bro_zahrady", "nazov": "Biologicky rozložiteľný odpad zo záhrad", "kat": "20 02 01"}, {"kod": "skolsky_kuchynsky_odpad", "nazov": "Kuchynský odpad zo školských jedální", "kat": "20 01 08"}, {"kod": "zvysky_z_taniera", "nazov": "Zvyšky z taniera", "kat": "20 01 08"}, {"kod": "gastro_kavova_sedlina", "nazov": "Kávová sedlina z gastroprevádzok", "kat": "20 01 08"}]}}, {"type": "Feature", "geometry": {"type": "Point", "coordinates": [17.694329, 48.079033]}, "properties": {"ico": "36090361", "nazov": "Základná škola s materskou školou s VJM, Tomášikovo 4", "obec": "Tomášikovo", "okres": "Galanta", "kraj": "Trnavský", "typ": "skola_zakladna", "typ_nazov": "Základná škola", "sektor": "Gastro a stravovacie zariadenia", "presnost": "obec", "t_rok": 1.77, "odpady": [{"kod": "bro_zahrady", "nazov": "Biologicky rozložiteľný odpad zo záhrad", "kat": "20 02 01"}, {"kod": "skolsky_kuchynsky_odpad", "nazov": "Kuchynský odpad zo školských jedální", "kat": "20 01 08"}, {"kod": "zvysky_z_taniera", "nazov": "Zvyšky z taniera", "kat": "20 01 08"}, {"kod": "gastro_kavova_sedlina", "nazov": "Kávová sedlina z gastroprevádzok", "kat": "20 01 08"}]}}, {"type": "Feature", "geometry": {"type": "Point", "coordinates": [17.723876, 48.619531]}, "properties": {"ico": "36092479", "nazov": "Gymnázium Jána Baltazára Magina", "obec": "Vrbové", "okres": "Piešťany", "kraj": "Trnavský", "typ": "skola_stredna", "typ_nazov": "Stredná škola", "sektor": "Gastro a stravovacie zariadenia", "presnost": "obec", "t_rok": 1.56, "odpady": [{"kod": "bro_zahrady", "nazov": "Biologicky rozložiteľný odpad zo záhrad", "kat": "20 02 01"}, {"kod": "skolsky_kuchynsky_odpad", "nazov": "Kuchynský odpad zo školských jedální", "kat": "20 01 08"}, {"kod": "zvysky_z_taniera", "nazov": "Zvyšky z taniera", "kat": "20 01 08"}, {"kod": "gastro_fritovaci_olej", "nazov": "Použitý fritovací olej z gastroprevádzok", "kat": "20 01 25"}]}}, {"type": "Feature", "geometry": {"type": "Point", "coordinates": [17.644866, 48.208208]}, "properties": {"ico": "36094218", "nazov": "Základná škola s materskou školou Sándora Petőfiho s VJM, Richterova 1171, Sládkovičovo", "obec": "Sládkovičovo", "okres": "Galanta", "kraj": "Trnavský", "typ": "skola_zakladna", "typ_nazov": "Základná škola", "sektor": "Gastro a stravovacie zariadenia", "presnost": "obec", "t_rok": 1.77, "odpady": [{"kod": "bro_zahrady", "nazov": "Biologicky rozložiteľný odpad zo záhrad", "kat": "20 02 01"}, {"kod": "skolsky_kuchynsky_odpad", "nazov": "Kuchynský odpad zo školských jedální", "kat": "20 01 08"}, {"kod": "zvysky_z_taniera", "nazov": "Zvyšky z taniera", "kat": "20 01 08"}, {"kod": "gastro_kavova_sedlina", "nazov": "Kávová sedlina z gastroprevádzok", "kat": "20 01 08"}]}}, {"type": "Feature", "geometry": {"type": "Point", "coordinates": [17.644866, 48.208208]}, "properties": {"ico": "36094234", "nazov": "Spojená škola, Školská 1087, Sládkovičovo", "obec": "Sládkovičovo", "okres": "Galanta", "kraj": "Trnavský", "typ": "skola_stredna", "typ_nazov": "Stredná škola", "sektor": "Gastro a stravovacie zariadenia", "presnost": "obec", "t_rok": 1.56, "odpady": [{"kod": "bro_zahrady", "nazov": "Biologicky rozložiteľný odpad zo záhrad", "kat": "20 02 01"}, {"kod": "skolsky_kuchynsky_odpad", "nazov": "Kuchynský odpad zo školských jedální", "kat": "20 01 08"}, {"kod": "zvysky_z_taniera", "nazov": "Zvyšky z taniera", "kat": "20 01 08"}, {"kod": "gastro_fritovaci_olej", "nazov": "Použitý fritovací olej z gastroprevádzok", "kat": "20 01 25"}]}}, {"type": "Feature", "geometry": {"type": "Point", "coordinates": [18.262893, 47.846468]}, "properties": {"ico": "36096971", "nazov": "Domov sociálnych služieb \"Dúha\" Svätý Peter, n.o.", "obec": "Svätý Peter", "okres": "Komárno", "kraj": "Nitriansky", "typ": "socialne_zariadenie", "typ_nazov": "Zariadenie sociálnych služieb", "sektor": "Gastro a stravovacie zariadenia", "presnost": "obec", "t_rok": 0, "odpady": [{"kod": "bro_zahrady", "nazov": "Biologicky rozložiteľný odpad zo záhrad", "kat": "20 02 01"}, {"kod": "zvysky_z_taniera", "nazov": "Zvyšky z taniera", "kat": "20 01 08"}, {"kod": "nemocnicny_kuchynsky_odpad", "nazov": "Kuchynský odpad zo zdravotníckych a sociálnych zariadení", "kat": "20 01 08"}]}}, {"type": "Feature", "geometry": {"type": "Point", "coordinates": [18.233333, 49.0]}, "properties": {"ico": "36119385", "nazov": "Nemocnica s poliklinikou Ilava, n. o.", "obec": "Ilava", "okres": "Ilava", "kraj": "Trenčiansky", "typ": "nemocnica", "typ_nazov": "Nemocnica", "sektor": "Gastro a stravovacie zariadenia", "presnost": "obec", "t_rok": 26.86, "odpady": [{"kod": "zvysky_z_taniera", "nazov": "Zvyšky z taniera", "kat": "20 01 08"}, {"kod": "nemocnicny_kuchynsky_odpad", "nazov": "Kuchynský odpad zo zdravotníckych a sociálnych zariadení", "kat": "20 01 08"}, {"kod": "gastro_fritovaci_olej", "nazov": "Použitý fritovací olej z gastroprevádzok", "kat": "20 01 25"}]}}, {"type": "Feature", "geometry": {"type": "Point", "coordinates": [18.324242, 49.123992]}, "properties": {"ico": "36125784", "nazov": "Základná škola s materskou školou, Slovanská 330/23, Púchov", "obec": "Púchov", "okres": "Púchov", "kraj": "Trenčiansky", "typ": "skola_zakladna", "typ_nazov": "Základná škola", "sektor": "Gastro a stravovacie zariadenia", "presnost": "obec", "t_rok": 1.77, "odpady": [{"kod": "bro_zahrady", "nazov": "Biologicky rozložiteľný odpad zo záhrad", "kat": "20 02 01"}, {"kod": "skolsky_kuchynsky_odpad", "nazov": "Kuchynský odpad zo školských jedální", "kat": "20 01 08"}, {"kod": "zvysky_z_taniera", "nazov": "Zvyšky z taniera", "kat": "20 01 08"}, {"kod": "gastro_kavova_sedlina", "nazov": "Kávová sedlina z gastroprevádzok", "kat": "20 01 08"}]}}, {"type": "Feature", "geometry": {"type": "Point", "coordinates": [18.1, 48.983333]}, "properties": {"ico": "36125938", "nazov": "Základná škola s materskou školou Václava Mitúcha, Školská 368/2, Horné Srnie", "obec": "Horné Srnie", "okres": "Trenčín", "kraj": "Trenčiansky", "typ": "skola_zakladna", "typ_nazov": "Základná škola", "sektor": "Gastro a stravovacie zariadenia", "presnost": "obec", "t_rok": 1.77, "odpady": [{"kod": "bro_zahrady", "nazov": "Biologicky rozložiteľný odpad zo záhrad", "kat": "20 02 01"}, {"kod": "skolsky_kuchynsky_odpad", "nazov": "Kuchynský odpad zo školských jedální", "kat": "20 01 08"}, {"kod": "zvysky_z_taniera", "nazov": "Zvyšky z taniera", "kat": "20 01 08"}, {"kod": "gastro_kavova_sedlina", "nazov": "Kávová sedlina z gastroprevádzok", "kat": "20 01 08"}]}}, {"type": "Feature", "geometry": {"type": "Point", "coordinates": [17.830386, 48.763325]}, "properties": {"ico": "36129470", "nazov": "Materská škola, Poľovnícka 12, Nové Mesto nad Váhom", "obec": "Nové Mesto nad Váhom", "okres": "Nové Mesto nad Váhom", "kraj": "Trenčiansky", "typ": "skola_materska", "typ_nazov": "Materská škola", "sektor": "Gastro a stravovacie zariadenia", "presnost": "obec", "t_rok": 1.54, "odpady": [{"kod": "bro_zahrady", "nazov": "Biologicky rozložiteľný odpad zo záhrad", "kat": "20 02 01"}, {"kod": "skolsky_kuchynsky_odpad", "nazov": "Kuchynský odpad zo školských jedální", "kat": "20 01 08"}, {"kod": "zvysky_z_taniera", "nazov": "Zvyšky z taniera", "kat": "20 01 08"}]}}, {"type": "Feature", "geometry": {"type": "Point", "coordinates": [18.324242, 49.123992]}, "properties": {"ico": "36129682", "nazov": "Materská škola, Chmelinec 1411/6, Púchov", "obec": "Púchov", "okres": "Púchov", "kraj": "Trenčiansky", "typ": "skola_materska", "typ_nazov": "Materská škola", "sektor": "Gastro a stravovacie zariadenia", "presnost": "obec", "t_rok": 1.54, "odpady": [{"kod": "bro_zahrady", "nazov": "Biologicky rozložiteľný odpad zo záhrad", "kat": "20 02 01"}, {"kod": "skolsky_kuchynsky_odpad", "nazov": "Kuchynský odpad zo školských jedální", "kat": "20 01 08"}, {"kod": "zvysky_z_taniera", "nazov": "Zvyšky z taniera", "kat": "20 01 08"}]}}, {"type": "Feature", "geometry": {"type": "Point", "coordinates": [18.324242, 49.123992]}, "properties": {"ico": "36129691", "nazov": "Materská škola, Mládežnícka 1438/13, Púchov", "obec": "Púchov", "okres": "Púchov", "kraj": "Trenčiansky", "typ": "skola_materska", "typ_nazov": "Materská škola", "sektor": "Gastro a stravovacie zariadenia", "presnost": "obec", "t_rok": 1.54, "odpady": [{"kod": "bro_zahrady", "nazov": "Biologicky rozložiteľný odpad zo záhrad", "kat": "20 02 01"}, {"kod": "skolsky_kuchynsky_odpad", "nazov": "Kuchynský odpad zo školských jedální", "kat": "20 01 08"}, {"kod": "zvysky_z_taniera", "nazov": "Zvyšky z taniera", "kat": "20 01 08"}]}}, {"type": "Feature", "geometry": {"type": "Point", "coordinates": [18.333333, 49.066667]}, "properties": {"ico": "36129712", "nazov": "Materská škola, Ľ. Štúra 5/5, Beluša", "obec": "Beluša", "okres": "Púchov", "kraj": "Trenčiansky", "typ": "skola_materska", "typ_nazov": "Materská škola", "sektor": "Gastro a stravovacie zariadenia", "presnost": "obec", "t_rok": 1.54, "odpady": [{"kod": "bro_zahrady", "nazov": "Biologicky rozložiteľný odpad zo záhrad", "kat": "20 02 01"}, {"kod": "skolsky_kuchynsky_odpad", "nazov": "Kuchynský odpad zo školských jedální", "kat": "20 01 08"}, {"kod": "zvysky_z_taniera", "nazov": "Zvyšky z taniera", "kat": "20 01 08"}]}}, {"type": "Feature", "geometry": {"type": "Point", "coordinates": [18.324242, 49.123992]}, "properties": {"ico": "36130974", "nazov": "Materská škola, Požiarna 1292/11, Púchov", "obec": "Púchov", "okres": "Púchov", "kraj": "Trenčiansky", "typ": "skola_materska", "typ_nazov": "Materská škola", "sektor": "Gastro a stravovacie zariadenia", "presnost": "obec", "t_rok": 1.54, "odpady": [{"kod": "bro_zahrady", "nazov": "Biologicky rozložiteľný odpad zo záhrad", "kat": "20 02 01"}, {"kod": "skolsky_kuchynsky_odpad", "nazov": "Kuchynský odpad zo školských jedální", "kat": "20 01 08"}, {"kod": "zvysky_z_taniera", "nazov": "Zvyšky z taniera", "kat": "20 01 08"}]}}, {"type": "Feature", "geometry": {"type": "Point", "coordinates": [18.739498, 49.223464]}, "properties": {"ico": "36137430", "nazov": "Súkromná stredná odborná škola Pro scholaris", "obec": "Žilina", "okres": "Žilina", "kraj": "Žilinský", "typ": "skola_stredna", "typ_nazov": "Stredná škola", "sektor": "Gastro a stravovacie zariadenia", "presnost": "obec", "t_rok": 1.56, "odpady": [{"kod": "bro_zahrady", "nazov": "Biologicky rozložiteľný odpad zo záhrad", "kat": "20 02 01"}, {"kod": "skolsky_kuchynsky_odpad", "nazov": "Kuchynský odpad zo školských jedální", "kat": "20 01 08"}, {"kod": "zvysky_z_taniera", "nazov": "Zvyšky z taniera", "kat": "20 01 08"}, {"kod": "gastro_fritovaci_olej", "nazov": "Použitý fritovací olej z gastroprevádzok", "kat": "20 01 25"}]}}, {"type": "Feature", "geometry": {"type": "Point", "coordinates": [20.5, 49.266667]}, "properties": {"ico": "36158950", "nazov": "Základná škola, Školská 7/6, Toporec", "obec": "Toporec", "okres": "Kežmarok", "kraj": "Prešovský", "typ": "skola_zakladna", "typ_nazov": "Základná škola", "sektor": "Gastro a stravovacie zariadenia", "presnost": "obec", "t_rok": 1.77, "odpady": [{"kod": "bro_zahrady", "nazov": "Biologicky rozložiteľný odpad zo záhrad", "kat": "20 02 01"}, {"kod": "skolsky_kuchynsky_odpad", "nazov": "Kuchynský odpad zo školských jedální", "kat": "20 01 08"}, {"kod": "zvysky_z_taniera", "nazov": "Zvyšky z taniera", "kat": "20 01 08"}, {"kod": "gastro_kavova_sedlina", "nazov": "Kávová sedlina z gastroprevádzok", "kat": "20 01 08"}]}}, {"type": "Feature", "geometry": {"type": "Point", "coordinates": [22.004666, 49.192976]}, "properties": {"ico": "36167878", "nazov": "RADOSŤ, n. o. - CENTRUM SOCIÁLNYCH SLUŽIEB", "obec": "Výrava", "okres": "Medzilaborce", "kraj": "Prešovský", "typ": "socialne_zariadenie", "typ_nazov": "Zariadenie sociálnych služieb", "sektor": "Gastro a stravovacie zariadenia", "presnost": "obec", "t_rok": 0, "odpady": [{"kod": "bro_zahrady", "nazov": "Biologicky rozložiteľný odpad zo záhrad", "kat": "20 02 01"}, {"kod": "zvysky_z_taniera", "nazov": "Zvyšky z taniera", "kat": "20 01 08"}, {"kod": "nemocnicny_kuchynsky_odpad", "nazov": "Kuchynský odpad zo zdravotníckych a sociálnych zariadení", "kat": "20 01 08"}]}}, {"type": "Feature", "geometry": {"type": "Point", "coordinates": [21.249677, 48.717227]}, "properties": {"ico": "36168165", "nazov": "Fakultná nemocnica AGEL Košice-Šaca a. s.", "obec": "Košice", "okres": "Košice I", "kraj": "Košický", "typ": "nemocnica", "typ_nazov": "Nemocnica", "sektor": "Gastro a stravovacie zariadenia", "presnost": "obec", "t_rok": 26.86, "odpady": [{"kod": "zvysky_z_taniera", "nazov": "Zvyšky z taniera", "kat": "20 01 08"}, {"kod": "nemocnicny_kuchynsky_odpad", "nazov": "Kuchynský odpad zo zdravotníckych a sociálnych zariadení", "kat": "20 01 08"}, {"kod": "gastro_fritovaci_olej", "nazov": "Použitý fritovací olej z gastroprevádzok", "kat": "20 01 25"}]}}, {"type": "Feature", "geometry": {"type": "Point", "coordinates": [20.531184, 48.654392]}, "properties": {"ico": "36173037", "nazov": "Mestské lesy Rožňava, s.r.o.", "obec": "Rožňava", "okres": "Rožňava", "kraj": "Košický", "typ": "mestske_lesy", "typ_nazov": "Mestské lesy", "sektor": "Drevo, lesníctvo a ostatné", "presnost": "obec", "t_rok": 0, "odpady": [{"kod": "konare_stiepka", "nazov": "Konáre a drevná štiepka z údržby zelene", "kat": "20 02 01"}, {"kod": "kora", "nazov": "Odpadová kôra", "kat": "03 01 01"}, {"kod": "odrezky_dreva", "nazov": "Odrezky a drevný odpad", "kat": "03 01 05"}, {"kod": "lesna_stiepka", "nazov": "Lesná štiepka a haluzina", "kat": "02 01 07"}]}}, {"type": "Feature", "geometry": {"type": "Point", "coordinates": [20.873055, 48.917127]}, "properties": {"ico": "36182672", "nazov": "Nemocnica AGEL Krompachy s.r.o.", "obec": "Krompachy", "okres": "Spišská Nová Ves", "kraj": "Košický", "typ": "nemocnica", "typ_nazov": "Nemocnica", "sektor": "Gastro a stravovacie zariadenia", "presnost": "obec", "t_rok": 26.86, "odpady": [{"kod": "zvysky_z_taniera", "nazov": "Zvyšky z taniera", "kat": "20 01 08"}, {"kod": "nemocnicny_kuchynsky_odpad", "nazov": "Kuchynský odpad zo zdravotníckych a sociálnych zariadení", "kat": "20 01 08"}, {"kod": "gastro_fritovaci_olej", "nazov": "Použitý fritovací olej z gastroprevádzok", "kat": "20 01 25"}]}}, {"type": "Feature", "geometry": {"type": "Point", "coordinates": [21.933333, 48.75]}, "properties": {"ico": "36184187", "nazov": "SLADOVŇA, a.s. Michalovce", "obec": "Michalovce", "okres": "Michalovce", "kraj": "Košický", "typ": "sladovna", "typ_nazov": "Sladovňa", "sektor": "Potravinárstvo a nápoje", "presnost": "obec", "t_rok": 0, "odpady": [{"kod": "sladovy_klicok", "nazov": "Sladový klíčok", "kat": "02 07 01"}, {"kod": "sladovy_prach", "nazov": "Sladový prach a plevy", "kat": "02 07 01"}]}}, {"type": "Feature", "geometry": {"type": "Point", "coordinates": [17.112478, 48.140553]}, "properties": {"ico": "36196479", "nazov": "REŠTAURÁCIA ŠPORT - KANI s.r.o", "obec": "Košice - mestská časť Staré Mesto", "okres": "Bratislava I", "kraj": "Bratislavský", "typ": "restauracia", "typ_nazov": "Reštaurácia", "sektor": "Gastro a stravovacie zariadenia", "presnost": "mestska_cast", "t_rok": 0, "odpady": [{"kod": "tuky_odlucovace", "nazov": "Tuky z odlučovačov", "kat": "19 08 09"}, {"kod": "zvysky_z_taniera", "nazov": "Zvyšky z taniera", "kat": "20 01 08"}, {"kod": "gastro_kuchynsky_odpad", "nazov": "Kuchynský odpad z reštaurácií a hotelov", "kat": "20 01 08"}, {"kod": "gastro_fritovaci_olej", "nazov": "Použitý fritovací olej z gastroprevádzok", "kat": "20 01 25"}, {"kod": "gastro_kavova_sedlina", "nazov": "Kávová sedlina z gastroprevádzok", "kat": "20 01 08"}]}}, {"type": "Feature", "geometry": {"type": "Point", "coordinates": [20.283333, 48.716667]}, "properties": {"ico": "36200166", "nazov": "SHP SLAVOŠOVCE, a.s.", "obec": "Slavošovce", "okres": "Rožňava", "kraj": "Košický", "typ": "papierne", "typ_nazov": "Papiereň a celulózka", "sektor": "Drevo, lesníctvo a ostatné", "presnost": "obec", "t_rok": 0, "odpady": [{"kod": "kora", "nazov": "Odpadová kôra", "kat": "03 01 01"}, {"kod": "papierensky_kal", "nazov": "Papierenský kal", "kat": "03 03 11"}, {"kod": "vlaknity_vymet", "nazov": "Výmety z vlákien a plnív", "kat": "03 03 10"}]}}, {"type": "Feature", "geometry": {"type": "Point", "coordinates": [21.933333, 48.75]}, "properties": {"ico": "36204374", "nazov": "ZELENINA s.r.o.", "obec": "Michalovce", "okres": "Michalovce", "kraj": "Košický", "typ": "zeleninarstvo", "typ_nazov": "Zeleninárstvo", "sektor": "Poľnohospodárstvo a chov", "presnost": "obec", "t_rok": 0, "odpady": [{"kod": "zemiakove_supky", "nazov": "Zemiakové šupky a orezky", "kat": "02 03 04"}, {"kod": "zeleninove_orezky", "nazov": "Orezky a nepodarky zeleniny", "kat": "02 03 04"}, {"kod": "kal_pranie_zeleniny", "nazov": "Kal z prania a lúpania zeleniny", "kat": "02 03 01"}, {"kod": "vnate_pozberove", "nazov": "Vňate a pozberové zvyšky zeleniny", "kat": "02 01 03"}]}}, {"type": "Feature", "geometry": {"type": "Point", "coordinates": [21.766667, 48.366667]}, "properties": {"ico": "36213608", "nazov": "ZEMPLÍNSKA ZELENINA, odbytové družstvo", "obec": "Streda nad Bodrogom", "okres": "Trebišov", "kraj": "Košický", "typ": "zeleninarstvo", "typ_nazov": "Zeleninárstvo", "sektor": "Poľnohospodárstvo a chov", "presnost": "obec", "t_rok": 0, "odpady": [{"kod": "zemiakove_supky", "nazov": "Zemiakové šupky a orezky", "kat": "02 03 04"}, {"kod": "zeleninove_orezky", "nazov": "Orezky a nepodarky zeleniny", "kat": "02 03 04"}, {"kod": "kal_pranie_zeleniny", "nazov": "Kal z prania a lúpania zeleniny", "kat": "02 03 01"}, {"kod": "vnate_pozberove", "nazov": "Vňate a pozberové zvyšky zeleniny", "kat": "02 01 03"}]}}, {"type": "Feature", "geometry": {"type": "Point", "coordinates": [17.364383, 48.679121]}, "properties": {"ico": "36228443", "nazov": "Technické služby Senica, a.s.", "obec": "Senica", "okres": "Senica", "kraj": "Trnavský", "typ": "technicke_sluzby", "typ_nazov": "Technické služby mesta / obce", "sektor": "Komunálny a gastro bioodpad", "presnost": "obec", "t_rok": 0, "odpady": [{"kod": "travna_hmota_kosba", "nazov": "Trávna hmota z kosby verejnej zelene", "kat": "20 02 01"}, {"kod": "konare_stiepka", "nazov": "Konáre a drevná štiepka z údržby zelene", "kat": "20 02 01"}, {"kod": "listie", "nazov": "Lístie z verejnej zelene", "kat": "20 02 01"}, {"kod": "bro_zahrady", "nazov": "Biologicky rozložiteľný odpad zo záhrad", "kat": "20 02 01"}, {"kod": "odpad_trhoviska", "nazov": "Odpad z trhovísk", "kat": "20 03 02"}]}}, {"type": "Feature", "geometry": {"type": "Point", "coordinates": [17.644866, 48.208208]}, "properties": {"ico": "36232751", "nazov": "Vodárenská spoločnosť Sládkovičovo, spol. s r.o.", "obec": "Sládkovičovo", "okres": "Galanta", "kraj": "Trnavský", "typ": "vodarenska", "typ_nazov": "Vodárenská spoločnosť (ČOV)", "sektor": "Komunálny a gastro bioodpad", "presnost": "obec", "t_rok": 0, "odpady": [{"kod": "cov_kal_komunalny", "nazov": "Kal z komunálnej ČOV", "kat": "19 08 05"}, {"kod": "tuky_odlucovace", "nazov": "Tuky z odlučovačov", "kat": "19 08 09"}]}}, {"type": "Feature", "geometry": {"type": "Point", "coordinates": [17.109671, 48.153538]}, "properties": {"ico": "36232904", "nazov": "LIEHOVAR KRYSTAL SEDÍN, s.r.o.", "obec": "Bratislava", "okres": "Bratislava I", "kraj": "Bratislavský", "typ": "liehovar", "typ_nazov": "Liehovar a pálenica", "sektor": "Potravinárstvo a nápoje", "presnost": "obec", "t_rok": 0, "odpady": [{"kod": "vypalky", "nazov": "Liehovarnícke výpalky", "kat": "02 07 02"}, {"kod": "drozdiarske_zvysky", "nazov": "Zvyšky z výroby droždia", "kat": "02 03 04"}]}}, {"type": "Feature", "geometry": {"type": "Point", "coordinates": [17.765415, 48.444113]}, "properties": {"ico": "36241369", "nazov": "Slovenské liehovary a likérky, a.s.", "obec": "Leopoldov", "okres": "Hlohovec", "kraj": "Trnavský", "typ": "liehovar", "typ_nazov": "Liehovar a pálenica", "sektor": "Potravinárstvo a nápoje", "presnost": "obec", "t_rok": 0, "odpady": [{"kod": "vypalky", "nazov": "Liehovarnícke výpalky", "kat": "02 07 02"}, {"kod": "drozdiarske_zvysky", "nazov": "Zvyšky z výroby droždia", "kat": "02 03 04"}]}}, {"type": "Feature", "geometry": {"type": "Point", "coordinates": [17.690227, 48.385557]}, "properties": {"ico": "36249734", "nazov": "PÍLA BREST, s.r.o.", "obec": "Brestovany", "okres": "Trnava", "kraj": "Trnavský", "typ": "pila", "typ_nazov": "Píla a drevospracovanie", "sektor": "Drevo, lesníctvo a ostatné", "presnost": "obec", "t_rok": 0, "odpady": [{"kod": "kora", "nazov": "Odpadová kôra", "kat": "03 01 01"}, {"kod": "piliny", "nazov": "Piliny a hobliny", "kat": "03 01 05"}, {"kod": "odrezky_dreva", "nazov": "Odrezky a drevný odpad", "kat": "03 01 05"}]}}, {"type": "Feature", "geometry": {"type": "Point", "coordinates": [17.821604, 48.589897]}, "properties": {"ico": "36252484", "nazov": "Trnavská vodárenská spoločnosť, a.s.", "obec": "Piešťany", "okres": "Piešťany", "kraj": "Trnavský", "typ": "vodarenska", "typ_nazov": "Vodárenská spoločnosť (ČOV)", "sektor": "Komunálny a gastro bioodpad", "presnost": "obec", "t_rok": 0, "odpady": [{"kod": "cov_kal_komunalny", "nazov": "Kal z komunálnej ČOV", "kat": "19 08 05"}, {"kod": "tuky_odlucovace", "nazov": "Tuky z odlučovačov", "kat": "19 08 09"}]}}, {"type": "Feature", "geometry": {"type": "Point", "coordinates": [17.586718, 48.37729]}, "properties": {"ico": "36253774", "nazov": "Sladovňa SESSLER, a.s.", "obec": "Trnava", "okres": "Trnava", "kraj": "Trnavský", "typ": "sladovna", "typ_nazov": "Sladovňa", "sektor": "Potravinárstvo a nápoje", "presnost": "obec", "t_rok": 0, "odpady": [{"kod": "sladovy_klicok", "nazov": "Sladový klíčok", "kat": "02 07 01"}, {"kod": "sladovy_prach", "nazov": "Sladový prach a plevy", "kat": "02 07 01"}]}}, {"type": "Feature", "geometry": {"type": "Point", "coordinates": [17.798585, 48.427951]}, "properties": {"ico": "36255556", "nazov": "Vodárenská spoločnosť Hlohovec, s.r.o.", "obec": "Hlohovec", "okres": "Hlohovec", "kraj": "Trnavský", "typ": "vodarenska", "typ_nazov": "Vodárenská spoločnosť (ČOV)", "sektor": "Komunálny a gastro bioodpad", "presnost": "obec", "t_rok": 0, "odpady": [{"kod": "cov_kal_komunalny", "nazov": "Kal z komunálnej ČOV", "kat": "19 08 05"}, {"kod": "tuky_odlucovace", "nazov": "Tuky z odlučovačov", "kat": "19 08 09"}]}}, {"type": "Feature", "geometry": {"type": "Point", "coordinates": [17.497245, 48.254044]}, "properties": {"ico": "36262111", "nazov": "VS Vinárstvo SOLDÁN, s.r.o.", "obec": "Veľký Grob", "okres": "Galanta", "kraj": "Trnavský", "typ": "vinarstvo", "typ_nazov": "Vinárstvo", "sektor": "Potravinárstvo a nápoje", "presnost": "obec", "t_rok": 0, "odpady": [{"kod": "hroznove_vylisky", "nazov": "Hroznové výlisky (matolina)", "kat": "02 07 04"}, {"kod": "vinne_kaly", "nazov": "Vínne kaly", "kat": "02 07 05"}, {"kod": "hroznove_stopky", "nazov": "Hroznové stopky (strapiny)", "kat": "02 07 01"}]}}, {"type": "Feature", "geometry": {"type": "Point", "coordinates": [17.595636, 48.548052]}, "properties": {"ico": "36270628", "nazov": "Píla Quercus, s.r.o.", "obec": "Dechtice", "okres": "Trnava", "kraj": "Trnavský", "typ": "pila", "typ_nazov": "Píla a drevospracovanie", "sektor": "Drevo, lesníctvo a ostatné", "presnost": "obec", "t_rok": 0, "odpady": [{"kod": "kora", "nazov": "Odpadová kôra", "kat": "03 01 01"}, {"kod": "piliny", "nazov": "Piliny a hobliny", "kat": "03 01 05"}, {"kod": "odrezky_dreva", "nazov": "Odrezky a drevný odpad", "kat": "03 01 05"}]}}, {"type": "Feature", "geometry": {"type": "Point", "coordinates": [17.348321, 48.299537]}, "properties": {"ico": "36274305", "nazov": "VINÁRSTVO LAMPART s.r.o.", "obec": "Šenkvice", "okres": "Pezinok", "kraj": "Bratislavský", "typ": "vinarstvo", "typ_nazov": "Vinárstvo", "sektor": "Potravinárstvo a nápoje", "presnost": "obec", "t_rok": 0, "odpady": [{"kod": "hroznove_vylisky", "nazov": "Hroznové výlisky (matolina)", "kat": "02 07 04"}, {"kod": "vinne_kaly", "nazov": "Vínne kaly", "kat": "02 07 05"}, {"kod": "hroznove_stopky", "nazov": "Hroznové stopky (strapiny)", "kat": "02 07 01"}]}}, {"type": "Feature", "geometry": {"type": "Point", "coordinates": [17.727778, 48.191057]}, "properties": {"ico": "36276260", "nazov": "REŠTAURÁCIA STOP, s.r.o.", "obec": "Galanta", "okres": "Galanta", "kraj": "Trnavský", "typ": "restauracia", "typ_nazov": "Reštaurácia", "sektor": "Gastro a stravovacie zariadenia", "presnost": "obec", "t_rok": 0, "odpady": [{"kod": "tuky_odlucovace", "nazov": "Tuky z odlučovačov", "kat": "19 08 09"}, {"kod": "zvysky_z_taniera", "nazov": "Zvyšky z taniera", "kat": "20 01 08"}, {"kod": "gastro_kuchynsky_odpad", "nazov": "Kuchynský odpad z reštaurácií a hotelov", "kat": "20 01 08"}, {"kod": "gastro_fritovaci_olej", "nazov": "Použitý fritovací olej z gastroprevádzok", "kat": "20 01 25"}, {"kod": "gastro_kavova_sedlina", "nazov": "Kávová sedlina z gastroprevádzok", "kat": "20 01 08"}]}}, {"type": "Feature", "geometry": {"type": "Point", "coordinates": [18.71486, 47.797831]}, "properties": {"ico": "36292141", "nazov": "Hotel Guest Centre, spol. s r.o.", "obec": "Štúrovo", "okres": "Nové Zámky", "kraj": "Nitriansky", "typ": "hotel", "typ_nazov": "Hotel", "sektor": "Gastro a stravovacie zariadenia", "presnost": "obec", "t_rok": 0, "odpady": [{"kod": "bro_zahrady", "nazov": "Biologicky rozložiteľný odpad zo záhrad", "kat": "20 02 01"}, {"kod": "zvysky_z_taniera", "nazov": "Zvyšky z taniera", "kat": "20 01 08"}, {"kod": "gastro_kuchynsky_odpad", "nazov": "Kuchynský odpad z reštaurácií a hotelov", "kat": "20 01 08"}, {"kod": "gastro_fritovaci_olej", "nazov": "Použitý fritovací olej z gastroprevádzok", "kat": "20 01 25"}, {"kod": "gastro_kavova_sedlina", "nazov": "Kávová sedlina z gastroprevádzok", "kat": "20 01 08"}]}}, {"type": "Feature", "geometry": {"type": "Point", "coordinates": [18.623306, 48.77104]}, "properties": {"ico": "36293717", "nazov": "HOTEL MAGURA, spol. s r.o.", "obec": "Prievidza", "okres": "Prievidza", "kraj": "Trenčiansky", "typ": "hotel", "typ_nazov": "Hotel", "sektor": "Gastro a stravovacie zariadenia", "presnost": "obec", "t_rok": 0, "odpady": [{"kod": "bro_zahrady", "nazov": "Biologicky rozložiteľný odpad zo záhrad", "kat": "20 02 01"}, {"kod": "zvysky_z_taniera", "nazov": "Zvyšky z taniera", "kat": "20 01 08"}, {"kod": "gastro_kuchynsky_odpad", "nazov": "Kuchynský odpad z reštaurácií a hotelov", "kat": "20 01 08"}, {"kod": "gastro_fritovaci_olej", "nazov": "Použitý fritovací olej z gastroprevádzok", "kat": "20 01 25"}, {"kod": "gastro_kavova_sedlina", "nazov": "Kávová sedlina z gastroprevádzok", "kat": "20 01 08"}]}}, {"type": "Feature", "geometry": {"type": "Point", "coordinates": [18.15, 49.066667]}, "properties": {"ico": "36303232", "nazov": "HOTEL VRŠATEC, spol. s r.o.", "obec": "Vršatské Podhradie", "okres": "Ilava", "kraj": "Trenčiansky", "typ": "hotel", "typ_nazov": "Hotel", "sektor": "Gastro a stravovacie zariadenia", "presnost": "obec", "t_rok": 0, "odpady": [{"kod": "bro_zahrady", "nazov": "Biologicky rozložiteľný odpad zo záhrad", "kat": "20 02 01"}, {"kod": "zvysky_z_taniera", "nazov": "Zvyšky z taniera", "kat": "20 01 08"}, {"kod": "gastro_kuchynsky_odpad", "nazov": "Kuchynský odpad z reštaurácií a hotelov", "kat": "20 01 08"}, {"kod": "gastro_fritovaci_olej", "nazov": "Použitý fritovací olej z gastroprevádzok", "kat": "20 01 25"}, {"kod": "gastro_kavova_sedlina", "nazov": "Kávová sedlina z gastroprevádzok", "kat": "20 01 08"}]}}, {"type": "Feature", "geometry": {"type": "Point", "coordinates": [18.27348, 48.609821]}, "properties": {"ico": "36304689", "nazov": "LIEHOVARY A ŠKROBÁREŇ, a.s.", "obec": "Chynorany", "okres": "Partizánske", "kraj": "Trenčiansky", "typ": "liehovar", "typ_nazov": "Liehovar a pálenica", "sektor": "Potravinárstvo a nápoje", "presnost": "obec", "t_rok": 0, "odpady": [{"kod": "vypalky", "nazov": "Liehovarnícke výpalky", "kat": "02 07 02"}, {"kod": "drozdiarske_zvysky", "nazov": "Zvyšky z výroby droždia", "kat": "02 03 04"}]}}, {"type": "Feature", "geometry": {"type": "Point", "coordinates": [18.623306, 48.77104]}, "properties": {"ico": "36305367", "nazov": "SPORT HOTELING, spol. s r.o.", "obec": "Prievidza", "okres": "Prievidza", "kraj": "Trenčiansky", "typ": "hotel", "typ_nazov": "Hotel", "sektor": "Gastro a stravovacie zariadenia", "presnost": "obec", "t_rok": 0, "odpady": [{"kod": "bro_zahrady", "nazov": "Biologicky rozložiteľný odpad zo záhrad", "kat": "20 02 01"}, {"kod": "zvysky_z_taniera", "nazov": "Zvyšky z taniera", "kat": "20 01 08"}, {"kod": "gastro_kuchynsky_odpad", "nazov": "Kuchynský odpad z reštaurácií a hotelov", "kat": "20 01 08"}, {"kod": "gastro_fritovaci_olej", "nazov": "Použitý fritovací olej z gastroprevádzok", "kat": "20 01 25"}, {"kod": "gastro_kavova_sedlina", "nazov": "Kávová sedlina z gastroprevádzok", "kat": "20 01 08"}]}}, {"type": "Feature", "geometry": {"type": "Point", "coordinates": [18.365466, 48.627231]}, "properties": {"ico": "36311693", "nazov": "Technické služby mesta Partizánske, spol. s r.o.", "obec": "Partizánske", "okres": "Partizánske", "kraj": "Trenčiansky", "typ": "technicke_sluzby", "typ_nazov": "Technické služby mesta / obce", "sektor": "Komunálny a gastro bioodpad", "presnost": "obec", "t_rok": 0, "odpady": [{"kod": "travna_hmota_kosba", "nazov": "Trávna hmota z kosby verejnej zelene", "kat": "20 02 01"}, {"kod": "konare_stiepka", "nazov": "Konáre a drevná štiepka z údržby zelene", "kat": "20 02 01"}, {"kod": "listie", "nazov": "Lístie z verejnej zelene", "kat": "20 02 01"}, {"kod": "bro_zahrady", "nazov": "Biologicky rozložiteľný odpad zo záhrad", "kat": "20 02 01"}, {"kod": "odpad_trhoviska", "nazov": "Odpad z trhovísk", "kat": "20 03 02"}]}}, {"type": "Feature", "geometry": {"type": "Point", "coordinates": [18.016667, 48.85]}, "properties": {"ico": "36311740", "nazov": "Mlyn Trenčan spol. s r.o.", "obec": "Trenčianska Turná", "okres": "Trenčín", "kraj": "Trenčiansky", "typ": "mlyn", "typ_nazov": "Mlyn", "sektor": "Potravinárstvo a nápoje", "presnost": "obec", "t_rok": 0, "odpady": [{"kod": "psenicne_otruby", "nazov": "Pšeničné otruby", "kat": "02 03 04"}, {"kod": "mlynske_zmetky", "nazov": "Mlynské zmetky a plevy", "kat": "02 03 04"}, {"kod": "odpad_cistenie_zrna", "nazov": "Odpad z čistenia a sušenia obilia", "kat": "02 01 03"}]}}, {"type": "Feature", "geometry": {"type": "Point", "coordinates": [17.291732, 48.154124]}, "properties": {"ico": "36312487", "nazov": "Agrovýkrm Rybany s.r.o.", "obec": "Malinovo", "okres": "Senec", "kraj": "Bratislavský", "typ": "rybarstvo", "typ_nazov": "Rybárstvo a akvakultúra", "sektor": "Drevo, lesníctvo a ostatné", "presnost": "obec", "t_rok": 0, "odpady": [{"kod": "rybie_zvysky", "nazov": "Rybie hlavy, vnútornosti a kosti", "kat": "02 02 03"}, {"kod": "kal_akvakultura", "nazov": "Kal z akvakultúry", "kat": "02 01 01"}]}}, {"type": "Feature", "geometry": {"type": "Point", "coordinates": [18.378466, 48.661215]}, "properties": {"ico": "36315133", "nazov": "RYBHOS s.r.o.", "obec": "Skačany", "okres": "Partizánske", "kraj": "Trenčiansky", "typ": "rybarstvo", "typ_nazov": "Rybárstvo a akvakultúra", "sektor": "Drevo, lesníctvo a ostatné", "presnost": "obec", "t_rok": 0, "odpady": [{"kod": "rybie_zvysky", "nazov": "Rybie hlavy, vnútornosti a kosti", "kat": "02 02 03"}, {"kod": "kal_akvakultura", "nazov": "Kal z akvakultúry", "kat": "02 01 01"}]}}, {"type": "Feature", "geometry": {"type": "Point", "coordinates": [18.623306, 48.77104]}, "properties": {"ico": "36319406", "nazov": "Agrofarma Mikulov s.r.o.", "obec": "Prievidza", "okres": "Prievidza", "kraj": "Trenčiansky", "typ": "agro", "typ_nazov": "Poľnohospodársky podnik", "sektor": "Poľnohospodárstvo a chov", "presnost": "obec", "t_rok": 0, "odpady": [{"kod": "slama_obilna", "nazov": "Obilná slama", "kat": "02 01 03"}, {"kod": "kukuricne_korovie", "nazov": "Kukuričné kôrovie a stonky", "kat": "02 01 03"}, {"kod": "repkova_slama", "nazov": "Repková slama", "kat": "02 01 03"}, {"kod": "travna_hmota_ttp", "nazov": "Trávna hmota z lúk a TTP", "kat": "02 01 03"}, {"kod": "odpad_cistenie_zrna", "nazov": "Odpad z čistenia a sušenia obilia", "kat": "02 01 03"}]}}, {"type": "Feature", "geometry": {"type": "Point", "coordinates": [18.366667, 49.25]}, "properties": {"ico": "36320226", "nazov": "Poľnohospodárske družstvo Dolná Mariková", "obec": "Dolná Mariková", "okres": "Považská Bystrica", "kraj": "Trenčiansky", "typ": "polnohospodarske_druzstvo", "typ_nazov": "Poľnohospodárske družstvo", "sektor": "Poľnohospodárstvo a chov", "presnost": "obec", "t_rok": 0, "odpady": [{"kod": "slama_obilna", "nazov": "Obilná slama", "kat": "02 01 03"}, {"kod": "kukuricne_korovie", "nazov": "Kukuričné kôrovie a stonky", "kat": "02 01 03"}, {"kod": "repkova_slama", "nazov": "Repková slama", "kat": "02 01 03"}, {"kod": "slnecnicove_stonky", "nazov": "Slnečnicové stonky a úbory", "kat": "02 01 03"}, {"kod": "travna_hmota_ttp", "nazov": "Trávna hmota z lúk a TTP", "kat": "02 01 03"}, {"kod": "odpad_cistenie_zrna", "nazov": "Odpad z čistenia a sušenia obilia", "kat": "02 01 03"}, {"kod": "hnoj_hovadzi", "nazov": "Maštaľný hnoj hovädzí", "kat": "02 01 06"}, {"kod": "hnojovica_osipane", "nazov": "Hnojovica ošípaných", "kat": "02 01 06"}]}}, {"type": "Feature", "geometry": {"type": "Point", "coordinates": [18.583333, 48.816667]}, "properties": {"ico": "36323098", "nazov": "HOTEL.EU s.r.o.", "obec": "Kanianka", "okres": "Prievidza", "kraj": "Trenčiansky", "typ": "hotel", "typ_nazov": "Hotel", "sektor": "Gastro a stravovacie zariadenia", "presnost": "obec", "t_rok": 0, "odpady": [{"kod": "bro_zahrady", "nazov": "Biologicky rozložiteľný odpad zo záhrad", "kat": "20 02 01"}, {"kod": "zvysky_z_taniera", "nazov": "Zvyšky z taniera", "kat": "20 01 08"}, {"kod": "gastro_kuchynsky_odpad", "nazov": "Kuchynský odpad z reštaurácií a hotelov", "kat": "20 01 08"}, {"kod": "gastro_fritovaci_olej", "nazov": "Použitý fritovací olej z gastroprevádzok", "kat": "20 01 25"}, {"kod": "gastro_kavova_sedlina", "nazov": "Kávová sedlina z gastroprevádzok", "kat": "20 01 08"}]}}, {"type": "Feature", "geometry": {"type": "Point", "coordinates": [17.830386, 48.763325]}, "properties": {"ico": "36328022", "nazov": "P.R.MLYN s.r.o.", "obec": "Nové Mesto nad Váhom", "okres": "Nové Mesto nad Váhom", "kraj": "Trenčiansky", "typ": "mlyn", "typ_nazov": "Mlyn", "sektor": "Potravinárstvo a nápoje", "presnost": "obec", "t_rok": 0, "odpady": [{"kod": "psenicne_otruby", "nazov": "Pšeničné otruby", "kat": "02 03 04"}, {"kod": "mlynske_zmetky", "nazov": "Mlynské zmetky a plevy", "kat": "02 03 04"}, {"kod": "odpad_cistenie_zrna", "nazov": "Odpad z čistenia a sušenia obilia", "kat": "02 01 03"}]}}, {"type": "Feature", "geometry": {"type": "Point", "coordinates": [18.169101, 48.90985]}, "properties": {"ico": "36334227", "nazov": "Hotel Panoráma Trenčianske Teplice s. r. o.", "obec": "Trenčianske Teplice", "okres": "Trenčín", "kraj": "Trenčiansky", "typ": "hotel", "typ_nazov": "Hotel", "sektor": "Gastro a stravovacie zariadenia", "presnost": "obec", "t_rok": 0, "odpady": [{"kod": "bro_zahrady", "nazov": "Biologicky rozložiteľný odpad zo záhrad", "kat": "20 02 01"}, {"kod": "zvysky_z_taniera", "nazov": "Zvyšky z taniera", "kat": "20 01 08"}, {"kod": "gastro_kuchynsky_odpad", "nazov": "Kuchynský odpad z reštaurácií a hotelov", "kat": "20 01 08"}, {"kod": "gastro_fritovaci_olej", "nazov": "Použitý fritovací olej z gastroprevádzok", "kat": "20 01 25"}, {"kod": "gastro_kavova_sedlina", "nazov": "Kávová sedlina z gastroprevádzok", "kat": "20 01 08"}]}}, {"type": "Feature", "geometry": {"type": "Point", "coordinates": [18.039372, 48.892358]}, "properties": {"ico": "36336190", "nazov": "GRAND - HOTEL, s.r.o.", "obec": "Trenčín", "okres": "Trenčín", "kraj": "Trenčiansky", "typ": "hotel", "typ_nazov": "Hotel", "sektor": "Gastro a stravovacie zariadenia", "presnost": "obec", "t_rok": 0, "odpady": [{"kod": "bro_zahrady", "nazov": "Biologicky rozložiteľný odpad zo záhrad", "kat": "20 02 01"}, {"kod": "zvysky_z_taniera", "nazov": "Zvyšky z taniera", "kat": "20 01 08"}, {"kod": "gastro_kuchynsky_odpad", "nazov": "Kuchynský odpad z reštaurácií a hotelov", "kat": "20 01 08"}, {"kod": "gastro_fritovaci_olej", "nazov": "Použitý fritovací olej z gastroprevádzok", "kat": "20 01 25"}, {"kod": "gastro_kavova_sedlina", "nazov": "Kávová sedlina z gastroprevádzok", "kat": "20 01 08"}]}}, {"type": "Feature", "geometry": {"type": "Point", "coordinates": [17.20201, 48.770797]}, "properties": {"ico": "36337714", "nazov": "Jumäs Trade s.r.o.", "obec": "Skalica", "okres": "Skalica", "kraj": "Trnavský", "typ": "masovyroba", "typ_nazov": "Mäsospracovanie", "sektor": "Potravinárstvo a nápoje", "presnost": "okres", "t_rok": 0, "odpady": [{"kod": "kostny_zvysok", "nazov": "Kosti a kostné zvyšky", "kat": "02 02 02"}, {"kod": "kozne_odrezky", "nazov": "Kožné odrezky a podkožný tuk", "kat": "02 02 02"}, {"kod": "masovy_flotacny_kal", "nazov": "Flotačný kal z mäsospracovania", "kat": "02 02 04"}, {"kod": "zvp_kat3", "nazov": "Živočíšne vedľajšie produkty kategórie 3", "kat": "02 02 02"}, {"kod": "technicky_zivocisny_tuk", "nazov": "Technický živočíšny tuk", "kat": "02 02 03"}, {"kod": "masokostna_mucka", "nazov": "Mäsokostná múčka", "kat": "02 02 02"}]}}, {"type": "Feature", "geometry": {"type": "Point", "coordinates": [17.565022, 48.754035]}, "properties": {"ico": "36338222", "nazov": "ODM - odbytové družstvo mlieka", "obec": "Myjava", "okres": "Myjava", "kraj": "Trenčiansky", "typ": "mliekaren", "typ_nazov": "Mliekáreň", "sektor": "Potravinárstvo a nápoje", "presnost": "obec", "t_rok": 0, "odpady": [{"kod": "srvatka_sladka", "nazov": "Sladká srvátka", "kat": "02 05 01"}, {"kod": "srvatka_kysla", "nazov": "Kyslá srvátka", "kat": "02 05 01"}, {"kod": "srvatkovy_permeat", "nazov": "Srvátkový permeát", "kat": "02 05 01"}, {"kod": "cmar", "nazov": "Cmar", "kat": "02 05 01"}, {"kod": "mliekarensky_kal", "nazov": "Kal z mliekarenskej ČOV", "kat": "02 05 02"}]}}, {"type": "Feature", "geometry": {"type": "Point", "coordinates": [18.762694, 48.731432]}, "properties": {"ico": "36339865", "nazov": "Nemocnica AGEL Handlová s.r.o.", "obec": "Handlová", "okres": "Prievidza", "kraj": "Trenčiansky", "typ": "nemocnica", "typ_nazov": "Nemocnica", "sektor": "Gastro a stravovacie zariadenia", "presnost": "obec", "t_rok": 26.86, "odpady": [{"kod": "zvysky_z_taniera", "nazov": "Zvyšky z taniera", "kat": "20 01 08"}, {"kod": "nemocnicny_kuchynsky_odpad", "nazov": "Kuchynský odpad zo zdravotníckych a sociálnych zariadení", "kat": "20 01 08"}, {"kod": "gastro_fritovaci_olej", "nazov": "Použitý fritovací olej z gastroprevádzok", "kat": "20 01 25"}]}}, {"type": "Feature", "geometry": {"type": "Point", "coordinates": [17.692694, 48.776457]}, "properties": {"ico": "36340456", "nazov": "Regionálna vodárenská spoločnosť AQUATUR a.s.", "obec": "Stará Turá", "okres": "Nové Mesto nad Váhom", "kraj": "Trenčiansky", "typ": "vodarenska", "typ_nazov": "Vodárenská spoločnosť (ČOV)", "sektor": "Komunálny a gastro bioodpad", "presnost": "obec", "t_rok": 0, "odpady": [{"kod": "cov_kal_komunalny", "nazov": "Kal z komunálnej ČOV", "kat": "19 08 05"}, {"kod": "tuky_odlucovace", "nazov": "Tuky z odlučovačov", "kat": "19 08 09"}]}}, {"type": "Feature", "geometry": {"type": "Point", "coordinates": [18.259826, 48.721667]}, "properties": {"ico": "36348015", "nazov": "Nemocnica AGEL Bánovce s.r.o.", "obec": "Bánovce nad Bebravou", "okres": "Bánovce nad Bebravou", "kraj": "Trenčiansky", "typ": "nemocnica", "typ_nazov": "Nemocnica", "sektor": "Gastro a stravovacie zariadenia", "presnost": "obec", "t_rok": 26.86, "odpady": [{"kod": "zvysky_z_taniera", "nazov": "Zvyšky z taniera", "kat": "20 01 08"}, {"kod": "nemocnicny_kuchynsky_odpad", "nazov": "Kuchynský odpad zo zdravotníckych a sociálnych zariadení", "kat": "20 01 08"}, {"kod": "gastro_fritovaci_olej", "nazov": "Použitý fritovací olej z gastroprevádzok", "kat": "20 01 25"}]}}, {"type": "Feature", "geometry": {"type": "Point", "coordinates": [19.156869, 48.738539]}, "properties": {"ico": "36352802", "nazov": "Banskobystrický pivovar, a.s.", "obec": "Banská Bystrica", "okres": "Banská Bystrica", "kraj": "Banskobystrický", "typ": "pivovar", "typ_nazov": "Pivovar / minipivovar", "sektor": "Potravinárstvo a nápoje", "presnost": "obec", "t_rok": 0, "odpady": [{"kod": "pivovarske_mlato", "nazov": "Pivovarské mláto", "kat": "02 07 01"}, {"kod": "pivovarske_kvasnice", "nazov": "Pivovarské kvasnice", "kat": "02 07 05"}, {"kod": "chmelovy_mlat", "nazov": "Chmeľový mlát", "kat": "02 07 01"}, {"kod": "kremelinovy_kal", "nazov": "Kremelinový kal z filtrácie", "kat": "02 07 05"}]}}, {"type": "Feature", "geometry": {"type": "Point", "coordinates": [19.616667, 49.083333]}, "properties": {"ico": "36373974", "nazov": "HYDINA HOLDING, s.r.o.", "obec": "Liptovský Mikuláš", "okres": "Liptovský Mikuláš", "kraj": "Žilinský", "typ": "hydina", "typ_nazov": "Hydinárska prevádzka", "sektor": "Poľnohospodárstvo a chov", "presnost": "obec", "t_rok": 0, "odpady": [{"kod": "krv_bitunok", "nazov": "Krv z bitúnku", "kat": "02 02 03"}, {"kod": "perie", "nazov": "Perie z hydinových bitúnkov", "kat": "02 02 02"}, {"kod": "hydinovy_trus", "nazov": "Hydinový trus a podstielka", "kat": "02 01 06"}, {"kod": "kadavery", "nazov": "Uhynuté zvieratá (kadávery)", "kat": "02 01 02"}, {"kod": "zvp_kat3", "nazov": "Živočíšne vedľajšie produkty kategórie 3", "kat": "02 02 02"}, {"kod": "zvp_kat2", "nazov": "Živočíšne vedľajšie produkty kategórie 2", "kat": "02 02 02"}]}}, {"type": "Feature", "geometry": {"type": "Point", "coordinates": [18.629806, 49.302948]}, "properties": {"ico": "36379077", "nazov": "PÍLA DLHÉ POLE, s.r.o.", "obec": "Dlhé Pole", "okres": "Žilina", "kraj": "Žilinský", "typ": "pila", "typ_nazov": "Píla a drevospracovanie", "sektor": "Drevo, lesníctvo a ostatné", "presnost": "obec", "t_rok": 0, "odpady": [{"kod": "kora", "nazov": "Odpadová kôra", "kat": "03 01 01"}, {"kod": "piliny", "nazov": "Piliny a hobliny", "kat": "03 01 05"}, {"kod": "odrezky_dreva", "nazov": "Odrezky a drevný odpad", "kat": "03 01 05"}]}}, {"type": "Feature", "geometry": {"type": "Point", "coordinates": [19.302965, 49.08187]}, "properties": {"ico": "36391301", "nazov": "Technické služby Ružomberok, a.s.", "obec": "Ružomberok", "okres": "Ružomberok", "kraj": "Žilinský", "typ": "technicke_sluzby", "typ_nazov": "Technické služby mesta / obce", "sektor": "Komunálny a gastro bioodpad", "presnost": "obec", "t_rok": 0, "odpady": [{"kod": "travna_hmota_kosba", "nazov": "Trávna hmota z kosby verejnej zelene", "kat": "20 02 01"}, {"kod": "konare_stiepka", "nazov": "Konáre a drevná štiepka z údržby zelene", "kat": "20 02 01"}, {"kod": "listie", "nazov": "Lístie z verejnej zelene", "kat": "20 02 01"}, {"kod": "bro_zahrady", "nazov": "Biologicky rozložiteľný odpad zo záhrad", "kat": "20 02 01"}, {"kod": "odpad_trhoviska", "nazov": "Odpad z trhovísk", "kat": "20 03 02"}]}}, {"type": "Feature", "geometry": {"type": "Point", "coordinates": [18.739498, 49.223464]}, "properties": {"ico": "36393762", "nazov": "Čínska reštaurácia, s.r.o.", "obec": "Žilina", "okres": "Žilina", "kraj": "Žilinský", "typ": "restauracia", "typ_nazov": "Reštaurácia", "sektor": "Gastro a stravovacie zariadenia", "presnost": "obec", "t_rok": 0, "odpady": [{"kod": "tuky_odlucovace", "nazov": "Tuky z odlučovačov", "kat": "19 08 09"}, {"kod": "zvysky_z_taniera", "nazov": "Zvyšky z taniera", "kat": "20 01 08"}, {"kod": "gastro_kuchynsky_odpad", "nazov": "Kuchynský odpad z reštaurácií a hotelov", "kat": "20 01 08"}, {"kod": "gastro_fritovaci_olej", "nazov": "Použitý fritovací olej z gastroprevádzok", "kat": "20 01 25"}, {"kod": "gastro_kavova_sedlina", "nazov": "Kávová sedlina z gastroprevádzok", "kat": "20 01 08"}]}}, {"type": "Feature", "geometry": {"type": "Point", "coordinates": [19.616667, 49.083333]}, "properties": {"ico": "36394556", "nazov": "Liptovské pekárne a cukrárne VČELA - Lippek k.s.", "obec": "Liptovský Mikuláš", "okres": "Liptovský Mikuláš", "kraj": "Žilinský", "typ": "pekaren", "typ_nazov": "Pekáreň", "sektor": "Potravinárstvo a nápoje", "presnost": "obec", "t_rok": 0, "odpady": [{"kod": "pekarenske_zvysky", "nazov": "Pekárenské zvyšky", "kat": "02 06 01"}, {"kod": "cestovinove_zvysky", "nazov": "Cestovinové a múčne zvyšky", "kat": "02 06 01"}]}}, {"type": "Feature", "geometry": {"type": "Point", "coordinates": [19.4, 49.383333]}, "properties": {"ico": "36404152", "nazov": "Píla Vasilov, s.r.o.", "obec": "Breza", "okres": "Námestovo", "kraj": "Žilinský", "typ": "pila", "typ_nazov": "Píla a drevospracovanie", "sektor": "Drevo, lesníctvo a ostatné", "presnost": "obec", "t_rok": 0, "odpady": [{"kod": "kora", "nazov": "Odpadová kôra", "kat": "03 01 01"}, {"kod": "piliny", "nazov": "Piliny a hobliny", "kat": "03 01 05"}, {"kod": "odrezky_dreva", "nazov": "Odrezky a drevný odpad", "kat": "03 01 05"}]}}, {"type": "Feature", "geometry": {"type": "Point", "coordinates": [18.858728, 48.862737]}, "properties": {"ico": "36404594", "nazov": "TURČIANSKA HYDINA s.r.o.", "obec": "Turčianske Teplice", "okres": "Turčianske Teplice", "kraj": "Žilinský", "typ": "hydina", "typ_nazov": "Hydinárska prevádzka", "sektor": "Poľnohospodárstvo a chov", "presnost": "obec", "t_rok": 0, "odpady": [{"kod": "krv_bitunok", "nazov": "Krv z bitúnku", "kat": "02 02 03"}, {"kod": "perie", "nazov": "Perie z hydinových bitúnkov", "kat": "02 02 02"}, {"kod": "hydinovy_trus", "nazov": "Hydinový trus a podstielka", "kat": "02 01 06"}, {"kod": "kadavery", "nazov": "Uhynuté zvieratá (kadávery)", "kat": "02 01 02"}, {"kod": "zvp_kat3", "nazov": "Živočíšne vedľajšie produkty kategórie 3", "kat": "02 02 02"}, {"kod": "zvp_kat2", "nazov": "Živočíšne vedľajšie produkty kategórie 2", "kat": "02 02 02"}]}}, {"type": "Feature", "geometry": {"type": "Point", "coordinates": [18.805725, 48.97394]}, "properties": {"ico": "36410101", "nazov": "RYBÁRSTVO KLÁŠTOR, s.r.o.", "obec": "Kláštor pod Znievom", "okres": "Martin", "kraj": "Žilinský", "typ": "rybarstvo", "typ_nazov": "Rybárstvo a akvakultúra", "sektor": "Drevo, lesníctvo a ostatné", "presnost": "obec", "t_rok": 0, "odpady": [{"kod": "rybie_zvysky", "nazov": "Rybie hlavy, vnútornosti a kosti", "kat": "02 02 03"}, {"kod": "kal_akvakultura", "nazov": "Kal z akvakultúry", "kat": "02 01 01"}]}}, {"type": "Feature", "geometry": {"type": "Point", "coordinates": [18.805725, 48.97394]}, "properties": {"ico": "36413241", "nazov": "Rybárstvo Brčná, spol. s r.o.", "obec": "Kláštor pod Znievom", "okres": "Martin", "kraj": "Žilinský", "typ": "rybarstvo", "typ_nazov": "Rybárstvo a akvakultúra", "sektor": "Drevo, lesníctvo a ostatné", "presnost": "obec", "t_rok": 0, "odpady": [{"kod": "rybie_zvysky", "nazov": "Rybie hlavy, vnútornosti a kosti", "kat": "02 02 03"}, {"kod": "kal_akvakultura", "nazov": "Kal z akvakultúry", "kat": "02 01 01"}]}}, {"type": "Feature", "geometry": {"type": "Point", "coordinates": [19.616667, 49.083333]}, "properties": {"ico": "36414131", "nazov": "PÍLA - DIAMÍR, s. r. o.", "obec": "Liptovský Mikuláš", "okres": "Liptovský Mikuláš", "kraj": "Žilinský", "typ": "pila", "typ_nazov": "Píla a drevospracovanie", "sektor": "Drevo, lesníctvo a ostatné", "presnost": "obec", "t_rok": 0, "odpady": [{"kod": "kora", "nazov": "Odpadová kôra", "kat": "03 01 01"}, {"kod": "piliny", "nazov": "Piliny a hobliny", "kat": "03 01 05"}, {"kod": "odrezky_dreva", "nazov": "Odrezky a drevný odpad", "kat": "03 01 05"}]}}, {"type": "Feature", "geometry": {"type": "Point", "coordinates": [18.788221, 49.440819]}, "properties": {"ico": "36426563", "nazov": "Ta & Mi, BITÚNOK, s.r.o.", "obec": "Čadca", "okres": "Čadca", "kraj": "Žilinský", "typ": "bitunok", "typ_nazov": "Bitúnok", "sektor": "Potravinárstvo a nápoje", "presnost": "obec", "t_rok": 0, "odpady": [{"kod": "bachorovy_obsah", "nazov": "Obsah bachora a tráviaceho traktu", "kat": "02 02 04"}, {"kod": "krv_bitunok", "nazov": "Krv z bitúnku", "kat": "02 02 03"}, {"kod": "kostny_zvysok", "nazov": "Kosti a kostné zvyšky", "kat": "02 02 02"}, {"kod": "kozne_odrezky", "nazov": "Kožné odrezky a podkožný tuk", "kat": "02 02 02"}, {"kod": "masovy_flotacny_kal", "nazov": "Flotačný kal z mäsospracovania", "kat": "02 02 04"}, {"kod": "zvp_kat3", "nazov": "Živočíšne vedľajšie produkty kategórie 3", "kat": "02 02 02"}, {"kod": "zvp_kat2", "nazov": "Živočíšne vedľajšie produkty kategórie 2", "kat": "02 02 02"}, {"kod": "zvp_kat1", "nazov": "Živočíšne vedľajšie produkty kategórie 1", "kat": "02 01 02"}, {"kod": "technicky_zivocisny_tuk", "nazov": "Technický živočíšny tuk", "kat": "02 02 03"}]}}, {"type": "Feature", "geometry": {"type": "Point", "coordinates": [18.766667, 49.183333]}, "properties": {"ico": "36438103", "nazov": "PEKÁREŇ ĎUROŠKA, s. r. o.", "obec": "Rosina", "okres": "Žilina", "kraj": "Žilinský", "typ": "pekaren", "typ_nazov": "Pekáreň", "sektor": "Potravinárstvo a nápoje", "presnost": "obec", "t_rok": 0, "odpady": [{"kod": "pekarenske_zvysky", "nazov": "Pekárenské zvyšky", "kat": "02 06 01"}, {"kod": "cestovinove_zvysky", "nazov": "Cestovinové a múčne zvyšky", "kat": "02 06 01"}]}}, {"type": "Feature", "geometry": {"type": "Point", "coordinates": [20.29764, 49.054152]}, "properties": {"ico": "36448311", "nazov": "Mestské lesy, s.r.o. Poprad", "obec": "Poprad", "okres": "Poprad", "kraj": "Prešovský", "typ": "mestske_lesy", "typ_nazov": "Mestské lesy", "sektor": "Drevo, lesníctvo a ostatné", "presnost": "obec", "t_rok": 0, "odpady": [{"kod": "konare_stiepka", "nazov": "Konáre a drevná štiepka z údržby zelene", "kat": "20 02 01"}, {"kod": "kora", "nazov": "Odpadová kôra", "kat": "03 01 01"}, {"kod": "odrezky_dreva", "nazov": "Odrezky a drevný odpad", "kat": "03 01 05"}, {"kod": "lesna_stiepka", "nazov": "Lesná štiepka a haluzina", "kat": "02 01 07"}]}}, {"type": "Feature", "geometry": {"type": "Point", "coordinates": [20.29764, 49.054152]}, "properties": {"ico": "36450308", "nazov": "Minipivovar TATRAS, s. r. o.", "obec": "Poprad", "okres": "Poprad", "kraj": "Prešovský", "typ": "pivovar", "typ_nazov": "Pivovar / minipivovar", "sektor": "Potravinárstvo a nápoje", "presnost": "obec", "t_rok": 0, "odpady": [{"kod": "pivovarske_mlato", "nazov": "Pivovarské mláto", "kat": "02 07 01"}, {"kod": "pivovarske_kvasnice", "nazov": "Pivovarské kvasnice", "kat": "02 07 05"}, {"kod": "chmelovy_mlat", "nazov": "Chmeľový mlát", "kat": "02 07 01"}, {"kod": "kremelinovy_kal", "nazov": "Kremelinový kal z filtrácie", "kat": "02 07 05"}]}}, {"type": "Feature", "geometry": {"type": "Point", "coordinates": [20.39728, 49.081721]}, "properties": {"ico": "36450332", "nazov": "Tatranská odpadová spoločnosť s.r.o., Žakovce", "obec": "Žakovce", "okres": "Kežmarok", "kraj": "Prešovský", "typ": "odpadove_hospodarstvo", "typ_nazov": "Odpadové hospodárstvo", "sektor": "Komunálny a gastro bioodpad", "presnost": "obec", "t_rok": 0, "odpady": [{"kod": "bro_zahrady", "nazov": "Biologicky rozložiteľný odpad zo záhrad", "kat": "20 02 01"}, {"kod": "kuchynsky_odpad", "nazov": "Biologicky rozložiteľný kuchynský a reštauračný odpad", "kat": "20 01 08"}, {"kod": "jedle_oleje_pouzite", "nazov": "Použité jedlé oleje a tuky", "kat": "20 01 25"}, {"kod": "potraviny_po_dobe", "nazov": "Nepredané potraviny po dátume spotreby", "kat": "20 01 08"}, {"kod": "tuky_odlucovace", "nazov": "Tuky z odlučovačov", "kat": "19 08 09"}]}}, {"type": "Feature", "geometry": {"type": "Point", "coordinates": [18.883333, 49.433333]}, "properties": {"ico": "36470775", "nazov": "MK Slovensko, s.r.o.", "obec": "Oščadnica", "okres": "Čadca", "kraj": "Žilinský", "typ": "pekaren", "typ_nazov": "Pekáreň", "sektor": "Potravinárstvo a nápoje", "presnost": "obec", "t_rok": 0, "odpady": [{"kod": "pekarenske_zvysky", "nazov": "Pekárenské zvyšky", "kat": "02 06 01"}, {"kod": "cestovinove_zvysky", "nazov": "Cestovinové a múčne zvyšky", "kat": "02 06 01"}]}}, {"type": "Feature", "geometry": {"type": "Point", "coordinates": [21.249677, 48.717227]}, "properties": {"ico": "36473022", "nazov": "Pivovar u Dobřenských s. r. o.", "obec": "Košice", "okres": "Košice I", "kraj": "Košický", "typ": "pivovar", "typ_nazov": "Pivovar / minipivovar", "sektor": "Potravinárstvo a nápoje", "presnost": "obec", "t_rok": 0, "odpady": [{"kod": "pivovarske_mlato", "nazov": "Pivovarské mláto", "kat": "02 07 01"}, {"kod": "pivovarske_kvasnice", "nazov": "Pivovarské kvasnice", "kat": "02 07 05"}, {"kod": "chmelovy_mlat", "nazov": "Chmeľový mlát", "kat": "02 07 01"}, {"kod": "kremelinovy_kal", "nazov": "Kremelinový kal z filtrácie", "kat": "02 07 05"}]}}, {"type": "Feature", "geometry": {"type": "Point", "coordinates": [20.29764, 49.054152]}, "properties": {"ico": "36485250", "nazov": "Podtatranská vodárenská spoločnosť, a.s.", "obec": "Poprad", "okres": "Poprad", "kraj": "Prešovský", "typ": "vodarenska", "typ_nazov": "Vodárenská spoločnosť (ČOV)", "sektor": "Komunálny a gastro bioodpad", "presnost": "obec", "t_rok": 0, "odpady": [{"kod": "cov_kal_komunalny", "nazov": "Kal z komunálnej ČOV", "kat": "19 08 05"}, {"kod": "tuky_odlucovace", "nazov": "Tuky z odlučovačov", "kat": "19 08 09"}]}}, {"type": "Feature", "geometry": {"type": "Point", "coordinates": [21.100545, 49.102044]}, "properties": {"ico": "36490369", "nazov": "Mestské lesy Sabinov, s.r.o.", "obec": "Sabinov", "okres": "Sabinov", "kraj": "Prešovský", "typ": "mestske_lesy", "typ_nazov": "Mestské lesy", "sektor": "Drevo, lesníctvo a ostatné", "presnost": "obec", "t_rok": 0, "odpady": [{"kod": "konare_stiepka", "nazov": "Konáre a drevná štiepka z údržby zelene", "kat": "20 02 01"}, {"kod": "kora", "nazov": "Odpadová kôra", "kat": "03 01 01"}, {"kod": "odrezky_dreva", "nazov": "Odrezky a drevný odpad", "kat": "03 01 05"}, {"kod": "lesna_stiepka", "nazov": "Lesná štiepka a haluzina", "kat": "02 01 07"}]}}, {"type": "Feature", "geometry": {"type": "Point", "coordinates": [20.29764, 49.054152]}, "properties": {"ico": "36497622", "nazov": "Tatranská sladovňa, s.r.o.", "obec": "Poprad", "okres": "Poprad", "kraj": "Prešovský", "typ": "sladovna", "typ_nazov": "Sladovňa", "sektor": "Potravinárstvo a nápoje", "presnost": "obec", "t_rok": 0, "odpady": [{"kod": "sladovy_klicok", "nazov": "Sladový klíčok", "kat": "02 07 01"}, {"kod": "sladovy_prach", "nazov": "Sladový prach a plevy", "kat": "02 07 01"}]}}, {"type": "Feature", "geometry": {"type": "Point", "coordinates": [20.282281, 49.093395]}, "properties": {"ico": "36504807", "nazov": "HYDINA KUBUS s.r.o.", "obec": "Veľký Slavkov", "okres": "Poprad", "kraj": "Prešovský", "typ": "hydina", "typ_nazov": "Hydinárska prevádzka", "sektor": "Poľnohospodárstvo a chov", "presnost": "obec", "t_rok": 0, "odpady": [{"kod": "krv_bitunok", "nazov": "Krv z bitúnku", "kat": "02 02 03"}, {"kod": "perie", "nazov": "Perie z hydinových bitúnkov", "kat": "02 02 02"}, {"kod": "hydinovy_trus", "nazov": "Hydinový trus a podstielka", "kat": "02 01 06"}, {"kod": "kadavery", "nazov": "Uhynuté zvieratá (kadávery)", "kat": "02 01 02"}, {"kod": "zvp_kat3", "nazov": "Živočíšne vedľajšie produkty kategórie 3", "kat": "02 02 02"}, {"kod": "zvp_kat2", "nazov": "Živočíšne vedľajšie produkty kategórie 2", "kat": "02 02 02"}]}}, {"type": "Feature", "geometry": {"type": "Point", "coordinates": [20.308073, 48.987283]}, "properties": {"ico": "36505323", "nazov": "MÄSOVÝROBA ŠTEFAN KNIŽKA, s.r.o.", "obec": "Hranovnica", "okres": "Poprad", "kraj": "Prešovský", "typ": "masovyroba", "typ_nazov": "Mäsospracovanie", "sektor": "Potravinárstvo a nápoje", "presnost": "obec", "t_rok": 0, "odpady": [{"kod": "kostny_zvysok", "nazov": "Kosti a kostné zvyšky", "kat": "02 02 02"}, {"kod": "kozne_odrezky", "nazov": "Kožné odrezky a podkožný tuk", "kat": "02 02 02"}, {"kod": "masovy_flotacny_kal", "nazov": "Flotačný kal z mäsospracovania", "kat": "02 02 04"}, {"kod": "zvp_kat3", "nazov": "Živočíšne vedľajšie produkty kategórie 3", "kat": "02 02 02"}, {"kod": "technicky_zivocisny_tuk", "nazov": "Technický živočíšny tuk", "kat": "02 02 03"}, {"kod": "masokostna_mucka", "nazov": "Mäsokostná múčka", "kat": "02 02 02"}]}}, {"type": "Feature", "geometry": {"type": "Point", "coordinates": [22.155625, 48.990062]}, "properties": {"ico": "36509108", "nazov": "Nemocnica Snina, s.r.o.", "obec": "Snina", "okres": "Snina", "kraj": "Prešovský", "typ": "nemocnica", "typ_nazov": "Nemocnica", "sektor": "Gastro a stravovacie zariadenia", "presnost": "obec", "t_rok": 26.86, "odpady": [{"kod": "zvysky_z_taniera", "nazov": "Zvyšky z taniera", "kat": "20 01 08"}, {"kod": "nemocnicny_kuchynsky_odpad", "nazov": "Kuchynský odpad zo zdravotníckych a sociálnych zariadení", "kat": "20 01 08"}, {"kod": "gastro_fritovaci_olej", "nazov": "Použitý fritovací olej z gastroprevádzok", "kat": "20 01 25"}]}}, {"type": "Feature", "geometry": {"type": "Point", "coordinates": [20.29764, 49.054152]}, "properties": {"ico": "36513458", "nazov": "Nemocnica Poprad, a.s.", "obec": "Poprad", "okres": "Poprad", "kraj": "Prešovský", "typ": "nemocnica", "typ_nazov": "Nemocnica", "sektor": "Gastro a stravovacie zariadenia", "presnost": "obec", "t_rok": 26.86, "odpady": [{"kod": "zvysky_z_taniera", "nazov": "Zvyšky z taniera", "kat": "20 01 08"}, {"kod": "nemocnicny_kuchynsky_odpad", "nazov": "Kuchynský odpad zo zdravotníckych a sociálnych zariadení", "kat": "20 01 08"}, {"kod": "gastro_fritovaci_olej", "nazov": "Použitý fritovací olej z gastroprevádzok", "kat": "20 01 25"}]}}, {"type": "Feature", "geometry": {"type": "Point", "coordinates": [18.266667, 49.016667]}, "properties": {"ico": "36517828", "nazov": "BIO - EKOFARMA s.r.o.", "obec": "Košeca", "okres": "Ilava", "kraj": "Trenčiansky", "typ": "farma", "typ_nazov": "Živočíšna farma", "sektor": "Poľnohospodárstvo a chov", "presnost": "obec", "t_rok": 0, "odpady": [{"kod": "travna_hmota_ttp", "nazov": "Trávna hmota z lúk a TTP", "kat": "02 01 03"}, {"kod": "hnoj_hovadzi", "nazov": "Maštaľný hnoj hovädzí", "kat": "02 01 06"}, {"kod": "hnojovica_osipane", "nazov": "Hnojovica ošípaných", "kat": "02 01 06"}, {"kod": "ovciarsky_hnoj", "nazov": "Ovčí a kozí hnoj", "kat": "02 01 06"}, {"kod": "kadavery", "nazov": "Uhynuté zvieratá (kadávery)", "kat": "02 01 02"}]}}, {"type": "Feature", "geometry": {"type": "Point", "coordinates": [18.129917, 47.757388]}, "properties": {"ico": "36520161", "nazov": "COOP Jednota Komárno, spotrebné družstvo", "obec": "Komárno", "okres": "Komárno", "kraj": "Nitriansky", "typ": "retail_druzstvo", "typ_nazov": "Spotrebné družstvo (predajne)", "sektor": "Retail a distribúcia potravín", "presnost": "obec", "t_rok": 0, "odpady": [{"kod": "retail_ovocie_zelenina", "nazov": "Neupredané ovocie a zelenina z predajní", "kat": "20 01 08"}, {"kod": "retail_pecivo", "nazov": "Neupredané pečivo a pekárske výrobky", "kat": "02 06 01"}, {"kod": "retail_mliecne", "nazov": "Mliečne výrobky po dátume minimálnej trvanlivosti", "kat": "20 01 08"}, {"kod": "retail_maso_zvysky", "nazov": "Mäsové a údenárske výrobky po dátume spotreby", "kat": "02 02 03"}, {"kod": "retail_zmesovy", "nazov": "Zmesový potravinový odpad z predajne", "kat": "20 01 08"}]}}, {"type": "Feature", "geometry": {"type": "Point", "coordinates": [18.127526, 47.929281]}, "properties": {"ico": "36521973", "nazov": "H.K. - AGRO, s.r.o.", "obec": "Nesvady", "okres": "Komárno", "kraj": "Nitriansky", "typ": "agro", "typ_nazov": "Poľnohospodársky podnik", "sektor": "Poľnohospodárstvo a chov", "presnost": "obec", "t_rok": 0, "odpady": [{"kod": "slama_obilna", "nazov": "Obilná slama", "kat": "02 01 03"}, {"kod": "kukuricne_korovie", "nazov": "Kukuričné kôrovie a stonky", "kat": "02 01 03"}, {"kod": "repkova_slama", "nazov": "Repková slama", "kat": "02 01 03"}, {"kod": "travna_hmota_ttp", "nazov": "Trávna hmota z lúk a TTP", "kat": "02 01 03"}, {"kod": "odpad_cistenie_zrna", "nazov": "Odpad z čistenia a sušenia obilia", "kat": "02 01 03"}]}}, {"type": "Feature", "geometry": {"type": "Point", "coordinates": [18.191323, 48.048624]}, "properties": {"ico": "36536776", "nazov": "PEKÁREŇ JURAJ OREMUS, spol. s r.o.", "obec": "Bánov", "okres": "Nové Zámky", "kraj": "Nitriansky", "typ": "pekaren", "typ_nazov": "Pekáreň", "sektor": "Potravinárstvo a nápoje", "presnost": "obec", "t_rok": 0, "odpady": [{"kod": "pekarenske_zvysky", "nazov": "Pekárenské zvyšky", "kat": "02 06 01"}, {"kod": "cestovinove_zvysky", "nazov": "Cestovinové a múčne zvyšky", "kat": "02 06 01"}]}}, {"type": "Feature", "geometry": {"type": "Point", "coordinates": [18.702789, 48.117035]}, "properties": {"ico": "36540510", "nazov": "Píla Zbrojníky, s.r.o.", "obec": "Zbrojníky", "okres": "Levice", "kraj": "Nitriansky", "typ": "pila", "typ_nazov": "Píla a drevospracovanie", "sektor": "Drevo, lesníctvo a ostatné", "presnost": "obec", "t_rok": 0, "odpady": [{"kod": "kora", "nazov": "Odpadová kôra", "kat": "03 01 01"}, {"kod": "piliny", "nazov": "Piliny a hobliny", "kat": "03 01 05"}, {"kod": "odrezky_dreva", "nazov": "Odrezky a drevný odpad", "kat": "03 01 05"}]}}, {"type": "Feature", "geometry": {"type": "Point", "coordinates": [18.189095, 47.869084]}, "properties": {"ico": "36541991", "nazov": "Heineken Slovensko Sladovne, a.s.", "obec": "Hurbanovo", "okres": "Komárno", "kraj": "Nitriansky", "typ": "sladovna", "typ_nazov": "Sladovňa", "sektor": "Potravinárstvo a nápoje", "presnost": "obec", "t_rok": 0, "odpady": [{"kod": "sladovy_klicok", "nazov": "Sladový klíčok", "kat": "02 07 01"}, {"kod": "sladovy_prach", "nazov": "Sladový prach a plevy", "kat": "02 07 01"}]}}, {"type": "Feature", "geometry": {"type": "Point", "coordinates": [18.658355, 48.049226]}, "properties": {"ico": "36544370", "nazov": "DREVONA Píla Tekovský Hrádok, s.r.o.", "obec": "Želiezovce", "okres": "Levice", "kraj": "Nitriansky", "typ": "pila", "typ_nazov": "Píla a drevospracovanie", "sektor": "Drevo, lesníctvo a ostatné", "presnost": "obec", "t_rok": 0, "odpady": [{"kod": "kora", "nazov": "Odpadová kôra", "kat": "03 01 01"}, {"kod": "piliny", "nazov": "Piliny a hobliny", "kat": "03 01 05"}, {"kod": "odrezky_dreva", "nazov": "Odrezky a drevný odpad", "kat": "03 01 05"}]}}, {"type": "Feature", "geometry": {"type": "Point", "coordinates": [18.09061, 48.31257]}, "properties": {"ico": "36550949", "nazov": "Západoslovenská vodárenská spoločnosť, a.s.", "obec": "Nitra", "okres": "Nitra", "kraj": "Nitriansky", "typ": "vodarenska", "typ_nazov": "Vodárenská spoločnosť (ČOV)", "sektor": "Komunálny a gastro bioodpad", "presnost": "obec", "t_rok": 0, "odpady": [{"kod": "cov_kal_komunalny", "nazov": "Kal z komunálnej ČOV", "kat": "19 08 05"}, {"kod": "tuky_odlucovace", "nazov": "Tuky z odlučovačov", "kat": "19 08 09"}]}}, {"type": "Feature", "geometry": {"type": "Point", "coordinates": [21.683333, 48.983333]}, "properties": {"ico": "36552933", "nazov": "Mliekofarma - SK, spol. s r.o.", "obec": "Kvakovce", "okres": "Vranov nad Topľou", "kraj": "Prešovský", "typ": "mliekaren", "typ_nazov": "Mliekáreň", "sektor": "Potravinárstvo a nápoje", "presnost": "obec", "t_rok": 0, "odpady": [{"kod": "srvatka_sladka", "nazov": "Sladká srvátka", "kat": "02 05 01"}, {"kod": "srvatka_kysla", "nazov": "Kyslá srvátka", "kat": "02 05 01"}, {"kod": "srvatkovy_permeat", "nazov": "Srvátkový permeát", "kat": "02 05 01"}, {"kod": "cmar", "nazov": "Cmar", "kat": "02 05 01"}, {"kod": "mliekarensky_kal", "nazov": "Kal z mliekarenskej ČOV", "kat": "02 05 02"}]}}, {"type": "Feature", "geometry": {"type": "Point", "coordinates": [18.191323, 48.048624]}, "properties": {"ico": "36555096", "nazov": "Ponitrianska mliekarenská spoločnosť, s.r.o.", "obec": "Bánov", "okres": "Nové Zámky", "kraj": "Nitriansky", "typ": "mliekaren", "typ_nazov": "Mliekáreň", "sektor": "Potravinárstvo a nápoje", "presnost": "obec", "t_rok": 0, "odpady": [{"kod": "srvatka_sladka", "nazov": "Sladká srvátka", "kat": "02 05 01"}, {"kod": "srvatka_kysla", "nazov": "Kyslá srvátka", "kat": "02 05 01"}, {"kod": "srvatkovy_permeat", "nazov": "Srvátkový permeát", "kat": "02 05 01"}, {"kod": "cmar", "nazov": "Cmar", "kat": "02 05 01"}, {"kod": "mliekarensky_kal", "nazov": "Kal z mliekarenskej ČOV", "kat": "02 05 02"}]}}, {"type": "Feature", "geometry": {"type": "Point", "coordinates": [18.268975, 47.994311]}, "properties": {"ico": "36558451", "nazov": "VVD - Vinohradnícko vinárske družstvo", "obec": "Dvory nad Žitavou", "okres": "Nové Zámky", "kraj": "Nitriansky", "typ": "vinarstvo", "typ_nazov": "Vinárstvo", "sektor": "Potravinárstvo a nápoje", "presnost": "obec", "t_rok": 0, "odpady": [{"kod": "hroznove_vylisky", "nazov": "Hroznové výlisky (matolina)", "kat": "02 07 04"}, {"kod": "vinne_kaly", "nazov": "Vínne kaly", "kat": "02 07 05"}, {"kod": "hroznove_stopky", "nazov": "Hroznové stopky (strapiny)", "kat": "02 07 01"}]}}, {"type": "Feature", "geometry": {"type": "Point", "coordinates": [18.268975, 47.994311]}, "properties": {"ico": "36558486", "nazov": "ZPD - Zeleninársko potravinárske družstvo", "obec": "Dvory nad Žitavou", "okres": "Nové Zámky", "kraj": "Nitriansky", "typ": "vinarstvo", "typ_nazov": "Vinárstvo", "sektor": "Potravinárstvo a nápoje", "presnost": "obec", "t_rok": 0, "odpady": [{"kod": "hroznove_vylisky", "nazov": "Hroznové výlisky (matolina)", "kat": "02 07 04"}, {"kod": "vinne_kaly", "nazov": "Vínne kaly", "kat": "02 07 05"}, {"kod": "hroznove_stopky", "nazov": "Hroznové stopky (strapiny)", "kat": "02 07 01"}]}}, {"type": "Feature", "geometry": {"type": "Point", "coordinates": [18.189095, 47.869084]}, "properties": {"ico": "36559946", "nazov": "AGROLIM, s.r.o.", "obec": "Hurbanovo", "okres": "Komárno", "kraj": "Nitriansky", "typ": "agro", "typ_nazov": "Poľnohospodársky podnik", "sektor": "Poľnohospodárstvo a chov", "presnost": "obec", "t_rok": 0, "odpady": [{"kod": "slama_obilna", "nazov": "Obilná slama", "kat": "02 01 03"}, {"kod": "kukuricne_korovie", "nazov": "Kukuričné kôrovie a stonky", "kat": "02 01 03"}, {"kod": "repkova_slama", "nazov": "Repková slama", "kat": "02 01 03"}, {"kod": "travna_hmota_ttp", "nazov": "Trávna hmota z lúk a TTP", "kat": "02 01 03"}, {"kod": "odpad_cistenie_zrna", "nazov": "Odpad z čistenia a sušenia obilia", "kat": "02 01 03"}]}}, {"type": "Feature", "geometry": {"type": "Point", "coordinates": [18.09061, 48.31257]}, "properties": {"ico": "36563242", "nazov": "Hotel Nitra, s.r.o.", "obec": "Nitra", "okres": "Nitra", "kraj": "Nitriansky", "typ": "hotel", "typ_nazov": "Hotel", "sektor": "Gastro a stravovacie zariadenia", "presnost": "obec", "t_rok": 0, "odpady": [{"kod": "bro_zahrady", "nazov": "Biologicky rozložiteľný odpad zo záhrad", "kat": "20 02 01"}, {"kod": "zvysky_z_taniera", "nazov": "Zvyšky z taniera", "kat": "20 01 08"}, {"kod": "gastro_kuchynsky_odpad", "nazov": "Kuchynský odpad z reštaurácií a hotelov", "kat": "20 01 08"}, {"kod": "gastro_fritovaci_olej", "nazov": "Použitý fritovací olej z gastroprevádzok", "kat": "20 01 25"}, {"kod": "gastro_kavova_sedlina", "nazov": "Kávová sedlina z gastroprevádzok", "kat": "20 01 08"}]}}, {"type": "Feature", "geometry": {"type": "Point", "coordinates": [18.283333, 48.116667]}, "properties": {"ico": "36566811", "nazov": "HYDINA KRIŽAN s. r. o.", "obec": "Vlkas", "okres": "Nové Zámky", "kraj": "Nitriansky", "typ": "hydina", "typ_nazov": "Hydinárska prevádzka", "sektor": "Poľnohospodárstvo a chov", "presnost": "obec", "t_rok": 0, "odpady": [{"kod": "krv_bitunok", "nazov": "Krv z bitúnku", "kat": "02 02 03"}, {"kod": "perie", "nazov": "Perie z hydinových bitúnkov", "kat": "02 02 02"}, {"kod": "hydinovy_trus", "nazov": "Hydinový trus a podstielka", "kat": "02 01 06"}, {"kod": "kadavery", "nazov": "Uhynuté zvieratá (kadávery)", "kat": "02 01 02"}, {"kod": "zvp_kat3", "nazov": "Živočíšne vedľajšie produkty kategórie 3", "kat": "02 02 02"}, {"kod": "zvp_kat2", "nazov": "Živočíšne vedľajšie produkty kategórie 2", "kat": "02 02 02"}]}}, {"type": "Feature", "geometry": {"type": "Point", "coordinates": [21.716667, 48.75]}, "properties": {"ico": "36570109", "nazov": "MOJA Jedáleň s.r.o.", "obec": "Parchovany", "okres": "Trebišov", "kraj": "Košický", "typ": "jedalen_zavodna", "typ_nazov": "Závodná a verejná jedáleň", "sektor": "Gastro a stravovacie zariadenia", "presnost": "obec", "t_rok": 0, "odpady": [{"kod": "tuky_odlucovace", "nazov": "Tuky z odlučovačov", "kat": "19 08 09"}, {"kod": "zvysky_z_taniera", "nazov": "Zvyšky z taniera", "kat": "20 01 08"}, {"kod": "gastro_kuchynsky_odpad", "nazov": "Kuchynský odpad z reštaurácií a hotelov", "kat": "20 01 08"}, {"kod": "gastro_fritovaci_olej", "nazov": "Použitý fritovací olej z gastroprevádzok", "kat": "20 01 25"}]}}, {"type": "Feature", "geometry": {"type": "Point", "coordinates": [20.797352, 48.947914]}, "properties": {"ico": "36574627", "nazov": "Mestské lesy a majetky, spol. s r.o.", "obec": "Spišské Vlachy", "okres": "Spišská Nová Ves", "kraj": "Košický", "typ": "mestske_lesy", "typ_nazov": "Mestské lesy", "sektor": "Drevo, lesníctvo a ostatné", "presnost": "obec", "t_rok": 0, "odpady": [{"kod": "konare_stiepka", "nazov": "Konáre a drevná štiepka z údržby zelene", "kat": "20 02 01"}, {"kod": "kora", "nazov": "Odpadová kôra", "kat": "03 01 01"}, {"kod": "odrezky_dreva", "nazov": "Odrezky a drevný odpad", "kat": "03 01 05"}, {"kod": "lesna_stiepka", "nazov": "Lesná štiepka a haluzina", "kat": "02 01 07"}]}}, {"type": "Feature", "geometry": {"type": "Point", "coordinates": [21.783333, 48.416667]}, "properties": {"ico": "36588016", "nazov": "VINÁRSTVO Viničky s.r.o.", "obec": "Ladmovce", "okres": "Trebišov", "kraj": "Košický", "typ": "vinarstvo", "typ_nazov": "Vinárstvo", "sektor": "Potravinárstvo a nápoje", "presnost": "obec", "t_rok": 0, "odpady": [{"kod": "hroznove_vylisky", "nazov": "Hroznové výlisky (matolina)", "kat": "02 07 04"}, {"kod": "vinne_kaly", "nazov": "Vínne kaly", "kat": "02 07 05"}, {"kod": "hroznove_stopky", "nazov": "Hroznové stopky (strapiny)", "kat": "02 07 01"}]}}, {"type": "Feature", "geometry": {"type": "Point", "coordinates": [20.587999, 49.025112]}, "properties": {"ico": "36594849", "nazov": "Nemocnica AGEL Levoča a.s.", "obec": "Levoča", "okres": "Levoča", "kraj": "Prešovský", "typ": "nemocnica", "typ_nazov": "Nemocnica", "sektor": "Gastro a stravovacie zariadenia", "presnost": "obec", "t_rok": 26.86, "odpady": [{"kod": "zvysky_z_taniera", "nazov": "Zvyšky z taniera", "kat": "20 01 08"}, {"kod": "nemocnicny_kuchynsky_odpad", "nazov": "Kuchynský odpad zo zdravotníckych a sociálnych zariadení", "kat": "20 01 08"}, {"kod": "gastro_fritovaci_olej", "nazov": "Použitý fritovací olej z gastroprevádzok", "kat": "20 01 25"}]}}, {"type": "Feature", "geometry": {"type": "Point", "coordinates": [20.531184, 48.654392]}, "properties": {"ico": "36597341", "nazov": "Nemocnica s poliklinikou sv. Barbory Rožňava, a.s.", "obec": "Rožňava", "okres": "Rožňava", "kraj": "Košický", "typ": "nemocnica", "typ_nazov": "Nemocnica", "sektor": "Gastro a stravovacie zariadenia", "presnost": "obec", "t_rok": 26.86, "odpady": [{"kod": "zvysky_z_taniera", "nazov": "Zvyšky z taniera", "kat": "20 01 08"}, {"kod": "nemocnicny_kuchynsky_odpad", "nazov": "Kuchynský odpad zo zdravotníckych a sociálnych zariadení", "kat": "20 01 08"}, {"kod": "gastro_fritovaci_olej", "nazov": "Použitý fritovací olej z gastroprevádzok", "kat": "20 01 25"}]}}, {"type": "Feature", "geometry": {"type": "Point", "coordinates": [20.562964, 48.943534]}, "properties": {"ico": "36597350", "nazov": "Nemocnica s poliklinikou Spišská Nová Ves, a.s.", "obec": "Spišská Nová Ves", "okres": "Spišská Nová Ves", "kraj": "Košický", "typ": "nemocnica", "typ_nazov": "Nemocnica", "sektor": "Gastro a stravovacie zariadenia", "presnost": "obec", "t_rok": 26.86, "odpady": [{"kod": "zvysky_z_taniera", "nazov": "Zvyšky z taniera", "kat": "20 01 08"}, {"kod": "nemocnicny_kuchynsky_odpad", "nazov": "Kuchynský odpad zo zdravotníckych a sociálnych zariadení", "kat": "20 01 08"}, {"kod": "gastro_fritovaci_olej", "nazov": "Použitý fritovací olej z gastroprevádzok", "kat": "20 01 25"}]}}, {"type": "Feature", "geometry": {"type": "Point", "coordinates": [21.720171, 48.628622]}, "properties": {"ico": "36597376", "nazov": "Nemocnica s poliklinikou Trebišov, a.s.", "obec": "Trebišov", "okres": "Trebišov", "kraj": "Košický", "typ": "nemocnica", "typ_nazov": "Nemocnica", "sektor": "Gastro a stravovacie zariadenia", "presnost": "obec", "t_rok": 26.86, "odpady": [{"kod": "zvysky_z_taniera", "nazov": "Zvyšky z taniera", "kat": "20 01 08"}, {"kod": "nemocnicny_kuchynsky_odpad", "nazov": "Kuchynský odpad zo zdravotníckych a sociálnych zariadení", "kat": "20 01 08"}, {"kod": "gastro_fritovaci_olej", "nazov": "Použitý fritovací olej z gastroprevádzok", "kat": "20 01 25"}]}}, {"type": "Feature", "geometry": {"type": "Point", "coordinates": [21.983333, 48.416667]}, "properties": {"ico": "36597741", "nazov": "ILKE - BIOPLYNOVÁ STANICA spol. s r.o.", "obec": "Kráľovský Chlmec", "okres": "Trebišov", "kraj": "Košický", "typ": "bioplynova_stanica", "typ_nazov": "Bioplynová stanica", "sektor": "Komunálny a gastro bioodpad", "presnost": "obec", "t_rok": 0, "odpady": [{"kod": "kukuricne_korovie", "nazov": "Kukuričné kôrovie a stonky", "kat": "02 01 03"}, {"kod": "hnojovica_osipane", "nazov": "Hnojovica ošípaných", "kat": "02 01 06"}, {"kod": "digestat", "nazov": "Digestát z bioplynovej stanice", "kat": "19 06 06"}]}}, {"type": "Feature", "geometry": {"type": "Point", "coordinates": [20.995106, 48.873225]}, "properties": {"ico": "36603244", "nazov": "Kluknavská mliekáreň - obchodno - odbytové družstvo", "obec": "Jaklovce", "okres": "Gelnica", "kraj": "Košický", "typ": "mliekaren", "typ_nazov": "Mliekáreň", "sektor": "Potravinárstvo a nápoje", "presnost": "obec", "t_rok": 0, "odpady": [{"kod": "srvatka_sladka", "nazov": "Sladká srvátka", "kat": "02 05 01"}, {"kod": "srvatka_kysla", "nazov": "Kyslá srvátka", "kat": "02 05 01"}, {"kod": "srvatkovy_permeat", "nazov": "Srvátkový permeát", "kat": "02 05 01"}, {"kod": "cmar", "nazov": "Cmar", "kat": "02 05 01"}, {"kod": "mliekarensky_kal", "nazov": "Kal z mliekarenskej ČOV", "kat": "02 05 02"}]}}, {"type": "Feature", "geometry": {"type": "Point", "coordinates": [17.109671, 48.153538]}, "properties": {"ico": "36609111", "nazov": "ŠPORTHOTEL TRNÁVKA, spol. s r.o.", "obec": "Bratislava", "okres": "Bratislava I", "kraj": "Bratislavský", "typ": "hotel", "typ_nazov": "Hotel", "sektor": "Gastro a stravovacie zariadenia", "presnost": "obec", "t_rok": 0, "odpady": [{"kod": "bro_zahrady", "nazov": "Biologicky rozložiteľný odpad zo záhrad", "kat": "20 02 01"}, {"kod": "zvysky_z_taniera", "nazov": "Zvyšky z taniera", "kat": "20 01 08"}, {"kod": "gastro_kuchynsky_odpad", "nazov": "Kuchynský odpad z reštaurácií a hotelov", "kat": "20 01 08"}, {"kod": "gastro_fritovaci_olej", "nazov": "Použitý fritovací olej z gastroprevádzok", "kat": "20 01 25"}, {"kod": "gastro_kavova_sedlina", "nazov": "Kávová sedlina z gastroprevádzok", "kat": "20 01 08"}]}}, {"type": "Feature", "geometry": {"type": "Point", "coordinates": [19.735175, 49.053383]}, "properties": {"ico": "36613100", "nazov": "PÍLA NA ŠMÝKANCI, s.r.o.", "obec": "Liptovský Peter", "okres": "Liptovský Mikuláš", "kraj": "Žilinský", "typ": "pila", "typ_nazov": "Píla a drevospracovanie", "sektor": "Drevo, lesníctvo a ostatné", "presnost": "obec", "t_rok": 0, "odpady": [{"kod": "kora", "nazov": "Odpadová kôra", "kat": "03 01 01"}, {"kod": "piliny", "nazov": "Piliny a hobliny", "kat": "03 01 05"}, {"kod": "odrezky_dreva", "nazov": "Odrezky a drevný odpad", "kat": "03 01 05"}]}}, {"type": "Feature", "geometry": {"type": "Point", "coordinates": [17.112478, 48.140553]}, "properties": {"ico": "36613606", "nazov": "Hotel N°16, s.r.o.", "obec": "Bratislava - mestská časť Staré Mesto", "okres": "Bratislava I", "kraj": "Bratislavský", "typ": "hotel", "typ_nazov": "Hotel", "sektor": "Gastro a stravovacie zariadenia", "presnost": "mestska_cast", "t_rok": 0, "odpady": [{"kod": "bro_zahrady", "nazov": "Biologicky rozložiteľný odpad zo záhrad", "kat": "20 02 01"}, {"kod": "zvysky_z_taniera", "nazov": "Zvyšky z taniera", "kat": "20 01 08"}, {"kod": "gastro_kuchynsky_odpad", "nazov": "Kuchynský odpad z reštaurácií a hotelov", "kat": "20 01 08"}, {"kod": "gastro_fritovaci_olej", "nazov": "Použitý fritovací olej z gastroprevádzok", "kat": "20 01 25"}, {"kod": "gastro_kavova_sedlina", "nazov": "Kávová sedlina z gastroprevádzok", "kat": "20 01 08"}]}}, {"type": "Feature", "geometry": {"type": "Point", "coordinates": [18.952016, 48.275107]}, "properties": {"ico": "36623199", "nazov": "Starohorská vinárska spoločnosť, družstvo", "obec": "Sebechleby", "okres": "Krupina", "kraj": "Banskobystrický", "typ": "vinarstvo", "typ_nazov": "Vinárstvo", "sektor": "Potravinárstvo a nápoje", "presnost": "obec", "t_rok": 0, "odpady": [{"kod": "hroznove_vylisky", "nazov": "Hroznové výlisky (matolina)", "kat": "02 07 04"}, {"kod": "vinne_kaly", "nazov": "Vínne kaly", "kat": "02 07 05"}, {"kod": "hroznove_stopky", "nazov": "Hroznové stopky (strapiny)", "kat": "02 07 01"}]}}, {"type": "Feature", "geometry": {"type": "Point", "coordinates": [19.444957, 48.530221]}, "properties": {"ico": "36635359", "nazov": "Slatinská pekáreň, s.r.o.", "obec": "Kriváň", "okres": "Detva", "kraj": "Banskobystrický", "typ": "pekaren", "typ_nazov": "Pekáreň", "sektor": "Potravinárstvo a nápoje", "presnost": "obec", "t_rok": 0, "odpady": [{"kod": "pekarenske_zvysky", "nazov": "Pekárenské zvyšky", "kat": "02 06 01"}, {"kod": "cestovinove_zvysky", "nazov": "Cestovinové a múčne zvyšky", "kat": "02 06 01"}]}}, {"type": "Feature", "geometry": {"type": "Point", "coordinates": [19.664144, 48.330282]}, "properties": {"ico": "36643807", "nazov": "Mestské lesy Lučenec, s.r.o.", "obec": "Lučenec", "okres": "Lučenec", "kraj": "Banskobystrický", "typ": "mestske_lesy", "typ_nazov": "Mestské lesy", "sektor": "Drevo, lesníctvo a ostatné", "presnost": "obec", "t_rok": 0, "odpady": [{"kod": "konare_stiepka", "nazov": "Konáre a drevná štiepka z údržby zelene", "kat": "20 02 01"}, {"kod": "kora", "nazov": "Odpadová kôra", "kat": "03 01 01"}, {"kod": "odrezky_dreva", "nazov": "Odrezky a drevný odpad", "kat": "03 01 05"}, {"kod": "lesna_stiepka", "nazov": "Lesná štiepka a haluzina", "kat": "02 01 07"}]}}, {"type": "Feature", "geometry": {"type": "Point", "coordinates": [19.200351, 48.766999]}, "properties": {"ico": "36644811", "nazov": "Mliekáreň Kopanice Selce, s.r.o.", "obec": "Selce", "okres": "Banská Bystrica", "kraj": "Banskobystrický", "typ": "mliekaren", "typ_nazov": "Mliekáreň", "sektor": "Potravinárstvo a nápoje", "presnost": "obec", "t_rok": 0, "odpady": [{"kod": "srvatka_sladka", "nazov": "Sladká srvátka", "kat": "02 05 01"}, {"kod": "srvatka_kysla", "nazov": "Kyslá srvátka", "kat": "02 05 01"}, {"kod": "srvatkovy_permeat", "nazov": "Srvátkový permeát", "kat": "02 05 01"}, {"kod": "cmar", "nazov": "Cmar", "kat": "02 05 01"}, {"kod": "mliekarensky_kal", "nazov": "Kal z mliekarenskej ČOV", "kat": "02 05 02"}]}}, {"type": "Feature", "geometry": {"type": "Point", "coordinates": [20.016302, 48.383832]}, "properties": {"ico": "36645559", "nazov": "Píla Bátka, s.r.o.", "obec": "Rimavská Sobota", "okres": "Rimavská Sobota", "kraj": "Banskobystrický", "typ": "pila", "typ_nazov": "Píla a drevospracovanie", "sektor": "Drevo, lesníctvo a ostatné", "presnost": "obec", "t_rok": 0, "odpady": [{"kod": "kora", "nazov": "Odpadová kôra", "kat": "03 01 01"}, {"kod": "piliny", "nazov": "Piliny a hobliny", "kat": "03 01 05"}, {"kod": "odrezky_dreva", "nazov": "Odrezky a drevný odpad", "kat": "03 01 05"}]}}, {"type": "Feature", "geometry": {"type": "Point", "coordinates": [19.640961, 48.805335]}, "properties": {"ico": "36645672", "nazov": "PEKÁREŇ U FLOSNÍKOV s.r.o.", "obec": "Brezno", "okres": "Brezno", "kraj": "Banskobystrický", "typ": "pekaren", "typ_nazov": "Pekáreň", "sektor": "Potravinárstvo a nápoje", "presnost": "obec", "t_rok": 0, "odpady": [{"kod": "pekarenske_zvysky", "nazov": "Pekárenské zvyšky", "kat": "02 06 01"}, {"kod": "cestovinove_zvysky", "nazov": "Cestovinové a múčne zvyšky", "kat": "02 06 01"}]}}, {"type": "Feature", "geometry": {"type": "Point", "coordinates": [19.156869, 48.738539]}, "properties": {"ico": "36648701", "nazov": "1. Súkromné Banskobystrické gymnázium s.r.o.", "obec": "Banská Bystrica", "okres": "Banská Bystrica", "kraj": "Banskobystrický", "typ": "skola_stredna", "typ_nazov": "Stredná škola", "sektor": "Gastro a stravovacie zariadenia", "presnost": "obec", "t_rok": 1.56, "odpady": [{"kod": "bro_zahrady", "nazov": "Biologicky rozložiteľný odpad zo záhrad", "kat": "20 02 01"}, {"kod": "skolsky_kuchynsky_odpad", "nazov": "Kuchynský odpad zo školských jedální", "kat": "20 01 08"}, {"kod": "zvysky_z_taniera", "nazov": "Zvyšky z taniera", "kat": "20 01 08"}, {"kod": "gastro_fritovaci_olej", "nazov": "Použitý fritovací olej z gastroprevádzok", "kat": "20 01 25"}]}}, {"type": "Feature", "geometry": {"type": "Point", "coordinates": [17.594315, 48.332228]}, "properties": {"ico": "36656372", "nazov": "Vinárstvo BLAHO, s.r.o.", "obec": "Zeleneč", "okres": "Trnava", "kraj": "Trnavský", "typ": "vinarstvo", "typ_nazov": "Vinárstvo", "sektor": "Potravinárstvo a nápoje", "presnost": "obec", "t_rok": 0, "odpady": [{"kod": "hroznove_vylisky", "nazov": "Hroznové výlisky (matolina)", "kat": "02 07 04"}, {"kod": "vinne_kaly", "nazov": "Vínne kaly", "kat": "02 07 05"}, {"kod": "hroznove_stopky", "nazov": "Hroznové stopky (strapiny)", "kat": "02 07 01"}]}}, {"type": "Feature", "geometry": {"type": "Point", "coordinates": [18.71486, 47.797831]}, "properties": {"ico": "36657301", "nazov": "Dunaj škrob Romada s.r.o.", "obec": "Štúrovo", "okres": "Nové Zámky", "kraj": "Nitriansky", "typ": "skrobaren", "typ_nazov": "Škrobáreň", "sektor": "Potravinárstvo a nápoje", "presnost": "obec", "t_rok": 0, "odpady": [{"kod": "skrobarenske_zvysky", "nazov": "Škrobárenské zvyšky", "kat": "02 03 01"}, {"kod": "zemiakove_supky", "nazov": "Zemiakové šupky a orezky", "kat": "02 03 04"}]}}, {"type": "Feature", "geometry": {"type": "Point", "coordinates": [18.447319, 49.114507]}, "properties": {"ico": "36672076", "nazov": "Považská vodárenská spoločnosť, a.s.", "obec": "Považská Bystrica", "okres": "Považská Bystrica", "kraj": "Trenčiansky", "typ": "vodarenska", "typ_nazov": "Vodárenská spoločnosť (ČOV)", "sektor": "Komunálny a gastro bioodpad", "presnost": "obec", "t_rok": 0, "odpady": [{"kod": "cov_kal_komunalny", "nazov": "Kal z komunálnej ČOV", "kat": "19 08 05"}, {"kod": "tuky_odlucovace", "nazov": "Tuky z odlučovačov", "kat": "19 08 09"}]}}, {"type": "Feature", "geometry": {"type": "Point", "coordinates": [18.929174, 49.07226]}, "properties": {"ico": "36672084", "nazov": "Turčianska vodárenská spoločnosť, a.s.", "obec": "Martin", "okres": "Martin", "kraj": "Žilinský", "typ": "vodarenska", "typ_nazov": "Vodárenská spoločnosť (ČOV)", "sektor": "Komunálny a gastro bioodpad", "presnost": "obec", "t_rok": 0, "odpady": [{"kod": "cov_kal_komunalny", "nazov": "Kal z komunálnej ČOV", "kat": "19 08 05"}, {"kod": "tuky_odlucovace", "nazov": "Tuky z odlučovačov", "kat": "19 08 09"}]}}, {"type": "Feature", "geometry": {"type": "Point", "coordinates": [19.29539, 49.218073]}, "properties": {"ico": "36672254", "nazov": "Oravská vodárenská spoločnosť, a.s.", "obec": "Dolný Kubín", "okres": "Dolný Kubín", "kraj": "Žilinský", "typ": "vodarenska", "typ_nazov": "Vodárenská spoločnosť (ČOV)", "sektor": "Komunálny a gastro bioodpad", "presnost": "obec", "t_rok": 0, "odpady": [{"kod": "cov_kal_komunalny", "nazov": "Kal z komunálnej ČOV", "kat": "19 08 05"}, {"kod": "tuky_odlucovace", "nazov": "Tuky z odlučovačov", "kat": "19 08 09"}]}}, {"type": "Feature", "geometry": {"type": "Point", "coordinates": [19.302965, 49.08187]}, "properties": {"ico": "36672271", "nazov": "Vodárenská spoločnosť Ružomberok, a. s.", "obec": "Ružomberok", "okres": "Ružomberok", "kraj": "Žilinský", "typ": "vodarenska", "typ_nazov": "Vodárenská spoločnosť (ČOV)", "sektor": "Komunálny a gastro bioodpad", "presnost": "obec", "t_rok": 0, "odpady": [{"kod": "cov_kal_komunalny", "nazov": "Kal z komunálnej ČOV", "kat": "19 08 05"}, {"kod": "tuky_odlucovace", "nazov": "Tuky z odlučovačov", "kat": "19 08 09"}]}}, {"type": "Feature", "geometry": {"type": "Point", "coordinates": [19.616667, 49.083333]}, "properties": {"ico": "36672441", "nazov": "Liptovská vodárenská spoločnosť, a.s.", "obec": "Liptovský Mikuláš", "okres": "Liptovský Mikuláš", "kraj": "Žilinský", "typ": "vodarenska", "typ_nazov": "Vodárenská spoločnosť (ČOV)", "sektor": "Komunálny a gastro bioodpad", "presnost": "obec", "t_rok": 0, "odpady": [{"kod": "cov_kal_komunalny", "nazov": "Kal z komunálnej ČOV", "kat": "19 08 05"}, {"kod": "tuky_odlucovace", "nazov": "Tuky z odlučovačov", "kat": "19 08 09"}]}}, {"type": "Feature", "geometry": {"type": "Point", "coordinates": [18.113025, 48.961676]}, "properties": {"ico": "36682888", "nazov": "Regionálna vodárenská spoločnosť Vlára - Váh, s.r.o.", "obec": "Nemšová", "okres": "Trenčín", "kraj": "Trenčiansky", "typ": "vodarenska", "typ_nazov": "Vodárenská spoločnosť (ČOV)", "sektor": "Komunálny a gastro bioodpad", "presnost": "obec", "t_rok": 0, "odpady": [{"kod": "cov_kal_komunalny", "nazov": "Kal z komunálnej ČOV", "kat": "19 08 05"}, {"kod": "tuky_odlucovace", "nazov": "Tuky z odlučovačov", "kat": "19 08 09"}]}}, {"type": "Feature", "geometry": {"type": "Point", "coordinates": [18.176052, 48.559116]}, "properties": {"ico": "36690473", "nazov": "Spojená Nitrianska Pekáreň, a.s. (SNIPEK, a.s.)", "obec": "Topoľčany", "okres": "Topoľčany", "kraj": "Nitriansky", "typ": "pekaren", "typ_nazov": "Pekáreň", "sektor": "Potravinárstvo a nápoje", "presnost": "obec", "t_rok": 0, "odpady": [{"kod": "pekarenske_zvysky", "nazov": "Pekárenské zvyšky", "kat": "02 06 01"}, {"kod": "cestovinove_zvysky", "nazov": "Cestovinové a múčne zvyšky", "kat": "02 06 01"}]}}, {"type": "Feature", "geometry": {"type": "Point", "coordinates": [18.283333, 49.066667]}, "properties": {"ico": "36708780", "nazov": "FISH&AGRO farma, s.r.o.", "obec": "Lednické Rovne", "okres": "Púchov", "kraj": "Trenčiansky", "typ": "farma", "typ_nazov": "Živočíšna farma", "sektor": "Poľnohospodárstvo a chov", "presnost": "obec", "t_rok": 0, "odpady": [{"kod": "travna_hmota_ttp", "nazov": "Trávna hmota z lúk a TTP", "kat": "02 01 03"}, {"kod": "hnoj_hovadzi", "nazov": "Maštaľný hnoj hovädzí", "kat": "02 01 06"}, {"kod": "hnojovica_osipane", "nazov": "Hnojovica ošípaných", "kat": "02 01 06"}, {"kod": "ovciarsky_hnoj", "nazov": "Ovčí a kozí hnoj", "kat": "02 01 06"}, {"kod": "kadavery", "nazov": "Uhynuté zvieratá (kadávery)", "kat": "02 01 02"}]}}, {"type": "Feature", "geometry": {"type": "Point", "coordinates": [17.798585, 48.427951]}, "properties": {"ico": "36713091", "nazov": "Nemocnica s poliklinikou Hlohovec, s.r.o.", "obec": "Hlohovec", "okres": "Hlohovec", "kraj": "Trnavský", "typ": "nemocnica", "typ_nazov": "Nemocnica", "sektor": "Gastro a stravovacie zariadenia", "presnost": "obec", "t_rok": 26.86, "odpady": [{"kod": "zvysky_z_taniera", "nazov": "Zvyšky z taniera", "kat": "20 01 08"}, {"kod": "nemocnicny_kuchynsky_odpad", "nazov": "Kuchynský odpad zo zdravotníckych a sociálnych zariadení", "kat": "20 01 08"}, {"kod": "gastro_fritovaci_olej", "nazov": "Použitý fritovací olej z gastroprevádzok", "kat": "20 01 25"}]}}, {"type": "Feature", "geometry": {"type": "Point", "coordinates": [17.68716, 48.700576]}, "properties": {"ico": "36722804", "nazov": "Poľnohospodárske družstvo Krajné", "obec": "Krajné", "okres": "Myjava", "kraj": "Trenčiansky", "typ": "polnohospodarske_druzstvo", "typ_nazov": "Poľnohospodárske družstvo", "sektor": "Poľnohospodárstvo a chov", "presnost": "obec", "t_rok": 0, "odpady": [{"kod": "slama_obilna", "nazov": "Obilná slama", "kat": "02 01 03"}, {"kod": "kukuricne_korovie", "nazov": "Kukuričné kôrovie a stonky", "kat": "02 01 03"}, {"kod": "repkova_slama", "nazov": "Repková slama", "kat": "02 01 03"}, {"kod": "slnecnicove_stonky", "nazov": "Slnečnicové stonky a úbory", "kat": "02 01 03"}, {"kod": "travna_hmota_ttp", "nazov": "Trávna hmota z lúk a TTP", "kat": "02 01 03"}, {"kod": "odpad_cistenie_zrna", "nazov": "Odpad z čistenia a sušenia obilia", "kat": "02 01 03"}, {"kod": "hnoj_hovadzi", "nazov": "Maštaľný hnoj hovädzí", "kat": "02 01 06"}, {"kod": "hnojovica_osipane", "nazov": "Hnojovica ošípaných", "kat": "02 01 06"}]}}, {"type": "Feature", "geometry": {"type": "Point", "coordinates": [19.566667, 49.166667]}, "properties": {"ico": "36723681", "nazov": "Obchodná vodárenská spoločnosť Liptovské Matiašovce, s.r.o.", "obec": "Liptovské Matiašovce", "okres": "Liptovský Mikuláš", "kraj": "Žilinský", "typ": "vodarenska", "typ_nazov": "Vodárenská spoločnosť (ČOV)", "sektor": "Komunálny a gastro bioodpad", "presnost": "obec", "t_rok": 0, "odpady": [{"kod": "cov_kal_komunalny", "nazov": "Kal z komunálnej ČOV", "kat": "19 08 05"}, {"kod": "tuky_odlucovace", "nazov": "Tuky z odlučovačov", "kat": "19 08 09"}]}}, {"type": "Feature", "geometry": {"type": "Point", "coordinates": [18.116667, 48.233333]}, "properties": {"ico": "36727156", "nazov": "AGRO - PO, s.r.o.", "obec": "Ivanka pri Nitre", "okres": "Nitra", "kraj": "Nitriansky", "typ": "agro", "typ_nazov": "Poľnohospodársky podnik", "sektor": "Poľnohospodárstvo a chov", "presnost": "obec", "t_rok": 0, "odpady": [{"kod": "slama_obilna", "nazov": "Obilná slama", "kat": "02 01 03"}, {"kod": "kukuricne_korovie", "nazov": "Kukuričné kôrovie a stonky", "kat": "02 01 03"}, {"kod": "repkova_slama", "nazov": "Repková slama", "kat": "02 01 03"}, {"kod": "travna_hmota_ttp", "nazov": "Trávna hmota z lúk a TTP", "kat": "02 01 03"}, {"kod": "odpad_cistenie_zrna", "nazov": "Odpad z čistenia a sušenia obilia", "kat": "02 01 03"}]}}, {"type": "Feature", "geometry": {"type": "Point", "coordinates": [17.109671, 48.153538]}, "properties": {"ico": "36727504", "nazov": "Reštaurácia Avalon s.r.o.", "obec": "Bratislava", "okres": "Bratislava I", "kraj": "Bratislavský", "typ": "restauracia", "typ_nazov": "Reštaurácia", "sektor": "Gastro a stravovacie zariadenia", "presnost": "obec", "t_rok": 0, "odpady": [{"kod": "tuky_odlucovace", "nazov": "Tuky z odlučovačov", "kat": "19 08 09"}, {"kod": "zvysky_z_taniera", "nazov": "Zvyšky z taniera", "kat": "20 01 08"}, {"kod": "gastro_kuchynsky_odpad", "nazov": "Kuchynský odpad z reštaurácií a hotelov", "kat": "20 01 08"}, {"kod": "gastro_fritovaci_olej", "nazov": "Použitý fritovací olej z gastroprevádzok", "kat": "20 01 25"}, {"kod": "gastro_kavova_sedlina", "nazov": "Kávová sedlina z gastroprevádzok", "kat": "20 01 08"}]}}, {"type": "Feature", "geometry": {"type": "Point", "coordinates": [20.196529, 49.058236]}, "properties": {"ico": "36735302", "nazov": "Pivovarský dom, s. r. o.", "obec": "Svit", "okres": "Poprad", "kraj": "Prešovský", "typ": "pivovar", "typ_nazov": "Pivovar / minipivovar", "sektor": "Potravinárstvo a nápoje", "presnost": "obec", "t_rok": 0, "odpady": [{"kod": "pivovarske_mlato", "nazov": "Pivovarské mláto", "kat": "02 07 01"}, {"kod": "pivovarske_kvasnice", "nazov": "Pivovarské kvasnice", "kat": "02 07 05"}, {"kod": "chmelovy_mlat", "nazov": "Chmeľový mlát", "kat": "02 07 01"}, {"kod": "kremelinovy_kal", "nazov": "Kremelinový kal z filtrácie", "kat": "02 07 05"}]}}, {"type": "Feature", "geometry": {"type": "Point", "coordinates": [17.821604, 48.589897]}, "properties": {"ico": "36739596", "nazov": "Prvý piešťanský pivovar, s. r. o.", "obec": "Piešťany", "okres": "Piešťany", "kraj": "Trnavský", "typ": "pivovar", "typ_nazov": "Pivovar / minipivovar", "sektor": "Potravinárstvo a nápoje", "presnost": "obec", "t_rok": 0, "odpady": [{"kod": "pivovarske_mlato", "nazov": "Pivovarské mláto", "kat": "02 07 01"}, {"kod": "pivovarske_kvasnice", "nazov": "Pivovarské kvasnice", "kat": "02 07 05"}, {"kod": "chmelovy_mlat", "nazov": "Chmeľový mlát", "kat": "02 07 01"}, {"kod": "kremelinovy_kal", "nazov": "Kremelinový kal z filtrácie", "kat": "02 07 05"}]}}, {"type": "Feature", "geometry": {"type": "Point", "coordinates": [17.896178, 48.369248]}, "properties": {"ico": "36774669", "nazov": "Pekáreň Delika, s.r.o.", "obec": "Rišňovce", "okres": "Nitra", "kraj": "Nitriansky", "typ": "pekaren", "typ_nazov": "Pekáreň", "sektor": "Potravinárstvo a nápoje", "presnost": "obec", "t_rok": 0, "odpady": [{"kod": "pekarenske_zvysky", "nazov": "Pekárenské zvyšky", "kat": "02 06 01"}, {"kod": "cestovinove_zvysky", "nazov": "Cestovinové a múčne zvyšky", "kat": "02 06 01"}]}}, {"type": "Feature", "geometry": {"type": "Point", "coordinates": [17.29264, 48.310552]}, "properties": {"ico": "36776955", "nazov": "Víno Hubinský, s. r. o.", "obec": "Vinosady", "okres": "Pezinok", "kraj": "Bratislavský", "typ": "vinarstvo", "typ_nazov": "Vinárstvo", "sektor": "Potravinárstvo a nápoje", "presnost": "obec", "t_rok": 0, "odpady": [{"kod": "hroznove_vylisky", "nazov": "Hroznové výlisky (matolina)", "kat": "02 07 04"}, {"kod": "vinne_kaly", "nazov": "Vínne kaly", "kat": "02 07 05"}, {"kod": "hroznove_stopky", "nazov": "Hroznové stopky (strapiny)", "kat": "02 07 01"}]}}, {"type": "Feature", "geometry": {"type": "Point", "coordinates": [21.249677, 48.717227]}, "properties": {"ico": "36802026", "nazov": "Pivovar GOLEM s.r.o.", "obec": "Košice", "okres": "Košice I", "kraj": "Košický", "typ": "pivovar", "typ_nazov": "Pivovar / minipivovar", "sektor": "Potravinárstvo a nápoje", "presnost": "obec", "t_rok": 0, "odpady": [{"kod": "pivovarske_mlato", "nazov": "Pivovarské mláto", "kat": "02 07 01"}, {"kod": "pivovarske_kvasnice", "nazov": "Pivovarské kvasnice", "kat": "02 07 05"}, {"kod": "chmelovy_mlat", "nazov": "Chmeľový mlát", "kat": "02 07 01"}, {"kod": "kremelinovy_kal", "nazov": "Kremelinový kal z filtrácie", "kat": "02 07 05"}]}}, {"type": "Feature", "geometry": {"type": "Point", "coordinates": [19.302965, 49.08187]}, "properties": {"ico": "36803529", "nazov": "MORUS KALMAY VINOHRADNÍCTVO VINÁRSTVO, s. r. o.", "obec": "Ružomberok", "okres": "Ružomberok", "kraj": "Žilinský", "typ": "vinarstvo", "typ_nazov": "Vinárstvo", "sektor": "Potravinárstvo a nápoje", "presnost": "obec", "t_rok": 0, "odpady": [{"kod": "hroznove_vylisky", "nazov": "Hroznové výlisky (matolina)", "kat": "02 07 04"}, {"kod": "vinne_kaly", "nazov": "Vínne kaly", "kat": "02 07 05"}, {"kod": "hroznove_stopky", "nazov": "Hroznové stopky (strapiny)", "kat": "02 07 01"}]}}, {"type": "Feature", "geometry": {"type": "Point", "coordinates": [17.138349, 48.167188]}, "properties": {"ico": "36813443", "nazov": "PEKÁREŇ BECKOV s.r.o.", "obec": "Bratislava - mestská časť Nové Mesto", "okres": "Bratislava III", "kraj": "Bratislavský", "typ": "pekaren", "typ_nazov": "Pekáreň", "sektor": "Potravinárstvo a nápoje", "presnost": "mestska_cast", "t_rok": 0, "odpady": [{"kod": "pekarenske_zvysky", "nazov": "Pekárenské zvyšky", "kat": "02 06 01"}, {"kod": "cestovinove_zvysky", "nazov": "Cestovinové a múčne zvyšky", "kat": "02 06 01"}]}}, {"type": "Feature", "geometry": {"type": "Point", "coordinates": [18.518794, 48.137625]}, "properties": {"ico": "36817571", "nazov": "HYDINA s. r. o.", "obec": "Ondrejovce", "okres": "Levice", "kraj": "Nitriansky", "typ": "hydina", "typ_nazov": "Hydinárska prevádzka", "sektor": "Poľnohospodárstvo a chov", "presnost": "obec", "t_rok": 0, "odpady": [{"kod": "krv_bitunok", "nazov": "Krv z bitúnku", "kat": "02 02 03"}, {"kod": "perie", "nazov": "Perie z hydinových bitúnkov", "kat": "02 02 02"}, {"kod": "hydinovy_trus", "nazov": "Hydinový trus a podstielka", "kat": "02 01 06"}, {"kod": "kadavery", "nazov": "Uhynuté zvieratá (kadávery)", "kat": "02 01 02"}, {"kod": "zvp_kat3", "nazov": "Živočíšne vedľajšie produkty kategórie 3", "kat": "02 02 02"}, {"kod": "zvp_kat2", "nazov": "Živočíšne vedľajšie produkty kategórie 2", "kat": "02 02 02"}]}}, {"type": "Feature", "geometry": {"type": "Point", "coordinates": [21.363905, 48.623714]}, "properties": {"ico": "36843148", "nazov": "Zelenina Nižná Myšľa, s. r. o.", "obec": "Nižná Myšľa", "okres": "Košice - okolie", "kraj": "Košický", "typ": "zeleninarstvo", "typ_nazov": "Zeleninárstvo", "sektor": "Poľnohospodárstvo a chov", "presnost": "obec", "t_rok": 0, "odpady": [{"kod": "zemiakove_supky", "nazov": "Zemiakové šupky a orezky", "kat": "02 03 04"}, {"kod": "zeleninove_orezky", "nazov": "Orezky a nepodarky zeleniny", "kat": "02 03 04"}, {"kod": "kal_pranie_zeleniny", "nazov": "Kal z prania a lúpania zeleniny", "kat": "02 03 01"}, {"kod": "vnate_pozberove", "nazov": "Vňate a pozberové zvyšky zeleniny", "kat": "02 01 03"}]}}, {"type": "Feature", "geometry": {"type": "Point", "coordinates": [18.324242, 49.123992]}, "properties": {"ico": "36845981", "nazov": "ALEXANDRA HOTEL, s. r. o.", "obec": "Púchov", "okres": "Púchov", "kraj": "Trenčiansky", "typ": "hotel", "typ_nazov": "Hotel", "sektor": "Gastro a stravovacie zariadenia", "presnost": "obec", "t_rok": 0, "odpady": [{"kod": "bro_zahrady", "nazov": "Biologicky rozložiteľný odpad zo záhrad", "kat": "20 02 01"}, {"kod": "zvysky_z_taniera", "nazov": "Zvyšky z taniera", "kat": "20 01 08"}, {"kod": "gastro_kuchynsky_odpad", "nazov": "Kuchynský odpad z reštaurácií a hotelov", "kat": "20 01 08"}, {"kod": "gastro_fritovaci_olej", "nazov": "Použitý fritovací olej z gastroprevádzok", "kat": "20 01 25"}, {"kod": "gastro_kavova_sedlina", "nazov": "Kávová sedlina z gastroprevádzok", "kat": "20 01 08"}]}}, {"type": "Feature", "geometry": {"type": "Point", "coordinates": [17.727778, 48.191057]}, "properties": {"ico": "36920151", "nazov": "Viliam Ruman - Reštaurácia JAMAJKA", "obec": "Galanta", "okres": "Galanta", "kraj": "Trnavský", "typ": "restauracia", "typ_nazov": "Reštaurácia", "sektor": "Gastro a stravovacie zariadenia", "presnost": "obec", "t_rok": 0, "odpady": [{"kod": "tuky_odlucovace", "nazov": "Tuky z odlučovačov", "kat": "19 08 09"}, {"kod": "zvysky_z_taniera", "nazov": "Zvyšky z taniera", "kat": "20 01 08"}, {"kod": "gastro_kuchynsky_odpad", "nazov": "Kuchynský odpad z reštaurácií a hotelov", "kat": "20 01 08"}, {"kod": "gastro_fritovaci_olej", "nazov": "Použitý fritovací olej z gastroprevádzok", "kat": "20 01 25"}, {"kod": "gastro_kavova_sedlina", "nazov": "Kávová sedlina z gastroprevádzok", "kat": "20 01 08"}]}}, {"type": "Feature", "geometry": {"type": "Point", "coordinates": [18.628775, 49.402543]}, "properties": {"ico": "37586475", "nazov": "Jana Ježíková - POHOSTINSTVO BOHUMÍN", "obec": "Turzovka", "okres": "Čadca", "kraj": "Žilinský", "typ": "restauracia", "typ_nazov": "Reštaurácia", "sektor": "Gastro a stravovacie zariadenia", "presnost": "obec", "t_rok": 0, "odpady": [{"kod": "tuky_odlucovace", "nazov": "Tuky z odlučovačov", "kat": "19 08 09"}, {"kod": "zvysky_z_taniera", "nazov": "Zvyšky z taniera", "kat": "20 01 08"}, {"kod": "gastro_kuchynsky_odpad", "nazov": "Kuchynský odpad z reštaurácií a hotelov", "kat": "20 01 08"}, {"kod": "gastro_fritovaci_olej", "nazov": "Použitý fritovací olej z gastroprevádzok", "kat": "20 01 25"}, {"kod": "gastro_kavova_sedlina", "nazov": "Kávová sedlina z gastroprevádzok", "kat": "20 01 08"}]}}, {"type": "Feature", "geometry": {"type": "Point", "coordinates": [22.155625, 48.990062]}, "properties": {"ico": "37796046", "nazov": "Cirkevná spojená škola, Švermova 10, Snina", "obec": "Snina", "okres": "Snina", "kraj": "Prešovský", "typ": "skola_stredna", "typ_nazov": "Stredná škola", "sektor": "Gastro a stravovacie zariadenia", "presnost": "obec", "t_rok": 1.56, "odpady": [{"kod": "bro_zahrady", "nazov": "Biologicky rozložiteľný odpad zo záhrad", "kat": "20 02 01"}, {"kod": "skolsky_kuchynsky_odpad", "nazov": "Kuchynský odpad zo školských jedální", "kat": "20 01 08"}, {"kod": "zvysky_z_taniera", "nazov": "Zvyšky z taniera", "kat": "20 01 08"}, {"kod": "gastro_fritovaci_olej", "nazov": "Použitý fritovací olej z gastroprevádzok", "kat": "20 01 25"}]}}, {"type": "Feature", "geometry": {"type": "Point", "coordinates": [19.616667, 49.083333]}, "properties": {"ico": "37810421", "nazov": "Základná škola Janka Kráľa, Žiarska 679/13, Liptovský Mikuláš", "obec": "Liptovský Mikuláš", "okres": "Liptovský Mikuláš", "kraj": "Žilinský", "typ": "skola_zakladna", "typ_nazov": "Základná škola", "sektor": "Gastro a stravovacie zariadenia", "presnost": "obec", "t_rok": 1.77, "odpady": [{"kod": "bro_zahrady", "nazov": "Biologicky rozložiteľný odpad zo záhrad", "kat": "20 02 01"}, {"kod": "skolsky_kuchynsky_odpad", "nazov": "Kuchynský odpad zo školských jedální", "kat": "20 01 08"}, {"kod": "zvysky_z_taniera", "nazov": "Zvyšky z taniera", "kat": "20 01 08"}, {"kod": "gastro_kavova_sedlina", "nazov": "Kávová sedlina z gastroprevádzok", "kat": "20 01 08"}]}}, {"type": "Feature", "geometry": {"type": "Point", "coordinates": [19.616667, 49.083333]}, "properties": {"ico": "37810472", "nazov": "Základná škola Miloša Janošku, Ul. čs. brigády 4, Liptovský Mikuláš", "obec": "Liptovský Mikuláš", "okres": "Liptovský Mikuláš", "kraj": "Žilinský", "typ": "skola_zakladna", "typ_nazov": "Základná škola", "sektor": "Gastro a stravovacie zariadenia", "presnost": "obec", "t_rok": 1.77, "odpady": [{"kod": "bro_zahrady", "nazov": "Biologicky rozložiteľný odpad zo záhrad", "kat": "20 02 01"}, {"kod": "skolsky_kuchynsky_odpad", "nazov": "Kuchynský odpad zo školských jedální", "kat": "20 01 08"}, {"kod": "zvysky_z_taniera", "nazov": "Zvyšky z taniera", "kat": "20 01 08"}, {"kod": "gastro_kavova_sedlina", "nazov": "Kávová sedlina z gastroprevádzok", "kat": "20 01 08"}]}}, {"type": "Feature", "geometry": {"type": "Point", "coordinates": [19.680264, 49.049582]}, "properties": {"ico": "37810481", "nazov": "Základná škola s materskou školou, Starojánska 11/11, Liptovský Ján", "obec": "Liptovský Ján", "okres": "Liptovský Mikuláš", "kraj": "Žilinský", "typ": "skola_zakladna", "typ_nazov": "Základná škola", "sektor": "Gastro a stravovacie zariadenia", "presnost": "obec", "t_rok": 1.77, "odpady": [{"kod": "bro_zahrady", "nazov": "Biologicky rozložiteľný odpad zo záhrad", "kat": "20 02 01"}, {"kod": "skolsky_kuchynsky_odpad", "nazov": "Kuchynský odpad zo školských jedální", "kat": "20 01 08"}, {"kod": "zvysky_z_taniera", "nazov": "Zvyšky z taniera", "kat": "20 01 08"}, {"kod": "gastro_kavova_sedlina", "nazov": "Kávová sedlina z gastroprevádzok", "kat": "20 01 08"}]}}, {"type": "Feature", "geometry": {"type": "Point", "coordinates": [18.929174, 49.07226]}, "properties": {"ico": "37811711", "nazov": "Základná škola Alexandra Dubčeka, Družstevná 11, Martin", "obec": "Martin", "okres": "Martin", "kraj": "Žilinský", "typ": "skola_zakladna", "typ_nazov": "Základná škola", "sektor": "Gastro a stravovacie zariadenia", "presnost": "obec", "t_rok": 1.77, "odpady": [{"kod": "bro_zahrady", "nazov": "Biologicky rozložiteľný odpad zo záhrad", "kat": "20 02 01"}, {"kod": "skolsky_kuchynsky_odpad", "nazov": "Kuchynský odpad zo školských jedální", "kat": "20 01 08"}, {"kod": "zvysky_z_taniera", "nazov": "Zvyšky z taniera", "kat": "20 01 08"}, {"kod": "gastro_kavova_sedlina", "nazov": "Kávová sedlina z gastroprevádzok", "kat": "20 01 08"}]}}, {"type": "Feature", "geometry": {"type": "Point", "coordinates": [18.929174, 49.07226]}, "properties": {"ico": "37811860", "nazov": "Základná škola, Nade Hejnej 4, Martin", "obec": "Martin", "okres": "Martin", "kraj": "Žilinský", "typ": "skola_zakladna", "typ_nazov": "Základná škola", "sektor": "Gastro a stravovacie zariadenia", "presnost": "obec", "t_rok": 1.77, "odpady": [{"kod": "bro_zahrady", "nazov": "Biologicky rozložiteľný odpad zo záhrad", "kat": "20 02 01"}, {"kod": "skolsky_kuchynsky_odpad", "nazov": "Kuchynský odpad zo školských jedální", "kat": "20 01 08"}, {"kod": "zvysky_z_taniera", "nazov": "Zvyšky z taniera", "kat": "20 01 08"}, {"kod": "gastro_kavova_sedlina", "nazov": "Kávová sedlina z gastroprevádzok", "kat": "20 01 08"}]}}, {"type": "Feature", "geometry": {"type": "Point", "coordinates": [18.929174, 49.07226]}, "properties": {"ico": "37811894", "nazov": "Základná škola s materskou školou, Podhájska 10A, Martin", "obec": "Martin", "okres": "Martin", "kraj": "Žilinský", "typ": "skola_zakladna", "typ_nazov": "Základná škola", "sektor": "Gastro a stravovacie zariadenia", "presnost": "obec", "t_rok": 1.77, "odpady": [{"kod": "bro_zahrady", "nazov": "Biologicky rozložiteľný odpad zo záhrad", "kat": "20 02 01"}, {"kod": "skolsky_kuchynsky_odpad", "nazov": "Kuchynský odpad zo školských jedální", "kat": "20 01 08"}, {"kod": "zvysky_z_taniera", "nazov": "Zvyšky z taniera", "kat": "20 01 08"}, {"kod": "gastro_kavova_sedlina", "nazov": "Kávová sedlina z gastroprevádzok", "kat": "20 01 08"}]}}, {"type": "Feature", "geometry": {"type": "Point", "coordinates": [18.929174, 49.07226]}, "properties": {"ico": "37811924", "nazov": "Základná škola, P. Mudroňa 3, Martin", "obec": "Martin", "okres": "Martin", "kraj": "Žilinský", "typ": "skola_zakladna", "typ_nazov": "Základná škola", "sektor": "Gastro a stravovacie zariadenia", "presnost": "obec", "t_rok": 1.77, "odpady": [{"kod": "bro_zahrady", "nazov": "Biologicky rozložiteľný odpad zo záhrad", "kat": "20 02 01"}, {"kod": "skolsky_kuchynsky_odpad", "nazov": "Kuchynský odpad zo školských jedální", "kat": "20 01 08"}, {"kod": "zvysky_z_taniera", "nazov": "Zvyšky z taniera", "kat": "20 01 08"}, {"kod": "gastro_kavova_sedlina", "nazov": "Kávová sedlina z gastroprevádzok", "kat": "20 01 08"}]}}, {"type": "Feature", "geometry": {"type": "Point", "coordinates": [18.929174, 49.07226]}, "properties": {"ico": "37812009", "nazov": "Základná škola s materskou školou, Priehradná 11, Martin", "obec": "Martin", "okres": "Martin", "kraj": "Žilinský", "typ": "skola_zakladna", "typ_nazov": "Základná škola", "sektor": "Gastro a stravovacie zariadenia", "presnost": "obec", "t_rok": 1.77, "odpady": [{"kod": "bro_zahrady", "nazov": "Biologicky rozložiteľný odpad zo záhrad", "kat": "20 02 01"}, {"kod": "skolsky_kuchynsky_odpad", "nazov": "Kuchynský odpad zo školských jedální", "kat": "20 01 08"}, {"kod": "zvysky_z_taniera", "nazov": "Zvyšky z taniera", "kat": "20 01 08"}, {"kod": "gastro_kavova_sedlina", "nazov": "Kávová sedlina z gastroprevádzok", "kat": "20 01 08"}]}}, {"type": "Feature", "geometry": {"type": "Point", "coordinates": [18.92507, 49.10886]}, "properties": {"ico": "37812416", "nazov": "Školská jedáleň, M. R. Štefánika 1, Vrútky", "obec": "Vrútky", "okres": "Martin", "kraj": "Žilinský", "typ": "skolska_jedalen", "typ_nazov": "Školská jedáleň", "sektor": "Gastro a stravovacie zariadenia", "presnost": "obec", "t_rok": 2.36, "odpady": [{"kod": "skolsky_kuchynsky_odpad", "nazov": "Kuchynský odpad zo školských jedální", "kat": "20 01 08"}, {"kod": "zvysky_z_taniera", "nazov": "Zvyšky z taniera", "kat": "20 01 08"}, {"kod": "gastro_fritovaci_olej", "nazov": "Použitý fritovací olej z gastroprevádzok", "kat": "20 01 25"}]}}, {"type": "Feature", "geometry": {"type": "Point", "coordinates": [18.883333, 49.266667]}, "properties": {"ico": "37812556", "nazov": "Materská škola, Horný Vadičov 515", "obec": "Horný Vadičov", "okres": "Kysucké Nové Mesto", "kraj": "Žilinský", "typ": "skola_materska", "typ_nazov": "Materská škola", "sektor": "Gastro a stravovacie zariadenia", "presnost": "obec", "t_rok": 1.54, "odpady": [{"kod": "bro_zahrady", "nazov": "Biologicky rozložiteľný odpad zo záhrad", "kat": "20 02 01"}, {"kod": "skolsky_kuchynsky_odpad", "nazov": "Kuchynský odpad zo školských jedální", "kat": "20 01 08"}, {"kod": "zvysky_z_taniera", "nazov": "Zvyšky z taniera", "kat": "20 01 08"}]}}, {"type": "Feature", "geometry": {"type": "Point", "coordinates": [18.816667, 49.333333]}, "properties": {"ico": "37812769", "nazov": "Materská škola, Kysucký Lieskovec 309", "obec": "Kysucký Lieskovec", "okres": "Kysucké Nové Mesto", "kraj": "Žilinský", "typ": "skola_materska", "typ_nazov": "Materská škola", "sektor": "Gastro a stravovacie zariadenia", "presnost": "obec", "t_rok": 1.54, "odpady": [{"kod": "bro_zahrady", "nazov": "Biologicky rozložiteľný odpad zo záhrad", "kat": "20 02 01"}, {"kod": "skolsky_kuchynsky_odpad", "nazov": "Kuchynský odpad zo školských jedální", "kat": "20 01 08"}, {"kod": "zvysky_z_taniera", "nazov": "Zvyšky z taniera", "kat": "20 01 08"}]}}, {"type": "Feature", "geometry": {"type": "Point", "coordinates": [19.35, 49.316667]}, "properties": {"ico": "37814036", "nazov": "Materská škola, Pod brehom 207, Hruštín", "obec": "Hruštín", "okres": "Námestovo", "kraj": "Žilinský", "typ": "skola_materska", "typ_nazov": "Materská škola", "sektor": "Gastro a stravovacie zariadenia", "presnost": "obec", "t_rok": 1.54, "odpady": [{"kod": "bro_zahrady", "nazov": "Biologicky rozložiteľný odpad zo záhrad", "kat": "20 02 01"}, {"kod": "skolsky_kuchynsky_odpad", "nazov": "Kuchynský odpad zo školských jedální", "kat": "20 01 08"}, {"kod": "zvysky_z_taniera", "nazov": "Zvyšky z taniera", "kat": "20 01 08"}]}}, {"type": "Feature", "geometry": {"type": "Point", "coordinates": [19.894612, 49.061229]}, "properties": {"ico": "37815687", "nazov": "Materská škola, Východná 715", "obec": "Východná", "okres": "Liptovský Mikuláš", "kraj": "Žilinský", "typ": "skola_materska", "typ_nazov": "Materská škola", "sektor": "Gastro a stravovacie zariadenia", "presnost": "obec", "t_rok": 1.54, "odpady": [{"kod": "bro_zahrady", "nazov": "Biologicky rozložiteľný odpad zo záhrad", "kat": "20 02 01"}, {"kod": "skolsky_kuchynsky_odpad", "nazov": "Kuchynský odpad zo školských jedální", "kat": "20 01 08"}, {"kod": "zvysky_z_taniera", "nazov": "Zvyšky z taniera", "kat": "20 01 08"}]}}, {"type": "Feature", "geometry": {"type": "Point", "coordinates": [18.72155, 48.483398]}, "properties": {"ico": "37818627", "nazov": "Centrum sociálnych služieb Nádej", "obec": "Žarnovica", "okres": "Žarnovica", "kraj": "Banskobystrický", "typ": "socialne_zariadenie", "typ_nazov": "Zariadenie sociálnych služieb", "sektor": "Gastro a stravovacie zariadenia", "presnost": "obec", "t_rok": 0, "odpady": [{"kod": "bro_zahrady", "nazov": "Biologicky rozložiteľný odpad zo záhrad", "kat": "20 02 01"}, {"kod": "zvysky_z_taniera", "nazov": "Zvyšky z taniera", "kat": "20 01 08"}, {"kod": "nemocnicny_kuchynsky_odpad", "nazov": "Kuchynský odpad zo zdravotníckych a sociálnych zariadení", "kat": "20 01 08"}]}}, {"type": "Feature", "geometry": {"type": "Point", "coordinates": [19.821673, 48.270503]}, "properties": {"ico": "37828851", "nazov": "Základná škola Lajosa Mocsáryho s VJM, Farská lúka 64/B, Fiľakovo", "obec": "Fiľakovo", "okres": "Lučenec", "kraj": "Banskobystrický", "typ": "skola_zakladna", "typ_nazov": "Základná škola", "sektor": "Gastro a stravovacie zariadenia", "presnost": "obec", "t_rok": 1.77, "odpady": [{"kod": "bro_zahrady", "nazov": "Biologicky rozložiteľný odpad zo záhrad", "kat": "20 02 01"}, {"kod": "skolsky_kuchynsky_odpad", "nazov": "Kuchynský odpad zo školských jedální", "kat": "20 01 08"}, {"kod": "zvysky_z_taniera", "nazov": "Zvyšky z taniera", "kat": "20 01 08"}, {"kod": "gastro_kavova_sedlina", "nazov": "Kávová sedlina z gastroprevádzok", "kat": "20 01 08"}]}}, {"type": "Feature", "geometry": {"type": "Point", "coordinates": [19.525427, 48.576422]}, "properties": {"ico": "37831291", "nazov": "Základná škola s materskou školou, Krivec 1355, Hriňová", "obec": "Hriňová", "okres": "Detva", "kraj": "Banskobystrický", "typ": "skola_zakladna", "typ_nazov": "Základná škola", "sektor": "Gastro a stravovacie zariadenia", "presnost": "obec", "t_rok": 1.77, "odpady": [{"kod": "bro_zahrady", "nazov": "Biologicky rozložiteľný odpad zo záhrad", "kat": "20 02 01"}, {"kod": "skolsky_kuchynsky_odpad", "nazov": "Kuchynský odpad zo školských jedální", "kat": "20 01 08"}, {"kod": "zvysky_z_taniera", "nazov": "Zvyšky z taniera", "kat": "20 01 08"}, {"kod": "gastro_kavova_sedlina", "nazov": "Kávová sedlina z gastroprevádzok", "kat": "20 01 08"}]}}, {"type": "Feature", "geometry": {"type": "Point", "coordinates": [19.101794, 48.473486]}, "properties": {"ico": "37833472", "nazov": "Základná škola s materskou školou Juraja Slávika Neresnického, Dobrá Niva", "obec": "Dobrá Niva", "okres": "Zvolen", "kraj": "Banskobystrický", "typ": "skola_zakladna", "typ_nazov": "Základná škola", "sektor": "Gastro a stravovacie zariadenia", "presnost": "obec", "t_rok": 1.77, "odpady": [{"kod": "bro_zahrady", "nazov": "Biologicky rozložiteľný odpad zo záhrad", "kat": "20 02 01"}, {"kod": "skolsky_kuchynsky_odpad", "nazov": "Kuchynský odpad zo školských jedální", "kat": "20 01 08"}, {"kod": "zvysky_z_taniera", "nazov": "Zvyšky z taniera", "kat": "20 01 08"}, {"kod": "gastro_kavova_sedlina", "nazov": "Kávová sedlina z gastroprevádzok", "kat": "20 01 08"}]}}, {"type": "Feature", "geometry": {"type": "Point", "coordinates": [17.409561, 47.996929]}, "properties": {"ico": "37836374", "nazov": "Základná škola s VJM - Alapiskola, Rohovce 106", "obec": "Rohovce", "okres": "Dunajská Streda", "kraj": "Trnavský", "typ": "skola_zakladna", "typ_nazov": "Základná škola", "sektor": "Gastro a stravovacie zariadenia", "presnost": "obec", "t_rok": 1.77, "odpady": [{"kod": "bro_zahrady", "nazov": "Biologicky rozložiteľný odpad zo záhrad", "kat": "20 02 01"}, {"kod": "skolsky_kuchynsky_odpad", "nazov": "Kuchynský odpad zo školských jedální", "kat": "20 01 08"}, {"kod": "zvysky_z_taniera", "nazov": "Zvyšky z taniera", "kat": "20 01 08"}, {"kod": "gastro_kavova_sedlina", "nazov": "Kávová sedlina z gastroprevádzok", "kat": "20 01 08"}]}}, {"type": "Feature", "geometry": {"type": "Point", "coordinates": [17.752084, 48.122648]}, "properties": {"ico": "37836714", "nazov": "Základná škola s materskou školou Istvána Széchenyiho s VJM, Hlavná 299, Horné Saliby", "obec": "Horné Saliby", "okres": "Galanta", "kraj": "Trnavský", "typ": "skola_zakladna", "typ_nazov": "Základná škola", "sektor": "Gastro a stravovacie zariadenia", "presnost": "obec", "t_rok": 1.77, "odpady": [{"kod": "bro_zahrady", "nazov": "Biologicky rozložiteľný odpad zo záhrad", "kat": "20 02 01"}, {"kod": "skolsky_kuchynsky_odpad", "nazov": "Kuchynský odpad zo školských jedální", "kat": "20 01 08"}, {"kod": "zvysky_z_taniera", "nazov": "Zvyšky z taniera", "kat": "20 01 08"}, {"kod": "gastro_kavova_sedlina", "nazov": "Kávová sedlina z gastroprevádzok", "kat": "20 01 08"}]}}, {"type": "Feature", "geometry": {"type": "Point", "coordinates": [17.862269, 48.602463]}, "properties": {"ico": "37836781", "nazov": "Základná škola s materskou školou, Na výhone 188/16, Moravany nad Váhom", "obec": "Moravany nad Váhom", "okres": "Piešťany", "kraj": "Trnavský", "typ": "skola_zakladna", "typ_nazov": "Základná škola", "sektor": "Gastro a stravovacie zariadenia", "presnost": "obec", "t_rok": 1.77, "odpady": [{"kod": "bro_zahrady", "nazov": "Biologicky rozložiteľný odpad zo záhrad", "kat": "20 02 01"}, {"kod": "skolsky_kuchynsky_odpad", "nazov": "Kuchynský odpad zo školských jedální", "kat": "20 01 08"}, {"kod": "zvysky_z_taniera", "nazov": "Zvyšky z taniera", "kat": "20 01 08"}, {"kod": "gastro_kavova_sedlina", "nazov": "Kávová sedlina z gastroprevádzok", "kat": "20 01 08"}]}}, {"type": "Feature", "geometry": {"type": "Point", "coordinates": [21.916667, 48.583333]}, "properties": {"ico": "37838521", "nazov": "Základná škola, Sasinkova 530/2, Kopčany", "obec": "Kopčany", "okres": "Michalovce", "kraj": "Košický", "typ": "skola_zakladna", "typ_nazov": "Základná škola", "sektor": "Gastro a stravovacie zariadenia", "presnost": "obec", "t_rok": 1.77, "odpady": [{"kod": "bro_zahrady", "nazov": "Biologicky rozložiteľný odpad zo záhrad", "kat": "20 02 01"}, {"kod": "skolsky_kuchynsky_odpad", "nazov": "Kuchynský odpad zo školských jedální", "kat": "20 01 08"}, {"kod": "zvysky_z_taniera", "nazov": "Zvyšky z taniera", "kat": "20 01 08"}, {"kod": "gastro_kavova_sedlina", "nazov": "Kávová sedlina z gastroprevádzok", "kat": "20 01 08"}]}}, {"type": "Feature", "geometry": {"type": "Point", "coordinates": [17.678594, 48.140162]}, "properties": {"ico": "37840576", "nazov": "Základná škola s materskou školou s VJM, Mostová 210", "obec": "Mostová", "okres": "Galanta", "kraj": "Trnavský", "typ": "skola_zakladna", "typ_nazov": "Základná škola", "sektor": "Gastro a stravovacie zariadenia", "presnost": "obec", "t_rok": 1.77, "odpady": [{"kod": "bro_zahrady", "nazov": "Biologicky rozložiteľný odpad zo záhrad", "kat": "20 02 01"}, {"kod": "skolsky_kuchynsky_odpad", "nazov": "Kuchynský odpad zo školských jedální", "kat": "20 01 08"}, {"kod": "zvysky_z_taniera", "nazov": "Zvyšky z taniera", "kat": "20 01 08"}, {"kod": "gastro_kavova_sedlina", "nazov": "Kávová sedlina z gastroprevádzok", "kat": "20 01 08"}]}}, {"type": "Feature", "geometry": {"type": "Point", "coordinates": [17.766113, 48.300461]}, "properties": {"ico": "37840592", "nazov": "Základná škola, Vinohrady nad Váhom 347", "obec": "Vinohrady nad Váhom", "okres": "Galanta", "kraj": "Trnavský", "typ": "skola_zakladna", "typ_nazov": "Základná škola", "sektor": "Gastro a stravovacie zariadenia", "presnost": "obec", "t_rok": 1.77, "odpady": [{"kod": "bro_zahrady", "nazov": "Biologicky rozložiteľný odpad zo záhrad", "kat": "20 02 01"}, {"kod": "skolsky_kuchynsky_odpad", "nazov": "Kuchynský odpad zo školských jedální", "kat": "20 01 08"}, {"kod": "zvysky_z_taniera", "nazov": "Zvyšky z taniera", "kat": "20 01 08"}, {"kod": "gastro_kavova_sedlina", "nazov": "Kávová sedlina z gastroprevádzok", "kat": "20 01 08"}]}}, {"type": "Feature", "geometry": {"type": "Point", "coordinates": [17.497245, 48.254044]}, "properties": {"ico": "37840631", "nazov": "Základná škola s materskou školou, Veľký Grob 382", "obec": "Veľký Grob", "okres": "Galanta", "kraj": "Trnavský", "typ": "skola_zakladna", "typ_nazov": "Základná škola", "sektor": "Gastro a stravovacie zariadenia", "presnost": "obec", "t_rok": 1.77, "odpady": [{"kod": "bro_zahrady", "nazov": "Biologicky rozložiteľný odpad zo záhrad", "kat": "20 02 01"}, {"kod": "skolsky_kuchynsky_odpad", "nazov": "Kuchynský odpad zo školských jedální", "kat": "20 01 08"}, {"kod": "zvysky_z_taniera", "nazov": "Zvyšky z taniera", "kat": "20 01 08"}, {"kod": "gastro_kavova_sedlina", "nazov": "Kávová sedlina z gastroprevádzok", "kat": "20 01 08"}]}}, {"type": "Feature", "geometry": {"type": "Point", "coordinates": [17.133333, 48.683333]}, "properties": {"ico": "37840657", "nazov": "Základná škola s materskou školou, Smolinské 407", "obec": "Smolinské", "okres": "Senica", "kraj": "Trnavský", "typ": "skola_zakladna", "typ_nazov": "Základná škola", "sektor": "Gastro a stravovacie zariadenia", "presnost": "obec", "t_rok": 1.77, "odpady": [{"kod": "bro_zahrady", "nazov": "Biologicky rozložiteľný odpad zo záhrad", "kat": "20 02 01"}, {"kod": "skolsky_kuchynsky_odpad", "nazov": "Kuchynský odpad zo školských jedální", "kat": "20 01 08"}, {"kod": "zvysky_z_taniera", "nazov": "Zvyšky z taniera", "kat": "20 01 08"}, {"kod": "gastro_kavova_sedlina", "nazov": "Kávová sedlina z gastroprevádzok", "kat": "20 01 08"}]}}, {"type": "Feature", "geometry": {"type": "Point", "coordinates": [17.490022, 48.315284]}, "properties": {"ico": "37841491", "nazov": "Materská škola, Nám. A. Hlinku 32, Cífer", "obec": "Cífer", "okres": "Trnava", "kraj": "Trnavský", "typ": "skola_materska", "typ_nazov": "Materská škola", "sektor": "Gastro a stravovacie zariadenia", "presnost": "obec", "t_rok": 1.54, "odpady": [{"kod": "bro_zahrady", "nazov": "Biologicky rozložiteľný odpad zo záhrad", "kat": "20 02 01"}, {"kod": "skolsky_kuchynsky_odpad", "nazov": "Kuchynský odpad zo školských jedální", "kat": "20 01 08"}, {"kod": "zvysky_z_taniera", "nazov": "Zvyšky z taniera", "kat": "20 01 08"}]}}, {"type": "Feature", "geometry": {"type": "Point", "coordinates": [17.20201, 48.770797]}, "properties": {"ico": "37842129", "nazov": "Materská škola, Dr. Clementisa 59, Skalica", "obec": "Skalica", "okres": "Skalica", "kraj": "Trnavský", "typ": "skola_materska", "typ_nazov": "Materská škola", "sektor": "Gastro a stravovacie zariadenia", "presnost": "okres", "t_rok": 1.54, "odpady": [{"kod": "bro_zahrady", "nazov": "Biologicky rozložiteľný odpad zo záhrad", "kat": "20 02 01"}, {"kod": "skolsky_kuchynsky_odpad", "nazov": "Kuchynský odpad zo školských jedální", "kat": "20 01 08"}, {"kod": "zvysky_z_taniera", "nazov": "Zvyšky z taniera", "kat": "20 01 08"}]}}, {"type": "Feature", "geometry": {"type": "Point", "coordinates": [17.57621, 48.162887]}, "properties": {"ico": "37842323", "nazov": "Materská škola, Štefana Majora 1393/175, Veľké Úľany", "obec": "Veľké Úľany", "okres": "Galanta", "kraj": "Trnavský", "typ": "skola_materska", "typ_nazov": "Materská škola", "sektor": "Gastro a stravovacie zariadenia", "presnost": "obec", "t_rok": 1.54, "odpady": [{"kod": "bro_zahrady", "nazov": "Biologicky rozložiteľný odpad zo záhrad", "kat": "20 02 01"}, {"kod": "skolsky_kuchynsky_odpad", "nazov": "Kuchynský odpad zo školských jedální", "kat": "20 01 08"}, {"kod": "zvysky_z_taniera", "nazov": "Zvyšky z taniera", "kat": "20 01 08"}]}}, {"type": "Feature", "geometry": {"type": "Point", "coordinates": [17.825432, 48.275779]}, "properties": {"ico": "37842382", "nazov": "Materská škola, Lazová 926/5, Pata", "obec": "Pata", "okres": "Galanta", "kraj": "Trnavský", "typ": "skola_materska", "typ_nazov": "Materská škola", "sektor": "Gastro a stravovacie zariadenia", "presnost": "obec", "t_rok": 1.54, "odpady": [{"kod": "bro_zahrady", "nazov": "Biologicky rozložiteľný odpad zo záhrad", "kat": "20 02 01"}, {"kod": "skolsky_kuchynsky_odpad", "nazov": "Kuchynský odpad zo školských jedální", "kat": "20 01 08"}, {"kod": "zvysky_z_taniera", "nazov": "Zvyšky z taniera", "kat": "20 01 08"}]}}, {"type": "Feature", "geometry": {"type": "Point", "coordinates": [17.283333, 48.766667]}, "properties": {"ico": "37843061", "nazov": "Materská škola, Radošovce 13", "obec": "Radošovce", "okres": "Skalica", "kraj": "Trnavský", "typ": "skola_materska", "typ_nazov": "Materská škola", "sektor": "Gastro a stravovacie zariadenia", "presnost": "obec", "t_rok": 1.54, "odpady": [{"kod": "bro_zahrady", "nazov": "Biologicky rozložiteľný odpad zo záhrad", "kat": "20 02 01"}, {"kod": "skolsky_kuchynsky_odpad", "nazov": "Kuchynský odpad zo školských jedální", "kat": "20 01 08"}, {"kod": "zvysky_z_taniera", "nazov": "Zvyšky z taniera", "kat": "20 01 08"}]}}, {"type": "Feature", "geometry": {"type": "Point", "coordinates": [17.723876, 48.619531]}, "properties": {"ico": "37844016", "nazov": "Materská škola, Sídlisko 9. mája 322, Vrbové", "obec": "Vrbové", "okres": "Piešťany", "kraj": "Trnavský", "typ": "skola_materska", "typ_nazov": "Materská škola", "sektor": "Gastro a stravovacie zariadenia", "presnost": "obec", "t_rok": 1.54, "odpady": [{"kod": "bro_zahrady", "nazov": "Biologicky rozložiteľný odpad zo záhrad", "kat": "20 02 01"}, {"kod": "skolsky_kuchynsky_odpad", "nazov": "Kuchynský odpad zo školských jedální", "kat": "20 01 08"}, {"kod": "zvysky_z_taniera", "nazov": "Zvyšky z taniera", "kat": "20 01 08"}]}}, {"type": "Feature", "geometry": {"type": "Point", "coordinates": [17.57621, 48.162887]}, "properties": {"ico": "37847481", "nazov": "Školská jedáleň, Štefana Majora 1444/83, Veľké Úľany", "obec": "Veľké Úľany", "okres": "Galanta", "kraj": "Trnavský", "typ": "skolska_jedalen", "typ_nazov": "Školská jedáleň", "sektor": "Gastro a stravovacie zariadenia", "presnost": "obec", "t_rok": 2.36, "odpady": [{"kod": "skolsky_kuchynsky_odpad", "nazov": "Kuchynský odpad zo školských jedální", "kat": "20 01 08"}, {"kod": "zvysky_z_taniera", "nazov": "Zvyšky z taniera", "kat": "20 01 08"}, {"kod": "gastro_fritovaci_olej", "nazov": "Použitý fritovací olej z gastroprevádzok", "kat": "20 01 25"}]}}, {"type": "Feature", "geometry": {"type": "Point", "coordinates": [17.433109, 48.106207]}, "properties": {"ico": "37851888", "nazov": "Základná škola s materskou školou Józsefa Bódisa s VJM, Čenkovce 95", "obec": "Čenkovce", "okres": "Dunajská Streda", "kraj": "Trnavský", "typ": "skola_zakladna", "typ_nazov": "Základná škola", "sektor": "Gastro a stravovacie zariadenia", "presnost": "obec", "t_rok": 1.77, "odpady": [{"kod": "bro_zahrady", "nazov": "Biologicky rozložiteľný odpad zo záhrad", "kat": "20 02 01"}, {"kod": "skolsky_kuchynsky_odpad", "nazov": "Kuchynský odpad zo školských jedální", "kat": "20 01 08"}, {"kod": "zvysky_z_taniera", "nazov": "Zvyšky z taniera", "kat": "20 01 08"}, {"kod": "gastro_kavova_sedlina", "nazov": "Kávová sedlina z gastroprevádzok", "kat": "20 01 08"}]}}, {"type": "Feature", "geometry": {"type": "Point", "coordinates": [18.11335, 48.489267]}, "properties": {"ico": "37855735", "nazov": "Materská škola, Dvorany nad Nitrou 22", "obec": "Dvorany nad Nitrou", "okres": "Topoľčany", "kraj": "Nitriansky", "typ": "skola_materska", "typ_nazov": "Materská škola", "sektor": "Gastro a stravovacie zariadenia", "presnost": "obec", "t_rok": 1.54, "odpady": [{"kod": "bro_zahrady", "nazov": "Biologicky rozložiteľný odpad zo záhrad", "kat": "20 02 01"}, {"kod": "skolsky_kuchynsky_odpad", "nazov": "Kuchynský odpad zo školských jedální", "kat": "20 01 08"}, {"kod": "zvysky_z_taniera", "nazov": "Zvyšky z taniera", "kat": "20 01 08"}]}}, {"type": "Feature", "geometry": {"type": "Point", "coordinates": [18.71486, 47.797831]}, "properties": {"ico": "37861077", "nazov": "Školská jedáleň, Adyho 4, Štúrovo", "obec": "Štúrovo", "okres": "Nové Zámky", "kraj": "Nitriansky", "typ": "skolska_jedalen", "typ_nazov": "Školská jedáleň", "sektor": "Gastro a stravovacie zariadenia", "presnost": "obec", "t_rok": 2.36, "odpady": [{"kod": "skolsky_kuchynsky_odpad", "nazov": "Kuchynský odpad zo školských jedální", "kat": "20 01 08"}, {"kod": "zvysky_z_taniera", "nazov": "Zvyšky z taniera", "kat": "20 01 08"}, {"kod": "gastro_fritovaci_olej", "nazov": "Použitý fritovací olej z gastroprevádzok", "kat": "20 01 25"}]}}, {"type": "Feature", "geometry": {"type": "Point", "coordinates": [17.876502, 48.150995]}, "properties": {"ico": "37863606", "nazov": "Materská škola, Družstevná 22, Šaľa", "obec": "Šaľa", "okres": "Šaľa", "kraj": "Nitriansky", "typ": "skola_materska", "typ_nazov": "Materská škola", "sektor": "Gastro a stravovacie zariadenia", "presnost": "obec", "t_rok": 1.54, "odpady": [{"kod": "bro_zahrady", "nazov": "Biologicky rozložiteľný odpad zo záhrad", "kat": "20 02 01"}, {"kod": "skolsky_kuchynsky_odpad", "nazov": "Kuchynský odpad zo školských jedální", "kat": "20 01 08"}, {"kod": "zvysky_z_taniera", "nazov": "Zvyšky z taniera", "kat": "20 01 08"}]}}, {"type": "Feature", "geometry": {"type": "Point", "coordinates": [18.252347, 48.08008]}, "properties": {"ico": "37863894", "nazov": "Základná škola s materskou školou Juraja Holčeka, Dolný Ohaj", "obec": "Dolný Ohaj", "okres": "Nové Zámky", "kraj": "Nitriansky", "typ": "skola_zakladna", "typ_nazov": "Základná škola", "sektor": "Gastro a stravovacie zariadenia", "presnost": "obec", "t_rok": 1.77, "odpady": [{"kod": "bro_zahrady", "nazov": "Biologicky rozložiteľný odpad zo záhrad", "kat": "20 02 01"}, {"kod": "skolsky_kuchynsky_odpad", "nazov": "Kuchynský odpad zo školských jedální", "kat": "20 01 08"}, {"kod": "zvysky_z_taniera", "nazov": "Zvyšky z taniera", "kat": "20 01 08"}, {"kod": "gastro_kavova_sedlina", "nazov": "Kávová sedlina z gastroprevádzok", "kat": "20 01 08"}]}}, {"type": "Feature", "geometry": {"type": "Point", "coordinates": [18.186834, 48.086106]}, "properties": {"ico": "37864122", "nazov": "Materská škola, MDŽ 26, Šurany", "obec": "Šurany", "okres": "Nové Zámky", "kraj": "Nitriansky", "typ": "skola_materska", "typ_nazov": "Materská škola", "sektor": "Gastro a stravovacie zariadenia", "presnost": "obec", "t_rok": 1.54, "odpady": [{"kod": "bro_zahrady", "nazov": "Biologicky rozložiteľný odpad zo záhrad", "kat": "20 02 01"}, {"kod": "skolsky_kuchynsky_odpad", "nazov": "Kuchynský odpad zo školských jedální", "kat": "20 01 08"}, {"kod": "zvysky_z_taniera", "nazov": "Zvyšky z taniera", "kat": "20 01 08"}]}}, {"type": "Feature", "geometry": {"type": "Point", "coordinates": [18.028264, 48.128462]}, "properties": {"ico": "37866672", "nazov": "Základná škola s materskou školou, Dolný Jatov 189", "obec": "Jatov", "okres": "Nové Zámky", "kraj": "Nitriansky", "typ": "skola_zakladna", "typ_nazov": "Základná škola", "sektor": "Gastro a stravovacie zariadenia", "presnost": "obec", "t_rok": 1.77, "odpady": [{"kod": "bro_zahrady", "nazov": "Biologicky rozložiteľný odpad zo záhrad", "kat": "20 02 01"}, {"kod": "skolsky_kuchynsky_odpad", "nazov": "Kuchynský odpad zo školských jedální", "kat": "20 01 08"}, {"kod": "zvysky_z_taniera", "nazov": "Zvyšky z taniera", "kat": "20 01 08"}, {"kod": "gastro_kavova_sedlina", "nazov": "Kávová sedlina z gastroprevádzok", "kat": "20 01 08"}]}}, {"type": "Feature", "geometry": {"type": "Point", "coordinates": [21.27554, 49.292999]}, "properties": {"ico": "37874004", "nazov": "Základná škola s materskou školou, Pod papierňou 16A, Bardejov", "obec": "Bardejov", "okres": "Bardejov", "kraj": "Prešovský", "typ": "skola_zakladna", "typ_nazov": "Základná škola", "sektor": "Gastro a stravovacie zariadenia", "presnost": "obec", "t_rok": 1.77, "odpady": [{"kod": "bro_zahrady", "nazov": "Biologicky rozložiteľný odpad zo záhrad", "kat": "20 02 01"}, {"kod": "skolsky_kuchynsky_odpad", "nazov": "Kuchynský odpad zo školských jedální", "kat": "20 01 08"}, {"kod": "zvysky_z_taniera", "nazov": "Zvyšky z taniera", "kat": "20 01 08"}, {"kod": "gastro_kavova_sedlina", "nazov": "Kávová sedlina z gastroprevádzok", "kat": "20 01 08"}]}}, {"type": "Feature", "geometry": {"type": "Point", "coordinates": [21.27554, 49.292999]}, "properties": {"ico": "37874021", "nazov": "Základná škola, Wolkerova 10, Bardejov", "obec": "Bardejov", "okres": "Bardejov", "kraj": "Prešovský", "typ": "skola_zakladna", "typ_nazov": "Základná škola", "sektor": "Gastro a stravovacie zariadenia", "presnost": "obec", "t_rok": 1.77, "odpady": [{"kod": "bro_zahrady", "nazov": "Biologicky rozložiteľný odpad zo záhrad", "kat": "20 02 01"}, {"kod": "skolsky_kuchynsky_odpad", "nazov": "Kuchynský odpad zo školských jedální", "kat": "20 01 08"}, {"kod": "zvysky_z_taniera", "nazov": "Zvyšky z taniera", "kat": "20 01 08"}, {"kod": "gastro_kavova_sedlina", "nazov": "Kávová sedlina z gastroprevádzok", "kat": "20 01 08"}]}}, {"type": "Feature", "geometry": {"type": "Point", "coordinates": [20.346897, 49.331411]}, "properties": {"ico": "37874217", "nazov": "Základná škola s materskou školou, Spišské Hanušovce 66", "obec": "Spišské Hanušovce", "okres": "Kežmarok", "kraj": "Prešovský", "typ": "skola_zakladna", "typ_nazov": "Základná škola", "sektor": "Gastro a stravovacie zariadenia", "presnost": "obec", "t_rok": 1.77, "odpady": [{"kod": "bro_zahrady", "nazov": "Biologicky rozložiteľný odpad zo záhrad", "kat": "20 02 01"}, {"kod": "skolsky_kuchynsky_odpad", "nazov": "Kuchynský odpad zo školských jedální", "kat": "20 01 08"}, {"kod": "zvysky_z_taniera", "nazov": "Zvyšky z taniera", "kat": "20 01 08"}, {"kod": "gastro_kavova_sedlina", "nazov": "Kávová sedlina z gastroprevádzok", "kat": "20 01 08"}]}}, {"type": "Feature", "geometry": {"type": "Point", "coordinates": [20.378184, 49.117868]}, "properties": {"ico": "37874314", "nazov": "Materská škola, Školská 231/2, Huncovce", "obec": "Huncovce", "okres": "Kežmarok", "kraj": "Prešovský", "typ": "skola_materska", "typ_nazov": "Materská škola", "sektor": "Gastro a stravovacie zariadenia", "presnost": "obec", "t_rok": 1.54, "odpady": [{"kod": "bro_zahrady", "nazov": "Biologicky rozložiteľný odpad zo záhrad", "kat": "20 02 01"}, {"kod": "skolsky_kuchynsky_odpad", "nazov": "Kuchynský odpad zo školských jedální", "kat": "20 01 08"}, {"kod": "zvysky_z_taniera", "nazov": "Zvyšky z taniera", "kat": "20 01 08"}]}}, {"type": "Feature", "geometry": {"type": "Point", "coordinates": [20.154403, 48.992835]}, "properties": {"ico": "37876457", "nazov": "Základná škola s materskou školou, Školská 42/22, Vikartovce", "obec": "Vikartovce", "okres": "Poprad", "kraj": "Prešovský", "typ": "skola_zakladna", "typ_nazov": "Základná škola", "sektor": "Gastro a stravovacie zariadenia", "presnost": "obec", "t_rok": 1.77, "odpady": [{"kod": "bro_zahrady", "nazov": "Biologicky rozložiteľný odpad zo záhrad", "kat": "20 02 01"}, {"kod": "skolsky_kuchynsky_odpad", "nazov": "Kuchynský odpad zo školských jedální", "kat": "20 01 08"}, {"kod": "zvysky_z_taniera", "nazov": "Zvyšky z taniera", "kat": "20 01 08"}, {"kod": "gastro_kavova_sedlina", "nazov": "Kávová sedlina z gastroprevádzok", "kat": "20 01 08"}]}}, {"type": "Feature", "geometry": {"type": "Point", "coordinates": [22.155625, 48.990062]}, "properties": {"ico": "37876643", "nazov": "Materská škola, Duk. hrdinov 2078/13, Snina", "obec": "Snina", "okres": "Snina", "kraj": "Prešovský", "typ": "skola_materska", "typ_nazov": "Materská škola", "sektor": "Gastro a stravovacie zariadenia", "presnost": "obec", "t_rok": 1.54, "odpady": [{"kod": "bro_zahrady", "nazov": "Biologicky rozložiteľný odpad zo záhrad", "kat": "20 02 01"}, {"kod": "skolsky_kuchynsky_odpad", "nazov": "Kuchynský odpad zo školských jedální", "kat": "20 01 08"}, {"kod": "zvysky_z_taniera", "nazov": "Zvyšky z taniera", "kat": "20 01 08"}]}}, {"type": "Feature", "geometry": {"type": "Point", "coordinates": [20.29764, 49.054152]}, "properties": {"ico": "37876899", "nazov": "Spojená škola, Letná ulica 3453/34, Poprad", "obec": "Poprad", "okres": "Poprad", "kraj": "Prešovský", "typ": "skola_stredna", "typ_nazov": "Stredná škola", "sektor": "Gastro a stravovacie zariadenia", "presnost": "obec", "t_rok": 1.56, "odpady": [{"kod": "bro_zahrady", "nazov": "Biologicky rozložiteľný odpad zo záhrad", "kat": "20 02 01"}, {"kod": "skolsky_kuchynsky_odpad", "nazov": "Kuchynský odpad zo školských jedální", "kat": "20 01 08"}, {"kod": "zvysky_z_taniera", "nazov": "Zvyšky z taniera", "kat": "20 01 08"}, {"kod": "gastro_fritovaci_olej", "nazov": "Použitý fritovací olej z gastroprevádzok", "kat": "20 01 25"}]}}, {"type": "Feature", "geometry": {"type": "Point", "coordinates": [21.252273, 49.000411]}, "properties": {"ico": "37880080", "nazov": "Stredná odborná škola služieb, Košická 20, Prešov", "obec": "Prešov", "okres": "Prešov", "kraj": "Prešovský", "typ": "skola_stredna", "typ_nazov": "Stredná škola", "sektor": "Gastro a stravovacie zariadenia", "presnost": "obec", "t_rok": 1.56, "odpady": [{"kod": "bro_zahrady", "nazov": "Biologicky rozložiteľný odpad zo záhrad", "kat": "20 02 01"}, {"kod": "skolsky_kuchynsky_odpad", "nazov": "Kuchynský odpad zo školských jedální", "kat": "20 01 08"}, {"kod": "zvysky_z_taniera", "nazov": "Zvyšky z taniera", "kat": "20 01 08"}, {"kod": "gastro_fritovaci_olej", "nazov": "Použitý fritovací olej z gastroprevádzok", "kat": "20 01 25"}]}}, {"type": "Feature", "geometry": {"type": "Point", "coordinates": [21.35, 49.383333]}, "properties": {"ico": "37883658", "nazov": "Základná škola s materskou školou, Smilno 205", "obec": "Smilno", "okres": "Bardejov", "kraj": "Prešovský", "typ": "skola_zakladna", "typ_nazov": "Základná škola", "sektor": "Gastro a stravovacie zariadenia", "presnost": "obec", "t_rok": 1.77, "odpady": [{"kod": "bro_zahrady", "nazov": "Biologicky rozložiteľný odpad zo záhrad", "kat": "20 02 01"}, {"kod": "skolsky_kuchynsky_odpad", "nazov": "Kuchynský odpad zo školských jedální", "kat": "20 01 08"}, {"kod": "zvysky_z_taniera", "nazov": "Zvyšky z taniera", "kat": "20 01 08"}, {"kod": "gastro_kavova_sedlina", "nazov": "Kávová sedlina z gastroprevádzok", "kat": "20 01 08"}]}}, {"type": "Feature", "geometry": {"type": "Point", "coordinates": [20.430447, 49.136318]}, "properties": {"ico": "37886436", "nazov": "Nemocnica Dr. Vojtecha Alexandra v Kežmarku n.o.", "obec": "Kežmarok", "okres": "Kežmarok", "kraj": "Prešovský", "typ": "nemocnica", "typ_nazov": "Nemocnica", "sektor": "Gastro a stravovacie zariadenia", "presnost": "obec", "t_rok": 26.86, "odpady": [{"kod": "zvysky_z_taniera", "nazov": "Zvyšky z taniera", "kat": "20 01 08"}, {"kod": "nemocnicny_kuchynsky_odpad", "nazov": "Kuchynský odpad zo zdravotníckych a sociálnych zariadení", "kat": "20 01 08"}, {"kod": "gastro_fritovaci_olej", "nazov": "Použitý fritovací olej z gastroprevádzok", "kat": "20 01 25"}]}}, {"type": "Feature", "geometry": {"type": "Point", "coordinates": [20.687317, 49.297258]}, "properties": {"ico": "37886851", "nazov": "Ľubovnianska nemocnica, n.o.", "obec": "Stará Ľubovňa", "okres": "Stará Ľubovňa", "kraj": "Prešovský", "typ": "nemocnica", "typ_nazov": "Nemocnica", "sektor": "Gastro a stravovacie zariadenia", "presnost": "obec", "t_rok": 26.86, "odpady": [{"kod": "zvysky_z_taniera", "nazov": "Zvyšky z taniera", "kat": "20 01 08"}, {"kod": "nemocnicny_kuchynsky_odpad", "nazov": "Kuchynský odpad zo zdravotníckych a sociálnych zariadení", "kat": "20 01 08"}, {"kod": "gastro_fritovaci_olej", "nazov": "Použitý fritovací olej z gastroprevádzok", "kat": "20 01 25"}]}}, {"type": "Feature", "geometry": {"type": "Point", "coordinates": [21.252273, 49.000411]}, "properties": {"ico": "37886908", "nazov": "Súkromná školská jedáleň, n. o. Prešov", "obec": "Prešov", "okres": "Prešov", "kraj": "Prešovský", "typ": "skolska_jedalen", "typ_nazov": "Školská jedáleň", "sektor": "Gastro a stravovacie zariadenia", "presnost": "obec", "t_rok": 2.36, "odpady": [{"kod": "skolsky_kuchynsky_odpad", "nazov": "Kuchynský odpad zo školských jedální", "kat": "20 01 08"}, {"kod": "zvysky_z_taniera", "nazov": "Zvyšky z taniera", "kat": "20 01 08"}, {"kod": "gastro_fritovaci_olej", "nazov": "Použitý fritovací olej z gastroprevádzok", "kat": "20 01 25"}]}}, {"type": "Feature", "geometry": {"type": "Point", "coordinates": [20.196529, 49.058236]}, "properties": {"ico": "37887947", "nazov": "Charitatívno-diakonický domov sociálnych služieb, n.o.", "obec": "Svit", "okres": "Poprad", "kraj": "Prešovský", "typ": "socialne_zariadenie", "typ_nazov": "Zariadenie sociálnych služieb", "sektor": "Gastro a stravovacie zariadenia", "presnost": "obec", "t_rok": 0, "odpady": [{"kod": "bro_zahrady", "nazov": "Biologicky rozložiteľný odpad zo záhrad", "kat": "20 02 01"}, {"kod": "zvysky_z_taniera", "nazov": "Zvyšky z taniera", "kat": "20 01 08"}, {"kod": "nemocnicny_kuchynsky_odpad", "nazov": "Kuchynský odpad zo zdravotníckych a sociálnych zariadení", "kat": "20 01 08"}]}}, {"type": "Feature", "geometry": {"type": "Point", "coordinates": [18.676346, 49.168923]}, "properties": {"ico": "37903152", "nazov": "Materská škola, Lietava 368", "obec": "Lietava", "okres": "Žilina", "kraj": "Žilinský", "typ": "skola_materska", "typ_nazov": "Materská škola", "sektor": "Gastro a stravovacie zariadenia", "presnost": "obec", "t_rok": 1.54, "odpady": [{"kod": "bro_zahrady", "nazov": "Biologicky rozložiteľný odpad zo záhrad", "kat": "20 02 01"}, {"kod": "skolsky_kuchynsky_odpad", "nazov": "Kuchynský odpad zo školských jedální", "kat": "20 01 08"}, {"kod": "zvysky_z_taniera", "nazov": "Zvyšky z taniera", "kat": "20 01 08"}]}}, {"type": "Feature", "geometry": {"type": "Point", "coordinates": [18.767884, 49.387301]}, "properties": {"ico": "37904591", "nazov": "Materská škola, Svrčinovec 856", "obec": "Svrčinovec", "okres": "Čadca", "kraj": "Žilinský", "typ": "skola_materska", "typ_nazov": "Materská škola", "sektor": "Gastro a stravovacie zariadenia", "presnost": "okres", "t_rok": 1.54, "odpady": [{"kod": "bro_zahrady", "nazov": "Biologicky rozložiteľný odpad zo záhrad", "kat": "20 02 01"}, {"kod": "skolsky_kuchynsky_odpad", "nazov": "Kuchynský odpad zo školských jedální", "kat": "20 01 08"}, {"kod": "zvysky_z_taniera", "nazov": "Zvyšky z taniera", "kat": "20 01 08"}]}}, {"type": "Feature", "geometry": {"type": "Point", "coordinates": [18.739498, 49.223464]}, "properties": {"ico": "37904957", "nazov": "Materská škola, Čajakova 4A, Žilina", "obec": "Žilina", "okres": "Žilina", "kraj": "Žilinský", "typ": "skola_materska", "typ_nazov": "Materská škola", "sektor": "Gastro a stravovacie zariadenia", "presnost": "obec", "t_rok": 1.54, "odpady": [{"kod": "bro_zahrady", "nazov": "Biologicky rozložiteľný odpad zo záhrad", "kat": "20 02 01"}, {"kod": "skolsky_kuchynsky_odpad", "nazov": "Kuchynský odpad zo školských jedální", "kat": "20 01 08"}, {"kod": "zvysky_z_taniera", "nazov": "Zvyšky z taniera", "kat": "20 01 08"}]}}, {"type": "Feature", "geometry": {"type": "Point", "coordinates": [19.65, 49.116667]}, "properties": {"ico": "37904990", "nazov": "Materská škola, Smrečany 117", "obec": "Smrečany", "okres": "Liptovský Mikuláš", "kraj": "Žilinský", "typ": "skola_materska", "typ_nazov": "Materská škola", "sektor": "Gastro a stravovacie zariadenia", "presnost": "obec", "t_rok": 1.54, "odpady": [{"kod": "bro_zahrady", "nazov": "Biologicky rozložiteľný odpad zo záhrad", "kat": "20 02 01"}, {"kod": "skolsky_kuchynsky_odpad", "nazov": "Kuchynský odpad zo školských jedální", "kat": "20 01 08"}, {"kod": "zvysky_z_taniera", "nazov": "Zvyšky z taniera", "kat": "20 01 08"}]}}, {"type": "Feature", "geometry": {"type": "Point", "coordinates": [18.739498, 49.223464]}, "properties": {"ico": "37905074", "nazov": "Materská škola, Stavbárska 4, Žilina", "obec": "Žilina", "okres": "Žilina", "kraj": "Žilinský", "typ": "skola_materska", "typ_nazov": "Materská škola", "sektor": "Gastro a stravovacie zariadenia", "presnost": "obec", "t_rok": 1.54, "odpady": [{"kod": "bro_zahrady", "nazov": "Biologicky rozložiteľný odpad zo záhrad", "kat": "20 02 01"}, {"kod": "skolsky_kuchynsky_odpad", "nazov": "Kuchynský odpad zo školských jedální", "kat": "20 01 08"}, {"kod": "zvysky_z_taniera", "nazov": "Zvyšky z taniera", "kat": "20 01 08"}]}}, {"type": "Feature", "geometry": {"type": "Point", "coordinates": [18.783333, 49.35]}, "properties": {"ico": "37906089", "nazov": "Materská škola, Ochodnica 355", "obec": "Ochodnica", "okres": "Kysucké Nové Mesto", "kraj": "Žilinský", "typ": "skola_materska", "typ_nazov": "Materská škola", "sektor": "Gastro a stravovacie zariadenia", "presnost": "obec", "t_rok": 1.54, "odpady": [{"kod": "bro_zahrady", "nazov": "Biologicky rozložiteľný odpad zo záhrad", "kat": "20 02 01"}, {"kod": "skolsky_kuchynsky_odpad", "nazov": "Kuchynský odpad zo školských jedální", "kat": "20 01 08"}, {"kod": "zvysky_z_taniera", "nazov": "Zvyšky z taniera", "kat": "20 01 08"}]}}, {"type": "Feature", "geometry": {"type": "Point", "coordinates": [18.739498, 49.223464]}, "properties": {"ico": "37909533", "nazov": "Spojená škola Kráľovnej pokoja, Na Závaží 2, Žilina", "obec": "Žilina", "okres": "Žilina", "kraj": "Žilinský", "typ": "skola_stredna", "typ_nazov": "Stredná škola", "sektor": "Gastro a stravovacie zariadenia", "presnost": "obec", "t_rok": 1.56, "odpady": [{"kod": "bro_zahrady", "nazov": "Biologicky rozložiteľný odpad zo záhrad", "kat": "20 02 01"}, {"kod": "skolsky_kuchynsky_odpad", "nazov": "Kuchynský odpad zo školských jedální", "kat": "20 01 08"}, {"kod": "zvysky_z_taniera", "nazov": "Zvyšky z taniera", "kat": "20 01 08"}, {"kod": "gastro_fritovaci_olej", "nazov": "Použitý fritovací olej z gastroprevádzok", "kat": "20 01 25"}]}}, {"type": "Feature", "geometry": {"type": "Point", "coordinates": [18.541, 49.414]}, "properties": {"ico": "37909631", "nazov": "Materská škola, Korňa 720", "obec": "Korňa", "okres": "Čadca", "kraj": "Žilinský", "typ": "skola_materska", "typ_nazov": "Materská škola", "sektor": "Gastro a stravovacie zariadenia", "presnost": "obec", "t_rok": 1.54, "odpady": [{"kod": "bro_zahrady", "nazov": "Biologicky rozložiteľný odpad zo záhrad", "kat": "20 02 01"}, {"kod": "skolsky_kuchynsky_odpad", "nazov": "Kuchynský odpad zo školských jedální", "kat": "20 01 08"}, {"kod": "zvysky_z_taniera", "nazov": "Zvyšky z taniera", "kat": "20 01 08"}]}}, {"type": "Feature", "geometry": {"type": "Point", "coordinates": [18.623306, 48.77104]}, "properties": {"ico": "37923617", "nazov": "SPOKOJNOSŤ - centrum sociálnych služieb, n.o.", "obec": "Prievidza", "okres": "Prievidza", "kraj": "Trenčiansky", "typ": "socialne_zariadenie", "typ_nazov": "Zariadenie sociálnych služieb", "sektor": "Gastro a stravovacie zariadenia", "presnost": "obec", "t_rok": 0, "odpady": [{"kod": "bro_zahrady", "nazov": "Biologicky rozložiteľný odpad zo záhrad", "kat": "20 02 01"}, {"kod": "zvysky_z_taniera", "nazov": "Zvyšky z taniera", "kat": "20 01 08"}, {"kod": "nemocnicny_kuchynsky_odpad", "nazov": "Kuchynský odpad zo zdravotníckych a sociálnych zariadení", "kat": "20 01 08"}]}}, {"type": "Feature", "geometry": {"type": "Point", "coordinates": [21.27554, 49.292999]}, "properties": {"ico": "37939076", "nazov": "Súkromné gymnázium DSA", "obec": "Bardejov", "okres": "Bardejov", "kraj": "Prešovský", "typ": "skola_stredna", "typ_nazov": "Stredná škola", "sektor": "Gastro a stravovacie zariadenia", "presnost": "obec", "t_rok": 1.56, "odpady": [{"kod": "bro_zahrady", "nazov": "Biologicky rozložiteľný odpad zo záhrad", "kat": "20 02 01"}, {"kod": "skolsky_kuchynsky_odpad", "nazov": "Kuchynský odpad zo školských jedální", "kat": "20 01 08"}, {"kod": "zvysky_z_taniera", "nazov": "Zvyšky z taniera", "kat": "20 01 08"}, {"kod": "gastro_fritovaci_olej", "nazov": "Použitý fritovací olej z gastroprevádzok", "kat": "20 01 25"}]}}, {"type": "Feature", "geometry": {"type": "Point", "coordinates": [21.90314, 48.934603]}, "properties": {"ico": "37942484", "nazov": "Stredná odborná škola technická, Družstevná 1474/19, Humenné", "obec": "Humenné", "okres": "Humenné", "kraj": "Prešovský", "typ": "skola_stredna", "typ_nazov": "Stredná škola", "sektor": "Gastro a stravovacie zariadenia", "presnost": "obec", "t_rok": 1.56, "odpady": [{"kod": "bro_zahrady", "nazov": "Biologicky rozložiteľný odpad zo záhrad", "kat": "20 02 01"}, {"kod": "skolsky_kuchynsky_odpad", "nazov": "Kuchynský odpad zo školských jedální", "kat": "20 01 08"}, {"kod": "zvysky_z_taniera", "nazov": "Zvyšky z taniera", "kat": "20 01 08"}, {"kod": "gastro_fritovaci_olej", "nazov": "Použitý fritovací olej z gastroprevádzok", "kat": "20 01 25"}]}}, {"type": "Feature", "geometry": {"type": "Point", "coordinates": [20.29764, 49.054152]}, "properties": {"ico": "37942743", "nazov": "Spojená škola sv. Jána Pavla II., Dlhé hony 3522/2, Poprad", "obec": "Poprad", "okres": "Poprad", "kraj": "Prešovský", "typ": "skola_stredna", "typ_nazov": "Stredná škola", "sektor": "Gastro a stravovacie zariadenia", "presnost": "obec", "t_rok": 1.56, "odpady": [{"kod": "bro_zahrady", "nazov": "Biologicky rozložiteľný odpad zo záhrad", "kat": "20 02 01"}, {"kod": "skolsky_kuchynsky_odpad", "nazov": "Kuchynský odpad zo školských jedální", "kat": "20 01 08"}, {"kod": "zvysky_z_taniera", "nazov": "Zvyšky z taniera", "kat": "20 01 08"}, {"kod": "gastro_fritovaci_olej", "nazov": "Použitý fritovací olej z gastroprevádzok", "kat": "20 01 25"}]}}, {"type": "Feature", "geometry": {"type": "Point", "coordinates": [20.196529, 49.058236]}, "properties": {"ico": "37947541", "nazov": "Stredná odborná škola polytechnická Jána Antonína Baťu, Svit", "obec": "Svit", "okres": "Poprad", "kraj": "Prešovský", "typ": "skola_stredna", "typ_nazov": "Stredná škola", "sektor": "Gastro a stravovacie zariadenia", "presnost": "obec", "t_rok": 1.56, "odpady": [{"kod": "bro_zahrady", "nazov": "Biologicky rozložiteľný odpad zo záhrad", "kat": "20 02 01"}, {"kod": "skolsky_kuchynsky_odpad", "nazov": "Kuchynský odpad zo školských jedální", "kat": "20 01 08"}, {"kod": "zvysky_z_taniera", "nazov": "Zvyšky z taniera", "kat": "20 01 08"}, {"kod": "gastro_fritovaci_olej", "nazov": "Použitý fritovací olej z gastroprevádzok", "kat": "20 01 25"}]}}, {"type": "Feature", "geometry": {"type": "Point", "coordinates": [21.90314, 48.934603]}, "properties": {"ico": "37947958", "nazov": "Materská škola, Partizánska 22, Humenné", "obec": "Humenné", "okres": "Humenné", "kraj": "Prešovský", "typ": "skola_materska", "typ_nazov": "Materská škola", "sektor": "Gastro a stravovacie zariadenia", "presnost": "obec", "t_rok": 1.54, "odpady": [{"kod": "bro_zahrady", "nazov": "Biologicky rozložiteľný odpad zo záhrad", "kat": "20 02 01"}, {"kod": "skolsky_kuchynsky_odpad", "nazov": "Kuchynský odpad zo školských jedální", "kat": "20 01 08"}, {"kod": "zvysky_z_taniera", "nazov": "Zvyšky z taniera", "kat": "20 01 08"}]}}, {"type": "Feature", "geometry": {"type": "Point", "coordinates": [20.016302, 48.383832]}, "properties": {"ico": "37950410", "nazov": "Cirkevná školská jedáleň, Daxnerova ul. 42, Rimavská Sobota", "obec": "Rimavská Sobota", "okres": "Rimavská Sobota", "kraj": "Banskobystrický", "typ": "skolska_jedalen", "typ_nazov": "Školská jedáleň", "sektor": "Gastro a stravovacie zariadenia", "presnost": "obec", "t_rok": 2.36, "odpady": [{"kod": "skolsky_kuchynsky_odpad", "nazov": "Kuchynský odpad zo školských jedální", "kat": "20 01 08"}, {"kod": "zvysky_z_taniera", "nazov": "Zvyšky z taniera", "kat": "20 01 08"}, {"kod": "gastro_fritovaci_olej", "nazov": "Použitý fritovací olej z gastroprevádzok", "kat": "20 01 25"}]}}, {"type": "Feature", "geometry": {"type": "Point", "coordinates": [18.739498, 49.223464]}, "properties": {"ico": "37954431", "nazov": "Jedáleň 21. storočia, n.o.", "obec": "Žilina", "okres": "Žilina", "kraj": "Žilinský", "typ": "jedalen_zavodna", "typ_nazov": "Závodná a verejná jedáleň", "sektor": "Gastro a stravovacie zariadenia", "presnost": "obec", "t_rok": 0, "odpady": [{"kod": "tuky_odlucovace", "nazov": "Tuky z odlučovačov", "kat": "19 08 09"}, {"kod": "zvysky_z_taniera", "nazov": "Zvyšky z taniera", "kat": "20 01 08"}, {"kod": "gastro_kuchynsky_odpad", "nazov": "Kuchynský odpad z reštaurácií a hotelov", "kat": "20 01 08"}, {"kod": "gastro_fritovaci_olej", "nazov": "Použitý fritovací olej z gastroprevádzok", "kat": "20 01 25"}]}}, {"type": "Feature", "geometry": {"type": "Point", "coordinates": [19.664144, 48.330282]}, "properties": {"ico": "37954571", "nazov": "Všeobecná nemocnica s poliklinikou Lučenec n.o.", "obec": "Lučenec", "okres": "Lučenec", "kraj": "Banskobystrický", "typ": "nemocnica", "typ_nazov": "Nemocnica", "sektor": "Gastro a stravovacie zariadenia", "presnost": "obec", "t_rok": 26.86, "odpady": [{"kod": "zvysky_z_taniera", "nazov": "Zvyšky z taniera", "kat": "20 01 08"}, {"kod": "nemocnicny_kuchynsky_odpad", "nazov": "Kuchynský odpad zo zdravotníckych a sociálnych zariadení", "kat": "20 01 08"}, {"kod": "gastro_fritovaci_olej", "nazov": "Použitý fritovací olej z gastroprevádzok", "kat": "20 01 25"}]}}, {"type": "Feature", "geometry": {"type": "Point", "coordinates": [19.128476, 48.576512]}, "properties": {"ico": "37957660", "nazov": "Materská škola, marš. Malinovského 1985/41, Zvolen", "obec": "Zvolen", "okres": "Zvolen", "kraj": "Banskobystrický", "typ": "skola_materska", "typ_nazov": "Materská škola", "sektor": "Gastro a stravovacie zariadenia", "presnost": "obec", "t_rok": 1.54, "odpady": [{"kod": "bro_zahrady", "nazov": "Biologicky rozložiteľný odpad zo záhrad", "kat": "20 02 01"}, {"kod": "skolsky_kuchynsky_odpad", "nazov": "Kuchynský odpad zo školských jedální", "kat": "20 01 08"}, {"kod": "zvysky_z_taniera", "nazov": "Zvyšky z taniera", "kat": "20 01 08"}]}}, {"type": "Feature", "geometry": {"type": "Point", "coordinates": [18.89828, 48.458093]}, "properties": {"ico": "37958470", "nazov": "Katolícka spojená škola sv. Františka Assiského, Banská Štiavnica", "obec": "Banská Štiavnica", "okres": "Banská Štiavnica", "kraj": "Banskobystrický", "typ": "skola_stredna", "typ_nazov": "Stredná škola", "sektor": "Gastro a stravovacie zariadenia", "presnost": "obec", "t_rok": 1.56, "odpady": [{"kod": "bro_zahrady", "nazov": "Biologicky rozložiteľný odpad zo záhrad", "kat": "20 02 01"}, {"kod": "skolsky_kuchynsky_odpad", "nazov": "Kuchynský odpad zo školských jedální", "kat": "20 01 08"}, {"kod": "zvysky_z_taniera", "nazov": "Zvyšky z taniera", "kat": "20 01 08"}, {"kod": "gastro_fritovaci_olej", "nazov": "Použitý fritovací olej z gastroprevádzok", "kat": "20 01 25"}]}}, {"type": "Feature", "geometry": {"type": "Point", "coordinates": [19.065196, 48.5743]}, "properties": {"ico": "37959999", "nazov": "Materská škola, Lhenická 34, Budča", "obec": "Budča", "okres": "Zvolen", "kraj": "Banskobystrický", "typ": "skola_materska", "typ_nazov": "Materská škola", "sektor": "Gastro a stravovacie zariadenia", "presnost": "obec", "t_rok": 1.54, "odpady": [{"kod": "bro_zahrady", "nazov": "Biologicky rozložiteľný odpad zo záhrad", "kat": "20 02 01"}, {"kod": "skolsky_kuchynsky_odpad", "nazov": "Kuchynský odpad zo školských jedální", "kat": "20 01 08"}, {"kod": "zvysky_z_taniera", "nazov": "Zvyšky z taniera", "kat": "20 01 08"}]}}, {"type": "Feature", "geometry": {"type": "Point", "coordinates": [18.023092, 48.245665]}, "properties": {"ico": "37961161", "nazov": "Materská škola, Farská ulica 1274/2, Cabaj-Čápor", "obec": "Cabaj-Čápor", "okres": "Nitra", "kraj": "Nitriansky", "typ": "skola_materska", "typ_nazov": "Materská škola", "sektor": "Gastro a stravovacie zariadenia", "presnost": "obec", "t_rok": 1.54, "odpady": [{"kod": "bro_zahrady", "nazov": "Biologicky rozložiteľný odpad zo záhrad", "kat": "20 02 01"}, {"kod": "skolsky_kuchynsky_odpad", "nazov": "Kuchynský odpad zo školských jedální", "kat": "20 01 08"}, {"kod": "zvysky_z_taniera", "nazov": "Zvyšky z taniera", "kat": "20 01 08"}]}}, {"type": "Feature", "geometry": {"type": "Point", "coordinates": [18.166661, 47.98334]}, "properties": {"ico": "37961284", "nazov": "Materská škola, Nám. Gy. Széchényiho 3, Nové Zámky", "obec": "Nové Zámky", "okres": "Nové Zámky", "kraj": "Nitriansky", "typ": "skola_materska", "typ_nazov": "Materská škola", "sektor": "Gastro a stravovacie zariadenia", "presnost": "obec", "t_rok": 1.54, "odpady": [{"kod": "bro_zahrady", "nazov": "Biologicky rozložiteľný odpad zo záhrad", "kat": "20 02 01"}, {"kod": "skolsky_kuchynsky_odpad", "nazov": "Kuchynský odpad zo školských jedální", "kat": "20 01 08"}, {"kod": "zvysky_z_taniera", "nazov": "Zvyšky z taniera", "kat": "20 01 08"}]}}, {"type": "Feature", "geometry": {"type": "Point", "coordinates": [18.09061, 48.31257]}, "properties": {"ico": "37971832", "nazov": "Špecializovaná nemocnica sv. Svorada Zobor, n.o.", "obec": "Nitra", "okres": "Nitra", "kraj": "Nitriansky", "typ": "nemocnica", "typ_nazov": "Nemocnica", "sektor": "Gastro a stravovacie zariadenia", "presnost": "obec", "t_rok": 26.86, "odpady": [{"kod": "zvysky_z_taniera", "nazov": "Zvyšky z taniera", "kat": "20 01 08"}, {"kod": "nemocnicny_kuchynsky_odpad", "nazov": "Kuchynský odpad zo zdravotníckych a sociálnych zariadení", "kat": "20 01 08"}, {"kod": "gastro_fritovaci_olej", "nazov": "Použitý fritovací olej z gastroprevádzok", "kat": "20 01 25"}]}}, {"type": "Feature", "geometry": {"type": "Point", "coordinates": [19.616667, 49.083333]}, "properties": {"ico": "37980513", "nazov": "Zariadenie pre seniorov a domov sociálnych služieb mesta Liptovský Mikuláš", "obec": "Liptovský Mikuláš", "okres": "Liptovský Mikuláš", "kraj": "Žilinský", "typ": "socialne_zariadenie", "typ_nazov": "Zariadenie sociálnych služieb", "sektor": "Gastro a stravovacie zariadenia", "presnost": "obec", "t_rok": 0, "odpady": [{"kod": "bro_zahrady", "nazov": "Biologicky rozložiteľný odpad zo záhrad", "kat": "20 02 01"}, {"kod": "zvysky_z_taniera", "nazov": "Zvyšky z taniera", "kat": "20 01 08"}, {"kod": "nemocnicny_kuchynsky_odpad", "nazov": "Kuchynský odpad zo zdravotníckych a sociálnych zariadení", "kat": "20 01 08"}]}}, {"type": "Feature", "geometry": {"type": "Point", "coordinates": [17.215748, 48.725737]}, "properties": {"ico": "37986261", "nazov": "Domov Barborka Unín, n.o.", "obec": "Unín", "okres": "Skalica", "kraj": "Trnavský", "typ": "socialne_zariadenie", "typ_nazov": "Zariadenie sociálnych služieb", "sektor": "Gastro a stravovacie zariadenia", "presnost": "obec", "t_rok": 0, "odpady": [{"kod": "bro_zahrady", "nazov": "Biologicky rozložiteľný odpad zo záhrad", "kat": "20 02 01"}, {"kod": "zvysky_z_taniera", "nazov": "Zvyšky z taniera", "kat": "20 01 08"}, {"kod": "nemocnicny_kuchynsky_odpad", "nazov": "Kuchynský odpad zo zdravotníckych a sociálnych zariadení", "kat": "20 01 08"}]}}, {"type": "Feature", "geometry": {"type": "Point", "coordinates": [17.20201, 48.770797]}, "properties": {"ico": "37986775", "nazov": "Štíbor - Mestské centrum sociálnych služieb n.o., Skalica", "obec": "Skalica", "okres": "Skalica", "kraj": "Trnavský", "typ": "socialne_zariadenie", "typ_nazov": "Zariadenie sociálnych služieb", "sektor": "Gastro a stravovacie zariadenia", "presnost": "okres", "t_rok": 0, "odpady": [{"kod": "bro_zahrady", "nazov": "Biologicky rozložiteľný odpad zo záhrad", "kat": "20 02 01"}, {"kod": "zvysky_z_taniera", "nazov": "Zvyšky z taniera", "kat": "20 01 08"}, {"kod": "nemocnicny_kuchynsky_odpad", "nazov": "Kuchynský odpad zo zdravotníckych a sociálnych zariadení", "kat": "20 01 08"}]}}, {"type": "Feature", "geometry": {"type": "Point", "coordinates": [17.20201, 48.770797]}, "properties": {"ico": "37986830", "nazov": "Dom seniorov Brodské, n.o.", "obec": "Brodské", "okres": "Skalica", "kraj": "Trnavský", "typ": "socialne_zariadenie", "typ_nazov": "Zariadenie sociálnych služieb", "sektor": "Gastro a stravovacie zariadenia", "presnost": "okres", "t_rok": 0, "odpady": [{"kod": "bro_zahrady", "nazov": "Biologicky rozložiteľný odpad zo záhrad", "kat": "20 02 01"}, {"kod": "zvysky_z_taniera", "nazov": "Zvyšky z taniera", "kat": "20 01 08"}, {"kod": "nemocnicny_kuchynsky_odpad", "nazov": "Kuchynský odpad zo zdravotníckych a sociálnych zariadení", "kat": "20 01 08"}]}}, {"type": "Feature", "geometry": {"type": "Point", "coordinates": [17.586718, 48.37729]}, "properties": {"ico": "37990357", "nazov": "Základná škola s materskou školou, Kornela Mahra 11, Trnava", "obec": "Trnava", "okres": "Trnava", "kraj": "Trnavský", "typ": "skola_zakladna", "typ_nazov": "Základná škola", "sektor": "Gastro a stravovacie zariadenia", "presnost": "obec", "t_rok": 1.77, "odpady": [{"kod": "bro_zahrady", "nazov": "Biologicky rozložiteľný odpad zo záhrad", "kat": "20 02 01"}, {"kod": "skolsky_kuchynsky_odpad", "nazov": "Kuchynský odpad zo školských jedální", "kat": "20 01 08"}, {"kod": "zvysky_z_taniera", "nazov": "Zvyšky z taniera", "kat": "20 01 08"}, {"kod": "gastro_kavova_sedlina", "nazov": "Kávová sedlina z gastroprevádzok", "kat": "20 01 08"}]}}, {"type": "Feature", "geometry": {"type": "Point", "coordinates": [17.166667, 48.8]}, "properties": {"ico": "37990411", "nazov": "Materská škola, Lúčky 14, Holíč", "obec": "Holíč", "okres": "Skalica", "kraj": "Trnavský", "typ": "skola_materska", "typ_nazov": "Materská škola", "sektor": "Gastro a stravovacie zariadenia", "presnost": "obec", "t_rok": 1.54, "odpady": [{"kod": "bro_zahrady", "nazov": "Biologicky rozložiteľný odpad zo záhrad", "kat": "20 02 01"}, {"kod": "skolsky_kuchynsky_odpad", "nazov": "Kuchynský odpad zo školských jedální", "kat": "20 01 08"}, {"kod": "zvysky_z_taniera", "nazov": "Zvyšky z taniera", "kat": "20 01 08"}]}}, {"type": "Feature", "geometry": {"type": "Point", "coordinates": [19.4, 49.383333]}, "properties": {"ico": "40340783", "nazov": "Miroslav Kubica MASO-UDENINY", "obec": "Breza", "okres": "Námestovo", "kraj": "Žilinský", "typ": "masovyroba", "typ_nazov": "Mäsospracovanie", "sektor": "Potravinárstvo a nápoje", "presnost": "obec", "t_rok": 0, "odpady": [{"kod": "kostny_zvysok", "nazov": "Kosti a kostné zvyšky", "kat": "02 02 02"}, {"kod": "kozne_odrezky", "nazov": "Kožné odrezky a podkožný tuk", "kat": "02 02 02"}, {"kod": "masovy_flotacny_kal", "nazov": "Flotačný kal z mäsospracovania", "kat": "02 02 04"}, {"kod": "zvp_kat3", "nazov": "Živočíšne vedľajšie produkty kategórie 3", "kat": "02 02 02"}, {"kod": "technicky_zivocisny_tuk", "nazov": "Technický živočíšny tuk", "kat": "02 02 03"}, {"kod": "masokostna_mucka", "nazov": "Mäsokostná múčka", "kat": "02 02 02"}]}}, {"type": "Feature", "geometry": {"type": "Point", "coordinates": [18.700866, 48.794864]}, "properties": {"ico": "40423298", "nazov": "Radoslav Zaťko Mäso - údeniny", "obec": "Malá Čausa", "okres": "Prievidza", "kraj": "Trenčiansky", "typ": "masovyroba", "typ_nazov": "Mäsospracovanie", "sektor": "Potravinárstvo a nápoje", "presnost": "obec", "t_rok": 0, "odpady": [{"kod": "kostny_zvysok", "nazov": "Kosti a kostné zvyšky", "kat": "02 02 02"}, {"kod": "kozne_odrezky", "nazov": "Kožné odrezky a podkožný tuk", "kat": "02 02 02"}, {"kod": "masovy_flotacny_kal", "nazov": "Flotačný kal z mäsospracovania", "kat": "02 02 04"}, {"kod": "zvp_kat3", "nazov": "Živočíšne vedľajšie produkty kategórie 3", "kat": "02 02 02"}, {"kod": "technicky_zivocisny_tuk", "nazov": "Technický živočíšny tuk", "kat": "02 02 03"}, {"kod": "masokostna_mucka", "nazov": "Mäsokostná múčka", "kat": "02 02 02"}]}}, {"type": "Feature", "geometry": {"type": "Point", "coordinates": [22.0, 48.933333]}, "properties": {"ico": "40573656", "nazov": "Mária Rebej MÄSO ÚDENINY", "obec": "Kamenica nad Cirochou", "okres": "Humenné", "kraj": "Prešovský", "typ": "masovyroba", "typ_nazov": "Mäsospracovanie", "sektor": "Potravinárstvo a nápoje", "presnost": "obec", "t_rok": 0, "odpady": [{"kod": "kostny_zvysok", "nazov": "Kosti a kostné zvyšky", "kat": "02 02 02"}, {"kod": "kozne_odrezky", "nazov": "Kožné odrezky a podkožný tuk", "kat": "02 02 02"}, {"kod": "masovy_flotacny_kal", "nazov": "Flotačný kal z mäsospracovania", "kat": "02 02 04"}, {"kod": "zvp_kat3", "nazov": "Živočíšne vedľajšie produkty kategórie 3", "kat": "02 02 02"}, {"kod": "technicky_zivocisny_tuk", "nazov": "Technický živočíšny tuk", "kat": "02 02 03"}, {"kod": "masokostna_mucka", "nazov": "Mäsokostná múčka", "kat": "02 02 02"}]}}, {"type": "Feature", "geometry": {"type": "Point", "coordinates": [17.261951, 48.481793]}, "properties": {"ico": "40641333", "nazov": "Anna Maríková - Závodná jedáleň Olšovská", "obec": "Plavecké Podhradie", "okres": "Malacky", "kraj": "Bratislavský", "typ": "jedalen_zavodna", "typ_nazov": "Závodná a verejná jedáleň", "sektor": "Gastro a stravovacie zariadenia", "presnost": "obec", "t_rok": 0, "odpady": [{"kod": "tuky_odlucovace", "nazov": "Tuky z odlučovačov", "kat": "19 08 09"}, {"kod": "zvysky_z_taniera", "nazov": "Zvyšky z taniera", "kat": "20 01 08"}, {"kod": "gastro_kuchynsky_odpad", "nazov": "Kuchynský odpad z reštaurácií a hotelov", "kat": "20 01 08"}, {"kod": "gastro_fritovaci_olej", "nazov": "Použitý fritovací olej z gastroprevádzok", "kat": "20 01 25"}]}}, {"type": "Feature", "geometry": {"type": "Point", "coordinates": [18.517993, 48.244126]}, "properties": {"ico": "40924092", "nazov": "Ladislav Balogh - Mäso-údeniny", "obec": "Nový Tekov", "okres": "Levice", "kraj": "Nitriansky", "typ": "masovyroba", "typ_nazov": "Mäsospracovanie", "sektor": "Potravinárstvo a nápoje", "presnost": "obec", "t_rok": 0, "odpady": [{"kod": "kostny_zvysok", "nazov": "Kosti a kostné zvyšky", "kat": "02 02 02"}, {"kod": "kozne_odrezky", "nazov": "Kožné odrezky a podkožný tuk", "kat": "02 02 02"}, {"kod": "masovy_flotacny_kal", "nazov": "Flotačný kal z mäsospracovania", "kat": "02 02 04"}, {"kod": "zvp_kat3", "nazov": "Živočíšne vedľajšie produkty kategórie 3", "kat": "02 02 02"}, {"kod": "technicky_zivocisny_tuk", "nazov": "Technický živočíšny tuk", "kat": "02 02 03"}, {"kod": "masokostna_mucka", "nazov": "Mäsokostná múčka", "kat": "02 02 02"}]}}, {"type": "Feature", "geometry": {"type": "Point", "coordinates": [17.445245, 48.309067]}, "properties": {"ico": "41492978", "nazov": "Viera Švorcová Jedáleň u Švorcových", "obec": "Báhoň", "okres": "Pezinok", "kraj": "Bratislavský", "typ": "jedalen_zavodna", "typ_nazov": "Závodná a verejná jedáleň", "sektor": "Gastro a stravovacie zariadenia", "presnost": "obec", "t_rok": 0, "odpady": [{"kod": "tuky_odlucovace", "nazov": "Tuky z odlučovačov", "kat": "19 08 09"}, {"kod": "zvysky_z_taniera", "nazov": "Zvyšky z taniera", "kat": "20 01 08"}, {"kod": "gastro_kuchynsky_odpad", "nazov": "Kuchynský odpad z reštaurácií a hotelov", "kat": "20 01 08"}, {"kod": "gastro_fritovaci_olej", "nazov": "Použitý fritovací olej z gastroprevádzok", "kat": "20 01 25"}]}}, {"type": "Feature", "geometry": {"type": "Point", "coordinates": [19.156869, 48.738539]}, "properties": {"ico": "41674766", "nazov": "Marta Ďuricová JEDÁLEŇ R - M", "obec": "Banská Bystrica", "okres": "Banská Bystrica", "kraj": "Banskobystrický", "typ": "jedalen_zavodna", "typ_nazov": "Závodná a verejná jedáleň", "sektor": "Gastro a stravovacie zariadenia", "presnost": "obec", "t_rok": 0, "odpady": [{"kod": "tuky_odlucovace", "nazov": "Tuky z odlučovačov", "kat": "19 08 09"}, {"kod": "zvysky_z_taniera", "nazov": "Zvyšky z taniera", "kat": "20 01 08"}, {"kod": "gastro_kuchynsky_odpad", "nazov": "Kuchynský odpad z reštaurácií a hotelov", "kat": "20 01 08"}, {"kod": "gastro_fritovaci_olej", "nazov": "Použitý fritovací olej z gastroprevádzok", "kat": "20 01 25"}]}}, {"type": "Feature", "geometry": {"type": "Point", "coordinates": [21.648767, 48.84859]}, "properties": {"ico": "41754549", "nazov": "Milan Kavecký - Reštaurácia KLEOPATRA", "obec": "Kamenná Poruba", "okres": "Vranov nad Topľou", "kraj": "Prešovský", "typ": "restauracia", "typ_nazov": "Reštaurácia", "sektor": "Gastro a stravovacie zariadenia", "presnost": "obec", "t_rok": 0, "odpady": [{"kod": "tuky_odlucovace", "nazov": "Tuky z odlučovačov", "kat": "19 08 09"}, {"kod": "zvysky_z_taniera", "nazov": "Zvyšky z taniera", "kat": "20 01 08"}, {"kod": "gastro_kuchynsky_odpad", "nazov": "Kuchynský odpad z reštaurácií a hotelov", "kat": "20 01 08"}, {"kod": "gastro_fritovaci_olej", "nazov": "Použitý fritovací olej z gastroprevádzok", "kat": "20 01 25"}, {"kod": "gastro_kavova_sedlina", "nazov": "Kávová sedlina z gastroprevádzok", "kat": "20 01 08"}]}}, {"type": "Feature", "geometry": {"type": "Point", "coordinates": [21.5, 49.033333]}, "properties": {"ico": "41934831", "nazov": "Milan Husivarga - REMIX - Mäso údeniny", "obec": "Hanušovce nad Topľou", "okres": "Vranov nad Topľou", "kraj": "Prešovský", "typ": "masovyroba", "typ_nazov": "Mäsospracovanie", "sektor": "Potravinárstvo a nápoje", "presnost": "obec", "t_rok": 0, "odpady": [{"kod": "kostny_zvysok", "nazov": "Kosti a kostné zvyšky", "kat": "02 02 02"}, {"kod": "kozne_odrezky", "nazov": "Kožné odrezky a podkožný tuk", "kat": "02 02 02"}, {"kod": "masovy_flotacny_kal", "nazov": "Flotačný kal z mäsospracovania", "kat": "02 02 04"}, {"kod": "zvp_kat3", "nazov": "Živočíšne vedľajšie produkty kategórie 3", "kat": "02 02 02"}, {"kod": "technicky_zivocisny_tuk", "nazov": "Technický živočíšny tuk", "kat": "02 02 03"}, {"kod": "masokostna_mucka", "nazov": "Mäsokostná múčka", "kat": "02 02 02"}]}}, {"type": "Feature", "geometry": {"type": "Point", "coordinates": [19.156869, 48.738539]}, "properties": {"ico": "42011701", "nazov": "Súkromné gymnázium Banskobystrické", "obec": "Banská Bystrica", "okres": "Banská Bystrica", "kraj": "Banskobystrický", "typ": "skola_stredna", "typ_nazov": "Stredná škola", "sektor": "Gastro a stravovacie zariadenia", "presnost": "obec", "t_rok": 1.56, "odpady": [{"kod": "bro_zahrady", "nazov": "Biologicky rozložiteľný odpad zo záhrad", "kat": "20 02 01"}, {"kod": "skolsky_kuchynsky_odpad", "nazov": "Kuchynský odpad zo školských jedální", "kat": "20 01 08"}, {"kod": "zvysky_z_taniera", "nazov": "Zvyšky z taniera", "kat": "20 01 08"}, {"kod": "gastro_fritovaci_olej", "nazov": "Použitý fritovací olej z gastroprevádzok", "kat": "20 01 25"}]}}, {"type": "Feature", "geometry": {"type": "Point", "coordinates": [17.830386, 48.763325]}, "properties": {"ico": "42017769", "nazov": "Centrum sociálnych služieb v Novom Meste nad Váhom", "obec": "Nové Mesto nad Váhom", "okres": "Nové Mesto nad Váhom", "kraj": "Trenčiansky", "typ": "socialne_zariadenie", "typ_nazov": "Zariadenie sociálnych služieb", "sektor": "Gastro a stravovacie zariadenia", "presnost": "obec", "t_rok": 0, "odpady": [{"kod": "bro_zahrady", "nazov": "Biologicky rozložiteľný odpad zo záhrad", "kat": "20 02 01"}, {"kod": "zvysky_z_taniera", "nazov": "Zvyšky z taniera", "kat": "20 01 08"}, {"kod": "nemocnicny_kuchynsky_odpad", "nazov": "Kuchynský odpad zo zdravotníckych a sociálnych zariadení", "kat": "20 01 08"}]}}, {"type": "Feature", "geometry": {"type": "Point", "coordinates": [18.167022, 48.957172]}, "properties": {"ico": "42026393", "nazov": "Stredná odborná škola technická, Bratislavská 439/18, Dubnica nad Váhom", "obec": "Dubnica nad Váhom", "okres": "Ilava", "kraj": "Trenčiansky", "typ": "skola_stredna", "typ_nazov": "Stredná škola", "sektor": "Gastro a stravovacie zariadenia", "presnost": "obec", "t_rok": 1.56, "odpady": [{"kod": "bro_zahrady", "nazov": "Biologicky rozložiteľný odpad zo záhrad", "kat": "20 02 01"}, {"kod": "skolsky_kuchynsky_odpad", "nazov": "Kuchynský odpad zo školských jedální", "kat": "20 01 08"}, {"kod": "zvysky_z_taniera", "nazov": "Zvyšky z taniera", "kat": "20 01 08"}, {"kod": "gastro_fritovaci_olej", "nazov": "Použitý fritovací olej z gastroprevádzok", "kat": "20 01 25"}]}}, {"type": "Feature", "geometry": {"type": "Point", "coordinates": [20.966667, 49.133333]}, "properties": {"ico": "42029503", "nazov": "Materská škola, Dubovica 48", "obec": "Dubovica", "okres": "Sabinov", "kraj": "Prešovský", "typ": "skola_materska", "typ_nazov": "Materská škola", "sektor": "Gastro a stravovacie zariadenia", "presnost": "obec", "t_rok": 1.54, "odpady": [{"kod": "bro_zahrady", "nazov": "Biologicky rozložiteľný odpad zo záhrad", "kat": "20 02 01"}, {"kod": "skolsky_kuchynsky_odpad", "nazov": "Kuchynský odpad zo školských jedální", "kat": "20 01 08"}, {"kod": "zvysky_z_taniera", "nazov": "Zvyšky z taniera", "kat": "20 01 08"}]}}, {"type": "Feature", "geometry": {"type": "Point", "coordinates": [21.27554, 49.292999]}, "properties": {"ico": "42035261", "nazov": "Spojená škola Juraja Henischa, Slovenská 5, Bardejov", "obec": "Bardejov", "okres": "Bardejov", "kraj": "Prešovský", "typ": "skola_stredna", "typ_nazov": "Stredná škola", "sektor": "Gastro a stravovacie zariadenia", "presnost": "obec", "t_rok": 1.56, "odpady": [{"kod": "bro_zahrady", "nazov": "Biologicky rozložiteľný odpad zo záhrad", "kat": "20 02 01"}, {"kod": "skolsky_kuchynsky_odpad", "nazov": "Kuchynský odpad zo školských jedální", "kat": "20 01 08"}, {"kod": "zvysky_z_taniera", "nazov": "Zvyšky z taniera", "kat": "20 01 08"}, {"kod": "gastro_fritovaci_olej", "nazov": "Použitý fritovací olej z gastroprevádzok", "kat": "20 01 25"}]}}, {"type": "Feature", "geometry": {"type": "Point", "coordinates": [18.433242, 48.41125]}, "properties": {"ico": "42052050", "nazov": "Dom seniorov Machulince, n.o.", "obec": "Machulince", "okres": "Zlaté Moravce", "kraj": "Nitriansky", "typ": "socialne_zariadenie", "typ_nazov": "Zariadenie sociálnych služieb", "sektor": "Gastro a stravovacie zariadenia", "presnost": "obec", "t_rok": 0, "odpady": [{"kod": "bro_zahrady", "nazov": "Biologicky rozložiteľný odpad zo záhrad", "kat": "20 02 01"}, {"kod": "zvysky_z_taniera", "nazov": "Zvyšky z taniera", "kat": "20 01 08"}, {"kod": "nemocnicny_kuchynsky_odpad", "nazov": "Kuchynský odpad zo zdravotníckych a sociálnych zariadení", "kat": "20 01 08"}]}}, {"type": "Feature", "geometry": {"type": "Point", "coordinates": [21.252273, 49.000411]}, "properties": {"ico": "42085438", "nazov": "Materská škola, Antona Prídavka 1, Prešov", "obec": "Prešov", "okres": "Prešov", "kraj": "Prešovský", "typ": "skola_materska", "typ_nazov": "Materská škola", "sektor": "Gastro a stravovacie zariadenia", "presnost": "obec", "t_rok": 1.54, "odpady": [{"kod": "bro_zahrady", "nazov": "Biologicky rozložiteľný odpad zo záhrad", "kat": "20 02 01"}, {"kod": "skolsky_kuchynsky_odpad", "nazov": "Kuchynský odpad zo školských jedální", "kat": "20 01 08"}, {"kod": "zvysky_z_taniera", "nazov": "Zvyšky z taniera", "kat": "20 01 08"}]}}, {"type": "Feature", "geometry": {"type": "Point", "coordinates": [21.261603, 48.91662]}, "properties": {"ico": "42085853", "nazov": "Domov sv. Dominika", "obec": "Petrovany", "okres": "Prešov", "kraj": "Prešovský", "typ": "socialne_zariadenie", "typ_nazov": "Zariadenie sociálnych služieb", "sektor": "Gastro a stravovacie zariadenia", "presnost": "obec", "t_rok": 0, "odpady": [{"kod": "bro_zahrady", "nazov": "Biologicky rozložiteľný odpad zo záhrad", "kat": "20 02 01"}, {"kod": "zvysky_z_taniera", "nazov": "Zvyšky z taniera", "kat": "20 01 08"}, {"kod": "nemocnicny_kuchynsky_odpad", "nazov": "Kuchynský odpad zo zdravotníckych a sociálnych zariadení", "kat": "20 01 08"}]}}, {"type": "Feature", "geometry": {"type": "Point", "coordinates": [20.687317, 49.297258]}, "properties": {"ico": "42089824", "nazov": "Spojená škola internátna, Levočská 24, Stará Ľubovňa", "obec": "Stará Ľubovňa", "okres": "Stará Ľubovňa", "kraj": "Prešovský", "typ": "skola_stredna", "typ_nazov": "Stredná škola", "sektor": "Gastro a stravovacie zariadenia", "presnost": "obec", "t_rok": 1.56, "odpady": [{"kod": "bro_zahrady", "nazov": "Biologicky rozložiteľný odpad zo záhrad", "kat": "20 02 01"}, {"kod": "skolsky_kuchynsky_odpad", "nazov": "Kuchynský odpad zo školských jedální", "kat": "20 01 08"}, {"kod": "zvysky_z_taniera", "nazov": "Zvyšky z taniera", "kat": "20 01 08"}, {"kod": "gastro_fritovaci_olej", "nazov": "Použitý fritovací olej z gastroprevádzok", "kat": "20 01 25"}]}}, {"type": "Feature", "geometry": {"type": "Point", "coordinates": [20.587999, 49.025112]}, "properties": {"ico": "42090598", "nazov": "Spojená škola Jána Vojtaššáka internátna, Levoča", "obec": "Levoča", "okres": "Levoča", "kraj": "Prešovský", "typ": "skola_stredna", "typ_nazov": "Stredná škola", "sektor": "Gastro a stravovacie zariadenia", "presnost": "obec", "t_rok": 1.56, "odpady": [{"kod": "bro_zahrady", "nazov": "Biologicky rozložiteľný odpad zo záhrad", "kat": "20 02 01"}, {"kod": "skolsky_kuchynsky_odpad", "nazov": "Kuchynský odpad zo školských jedální", "kat": "20 01 08"}, {"kod": "zvysky_z_taniera", "nazov": "Zvyšky z taniera", "kat": "20 01 08"}, {"kod": "gastro_fritovaci_olej", "nazov": "Použitý fritovací olej z gastroprevádzok", "kat": "20 01 25"}]}}, {"type": "Feature", "geometry": {"type": "Point", "coordinates": [22.155625, 48.990062]}, "properties": {"ico": "42092434", "nazov": "AEVITAS, n. o. - ZARIADENIE PRE SENIOROV", "obec": "Snina", "okres": "Snina", "kraj": "Prešovský", "typ": "socialne_zariadenie", "typ_nazov": "Zariadenie sociálnych služieb", "sektor": "Gastro a stravovacie zariadenia", "presnost": "obec", "t_rok": 0, "odpady": [{"kod": "bro_zahrady", "nazov": "Biologicky rozložiteľný odpad zo záhrad", "kat": "20 02 01"}, {"kod": "zvysky_z_taniera", "nazov": "Zvyšky z taniera", "kat": "20 01 08"}, {"kod": "nemocnicny_kuchynsky_odpad", "nazov": "Kuchynský odpad zo zdravotníckych a sociálnych zariadení", "kat": "20 01 08"}]}}, {"type": "Feature", "geometry": {"type": "Point", "coordinates": [20.917469, 48.927875]}, "properties": {"ico": "42102201", "nazov": "Materská škola, Richnava 260", "obec": "Richnava", "okres": "Gelnica", "kraj": "Košický", "typ": "skola_materska", "typ_nazov": "Materská škola", "sektor": "Gastro a stravovacie zariadenia", "presnost": "obec", "t_rok": 1.54, "odpady": [{"kod": "bro_zahrady", "nazov": "Biologicky rozložiteľný odpad zo záhrad", "kat": "20 02 01"}, {"kod": "skolsky_kuchynsky_odpad", "nazov": "Kuchynský odpad zo školských jedální", "kat": "20 01 08"}, {"kod": "zvysky_z_taniera", "nazov": "Zvyšky z taniera", "kat": "20 01 08"}]}}, {"type": "Feature", "geometry": {"type": "Point", "coordinates": [20.873055, 48.917127]}, "properties": {"ico": "42102553", "nazov": "Súkromná spojená škola EDURAM, Krompachy", "obec": "Krompachy", "okres": "Spišská Nová Ves", "kraj": "Košický", "typ": "skola_stredna", "typ_nazov": "Stredná škola", "sektor": "Gastro a stravovacie zariadenia", "presnost": "obec", "t_rok": 1.56, "odpady": [{"kod": "bro_zahrady", "nazov": "Biologicky rozložiteľný odpad zo záhrad", "kat": "20 02 01"}, {"kod": "skolsky_kuchynsky_odpad", "nazov": "Kuchynský odpad zo školských jedální", "kat": "20 01 08"}, {"kod": "zvysky_z_taniera", "nazov": "Zvyšky z taniera", "kat": "20 01 08"}, {"kod": "gastro_fritovaci_olej", "nazov": "Použitý fritovací olej z gastroprevádzok", "kat": "20 01 25"}]}}, {"type": "Feature", "geometry": {"type": "Point", "coordinates": [20.797352, 48.947914]}, "properties": {"ico": "42109191", "nazov": "Cirkevná spojená škola, Komenského 6, Spišské Vlachy", "obec": "Spišské Vlachy", "okres": "Spišská Nová Ves", "kraj": "Košický", "typ": "skola_stredna", "typ_nazov": "Stredná škola", "sektor": "Gastro a stravovacie zariadenia", "presnost": "obec", "t_rok": 1.56, "odpady": [{"kod": "bro_zahrady", "nazov": "Biologicky rozložiteľný odpad zo záhrad", "kat": "20 02 01"}, {"kod": "skolsky_kuchynsky_odpad", "nazov": "Kuchynský odpad zo školských jedální", "kat": "20 01 08"}, {"kod": "zvysky_z_taniera", "nazov": "Zvyšky z taniera", "kat": "20 01 08"}, {"kod": "gastro_fritovaci_olej", "nazov": "Použitý fritovací olej z gastroprevádzok", "kat": "20 01 25"}]}}, {"type": "Feature", "geometry": {"type": "Point", "coordinates": [18.09061, 48.31257]}, "properties": {"ico": "42114985", "nazov": "Súkromná stredná odborná škola polytechnická DSA", "obec": "Nitra", "okres": "Nitra", "kraj": "Nitriansky", "typ": "skola_stredna", "typ_nazov": "Stredná škola", "sektor": "Gastro a stravovacie zariadenia", "presnost": "obec", "t_rok": 1.56, "odpady": [{"kod": "bro_zahrady", "nazov": "Biologicky rozložiteľný odpad zo záhrad", "kat": "20 02 01"}, {"kod": "skolsky_kuchynsky_odpad", "nazov": "Kuchynský odpad zo školských jedální", "kat": "20 01 08"}, {"kod": "zvysky_z_taniera", "nazov": "Zvyšky z taniera", "kat": "20 01 08"}, {"kod": "gastro_fritovaci_olej", "nazov": "Použitý fritovací olej z gastroprevádzok", "kat": "20 01 25"}]}}, {"type": "Feature", "geometry": {"type": "Point", "coordinates": [18.176052, 48.559116]}, "properties": {"ico": "42118727", "nazov": "„MÔJ DOMOV\", Zariadenie sociálnych služieb Topoľčany", "obec": "Topoľčany", "okres": "Topoľčany", "kraj": "Nitriansky", "typ": "socialne_zariadenie", "typ_nazov": "Zariadenie sociálnych služieb", "sektor": "Gastro a stravovacie zariadenia", "presnost": "obec", "t_rok": 0, "odpady": [{"kod": "bro_zahrady", "nazov": "Biologicky rozložiteľný odpad zo záhrad", "kat": "20 02 01"}, {"kod": "zvysky_z_taniera", "nazov": "Zvyšky z taniera", "kat": "20 01 08"}, {"kod": "nemocnicny_kuchynsky_odpad", "nazov": "Kuchynský odpad zo zdravotníckych a sociálnych zariadení", "kat": "20 01 08"}]}}, {"type": "Feature", "geometry": {"type": "Point", "coordinates": [18.6, 48.216667]}, "properties": {"ico": "42119383", "nazov": "„JESEŇ ŽIVOTA\", Zariadenie sociálnych služieb Levice", "obec": "Levice", "okres": "Levice", "kraj": "Nitriansky", "typ": "socialne_zariadenie", "typ_nazov": "Zariadenie sociálnych služieb", "sektor": "Gastro a stravovacie zariadenia", "presnost": "obec", "t_rok": 0, "odpady": [{"kod": "bro_zahrady", "nazov": "Biologicky rozložiteľný odpad zo záhrad", "kat": "20 02 01"}, {"kod": "zvysky_z_taniera", "nazov": "Zvyšky z taniera", "kat": "20 01 08"}, {"kod": "nemocnicny_kuchynsky_odpad", "nazov": "Kuchynský odpad zo zdravotníckych a sociálnych zariadení", "kat": "20 01 08"}]}}, {"type": "Feature", "geometry": {"type": "Point", "coordinates": [18.054942, 48.526005]}, "properties": {"ico": "42119391", "nazov": "„HARMÓNIA\", Zariadenie sociálnych služieb Horné Štitáre", "obec": "Horné Štitáre", "okres": "Topoľčany", "kraj": "Nitriansky", "typ": "socialne_zariadenie", "typ_nazov": "Zariadenie sociálnych služieb", "sektor": "Gastro a stravovacie zariadenia", "presnost": "obec", "t_rok": 0, "odpady": [{"kod": "bro_zahrady", "nazov": "Biologicky rozložiteľný odpad zo záhrad", "kat": "20 02 01"}, {"kod": "zvysky_z_taniera", "nazov": "Zvyšky z taniera", "kat": "20 01 08"}, {"kod": "nemocnicny_kuchynsky_odpad", "nazov": "Kuchynský odpad zo zdravotníckych a sociálnych zariadení", "kat": "20 01 08"}]}}, {"type": "Feature", "geometry": {"type": "Point", "coordinates": [18.581862, 48.78]}, "properties": {"ico": "42143900", "nazov": "Zariadenie pre seniorov-Domov dôchodcov Bojnice", "obec": "Bojnice", "okres": "Prievidza", "kraj": "Trenčiansky", "typ": "socialne_zariadenie", "typ_nazov": "Zariadenie sociálnych služieb", "sektor": "Gastro a stravovacie zariadenia", "presnost": "obec", "t_rok": 0, "odpady": [{"kod": "bro_zahrady", "nazov": "Biologicky rozložiteľný odpad zo záhrad", "kat": "20 02 01"}, {"kod": "zvysky_z_taniera", "nazov": "Zvyšky z taniera", "kat": "20 01 08"}, {"kod": "nemocnicny_kuchynsky_odpad", "nazov": "Kuchynský odpad zo zdravotníckych a sociálnych zariadení", "kat": "20 01 08"}]}}, {"type": "Feature", "geometry": {"type": "Point", "coordinates": [18.039372, 48.892358]}, "properties": {"ico": "42152411", "nazov": "Súkromné gymnázium FUTURUM", "obec": "Trenčín", "okres": "Trenčín", "kraj": "Trenčiansky", "typ": "skola_stredna", "typ_nazov": "Stredná škola", "sektor": "Gastro a stravovacie zariadenia", "presnost": "obec", "t_rok": 1.56, "odpady": [{"kod": "bro_zahrady", "nazov": "Biologicky rozložiteľný odpad zo záhrad", "kat": "20 02 01"}, {"kod": "skolsky_kuchynsky_odpad", "nazov": "Kuchynský odpad zo školských jedální", "kat": "20 01 08"}, {"kod": "zvysky_z_taniera", "nazov": "Zvyšky z taniera", "kat": "20 01 08"}, {"kod": "gastro_fritovaci_olej", "nazov": "Použitý fritovací olej z gastroprevádzok", "kat": "20 01 25"}]}}, {"type": "Feature", "geometry": {"type": "Point", "coordinates": [17.047532, 48.160464]}, "properties": {"ico": "42176182", "nazov": "Spojená škola sv. Františka z Assisi, Karloveská 32, Bratislava", "obec": "Bratislava - mestská časť Karlova Ves", "okres": "Bratislava IV", "kraj": "Bratislavský", "typ": "skola_stredna", "typ_nazov": "Stredná škola", "sektor": "Gastro a stravovacie zariadenia", "presnost": "mestska_cast", "t_rok": 1.56, "odpady": [{"kod": "bro_zahrady", "nazov": "Biologicky rozložiteľný odpad zo záhrad", "kat": "20 02 01"}, {"kod": "skolsky_kuchynsky_odpad", "nazov": "Kuchynský odpad zo školských jedální", "kat": "20 01 08"}, {"kod": "zvysky_z_taniera", "nazov": "Zvyšky z taniera", "kat": "20 01 08"}, {"kod": "gastro_fritovaci_olej", "nazov": "Použitý fritovací olej z gastroprevádzok", "kat": "20 01 25"}]}}, {"type": "Feature", "geometry": {"type": "Point", "coordinates": [19.575561, 48.80232]}, "properties": {"ico": "42187184", "nazov": "Materská škola, 29. augusta 64, Hronec", "obec": "Hronec", "okres": "Brezno", "kraj": "Banskobystrický", "typ": "skola_materska", "typ_nazov": "Materská škola", "sektor": "Gastro a stravovacie zariadenia", "presnost": "obec", "t_rok": 1.54, "odpady": [{"kod": "bro_zahrady", "nazov": "Biologicky rozložiteľný odpad zo záhrad", "kat": "20 02 01"}, {"kod": "skolsky_kuchynsky_odpad", "nazov": "Kuchynský odpad zo školských jedální", "kat": "20 01 08"}, {"kod": "zvysky_z_taniera", "nazov": "Zvyšky z taniera", "kat": "20 01 08"}]}}, {"type": "Feature", "geometry": {"type": "Point", "coordinates": [19.069182, 48.352728]}, "properties": {"ico": "42193222", "nazov": "Centrum sociálnych služieb KA", "obec": "Krupina", "okres": "Krupina", "kraj": "Banskobystrický", "typ": "socialne_zariadenie", "typ_nazov": "Zariadenie sociálnych služieb", "sektor": "Gastro a stravovacie zariadenia", "presnost": "obec", "t_rok": 0, "odpady": [{"kod": "bro_zahrady", "nazov": "Biologicky rozložiteľný odpad zo záhrad", "kat": "20 02 01"}, {"kod": "zvysky_z_taniera", "nazov": "Zvyšky z taniera", "kat": "20 01 08"}, {"kod": "nemocnicny_kuchynsky_odpad", "nazov": "Kuchynský odpad zo zdravotníckych a sociálnych zariadení", "kat": "20 01 08"}]}}, {"type": "Feature", "geometry": {"type": "Point", "coordinates": [18.567083, 49.446206]}, "properties": {"ico": "42213738", "nazov": "Materská škola, Klokočov 976", "obec": "Klokočov", "okres": "Čadca", "kraj": "Žilinský", "typ": "skola_materska", "typ_nazov": "Materská škola", "sektor": "Gastro a stravovacie zariadenia", "presnost": "obec", "t_rok": 1.54, "odpady": [{"kod": "bro_zahrady", "nazov": "Biologicky rozložiteľný odpad zo záhrad", "kat": "20 02 01"}, {"kod": "skolsky_kuchynsky_odpad", "nazov": "Kuchynský odpad zo školských jedální", "kat": "20 01 08"}, {"kod": "zvysky_z_taniera", "nazov": "Zvyšky z taniera", "kat": "20 01 08"}]}}, {"type": "Feature", "geometry": {"type": "Point", "coordinates": [18.562215, 49.219738]}, "properties": {"ico": "42219973", "nazov": "Jesienka, zariadenie pre seniorov a denný stacionár", "obec": "Bytča", "okres": "Bytča", "kraj": "Žilinský", "typ": "socialne_zariadenie", "typ_nazov": "Zariadenie sociálnych služieb", "sektor": "Gastro a stravovacie zariadenia", "presnost": "obec", "t_rok": 0, "odpady": [{"kod": "bro_zahrady", "nazov": "Biologicky rozložiteľný odpad zo záhrad", "kat": "20 02 01"}, {"kod": "zvysky_z_taniera", "nazov": "Zvyšky z taniera", "kat": "20 01 08"}, {"kod": "nemocnicny_kuchynsky_odpad", "nazov": "Kuchynský odpad zo zdravotníckych a sociálnych zariadení", "kat": "20 01 08"}]}}, {"type": "Feature", "geometry": {"type": "Point", "coordinates": [18.929174, 49.07226]}, "properties": {"ico": "42224055", "nazov": "Evanjelická spojená škola, M. R. Štefánika 19, Martin", "obec": "Martin", "okres": "Martin", "kraj": "Žilinský", "typ": "skola_stredna", "typ_nazov": "Stredná škola", "sektor": "Gastro a stravovacie zariadenia", "presnost": "obec", "t_rok": 1.56, "odpady": [{"kod": "bro_zahrady", "nazov": "Biologicky rozložiteľný odpad zo záhrad", "kat": "20 02 01"}, {"kod": "skolsky_kuchynsky_odpad", "nazov": "Kuchynský odpad zo školských jedální", "kat": "20 01 08"}, {"kod": "zvysky_z_taniera", "nazov": "Zvyšky z taniera", "kat": "20 01 08"}, {"kod": "gastro_fritovaci_olej", "nazov": "Použitý fritovací olej z gastroprevádzok", "kat": "20 01 25"}]}}, {"type": "Feature", "geometry": {"type": "Point", "coordinates": [21.276481, 49.011264]}, "properties": {"ico": "42228409", "nazov": "Materská škola, Čsl. letcov 2, Ľubotice", "obec": "Ľubotice", "okres": "Prešov", "kraj": "Prešovský", "typ": "skola_materska", "typ_nazov": "Materská škola", "sektor": "Gastro a stravovacie zariadenia", "presnost": "obec", "t_rok": 1.54, "odpady": [{"kod": "bro_zahrady", "nazov": "Biologicky rozložiteľný odpad zo záhrad", "kat": "20 02 01"}, {"kod": "skolsky_kuchynsky_odpad", "nazov": "Kuchynský odpad zo školských jedální", "kat": "20 01 08"}, {"kod": "zvysky_z_taniera", "nazov": "Zvyšky z taniera", "kat": "20 01 08"}]}}, {"type": "Feature", "geometry": {"type": "Point", "coordinates": [21.252273, 49.000411]}, "properties": {"ico": "42228760", "nazov": "Súkromná školská jedáleň, Volgogradská 3, Prešov", "obec": "Prešov", "okres": "Prešov", "kraj": "Prešovský", "typ": "skolska_jedalen", "typ_nazov": "Školská jedáleň", "sektor": "Gastro a stravovacie zariadenia", "presnost": "obec", "t_rok": 2.36, "odpady": [{"kod": "skolsky_kuchynsky_odpad", "nazov": "Kuchynský odpad zo školských jedální", "kat": "20 01 08"}, {"kod": "zvysky_z_taniera", "nazov": "Zvyšky z taniera", "kat": "20 01 08"}, {"kod": "gastro_fritovaci_olej", "nazov": "Použitý fritovací olej z gastroprevádzok", "kat": "20 01 25"}]}}, {"type": "Feature", "geometry": {"type": "Point", "coordinates": [20.531184, 48.654392]}, "properties": {"ico": "42243378", "nazov": "Spojená škola, J. A. Komenského 5, Rožňava", "obec": "Rožňava", "okres": "Rožňava", "kraj": "Košický", "typ": "skola_stredna", "typ_nazov": "Stredná škola", "sektor": "Gastro a stravovacie zariadenia", "presnost": "obec", "t_rok": 1.56, "odpady": [{"kod": "bro_zahrady", "nazov": "Biologicky rozložiteľný odpad zo záhrad", "kat": "20 02 01"}, {"kod": "skolsky_kuchynsky_odpad", "nazov": "Kuchynský odpad zo školských jedální", "kat": "20 01 08"}, {"kod": "zvysky_z_taniera", "nazov": "Zvyšky z taniera", "kat": "20 01 08"}, {"kod": "gastro_fritovaci_olej", "nazov": "Použitý fritovací olej z gastroprevádzok", "kat": "20 01 25"}]}}, {"type": "Feature", "geometry": {"type": "Point", "coordinates": [21.259905, 48.706875]}, "properties": {"ico": "42251001", "nazov": "Súkromná školská jedáleň, Užhorodská 39, Košice", "obec": "Košice - mestská časť Juh", "okres": "Košice IV", "kraj": "Košický", "typ": "skolska_jedalen", "typ_nazov": "Školská jedáleň", "sektor": "Gastro a stravovacie zariadenia", "presnost": "mestska_cast", "t_rok": 2.36, "odpady": [{"kod": "skolsky_kuchynsky_odpad", "nazov": "Kuchynský odpad zo školských jedální", "kat": "20 01 08"}, {"kod": "zvysky_z_taniera", "nazov": "Zvyšky z taniera", "kat": "20 01 08"}, {"kod": "gastro_fritovaci_olej", "nazov": "Použitý fritovací olej z gastroprevádzok", "kat": "20 01 25"}]}}, {"type": "Feature", "geometry": {"type": "Point", "coordinates": [17.1534, 48.211512]}, "properties": {"ico": "42258120", "nazov": "Spojená škola de La Salle, Čachtická 14, Bratislava", "obec": "Bratislava - mestská časť Rača", "okres": "Bratislava III", "kraj": "Bratislavský", "typ": "skola_stredna", "typ_nazov": "Stredná škola", "sektor": "Gastro a stravovacie zariadenia", "presnost": "mestska_cast", "t_rok": 1.56, "odpady": [{"kod": "bro_zahrady", "nazov": "Biologicky rozložiteľný odpad zo záhrad", "kat": "20 02 01"}, {"kod": "skolsky_kuchynsky_odpad", "nazov": "Kuchynský odpad zo školských jedální", "kat": "20 01 08"}, {"kod": "zvysky_z_taniera", "nazov": "Zvyšky z taniera", "kat": "20 01 08"}, {"kod": "gastro_fritovaci_olej", "nazov": "Použitý fritovací olej z gastroprevádzok", "kat": "20 01 25"}]}}, {"type": "Feature", "geometry": {"type": "Point", "coordinates": [18.633333, 48.866667]}, "properties": {"ico": "42278236", "nazov": "Spojená škola Nitrianske Pravno", "obec": "Nitrianske Pravno", "okres": "Prievidza", "kraj": "Trenčiansky", "typ": "skola_stredna", "typ_nazov": "Stredná škola", "sektor": "Gastro a stravovacie zariadenia", "presnost": "obec", "t_rok": 1.56, "odpady": [{"kod": "bro_zahrady", "nazov": "Biologicky rozložiteľný odpad zo záhrad", "kat": "20 02 01"}, {"kod": "skolsky_kuchynsky_odpad", "nazov": "Kuchynský odpad zo školských jedální", "kat": "20 01 08"}, {"kod": "zvysky_z_taniera", "nazov": "Zvyšky z taniera", "kat": "20 01 08"}, {"kod": "gastro_fritovaci_olej", "nazov": "Použitý fritovací olej z gastroprevádzok", "kat": "20 01 25"}]}}, {"type": "Feature", "geometry": {"type": "Point", "coordinates": [18.623306, 48.77104]}, "properties": {"ico": "42280885", "nazov": "Súkromná spojená škola, M. Falešníka 6, Prievidza", "obec": "Prievidza", "okres": "Prievidza", "kraj": "Trenčiansky", "typ": "skola_stredna", "typ_nazov": "Stredná škola", "sektor": "Gastro a stravovacie zariadenia", "presnost": "obec", "t_rok": 1.56, "odpady": [{"kod": "bro_zahrady", "nazov": "Biologicky rozložiteľný odpad zo záhrad", "kat": "20 02 01"}, {"kod": "skolsky_kuchynsky_odpad", "nazov": "Kuchynský odpad zo školských jedální", "kat": "20 01 08"}, {"kod": "zvysky_z_taniera", "nazov": "Zvyšky z taniera", "kat": "20 01 08"}, {"kod": "gastro_fritovaci_olej", "nazov": "Použitý fritovací olej z gastroprevádzok", "kat": "20 01 25"}]}}, {"type": "Feature", "geometry": {"type": "Point", "coordinates": [17.20201, 48.770797]}, "properties": {"ico": "42292468", "nazov": "JESÉNIA SKALICA zariadenie pre seniorov", "obec": "Skalica", "okres": "Skalica", "kraj": "Trnavský", "typ": "socialne_zariadenie", "typ_nazov": "Zariadenie sociálnych služieb", "sektor": "Gastro a stravovacie zariadenia", "presnost": "okres", "t_rok": 0, "odpady": [{"kod": "bro_zahrady", "nazov": "Biologicky rozložiteľný odpad zo záhrad", "kat": "20 02 01"}, {"kod": "zvysky_z_taniera", "nazov": "Zvyšky z taniera", "kat": "20 01 08"}, {"kod": "nemocnicny_kuchynsky_odpad", "nazov": "Kuchynský odpad zo zdravotníckych a sociálnych zariadení", "kat": "20 01 08"}]}}, {"type": "Feature", "geometry": {"type": "Point", "coordinates": [17.678594, 48.140162]}, "properties": {"ico": "42293570", "nazov": "Súkromná školská jedáleň, Mostová 53", "obec": "Mostová", "okres": "Galanta", "kraj": "Trnavský", "typ": "skolska_jedalen", "typ_nazov": "Školská jedáleň", "sektor": "Gastro a stravovacie zariadenia", "presnost": "obec", "t_rok": 2.36, "odpady": [{"kod": "skolsky_kuchynsky_odpad", "nazov": "Kuchynský odpad zo školských jedální", "kat": "20 01 08"}, {"kod": "zvysky_z_taniera", "nazov": "Zvyšky z taniera", "kat": "20 01 08"}, {"kod": "gastro_fritovaci_olej", "nazov": "Použitý fritovací olej z gastroprevádzok", "kat": "20 01 25"}]}}, {"type": "Feature", "geometry": {"type": "Point", "coordinates": [19.708538, 48.392041]}, "properties": {"ico": "42302188", "nazov": "Školská jedáleň, SNP 1026, Kalinovo", "obec": "Kalinovo", "okres": "Poltár", "kraj": "Banskobystrický", "typ": "skolska_jedalen", "typ_nazov": "Školská jedáleň", "sektor": "Gastro a stravovacie zariadenia", "presnost": "obec", "t_rok": 2.36, "odpady": [{"kod": "skolsky_kuchynsky_odpad", "nazov": "Kuchynský odpad zo školských jedální", "kat": "20 01 08"}, {"kod": "zvysky_z_taniera", "nazov": "Zvyšky z taniera", "kat": "20 01 08"}, {"kod": "gastro_fritovaci_olej", "nazov": "Použitý fritovací olej z gastroprevádzok", "kat": "20 01 25"}]}}, {"type": "Feature", "geometry": {"type": "Point", "coordinates": [19.411609, 48.544384]}, "properties": {"ico": "42303117", "nazov": "Materská škola, Nám. SNP 17, Detva", "obec": "Detva", "okres": "Detva", "kraj": "Banskobystrický", "typ": "skola_materska", "typ_nazov": "Materská škola", "sektor": "Gastro a stravovacie zariadenia", "presnost": "obec", "t_rok": 1.54, "odpady": [{"kod": "bro_zahrady", "nazov": "Biologicky rozložiteľný odpad zo záhrad", "kat": "20 02 01"}, {"kod": "skolsky_kuchynsky_odpad", "nazov": "Kuchynský odpad zo školských jedální", "kat": "20 01 08"}, {"kod": "zvysky_z_taniera", "nazov": "Zvyšky z taniera", "kat": "20 01 08"}]}}, {"type": "Feature", "geometry": {"type": "Point", "coordinates": [19.069182, 48.352728]}, "properties": {"ico": "42308763", "nazov": "Materská škola, Malinovského 874, Krupina", "obec": "Krupina", "okres": "Krupina", "kraj": "Banskobystrický", "typ": "skola_materska", "typ_nazov": "Materská škola", "sektor": "Gastro a stravovacie zariadenia", "presnost": "obec", "t_rok": 1.54, "odpady": [{"kod": "bro_zahrady", "nazov": "Biologicky rozložiteľný odpad zo záhrad", "kat": "20 02 01"}, {"kod": "skolsky_kuchynsky_odpad", "nazov": "Kuchynský odpad zo školských jedální", "kat": "20 01 08"}, {"kod": "zvysky_z_taniera", "nazov": "Zvyšky z taniera", "kat": "20 01 08"}]}}, {"type": "Feature", "geometry": {"type": "Point", "coordinates": [21.249677, 48.717227]}, "properties": {"ico": "42319234", "nazov": "Premonštrátske gymnázium", "obec": "Košice", "okres": "Košice I", "kraj": "Košický", "typ": "skola_stredna", "typ_nazov": "Stredná škola", "sektor": "Gastro a stravovacie zariadenia", "presnost": "obec", "t_rok": 1.56, "odpady": [{"kod": "bro_zahrady", "nazov": "Biologicky rozložiteľný odpad zo záhrad", "kat": "20 02 01"}, {"kod": "skolsky_kuchynsky_odpad", "nazov": "Kuchynský odpad zo školských jedální", "kat": "20 01 08"}, {"kod": "zvysky_z_taniera", "nazov": "Zvyšky z taniera", "kat": "20 01 08"}, {"kod": "gastro_fritovaci_olej", "nazov": "Použitý fritovací olej z gastroprevádzok", "kat": "20 01 25"}]}}, {"type": "Feature", "geometry": {"type": "Point", "coordinates": [21.432723, 48.682449]}, "properties": {"ico": "42324157", "nazov": "Materská škola, Ruskov 280", "obec": "Ruskov", "okres": "Košice - okolie", "kraj": "Košický", "typ": "skola_materska", "typ_nazov": "Materská škola", "sektor": "Gastro a stravovacie zariadenia", "presnost": "obec", "t_rok": 1.54, "odpady": [{"kod": "bro_zahrady", "nazov": "Biologicky rozložiteľný odpad zo záhrad", "kat": "20 02 01"}, {"kod": "skolsky_kuchynsky_odpad", "nazov": "Kuchynský odpad zo školských jedální", "kat": "20 01 08"}, {"kod": "zvysky_z_taniera", "nazov": "Zvyšky z taniera", "kat": "20 01 08"}]}}, {"type": "Feature", "geometry": {"type": "Point", "coordinates": [21.26885, 48.756322]}, "properties": {"ico": "42330238", "nazov": "Školská jedáleň, Juhoslovanská 2, Košice", "obec": "Košice - mestská časť Sídlisko Ťahanovce", "okres": "Košice I", "kraj": "Košický", "typ": "skolska_jedalen", "typ_nazov": "Školská jedáleň", "sektor": "Gastro a stravovacie zariadenia", "presnost": "mestska_cast", "t_rok": 2.36, "odpady": [{"kod": "skolsky_kuchynsky_odpad", "nazov": "Kuchynský odpad zo školských jedální", "kat": "20 01 08"}, {"kod": "zvysky_z_taniera", "nazov": "Zvyšky z taniera", "kat": "20 01 08"}, {"kod": "gastro_fritovaci_olej", "nazov": "Použitý fritovací olej z gastroprevádzok", "kat": "20 01 25"}]}}, {"type": "Feature", "geometry": {"type": "Point", "coordinates": [18.329, 48.397]}, "properties": {"ico": "42337071", "nazov": "Materská škola, Sľažany 321", "obec": "Sľažany", "okres": "Zlaté Moravce", "kraj": "Nitriansky", "typ": "skola_materska", "typ_nazov": "Materská škola", "sektor": "Gastro a stravovacie zariadenia", "presnost": "obec", "t_rok": 1.54, "odpady": [{"kod": "bro_zahrady", "nazov": "Biologicky rozložiteľný odpad zo záhrad", "kat": "20 02 01"}, {"kod": "skolsky_kuchynsky_odpad", "nazov": "Kuchynský odpad zo školských jedální", "kat": "20 01 08"}, {"kod": "zvysky_z_taniera", "nazov": "Zvyšky z taniera", "kat": "20 01 08"}]}}, {"type": "Feature", "geometry": {"type": "Point", "coordinates": [18.92507, 49.10886]}, "properties": {"ico": "42347670", "nazov": "SENIOR - Zariadenie pre seniorov a Dom sociálnych služieb Vrútky", "obec": "Vrútky", "okres": "Martin", "kraj": "Žilinský", "typ": "socialne_zariadenie", "typ_nazov": "Zariadenie sociálnych služieb", "sektor": "Gastro a stravovacie zariadenia", "presnost": "obec", "t_rok": 0, "odpady": [{"kod": "bro_zahrady", "nazov": "Biologicky rozložiteľný odpad zo záhrad", "kat": "20 02 01"}, {"kod": "zvysky_z_taniera", "nazov": "Zvyšky z taniera", "kat": "20 01 08"}, {"kod": "nemocnicny_kuchynsky_odpad", "nazov": "Kuchynský odpad zo zdravotníckych a sociálnych zariadení", "kat": "20 01 08"}]}}, {"type": "Feature", "geometry": {"type": "Point", "coordinates": [17.830386, 48.763325]}, "properties": {"ico": "42372984", "nazov": "Zariadenie pre seniorov Nové Mesto nad Váhom", "obec": "Nové Mesto nad Váhom", "okres": "Nové Mesto nad Váhom", "kraj": "Trenčiansky", "typ": "socialne_zariadenie", "typ_nazov": "Zariadenie sociálnych služieb", "sektor": "Gastro a stravovacie zariadenia", "presnost": "obec", "t_rok": 0, "odpady": [{"kod": "bro_zahrady", "nazov": "Biologicky rozložiteľný odpad zo záhrad", "kat": "20 02 01"}, {"kod": "zvysky_z_taniera", "nazov": "Zvyšky z taniera", "kat": "20 01 08"}, {"kod": "nemocnicny_kuchynsky_odpad", "nazov": "Kuchynský odpad zo zdravotníckych a sociálnych zariadení", "kat": "20 01 08"}]}}, {"type": "Feature", "geometry": {"type": "Point", "coordinates": [18.788221, 49.440819]}, "properties": {"ico": "42391385", "nazov": "Viacúčelové zariadenie pre seniorov Čadca", "obec": "Čadca", "okres": "Čadca", "kraj": "Žilinský", "typ": "socialne_zariadenie", "typ_nazov": "Zariadenie sociálnych služieb", "sektor": "Gastro a stravovacie zariadenia", "presnost": "obec", "t_rok": 0, "odpady": [{"kod": "bro_zahrady", "nazov": "Biologicky rozložiteľný odpad zo záhrad", "kat": "20 02 01"}, {"kod": "zvysky_z_taniera", "nazov": "Zvyšky z taniera", "kat": "20 01 08"}, {"kod": "nemocnicny_kuchynsky_odpad", "nazov": "Kuchynský odpad zo zdravotníckych a sociálnych zariadení", "kat": "20 01 08"}]}}, {"type": "Feature", "geometry": {"type": "Point", "coordinates": [17.650378, 48.469535]}, "properties": {"ico": "42404631", "nazov": "Zariadenie pre seniorov Bohunka", "obec": "Jaslovské Bohunice", "okres": "Trnava", "kraj": "Trnavský", "typ": "socialne_zariadenie", "typ_nazov": "Zariadenie sociálnych služieb", "sektor": "Gastro a stravovacie zariadenia", "presnost": "obec", "t_rok": 0, "odpady": [{"kod": "bro_zahrady", "nazov": "Biologicky rozložiteľný odpad zo záhrad", "kat": "20 02 01"}, {"kod": "zvysky_z_taniera", "nazov": "Zvyšky z taniera", "kat": "20 01 08"}, {"kod": "nemocnicny_kuchynsky_odpad", "nazov": "Kuchynský odpad zo zdravotníckych a sociálnych zariadení", "kat": "20 01 08"}]}}, {"type": "Feature", "geometry": {"type": "Point", "coordinates": [21.90314, 48.934603]}, "properties": {"ico": "42422132", "nazov": "Súkromná stredná odborná škola pedagogická EBG", "obec": "Humenné", "okres": "Humenné", "kraj": "Prešovský", "typ": "skola_stredna", "typ_nazov": "Stredná škola", "sektor": "Gastro a stravovacie zariadenia", "presnost": "obec", "t_rok": 1.56, "odpady": [{"kod": "bro_zahrady", "nazov": "Biologicky rozložiteľný odpad zo záhrad", "kat": "20 02 01"}, {"kod": "skolsky_kuchynsky_odpad", "nazov": "Kuchynský odpad zo školských jedální", "kat": "20 01 08"}, {"kod": "zvysky_z_taniera", "nazov": "Zvyšky z taniera", "kat": "20 01 08"}, {"kod": "gastro_fritovaci_olej", "nazov": "Použitý fritovací olej z gastroprevádzok", "kat": "20 01 25"}]}}, {"type": "Feature", "geometry": {"type": "Point", "coordinates": [19.45, 49.066667]}, "properties": {"ico": "42433819", "nazov": "Zariadenie pre seniorov KARITA obce Partizánska Ľupča", "obec": "Partizánska Ľupča", "okres": "Liptovský Mikuláš", "kraj": "Žilinský", "typ": "socialne_zariadenie", "typ_nazov": "Zariadenie sociálnych služieb", "sektor": "Gastro a stravovacie zariadenia", "presnost": "obec", "t_rok": 0, "odpady": [{"kod": "bro_zahrady", "nazov": "Biologicky rozložiteľný odpad zo záhrad", "kat": "20 02 01"}, {"kod": "zvysky_z_taniera", "nazov": "Zvyšky z taniera", "kat": "20 01 08"}, {"kod": "nemocnicny_kuchynsky_odpad", "nazov": "Kuchynský odpad zo zdravotníckych a sociálnych zariadení", "kat": "20 01 08"}]}}, {"type": "Feature", "geometry": {"type": "Point", "coordinates": [17.206666, 48.204418]}, "properties": {"ico": "42447470", "nazov": "Materská škola, Koniarkova 9, Bratislava", "obec": "Bratislava - mestská časť Vajnory", "okres": "Bratislava III", "kraj": "Bratislavský", "typ": "skola_materska", "typ_nazov": "Materská škola", "sektor": "Gastro a stravovacie zariadenia", "presnost": "mestska_cast", "t_rok": 1.54, "odpady": [{"kod": "bro_zahrady", "nazov": "Biologicky rozložiteľný odpad zo záhrad", "kat": "20 02 01"}, {"kod": "skolsky_kuchynsky_odpad", "nazov": "Kuchynský odpad zo školských jedální", "kat": "20 01 08"}, {"kod": "zvysky_z_taniera", "nazov": "Zvyšky z taniera", "kat": "20 01 08"}]}}, {"type": "Feature", "geometry": {"type": "Point", "coordinates": [18.739498, 49.223464]}, "properties": {"ico": "43294341", "nazov": "Milan Duda - PIZZÉRIA A REŠTAURÁCIA PEPEK", "obec": "Žilina", "okres": "Žilina", "kraj": "Žilinský", "typ": "restauracia", "typ_nazov": "Reštaurácia", "sektor": "Gastro a stravovacie zariadenia", "presnost": "obec", "t_rok": 0, "odpady": [{"kod": "tuky_odlucovace", "nazov": "Tuky z odlučovačov", "kat": "19 08 09"}, {"kod": "zvysky_z_taniera", "nazov": "Zvyšky z taniera", "kat": "20 01 08"}, {"kod": "gastro_kuchynsky_odpad", "nazov": "Kuchynský odpad z reštaurácií a hotelov", "kat": "20 01 08"}, {"kod": "gastro_fritovaci_olej", "nazov": "Použitý fritovací olej z gastroprevádzok", "kat": "20 01 25"}, {"kod": "gastro_kavova_sedlina", "nazov": "Kávová sedlina z gastroprevádzok", "kat": "20 01 08"}]}}, {"type": "Feature", "geometry": {"type": "Point", "coordinates": [20.873055, 48.917127]}, "properties": {"ico": "43775578", "nazov": "Mestské lesy Krompachy s.r.o.", "obec": "Krompachy", "okres": "Spišská Nová Ves", "kraj": "Košický", "typ": "mestske_lesy", "typ_nazov": "Mestské lesy", "sektor": "Drevo, lesníctvo a ostatné", "presnost": "obec", "t_rok": 0, "odpady": [{"kod": "konare_stiepka", "nazov": "Konáre a drevná štiepka z údržby zelene", "kat": "20 02 01"}, {"kod": "kora", "nazov": "Odpadová kôra", "kat": "03 01 01"}, {"kod": "odrezky_dreva", "nazov": "Odrezky a drevný odpad", "kat": "03 01 05"}, {"kod": "lesna_stiepka", "nazov": "Lesná štiepka a haluzina", "kat": "02 01 07"}]}}, {"type": "Feature", "geometry": {"type": "Point", "coordinates": [17.308037, 48.336443]}, "properties": {"ico": "43790011", "nazov": "Vínna reštaurácia, spol. s r. o.", "obec": "Modra", "okres": "Pezinok", "kraj": "Bratislavský", "typ": "restauracia", "typ_nazov": "Reštaurácia", "sektor": "Gastro a stravovacie zariadenia", "presnost": "obec", "t_rok": 0, "odpady": [{"kod": "tuky_odlucovace", "nazov": "Tuky z odlučovačov", "kat": "19 08 09"}, {"kod": "zvysky_z_taniera", "nazov": "Zvyšky z taniera", "kat": "20 01 08"}, {"kod": "gastro_kuchynsky_odpad", "nazov": "Kuchynský odpad z reštaurácií a hotelov", "kat": "20 01 08"}, {"kod": "gastro_fritovaci_olej", "nazov": "Použitý fritovací olej z gastroprevádzok", "kat": "20 01 25"}, {"kod": "gastro_kavova_sedlina", "nazov": "Kávová sedlina z gastroprevádzok", "kat": "20 01 08"}]}}, {"type": "Feature", "geometry": {"type": "Point", "coordinates": [18.066667, 48.583333]}, "properties": {"ico": "43790909", "nazov": "Skládka komunálneho odpadu Bojná, s.r.o.", "obec": "Bojná", "okres": "Topoľčany", "kraj": "Nitriansky", "typ": "odpadove_hospodarstvo", "typ_nazov": "Odpadové hospodárstvo", "sektor": "Komunálny a gastro bioodpad", "presnost": "obec", "t_rok": 0, "odpady": [{"kod": "bro_zahrady", "nazov": "Biologicky rozložiteľný odpad zo záhrad", "kat": "20 02 01"}, {"kod": "kuchynsky_odpad", "nazov": "Biologicky rozložiteľný kuchynský a reštauračný odpad", "kat": "20 01 08"}, {"kod": "jedle_oleje_pouzite", "nazov": "Použité jedlé oleje a tuky", "kat": "20 01 25"}, {"kod": "potraviny_po_dobe", "nazov": "Nepredané potraviny po dátume spotreby", "kat": "20 01 08"}, {"kod": "tuky_odlucovace", "nazov": "Tuky z odlučovačov", "kat": "19 08 09"}]}}, {"type": "Feature", "geometry": {"type": "Point", "coordinates": [21.252273, 49.000411]}, "properties": {"ico": "43847064", "nazov": "Výrobno odbytové družstvo olejnín Šariš", "obec": "Prešov", "okres": "Prešov", "kraj": "Prešovský", "typ": "olejnin", "typ_nazov": "Spracovanie olejnín", "sektor": "Potravinárstvo a nápoje", "presnost": "obec", "t_rok": 0, "odpady": [{"kod": "repkovy_srot", "nazov": "Repkový extrahovaný šrot", "kat": "02 03 04"}, {"kod": "slnecnicovy_srot", "nazov": "Slnečnicový extrahovaný šrot", "kat": "02 03 04"}, {"kod": "olejnaty_kal", "nazov": "Kaly z rafinácie jedlých olejov", "kat": "02 03 05"}]}}, {"type": "Feature", "geometry": {"type": "Point", "coordinates": [18.92507, 49.10886]}, "properties": {"ico": "43852149", "nazov": "Cech výrobcov ovčieho syra v Turci, družstvo", "obec": "Vrútky", "okres": "Martin", "kraj": "Žilinský", "typ": "syraren", "typ_nazov": "Syráreň a bryndziareň", "sektor": "Potravinárstvo a nápoje", "presnost": "obec", "t_rok": 0, "odpady": [{"kod": "srvatka_sladka", "nazov": "Sladká srvátka", "kat": "02 05 01"}, {"kod": "srvatka_kysla", "nazov": "Kyslá srvátka", "kat": "02 05 01"}, {"kod": "mliekarensky_kal", "nazov": "Kal z mliekarenskej ČOV", "kat": "02 05 02"}, {"kod": "syrarska_srvatka_tuh", "nazov": "Tuhé zvyšky zo syrárskej výroby", "kat": "02 05 01"}]}}, {"type": "Feature", "geometry": {"type": "Point", "coordinates": [21.100545, 49.102044]}, "properties": {"ico": "43863035", "nazov": "SAJ pekáreň, s. r. o.", "obec": "Sabinov", "okres": "Sabinov", "kraj": "Prešovský", "typ": "pekaren", "typ_nazov": "Pekáreň", "sektor": "Potravinárstvo a nápoje", "presnost": "obec", "t_rok": 0, "odpady": [{"kod": "pekarenske_zvysky", "nazov": "Pekárenské zvyšky", "kat": "02 06 01"}, {"kod": "cestovinove_zvysky", "nazov": "Cestovinové a múčne zvyšky", "kat": "02 06 01"}]}}, {"type": "Feature", "geometry": {"type": "Point", "coordinates": [17.983333, 48.966667]}, "properties": {"ico": "43871763", "nazov": "Tradičná Pekáreň s. r. o.", "obec": "Horná Súča", "okres": "Trenčín", "kraj": "Trenčiansky", "typ": "pekaren", "typ_nazov": "Pekáreň", "sektor": "Potravinárstvo a nápoje", "presnost": "obec", "t_rok": 0, "odpady": [{"kod": "pekarenske_zvysky", "nazov": "Pekárenské zvyšky", "kat": "02 06 01"}, {"kod": "cestovinove_zvysky", "nazov": "Cestovinové a múčne zvyšky", "kat": "02 06 01"}]}}, {"type": "Feature", "geometry": {"type": "Point", "coordinates": [18.061308, 48.095688]}, "properties": {"ico": "43903959", "nazov": "Obecné služby Tvrdošovce s.r.o.", "obec": "Tvrdošovce", "okres": "Nové Zámky", "kraj": "Nitriansky", "typ": "odpadove_hospodarstvo", "typ_nazov": "Odpadové hospodárstvo", "sektor": "Komunálny a gastro bioodpad", "presnost": "obec", "t_rok": 0, "odpady": [{"kod": "bro_zahrady", "nazov": "Biologicky rozložiteľný odpad zo záhrad", "kat": "20 02 01"}, {"kod": "kuchynsky_odpad", "nazov": "Biologicky rozložiteľný kuchynský a reštauračný odpad", "kat": "20 01 08"}, {"kod": "jedle_oleje_pouzite", "nazov": "Použité jedlé oleje a tuky", "kat": "20 01 25"}, {"kod": "potraviny_po_dobe", "nazov": "Nepredané potraviny po dátume spotreby", "kat": "20 01 08"}, {"kod": "tuky_odlucovace", "nazov": "Tuky z odlučovačov", "kat": "19 08 09"}]}}, {"type": "Feature", "geometry": {"type": "Point", "coordinates": [21.27554, 49.292999]}, "properties": {"ico": "43910351", "nazov": "Bardejovská pekáreň s.r.o.", "obec": "Bardejov", "okres": "Bardejov", "kraj": "Prešovský", "typ": "pekaren", "typ_nazov": "Pekáreň", "sektor": "Potravinárstvo a nápoje", "presnost": "obec", "t_rok": 0, "odpady": [{"kod": "pekarenske_zvysky", "nazov": "Pekárenské zvyšky", "kat": "02 06 01"}, {"kod": "cestovinove_zvysky", "nazov": "Cestovinové a múčne zvyšky", "kat": "02 06 01"}]}}, {"type": "Feature", "geometry": {"type": "Point", "coordinates": [18.89828, 48.458093]}, "properties": {"ico": "43956513", "nazov": "Nemocnica Banská Štiavnica, a.s.", "obec": "Banská Štiavnica", "okres": "Banská Štiavnica", "kraj": "Banskobystrický", "typ": "nemocnica", "typ_nazov": "Nemocnica", "sektor": "Gastro a stravovacie zariadenia", "presnost": "obec", "t_rok": 26.86, "odpady": [{"kod": "zvysky_z_taniera", "nazov": "Zvyšky z taniera", "kat": "20 01 08"}, {"kod": "nemocnicny_kuchynsky_odpad", "nazov": "Kuchynský odpad zo zdravotníckych a sociálnych zariadení", "kat": "20 01 08"}, {"kod": "gastro_fritovaci_olej", "nazov": "Použitý fritovací olej z gastroprevádzok", "kat": "20 01 25"}]}}, {"type": "Feature", "geometry": {"type": "Point", "coordinates": [19.154525, 49.274927]}, "properties": {"ico": "43965024", "nazov": "Syrmix Zázrivá, s.r.o.", "obec": "Zázrivá", "okres": "Dolný Kubín", "kraj": "Žilinský", "typ": "syraren", "typ_nazov": "Syráreň a bryndziareň", "sektor": "Potravinárstvo a nápoje", "presnost": "obec", "t_rok": 0, "odpady": [{"kod": "srvatka_sladka", "nazov": "Sladká srvátka", "kat": "02 05 01"}, {"kod": "srvatka_kysla", "nazov": "Kyslá srvátka", "kat": "02 05 01"}, {"kod": "mliekarensky_kal", "nazov": "Kal z mliekarenskej ČOV", "kat": "02 05 02"}, {"kod": "syrarska_srvatka_tuh", "nazov": "Tuhé zvyšky zo syrárskej výroby", "kat": "02 05 01"}]}}, {"type": "Feature", "geometry": {"type": "Point", "coordinates": [18.943661, 49.236895]}, "properties": {"ico": "43999174", "nazov": "Hotel Château Belá, s.r.o.", "obec": "Belá", "okres": "Žilina", "kraj": "Žilinský", "typ": "hotel", "typ_nazov": "Hotel", "sektor": "Gastro a stravovacie zariadenia", "presnost": "obec", "t_rok": 0, "odpady": [{"kod": "bro_zahrady", "nazov": "Biologicky rozložiteľný odpad zo záhrad", "kat": "20 02 01"}, {"kod": "zvysky_z_taniera", "nazov": "Zvyšky z taniera", "kat": "20 01 08"}, {"kod": "gastro_kuchynsky_odpad", "nazov": "Kuchynský odpad z reštaurácií a hotelov", "kat": "20 01 08"}, {"kod": "gastro_fritovaci_olej", "nazov": "Použitý fritovací olej z gastroprevádzok", "kat": "20 01 25"}, {"kod": "gastro_kavova_sedlina", "nazov": "Kávová sedlina z gastroprevádzok", "kat": "20 01 08"}]}}, {"type": "Feature", "geometry": {"type": "Point", "coordinates": [19.156869, 48.738539]}, "properties": {"ico": "44035748", "nazov": "MÄSO-ÚDENINY FUJKA s.r.o.", "obec": "Banská Bystrica", "okres": "Banská Bystrica", "kraj": "Banskobystrický", "typ": "masovyroba", "typ_nazov": "Mäsospracovanie", "sektor": "Potravinárstvo a nápoje", "presnost": "obec", "t_rok": 0, "odpady": [{"kod": "kostny_zvysok", "nazov": "Kosti a kostné zvyšky", "kat": "02 02 02"}, {"kod": "kozne_odrezky", "nazov": "Kožné odrezky a podkožný tuk", "kat": "02 02 02"}, {"kod": "masovy_flotacny_kal", "nazov": "Flotačný kal z mäsospracovania", "kat": "02 02 04"}, {"kod": "zvp_kat3", "nazov": "Živočíšne vedľajšie produkty kategórie 3", "kat": "02 02 02"}, {"kod": "technicky_zivocisny_tuk", "nazov": "Technický živočíšny tuk", "kat": "02 02 03"}, {"kod": "masokostna_mucka", "nazov": "Mäsokostná múčka", "kat": "02 02 02"}]}}, {"type": "Feature", "geometry": {"type": "Point", "coordinates": [18.3, 48.566667]}, "properties": {"ico": "44037040", "nazov": "Odbytové družstvo západ", "obec": "Klátova Nová Ves", "okres": "Partizánske", "kraj": "Trenčiansky", "typ": "mliekaren", "typ_nazov": "Mliekáreň", "sektor": "Potravinárstvo a nápoje", "presnost": "obec", "t_rok": 0, "odpady": [{"kod": "srvatka_sladka", "nazov": "Sladká srvátka", "kat": "02 05 01"}, {"kod": "srvatka_kysla", "nazov": "Kyslá srvátka", "kat": "02 05 01"}, {"kod": "srvatkovy_permeat", "nazov": "Srvátkový permeát", "kat": "02 05 01"}, {"kod": "cmar", "nazov": "Cmar", "kat": "02 05 01"}, {"kod": "mliekarensky_kal", "nazov": "Kal z mliekarenskej ČOV", "kat": "02 05 02"}]}}, {"type": "Feature", "geometry": {"type": "Point", "coordinates": [18.6, 48.216667]}, "properties": {"ico": "44054998", "nazov": "Odbytové družstvo mlieka Levice, družstvo", "obec": "Levice", "okres": "Levice", "kraj": "Nitriansky", "typ": "mliekaren", "typ_nazov": "Mliekáreň", "sektor": "Potravinárstvo a nápoje", "presnost": "obec", "t_rok": 0, "odpady": [{"kod": "srvatka_sladka", "nazov": "Sladká srvátka", "kat": "02 05 01"}, {"kod": "srvatka_kysla", "nazov": "Kyslá srvátka", "kat": "02 05 01"}, {"kod": "srvatkovy_permeat", "nazov": "Srvátkový permeát", "kat": "02 05 01"}, {"kod": "cmar", "nazov": "Cmar", "kat": "02 05 01"}, {"kod": "mliekarensky_kal", "nazov": "Kal z mliekarenskej ČOV", "kat": "02 05 02"}]}}, {"type": "Feature", "geometry": {"type": "Point", "coordinates": [18.25, 49.166667]}, "properties": {"ico": "44059159", "nazov": "Mlieko Považie OOV - družstvo", "obec": "Mestečko", "okres": "Púchov", "kraj": "Trenčiansky", "typ": "mliekaren", "typ_nazov": "Mliekáreň", "sektor": "Potravinárstvo a nápoje", "presnost": "obec", "t_rok": 0, "odpady": [{"kod": "srvatka_sladka", "nazov": "Sladká srvátka", "kat": "02 05 01"}, {"kod": "srvatka_kysla", "nazov": "Kyslá srvátka", "kat": "02 05 01"}, {"kod": "srvatkovy_permeat", "nazov": "Srvátkový permeát", "kat": "02 05 01"}, {"kod": "cmar", "nazov": "Cmar", "kat": "02 05 01"}, {"kod": "mliekarensky_kal", "nazov": "Kal z mliekarenskej ČOV", "kat": "02 05 02"}]}}, {"type": "Feature", "geometry": {"type": "Point", "coordinates": [17.565022, 48.754035]}, "properties": {"ico": "44083742", "nazov": "MÄSO - LAHÔDKY ELENA, s. r. o.", "obec": "Myjava", "okres": "Myjava", "kraj": "Trenčiansky", "typ": "masovyroba", "typ_nazov": "Mäsospracovanie", "sektor": "Potravinárstvo a nápoje", "presnost": "obec", "t_rok": 0, "odpady": [{"kod": "kostny_zvysok", "nazov": "Kosti a kostné zvyšky", "kat": "02 02 02"}, {"kod": "kozne_odrezky", "nazov": "Kožné odrezky a podkožný tuk", "kat": "02 02 02"}, {"kod": "masovy_flotacny_kal", "nazov": "Flotačný kal z mäsospracovania", "kat": "02 02 04"}, {"kod": "zvp_kat3", "nazov": "Živočíšne vedľajšie produkty kategórie 3", "kat": "02 02 02"}, {"kod": "technicky_zivocisny_tuk", "nazov": "Technický živočíšny tuk", "kat": "02 02 03"}, {"kod": "masokostna_mucka", "nazov": "Mäsokostná múčka", "kat": "02 02 02"}]}}, {"type": "Feature", "geometry": {"type": "Point", "coordinates": [19.069182, 48.352728]}, "properties": {"ico": "44088752", "nazov": "Pekáreň Bzovík, s.r.o.", "obec": "Krupina", "okres": "Krupina", "kraj": "Banskobystrický", "typ": "pekaren", "typ_nazov": "Pekáreň", "sektor": "Potravinárstvo a nápoje", "presnost": "obec", "t_rok": 0, "odpady": [{"kod": "pekarenske_zvysky", "nazov": "Pekárenské zvyšky", "kat": "02 06 01"}, {"kod": "cestovinove_zvysky", "nazov": "Cestovinové a múčne zvyšky", "kat": "02 06 01"}]}}, {"type": "Feature", "geometry": {"type": "Point", "coordinates": [18.167022, 48.957172]}, "properties": {"ico": "44119577", "nazov": "Pekáreň Pe&Pe s. r. o.", "obec": "Dubnica nad Váhom", "okres": "Ilava", "kraj": "Trenčiansky", "typ": "pekaren", "typ_nazov": "Pekáreň", "sektor": "Potravinárstvo a nápoje", "presnost": "obec", "t_rok": 0, "odpady": [{"kod": "pekarenske_zvysky", "nazov": "Pekárenské zvyšky", "kat": "02 06 01"}, {"kod": "cestovinove_zvysky", "nazov": "Cestovinové a múčne zvyšky", "kat": "02 06 01"}]}}, {"type": "Feature", "geometry": {"type": "Point", "coordinates": [19.476724, 48.456112]}, "properties": {"ico": "44155557", "nazov": "Pekáreň KLÁSOK, s.r.o.", "obec": "Budiná", "okres": "Lučenec", "kraj": "Banskobystrický", "typ": "pekaren", "typ_nazov": "Pekáreň", "sektor": "Potravinárstvo a nápoje", "presnost": "obec", "t_rok": 0, "odpady": [{"kod": "pekarenske_zvysky", "nazov": "Pekárenské zvyšky", "kat": "02 06 01"}, {"kod": "cestovinove_zvysky", "nazov": "Cestovinové a múčne zvyšky", "kat": "02 06 01"}]}}, {"type": "Feature", "geometry": {"type": "Point", "coordinates": [18.189095, 47.869084]}, "properties": {"ico": "44159897", "nazov": "Mangalica farma, s.r.o.", "obec": "Hurbanovo", "okres": "Komárno", "kraj": "Nitriansky", "typ": "farma", "typ_nazov": "Živočíšna farma", "sektor": "Poľnohospodárstvo a chov", "presnost": "obec", "t_rok": 0, "odpady": [{"kod": "travna_hmota_ttp", "nazov": "Trávna hmota z lúk a TTP", "kat": "02 01 03"}, {"kod": "hnoj_hovadzi", "nazov": "Maštaľný hnoj hovädzí", "kat": "02 01 06"}, {"kod": "hnojovica_osipane", "nazov": "Hnojovica ošípaných", "kat": "02 01 06"}, {"kod": "ovciarsky_hnoj", "nazov": "Ovčí a kozí hnoj", "kat": "02 01 06"}, {"kod": "kadavery", "nazov": "Uhynuté zvieratá (kadávery)", "kat": "02 01 02"}]}}, {"type": "Feature", "geometry": {"type": "Point", "coordinates": [19.411609, 48.544384]}, "properties": {"ico": "44192185", "nazov": "Pekáreň Vidlička a syn s.r.o.", "obec": "Detva", "okres": "Detva", "kraj": "Banskobystrický", "typ": "pekaren", "typ_nazov": "Pekáreň", "sektor": "Potravinárstvo a nápoje", "presnost": "obec", "t_rok": 0, "odpady": [{"kod": "pekarenske_zvysky", "nazov": "Pekárenské zvyšky", "kat": "02 06 01"}, {"kod": "cestovinove_zvysky", "nazov": "Cestovinové a múčne zvyšky", "kat": "02 06 01"}]}}, {"type": "Feature", "geometry": {"type": "Point", "coordinates": [20.29764, 49.054152]}, "properties": {"ico": "44199279", "nazov": "Pekáreň - ORTEK s.r.o.", "obec": "Poprad - Matejovce", "okres": "Poprad", "kraj": "Prešovský", "typ": "pekaren", "typ_nazov": "Pekáreň", "sektor": "Potravinárstvo a nápoje", "presnost": "obec_zaklad", "t_rok": 0, "odpady": [{"kod": "pekarenske_zvysky", "nazov": "Pekárenské zvyšky", "kat": "02 06 01"}, {"kod": "cestovinove_zvysky", "nazov": "Cestovinové a múčne zvyšky", "kat": "02 06 01"}]}}, {"type": "Feature", "geometry": {"type": "Point", "coordinates": [21.651153, 49.202387]}, "properties": {"ico": "44304412", "nazov": "Pekáreň Bokša, s. r. o.", "obec": "Stropkov - Bokša", "okres": "Stropkov", "kraj": "Prešovský", "typ": "pekaren", "typ_nazov": "Pekáreň", "sektor": "Potravinárstvo a nápoje", "presnost": "obec_zaklad", "t_rok": 0, "odpady": [{"kod": "pekarenske_zvysky", "nazov": "Pekárenské zvyšky", "kat": "02 06 01"}, {"kod": "cestovinove_zvysky", "nazov": "Cestovinové a múčne zvyšky", "kat": "02 06 01"}]}}, {"type": "Feature", "geometry": {"type": "Point", "coordinates": [17.586718, 48.37729]}, "properties": {"ico": "44330936", "nazov": "TODO - Trnavské odbytové družstvo olejnín s. r. o.", "obec": "Trnava", "okres": "Trnava", "kraj": "Trnavský", "typ": "olejnin", "typ_nazov": "Spracovanie olejnín", "sektor": "Potravinárstvo a nápoje", "presnost": "obec", "t_rok": 0, "odpady": [{"kod": "repkovy_srot", "nazov": "Repkový extrahovaný šrot", "kat": "02 03 04"}, {"kod": "slnecnicovy_srot", "nazov": "Slnečnicový extrahovaný šrot", "kat": "02 03 04"}, {"kod": "olejnaty_kal", "nazov": "Kaly z rafinácie jedlých olejov", "kat": "02 03 05"}]}}, {"type": "Feature", "geometry": {"type": "Point", "coordinates": [18.073245, 48.554552]}, "properties": {"ico": "44365306", "nazov": "EKO AGROFARMA, s.r.o.", "obec": "Veľké Dvorany", "okres": "Topoľčany", "kraj": "Nitriansky", "typ": "agro", "typ_nazov": "Poľnohospodársky podnik", "sektor": "Poľnohospodárstvo a chov", "presnost": "obec", "t_rok": 0, "odpady": [{"kod": "slama_obilna", "nazov": "Obilná slama", "kat": "02 01 03"}, {"kod": "kukuricne_korovie", "nazov": "Kukuričné kôrovie a stonky", "kat": "02 01 03"}, {"kod": "repkova_slama", "nazov": "Repková slama", "kat": "02 01 03"}, {"kod": "travna_hmota_ttp", "nazov": "Trávna hmota z lúk a TTP", "kat": "02 01 03"}, {"kod": "odpad_cistenie_zrna", "nazov": "Odpad z čistenia a sušenia obilia", "kat": "02 01 03"}]}}, {"type": "Feature", "geometry": {"type": "Point", "coordinates": [18.191323, 48.048624]}, "properties": {"ico": "44377151", "nazov": "Pekáreň Bánov Oremus a syn s.r.o.", "obec": "Bánov", "okres": "Nové Zámky", "kraj": "Nitriansky", "typ": "pekaren", "typ_nazov": "Pekáreň", "sektor": "Potravinárstvo a nápoje", "presnost": "obec", "t_rok": 0, "odpady": [{"kod": "pekarenske_zvysky", "nazov": "Pekárenské zvyšky", "kat": "02 06 01"}, {"kod": "cestovinove_zvysky", "nazov": "Cestovinové a múčne zvyšky", "kat": "02 06 01"}]}}, {"type": "Feature", "geometry": {"type": "Point", "coordinates": [18.039372, 48.892358]}, "properties": {"ico": "44399294", "nazov": "I.M. pekáreň, s. r. o.", "obec": "Trenčín", "okres": "Trenčín", "kraj": "Trenčiansky", "typ": "pekaren", "typ_nazov": "Pekáreň", "sektor": "Potravinárstvo a nápoje", "presnost": "obec", "t_rok": 0, "odpady": [{"kod": "pekarenske_zvysky", "nazov": "Pekárenské zvyšky", "kat": "02 06 01"}, {"kod": "cestovinove_zvysky", "nazov": "Cestovinové a múčne zvyšky", "kat": "02 06 01"}]}}, {"type": "Feature", "geometry": {"type": "Point", "coordinates": [17.109671, 48.153538]}, "properties": {"ico": "44436475", "nazov": "Bratislavský Meštiansky Pivovar s. r. o.", "obec": "Bratislava", "okres": "Bratislava I", "kraj": "Bratislavský", "typ": "pivovar", "typ_nazov": "Pivovar / minipivovar", "sektor": "Potravinárstvo a nápoje", "presnost": "obec", "t_rok": 0, "odpady": [{"kod": "pivovarske_mlato", "nazov": "Pivovarské mláto", "kat": "02 07 01"}, {"kod": "pivovarske_kvasnice", "nazov": "Pivovarské kvasnice", "kat": "02 07 05"}, {"kod": "chmelovy_mlat", "nazov": "Chmeľový mlát", "kat": "02 07 01"}, {"kod": "kremelinovy_kal", "nazov": "Kremelinový kal z filtrácie", "kat": "02 07 05"}]}}, {"type": "Feature", "geometry": {"type": "Point", "coordinates": [17.20201, 48.770797]}, "properties": {"ico": "44444761", "nazov": "Fakultná nemocnica AGEL Skalica a.s.", "obec": "Skalica", "okres": "Skalica", "kraj": "Trnavský", "typ": "nemocnica", "typ_nazov": "Nemocnica", "sektor": "Gastro a stravovacie zariadenia", "presnost": "okres", "t_rok": 26.86, "odpady": [{"kod": "zvysky_z_taniera", "nazov": "Zvyšky z taniera", "kat": "20 01 08"}, {"kod": "nemocnicny_kuchynsky_odpad", "nazov": "Kuchynský odpad zo zdravotníckych a sociálnych zariadení", "kat": "20 01 08"}, {"kod": "gastro_fritovaci_olej", "nazov": "Použitý fritovací olej z gastroprevádzok", "kat": "20 01 25"}]}}, {"type": "Feature", "geometry": {"type": "Point", "coordinates": [17.727778, 48.191057]}, "properties": {"ico": "44452519", "nazov": "Nemocnica s poliklinikou Sv. Lukáša Galanta, a.s.", "obec": "Galanta", "okres": "Galanta", "kraj": "Trnavský", "typ": "nemocnica", "typ_nazov": "Nemocnica", "sektor": "Gastro a stravovacie zariadenia", "presnost": "obec", "t_rok": 26.86, "odpady": [{"kod": "zvysky_z_taniera", "nazov": "Zvyšky z taniera", "kat": "20 01 08"}, {"kod": "nemocnicny_kuchynsky_odpad", "nazov": "Kuchynský odpad zo zdravotníckych a sociálnych zariadení", "kat": "20 01 08"}, {"kod": "gastro_fritovaci_olej", "nazov": "Použitý fritovací olej z gastroprevádzok", "kat": "20 01 25"}]}}, {"type": "Feature", "geometry": {"type": "Point", "coordinates": [17.620142, 47.989309]}, "properties": {"ico": "44455356", "nazov": "Nemocnica s poliklinikou Dunajská Streda, a.s.", "obec": "Dunajská Streda", "okres": "Dunajská Streda", "kraj": "Trnavský", "typ": "nemocnica", "typ_nazov": "Nemocnica", "sektor": "Gastro a stravovacie zariadenia", "presnost": "obec", "t_rok": 26.86, "odpady": [{"kod": "zvysky_z_taniera", "nazov": "Zvyšky z taniera", "kat": "20 01 08"}, {"kod": "nemocnicny_kuchynsky_odpad", "nazov": "Kuchynský odpad zo zdravotníckych a sociálnych zariadení", "kat": "20 01 08"}, {"kod": "gastro_fritovaci_olej", "nazov": "Použitý fritovací olej z gastroprevádzok", "kat": "20 01 25"}]}}, {"type": "Feature", "geometry": {"type": "Point", "coordinates": [18.039372, 48.892358]}, "properties": {"ico": "44503296", "nazov": "Vinárstvo Kutaj s. r. o.", "obec": "Trenčín", "okres": "Trenčín", "kraj": "Trenčiansky", "typ": "vinarstvo", "typ_nazov": "Vinárstvo", "sektor": "Potravinárstvo a nápoje", "presnost": "obec", "t_rok": 0, "odpady": [{"kod": "hroznove_vylisky", "nazov": "Hroznové výlisky (matolina)", "kat": "02 07 04"}, {"kod": "vinne_kaly", "nazov": "Vínne kaly", "kat": "02 07 05"}, {"kod": "hroznove_stopky", "nazov": "Hroznové stopky (strapiny)", "kat": "02 07 01"}]}}, {"type": "Feature", "geometry": {"type": "Point", "coordinates": [20.379659, 49.01777]}, "properties": {"ico": "44559313", "nazov": "Pekáreň Hôrka, s.r.o.", "obec": "Hôrka", "okres": "Poprad", "kraj": "Prešovský", "typ": "pekaren", "typ_nazov": "Pekáreň", "sektor": "Potravinárstvo a nápoje", "presnost": "obec", "t_rok": 0, "odpady": [{"kod": "pekarenske_zvysky", "nazov": "Pekárenské zvyšky", "kat": "02 06 01"}, {"kod": "cestovinove_zvysky", "nazov": "Cestovinové a múčne zvyšky", "kat": "02 06 01"}]}}, {"type": "Feature", "geometry": {"type": "Point", "coordinates": [18.71486, 47.797831]}, "properties": {"ico": "44564350", "nazov": "Komunálne služby a odpadové hospodárstvo Štúrovo, s.r.o.", "obec": "Štúrovo", "okres": "Nové Zámky", "kraj": "Nitriansky", "typ": "odpadove_hospodarstvo", "typ_nazov": "Odpadové hospodárstvo", "sektor": "Komunálny a gastro bioodpad", "presnost": "obec", "t_rok": 0, "odpady": [{"kod": "bro_zahrady", "nazov": "Biologicky rozložiteľný odpad zo záhrad", "kat": "20 02 01"}, {"kod": "kuchynsky_odpad", "nazov": "Biologicky rozložiteľný kuchynský a reštauračný odpad", "kat": "20 01 08"}, {"kod": "jedle_oleje_pouzite", "nazov": "Použité jedlé oleje a tuky", "kat": "20 01 25"}, {"kod": "potraviny_po_dobe", "nazov": "Nepredané potraviny po dátume spotreby", "kat": "20 01 08"}, {"kod": "tuky_odlucovace", "nazov": "Tuky z odlučovačov", "kat": "19 08 09"}]}}, {"type": "Feature", "geometry": {"type": "Point", "coordinates": [18.324242, 49.123992]}, "properties": {"ico": "44565160", "nazov": "Správa nehnuteľností a technické služby, s. r. o.", "obec": "Púchov", "okres": "Púchov", "kraj": "Trenčiansky", "typ": "technicke_sluzby", "typ_nazov": "Technické služby mesta / obce", "sektor": "Komunálny a gastro bioodpad", "presnost": "obec", "t_rok": 0, "odpady": [{"kod": "travna_hmota_kosba", "nazov": "Trávna hmota z kosby verejnej zelene", "kat": "20 02 01"}, {"kod": "konare_stiepka", "nazov": "Konáre a drevná štiepka z údržby zelene", "kat": "20 02 01"}, {"kod": "listie", "nazov": "Lístie z verejnej zelene", "kat": "20 02 01"}, {"kod": "bro_zahrady", "nazov": "Biologicky rozložiteľný odpad zo záhrad", "kat": "20 02 01"}, {"kod": "odpad_trhoviska", "nazov": "Odpad z trhovísk", "kat": "20 03 02"}]}}, {"type": "Feature", "geometry": {"type": "Point", "coordinates": [17.109671, 48.153538]}, "properties": {"ico": "44570783", "nazov": "Univerzitná nemocnica - Nemocnica svätého Michala, a. s.", "obec": "Bratislava", "okres": "Bratislava I", "kraj": "Bratislavský", "typ": "nemocnica", "typ_nazov": "Nemocnica", "sektor": "Gastro a stravovacie zariadenia", "presnost": "obec", "t_rok": 26.86, "odpady": [{"kod": "zvysky_z_taniera", "nazov": "Zvyšky z taniera", "kat": "20 01 08"}, {"kod": "nemocnicny_kuchynsky_odpad", "nazov": "Kuchynský odpad zo zdravotníckych a sociálnych zariadení", "kat": "20 01 08"}, {"kod": "gastro_fritovaci_olej", "nazov": "Použitý fritovací olej z gastroprevádzok", "kat": "20 01 25"}]}}, {"type": "Feature", "geometry": {"type": "Point", "coordinates": [21.85, 48.733333]}, "properties": {"ico": "44580193", "nazov": "Pavol Mašlonka Mäso - údeniny", "obec": "Pozdišovce", "okres": "Michalovce", "kraj": "Košický", "typ": "masovyroba", "typ_nazov": "Mäsospracovanie", "sektor": "Potravinárstvo a nápoje", "presnost": "obec", "t_rok": 0, "odpady": [{"kod": "kostny_zvysok", "nazov": "Kosti a kostné zvyšky", "kat": "02 02 02"}, {"kod": "kozne_odrezky", "nazov": "Kožné odrezky a podkožný tuk", "kat": "02 02 02"}, {"kod": "masovy_flotacny_kal", "nazov": "Flotačný kal z mäsospracovania", "kat": "02 02 04"}, {"kod": "zvp_kat3", "nazov": "Živočíšne vedľajšie produkty kategórie 3", "kat": "02 02 02"}, {"kod": "technicky_zivocisny_tuk", "nazov": "Technický živočíšny tuk", "kat": "02 02 03"}, {"kod": "masokostna_mucka", "nazov": "Mäsokostná múčka", "kat": "02 02 02"}]}}, {"type": "Feature", "geometry": {"type": "Point", "coordinates": [17.521693, 47.9775]}, "properties": {"ico": "44581203", "nazov": "REŠTAURÁCIA VF, spol. s r.o.", "obec": "Lúč na Ostrove", "okres": "Dunajská Streda", "kraj": "Trnavský", "typ": "restauracia", "typ_nazov": "Reštaurácia", "sektor": "Gastro a stravovacie zariadenia", "presnost": "obec", "t_rok": 0, "odpady": [{"kod": "tuky_odlucovace", "nazov": "Tuky z odlučovačov", "kat": "19 08 09"}, {"kod": "zvysky_z_taniera", "nazov": "Zvyšky z taniera", "kat": "20 01 08"}, {"kod": "gastro_kuchynsky_odpad", "nazov": "Kuchynský odpad z reštaurácií a hotelov", "kat": "20 01 08"}, {"kod": "gastro_fritovaci_olej", "nazov": "Použitý fritovací olej z gastroprevádzok", "kat": "20 01 25"}, {"kod": "gastro_kavova_sedlina", "nazov": "Kávová sedlina z gastroprevádzok", "kat": "20 01 08"}]}}, {"type": "Feature", "geometry": {"type": "Point", "coordinates": [19.205632, 49.372578]}, "properties": {"ico": "44649045", "nazov": "Lesnianska vodárenská spoločnosť, s.r.o.", "obec": "Oravská Lesná", "okres": "Námestovo", "kraj": "Žilinský", "typ": "vodarenska", "typ_nazov": "Vodárenská spoločnosť (ČOV)", "sektor": "Komunálny a gastro bioodpad", "presnost": "obec", "t_rok": 0, "odpady": [{"kod": "cov_kal_komunalny", "nazov": "Kal z komunálnej ČOV", "kat": "19 08 05"}, {"kod": "tuky_odlucovace", "nazov": "Tuky z odlučovačov", "kat": "19 08 09"}]}}, {"type": "Feature", "geometry": {"type": "Point", "coordinates": [17.109671, 48.153538]}, "properties": {"ico": "44655525", "nazov": "Reštaurácia Rotoska s. r. o.", "obec": "Bratislava", "okres": "Bratislava I", "kraj": "Bratislavský", "typ": "restauracia", "typ_nazov": "Reštaurácia", "sektor": "Gastro a stravovacie zariadenia", "presnost": "obec", "t_rok": 0, "odpady": [{"kod": "tuky_odlucovace", "nazov": "Tuky z odlučovačov", "kat": "19 08 09"}, {"kod": "zvysky_z_taniera", "nazov": "Zvyšky z taniera", "kat": "20 01 08"}, {"kod": "gastro_kuchynsky_odpad", "nazov": "Kuchynský odpad z reštaurácií a hotelov", "kat": "20 01 08"}, {"kod": "gastro_fritovaci_olej", "nazov": "Použitý fritovací olej z gastroprevádzok", "kat": "20 01 25"}, {"kod": "gastro_kavova_sedlina", "nazov": "Kávová sedlina z gastroprevádzok", "kat": "20 01 08"}]}}, {"type": "Feature", "geometry": {"type": "Point", "coordinates": [21.383412, 49.183333]}, "properties": {"ico": "44696868", "nazov": "Kochanovská agromliekareň s.r.o.", "obec": "Kochanovce", "okres": "Bardejov", "kraj": "Prešovský", "typ": "mliekaren", "typ_nazov": "Mliekáreň", "sektor": "Potravinárstvo a nápoje", "presnost": "obec", "t_rok": 0, "odpady": [{"kod": "srvatka_sladka", "nazov": "Sladká srvátka", "kat": "02 05 01"}, {"kod": "srvatka_kysla", "nazov": "Kyslá srvátka", "kat": "02 05 01"}, {"kod": "srvatkovy_permeat", "nazov": "Srvátkový permeát", "kat": "02 05 01"}, {"kod": "cmar", "nazov": "Cmar", "kat": "02 05 01"}, {"kod": "mliekarensky_kal", "nazov": "Kal z mliekarenskej ČOV", "kat": "02 05 02"}]}}, {"type": "Feature", "geometry": {"type": "Point", "coordinates": [20.242744, 48.991455]}, "properties": {"ico": "44739753", "nazov": "JEDÁLEŇ - M.O., s.r.o.", "obec": "Spišské Bystré", "okres": "Poprad", "kraj": "Prešovský", "typ": "jedalen_zavodna", "typ_nazov": "Závodná a verejná jedáleň", "sektor": "Gastro a stravovacie zariadenia", "presnost": "obec", "t_rok": 0, "odpady": [{"kod": "tuky_odlucovace", "nazov": "Tuky z odlučovačov", "kat": "19 08 09"}, {"kod": "zvysky_z_taniera", "nazov": "Zvyšky z taniera", "kat": "20 01 08"}, {"kod": "gastro_kuchynsky_odpad", "nazov": "Kuchynský odpad z reštaurácií a hotelov", "kat": "20 01 08"}, {"kod": "gastro_fritovaci_olej", "nazov": "Použitý fritovací olej z gastroprevádzok", "kat": "20 01 25"}]}}, {"type": "Feature", "geometry": {"type": "Point", "coordinates": [17.348981, 48.066938]}, "properties": {"ico": "44744391", "nazov": "Pivovar HVEZDOŇ s.r.o.", "obec": "Hviezdoslavov", "okres": "Dunajská Streda", "kraj": "Trnavský", "typ": "pivovar", "typ_nazov": "Pivovar / minipivovar", "sektor": "Potravinárstvo a nápoje", "presnost": "obec", "t_rok": 0, "odpady": [{"kod": "pivovarske_mlato", "nazov": "Pivovarské mláto", "kat": "02 07 01"}, {"kod": "pivovarske_kvasnice", "nazov": "Pivovarské kvasnice", "kat": "02 07 05"}, {"kod": "chmelovy_mlat", "nazov": "Chmeľový mlát", "kat": "02 07 01"}, {"kod": "kremelinovy_kal", "nazov": "Kremelinový kal z filtrácie", "kat": "02 07 05"}]}}, {"type": "Feature", "geometry": {"type": "Point", "coordinates": [17.396776, 48.219641]}, "properties": {"ico": "44785933", "nazov": "Hotel Delfín, s. r. o.", "obec": "Senec", "okres": "Senec", "kraj": "Bratislavský", "typ": "hotel", "typ_nazov": "Hotel", "sektor": "Gastro a stravovacie zariadenia", "presnost": "obec", "t_rok": 0, "odpady": [{"kod": "bro_zahrady", "nazov": "Biologicky rozložiteľný odpad zo záhrad", "kat": "20 02 01"}, {"kod": "zvysky_z_taniera", "nazov": "Zvyšky z taniera", "kat": "20 01 08"}, {"kod": "gastro_kuchynsky_odpad", "nazov": "Kuchynský odpad z reštaurácií a hotelov", "kat": "20 01 08"}, {"kod": "gastro_fritovaci_olej", "nazov": "Použitý fritovací olej z gastroprevádzok", "kat": "20 01 25"}, {"kod": "gastro_kavova_sedlina", "nazov": "Kávová sedlina z gastroprevádzok", "kat": "20 01 08"}]}}, {"type": "Feature", "geometry": {"type": "Point", "coordinates": [17.948123, 48.866811]}, "properties": {"ico": "44826681", "nazov": "MENHERT Pekáreň, s. r. o.", "obec": "Chocholná-Velčice", "okres": "Trenčín", "kraj": "Trenčiansky", "typ": "pekaren", "typ_nazov": "Pekáreň", "sektor": "Potravinárstvo a nápoje", "presnost": "obec", "t_rok": 0, "odpady": [{"kod": "pekarenske_zvysky", "nazov": "Pekárenské zvyšky", "kat": "02 06 01"}, {"kod": "cestovinove_zvysky", "nazov": "Cestovinové a múčne zvyšky", "kat": "02 06 01"}]}}, {"type": "Feature", "geometry": {"type": "Point", "coordinates": [18.853646, 48.590505]}, "properties": {"ico": "44877315", "nazov": "Technické služby - Žiar nad Hronom, a.s.", "obec": "Žiar nad Hronom", "okres": "Žiar nad Hronom", "kraj": "Banskobystrický", "typ": "technicke_sluzby", "typ_nazov": "Technické služby mesta / obce", "sektor": "Komunálny a gastro bioodpad", "presnost": "obec", "t_rok": 0, "odpady": [{"kod": "travna_hmota_kosba", "nazov": "Trávna hmota z kosby verejnej zelene", "kat": "20 02 01"}, {"kod": "konare_stiepka", "nazov": "Konáre a drevná štiepka z údržby zelene", "kat": "20 02 01"}, {"kod": "listie", "nazov": "Lístie z verejnej zelene", "kat": "20 02 01"}, {"kod": "bro_zahrady", "nazov": "Biologicky rozložiteľný odpad zo záhrad", "kat": "20 02 01"}, {"kod": "odpad_trhoviska", "nazov": "Odpad z trhovísk", "kat": "20 03 02"}]}}, {"type": "Feature", "geometry": {"type": "Point", "coordinates": [21.933333, 48.75]}, "properties": {"ico": "44927380", "nazov": "Nemocnica s poliklinikou Štefana Kukuru Michalovce, a.s.", "obec": "Michalovce", "okres": "Michalovce", "kraj": "Košický", "typ": "nemocnica", "typ_nazov": "Nemocnica", "sektor": "Gastro a stravovacie zariadenia", "presnost": "obec", "t_rok": 26.86, "odpady": [{"kod": "zvysky_z_taniera", "nazov": "Zvyšky z taniera", "kat": "20 01 08"}, {"kod": "nemocnicny_kuchynsky_odpad", "nazov": "Kuchynský odpad zo zdravotníckych a sociálnych zariadení", "kat": "20 01 08"}, {"kod": "gastro_fritovaci_olej", "nazov": "Použitý fritovací olej z gastroprevádzok", "kat": "20 01 25"}]}}, {"type": "Feature", "geometry": {"type": "Point", "coordinates": [18.916667, 48.7]}, "properties": {"ico": "45024006", "nazov": "Súkromné gymnázium Kremnica", "obec": "Kremnica", "okres": "Žiar nad Hronom", "kraj": "Banskobystrický", "typ": "skola_stredna", "typ_nazov": "Stredná škola", "sektor": "Gastro a stravovacie zariadenia", "presnost": "obec", "t_rok": 1.56, "odpady": [{"kod": "bro_zahrady", "nazov": "Biologicky rozložiteľný odpad zo záhrad", "kat": "20 02 01"}, {"kod": "skolsky_kuchynsky_odpad", "nazov": "Kuchynský odpad zo školských jedální", "kat": "20 01 08"}, {"kod": "zvysky_z_taniera", "nazov": "Zvyšky z taniera", "kat": "20 01 08"}, {"kod": "gastro_fritovaci_olej", "nazov": "Použitý fritovací olej z gastroprevádzok", "kat": "20 01 25"}]}}, {"type": "Feature", "geometry": {"type": "Point", "coordinates": [21.816667, 48.95]}, "properties": {"ico": "45300950", "nazov": "HYDINA SLOVENSKO s.r.o.", "obec": "Lieskovec", "okres": "Humenné", "kraj": "Prešovský", "typ": "hydina", "typ_nazov": "Hydinárska prevádzka", "sektor": "Poľnohospodárstvo a chov", "presnost": "obec", "t_rok": 0, "odpady": [{"kod": "krv_bitunok", "nazov": "Krv z bitúnku", "kat": "02 02 03"}, {"kod": "perie", "nazov": "Perie z hydinových bitúnkov", "kat": "02 02 02"}, {"kod": "hydinovy_trus", "nazov": "Hydinový trus a podstielka", "kat": "02 01 06"}, {"kod": "kadavery", "nazov": "Uhynuté zvieratá (kadávery)", "kat": "02 01 02"}, {"kod": "zvp_kat3", "nazov": "Živočíšne vedľajšie produkty kategórie 3", "kat": "02 02 02"}, {"kod": "zvp_kat2", "nazov": "Živočíšne vedľajšie produkty kategórie 2", "kat": "02 02 02"}]}}, {"type": "Feature", "geometry": {"type": "Point", "coordinates": [18.09061, 48.31257]}, "properties": {"ico": "45301191", "nazov": "KRTKO BIOPLYN k.s.", "obec": "Nitra", "okres": "Nitra", "kraj": "Nitriansky", "typ": "bioplynova_stanica", "typ_nazov": "Bioplynová stanica", "sektor": "Komunálny a gastro bioodpad", "presnost": "obec", "t_rok": 0, "odpady": [{"kod": "kukuricne_korovie", "nazov": "Kukuričné kôrovie a stonky", "kat": "02 01 03"}, {"kod": "hnojovica_osipane", "nazov": "Hnojovica ošípaných", "kat": "02 01 06"}, {"kod": "digestat", "nazov": "Digestát z bioplynovej stanice", "kat": "19 06 06"}]}}, {"type": "Feature", "geometry": {"type": "Point", "coordinates": [17.457891, 48.051598]}, "properties": {"ico": "45318611", "nazov": "František Tóth - LUNI JEDÁLEŇ", "obec": "Lehnice", "okres": "Dunajská Streda", "kraj": "Trnavský", "typ": "jedalen_zavodna", "typ_nazov": "Závodná a verejná jedáleň", "sektor": "Gastro a stravovacie zariadenia", "presnost": "obec", "t_rok": 0, "odpady": [{"kod": "tuky_odlucovace", "nazov": "Tuky z odlučovačov", "kat": "19 08 09"}, {"kod": "zvysky_z_taniera", "nazov": "Zvyšky z taniera", "kat": "20 01 08"}, {"kod": "gastro_kuchynsky_odpad", "nazov": "Kuchynský odpad z reštaurácií a hotelov", "kat": "20 01 08"}, {"kod": "gastro_fritovaci_olej", "nazov": "Použitý fritovací olej z gastroprevádzok", "kat": "20 01 25"}]}}, {"type": "Feature", "geometry": {"type": "Point", "coordinates": [17.291732, 48.154124]}, "properties": {"ico": "45325464", "nazov": "VINÁRSTVO BK s. r. o.", "obec": "Malinovo", "okres": "Senec", "kraj": "Bratislavský", "typ": "vinarstvo", "typ_nazov": "Vinárstvo", "sektor": "Potravinárstvo a nápoje", "presnost": "obec", "t_rok": 0, "odpady": [{"kod": "hroznove_vylisky", "nazov": "Hroznové výlisky (matolina)", "kat": "02 07 04"}, {"kod": "vinne_kaly", "nazov": "Vínne kaly", "kat": "02 07 05"}, {"kod": "hroznove_stopky", "nazov": "Hroznové stopky (strapiny)", "kat": "02 07 01"}]}}, {"type": "Feature", "geometry": {"type": "Point", "coordinates": [21.65, 48.466667]}, "properties": {"ico": "45410992", "nazov": "Malé vinárstvo - Gočik s.r.o.", "obec": "Čerhov", "okres": "Trebišov", "kraj": "Košický", "typ": "vinarstvo", "typ_nazov": "Vinárstvo", "sektor": "Potravinárstvo a nápoje", "presnost": "obec", "t_rok": 0, "odpady": [{"kod": "hroznove_vylisky", "nazov": "Hroznové výlisky (matolina)", "kat": "02 07 04"}, {"kod": "vinne_kaly", "nazov": "Vínne kaly", "kat": "02 07 05"}, {"kod": "hroznove_stopky", "nazov": "Hroznové stopky (strapiny)", "kat": "02 07 01"}]}}, {"type": "Feature", "geometry": {"type": "Point", "coordinates": [18.539765, 48.714477]}, "properties": {"ico": "45422079", "nazov": "PK - AGRO DRUŽSTVO s.r.o.", "obec": "Nováky", "okres": "Prievidza", "kraj": "Trenčiansky", "typ": "agro", "typ_nazov": "Poľnohospodársky podnik", "sektor": "Poľnohospodárstvo a chov", "presnost": "obec", "t_rok": 0, "odpady": [{"kod": "slama_obilna", "nazov": "Obilná slama", "kat": "02 01 03"}, {"kod": "kukuricne_korovie", "nazov": "Kukuričné kôrovie a stonky", "kat": "02 01 03"}, {"kod": "repkova_slama", "nazov": "Repková slama", "kat": "02 01 03"}, {"kod": "travna_hmota_ttp", "nazov": "Trávna hmota z lúk a TTP", "kat": "02 01 03"}, {"kod": "odpad_cistenie_zrna", "nazov": "Odpad z čistenia a sušenia obilia", "kat": "02 01 03"}]}}, {"type": "Feature", "geometry": {"type": "Point", "coordinates": [17.109671, 48.153538]}, "properties": {"ico": "45428565", "nazov": "BIOPLYN BIEROVCE s. r. o.", "obec": "Bratislava - mestská časť Jarovce", "okres": "Bratislava I", "kraj": "Bratislavský", "typ": "bioplynova_stanica", "typ_nazov": "Bioplynová stanica", "sektor": "Komunálny a gastro bioodpad", "presnost": "obec_zaklad", "t_rok": 0, "odpady": [{"kod": "kukuricne_korovie", "nazov": "Kukuričné kôrovie a stonky", "kat": "02 01 03"}, {"kod": "hnojovica_osipane", "nazov": "Hnojovica ošípaných", "kat": "02 01 06"}, {"kod": "digestat", "nazov": "Digestát z bioplynovej stanice", "kat": "19 06 06"}]}}, {"type": "Feature", "geometry": {"type": "Point", "coordinates": [18.166661, 47.98334]}, "properties": {"ico": "45445176", "nazov": "Hotel Jantár Dudince s.r.o.", "obec": "Nové Zámky", "okres": "Nové Zámky", "kraj": "Nitriansky", "typ": "hotel", "typ_nazov": "Hotel", "sektor": "Gastro a stravovacie zariadenia", "presnost": "obec", "t_rok": 0, "odpady": [{"kod": "bro_zahrady", "nazov": "Biologicky rozložiteľný odpad zo záhrad", "kat": "20 02 01"}, {"kod": "zvysky_z_taniera", "nazov": "Zvyšky z taniera", "kat": "20 01 08"}, {"kod": "gastro_kuchynsky_odpad", "nazov": "Kuchynský odpad z reštaurácií a hotelov", "kat": "20 01 08"}, {"kod": "gastro_fritovaci_olej", "nazov": "Použitý fritovací olej z gastroprevádzok", "kat": "20 01 25"}, {"kod": "gastro_kavova_sedlina", "nazov": "Kávová sedlina z gastroprevádzok", "kat": "20 01 08"}]}}, {"type": "Feature", "geometry": {"type": "Point", "coordinates": [17.594315, 48.332228]}, "properties": {"ico": "45496293", "nazov": "Reštaurácia NA MLYNE, s.r.o.", "obec": "Zeleneč", "okres": "Trnava", "kraj": "Trnavský", "typ": "restauracia", "typ_nazov": "Reštaurácia", "sektor": "Gastro a stravovacie zariadenia", "presnost": "obec", "t_rok": 0, "odpady": [{"kod": "tuky_odlucovace", "nazov": "Tuky z odlučovačov", "kat": "19 08 09"}, {"kod": "zvysky_z_taniera", "nazov": "Zvyšky z taniera", "kat": "20 01 08"}, {"kod": "gastro_kuchynsky_odpad", "nazov": "Kuchynský odpad z reštaurácií a hotelov", "kat": "20 01 08"}, {"kod": "gastro_fritovaci_olej", "nazov": "Použitý fritovací olej z gastroprevádzok", "kat": "20 01 25"}, {"kod": "gastro_kavova_sedlina", "nazov": "Kávová sedlina z gastroprevádzok", "kat": "20 01 08"}]}}, {"type": "Feature", "geometry": {"type": "Point", "coordinates": [18.171, 48.992]}, "properties": {"ico": "45504377", "nazov": "Farma Kameničany s. r. o.", "obec": "Kameničany", "okres": "Ilava", "kraj": "Trenčiansky", "typ": "bioplynova_stanica", "typ_nazov": "Bioplynová stanica", "sektor": "Komunálny a gastro bioodpad", "presnost": "obec", "t_rok": 0, "odpady": [{"kod": "kukuricne_korovie", "nazov": "Kukuričné kôrovie a stonky", "kat": "02 01 03"}, {"kod": "hnojovica_osipane", "nazov": "Hnojovica ošípaných", "kat": "02 01 06"}, {"kod": "digestat", "nazov": "Digestát z bioplynovej stanice", "kat": "19 06 06"}]}}, {"type": "Feature", "geometry": {"type": "Point", "coordinates": [17.302281, 48.269892]}, "properties": {"ico": "45523797", "nazov": "Cintavý & Pisarčík Vinárstvo s.r.o.", "obec": "Viničné", "okres": "Pezinok", "kraj": "Bratislavský", "typ": "vinarstvo", "typ_nazov": "Vinárstvo", "sektor": "Potravinárstvo a nápoje", "presnost": "obec", "t_rok": 0, "odpady": [{"kod": "hroznove_vylisky", "nazov": "Hroznové výlisky (matolina)", "kat": "02 07 04"}, {"kod": "vinne_kaly", "nazov": "Vínne kaly", "kat": "02 07 05"}, {"kod": "hroznove_stopky", "nazov": "Hroznové stopky (strapiny)", "kat": "02 07 01"}]}}, {"type": "Feature", "geometry": {"type": "Point", "coordinates": [17.109671, 48.153538]}, "properties": {"ico": "45554846", "nazov": "Patrónsky pivovar, s. r. o.", "obec": "Bratislava", "okres": "Bratislava I", "kraj": "Bratislavský", "typ": "pivovar", "typ_nazov": "Pivovar / minipivovar", "sektor": "Potravinárstvo a nápoje", "presnost": "obec", "t_rok": 0, "odpady": [{"kod": "pivovarske_mlato", "nazov": "Pivovarské mláto", "kat": "02 07 01"}, {"kod": "pivovarske_kvasnice", "nazov": "Pivovarské kvasnice", "kat": "02 07 05"}, {"kod": "chmelovy_mlat", "nazov": "Chmeľový mlát", "kat": "02 07 01"}, {"kod": "kremelinovy_kal", "nazov": "Kremelinový kal z filtrácie", "kat": "02 07 05"}]}}, {"type": "Feature", "geometry": {"type": "Point", "coordinates": [20.976843, 48.711448]}, "properties": {"ico": "45579636", "nazov": "Píla RÚFUS, s.r.o.", "obec": "Poproč", "okres": "Košice - okolie", "kraj": "Košický", "typ": "pila", "typ_nazov": "Píla a drevospracovanie", "sektor": "Drevo, lesníctvo a ostatné", "presnost": "obec", "t_rok": 0, "odpady": [{"kod": "kora", "nazov": "Odpadová kôra", "kat": "03 01 01"}, {"kod": "piliny", "nazov": "Piliny a hobliny", "kat": "03 01 05"}, {"kod": "odrezky_dreva", "nazov": "Odrezky a drevný odpad", "kat": "03 01 05"}]}}, {"type": "Feature", "geometry": {"type": "Point", "coordinates": [19.128476, 48.576512]}, "properties": {"ico": "45594929", "nazov": "Nemocnica AGEL Zvolen a.s.", "obec": "Zvolen", "okres": "Zvolen", "kraj": "Banskobystrický", "typ": "nemocnica", "typ_nazov": "Nemocnica", "sektor": "Gastro a stravovacie zariadenia", "presnost": "obec", "t_rok": 26.86, "odpady": [{"kod": "zvysky_z_taniera", "nazov": "Zvyšky z taniera", "kat": "20 01 08"}, {"kod": "nemocnicny_kuchynsky_odpad", "nazov": "Kuchynský odpad zo zdravotníckych a sociálnych zariadení", "kat": "20 01 08"}, {"kod": "gastro_fritovaci_olej", "nazov": "Použitý fritovací olej z gastroprevádzok", "kat": "20 01 25"}]}}, {"type": "Feature", "geometry": {"type": "Point", "coordinates": [18.186834, 48.086106]}, "properties": {"ico": "45596824", "nazov": "Rybárova farma s.r.o.", "obec": "Šurany", "okres": "Nové Zámky", "kraj": "Nitriansky", "typ": "rybarstvo", "typ_nazov": "Rybárstvo a akvakultúra", "sektor": "Drevo, lesníctvo a ostatné", "presnost": "obec", "t_rok": 0, "odpady": [{"kod": "rybie_zvysky", "nazov": "Rybie hlavy, vnútornosti a kosti", "kat": "02 02 03"}, {"kod": "kal_akvakultura", "nazov": "Kal z akvakultúry", "kat": "02 01 01"}]}}, {"type": "Feature", "geometry": {"type": "Point", "coordinates": [17.112478, 48.140553]}, "properties": {"ico": "45623911", "nazov": "HOTEL SANUS s. r. o.", "obec": "Bratislava - mestská časť Staré Mesto", "okres": "Bratislava I", "kraj": "Bratislavský", "typ": "hotel", "typ_nazov": "Hotel", "sektor": "Gastro a stravovacie zariadenia", "presnost": "mestska_cast", "t_rok": 0, "odpady": [{"kod": "bro_zahrady", "nazov": "Biologicky rozložiteľný odpad zo záhrad", "kat": "20 02 01"}, {"kod": "zvysky_z_taniera", "nazov": "Zvyšky z taniera", "kat": "20 01 08"}, {"kod": "gastro_kuchynsky_odpad", "nazov": "Kuchynský odpad z reštaurácií a hotelov", "kat": "20 01 08"}, {"kod": "gastro_fritovaci_olej", "nazov": "Použitý fritovací olej z gastroprevádzok", "kat": "20 01 25"}, {"kod": "gastro_kavova_sedlina", "nazov": "Kávová sedlina z gastroprevádzok", "kat": "20 01 08"}]}}, {"type": "Feature", "geometry": {"type": "Point", "coordinates": [21.344284, 48.750798]}, "properties": {"ico": "45652198", "nazov": "Bioplyn Rozhanovce, s.r.o.", "obec": "Rozhanovce", "okres": "Košice - okolie", "kraj": "Košický", "typ": "bioplynova_stanica", "typ_nazov": "Bioplynová stanica", "sektor": "Komunálny a gastro bioodpad", "presnost": "obec", "t_rok": 0, "odpady": [{"kod": "kukuricne_korovie", "nazov": "Kukuričné kôrovie a stonky", "kat": "02 01 03"}, {"kod": "hnojovica_osipane", "nazov": "Hnojovica ošípaných", "kat": "02 01 06"}, {"kod": "digestat", "nazov": "Digestát z bioplynovej stanice", "kat": "19 06 06"}]}}, {"type": "Feature", "geometry": {"type": "Point", "coordinates": [18.166661, 47.98334]}, "properties": {"ico": "45689300", "nazov": "AB MÄSO s.r.o.", "obec": "Nové Zámky", "okres": "Nové Zámky", "kraj": "Nitriansky", "typ": "masovyroba", "typ_nazov": "Mäsospracovanie", "sektor": "Potravinárstvo a nápoje", "presnost": "obec", "t_rok": 0, "odpady": [{"kod": "kostny_zvysok", "nazov": "Kosti a kostné zvyšky", "kat": "02 02 02"}, {"kod": "kozne_odrezky", "nazov": "Kožné odrezky a podkožný tuk", "kat": "02 02 02"}, {"kod": "masovy_flotacny_kal", "nazov": "Flotačný kal z mäsospracovania", "kat": "02 02 04"}, {"kod": "zvp_kat3", "nazov": "Živočíšne vedľajšie produkty kategórie 3", "kat": "02 02 02"}, {"kod": "technicky_zivocisny_tuk", "nazov": "Technický živočíšny tuk", "kat": "02 02 03"}, {"kod": "masokostna_mucka", "nazov": "Mäsokostná múčka", "kat": "02 02 02"}]}}, {"type": "Feature", "geometry": {"type": "Point", "coordinates": [17.109671, 48.153538]}, "properties": {"ico": "45724776", "nazov": "BITÚNOK VESTENICE, s.r.o.", "obec": "Bratislava", "okres": "Bratislava I", "kraj": "Bratislavský", "typ": "bitunok", "typ_nazov": "Bitúnok", "sektor": "Potravinárstvo a nápoje", "presnost": "obec", "t_rok": 0, "odpady": [{"kod": "bachorovy_obsah", "nazov": "Obsah bachora a tráviaceho traktu", "kat": "02 02 04"}, {"kod": "krv_bitunok", "nazov": "Krv z bitúnku", "kat": "02 02 03"}, {"kod": "kostny_zvysok", "nazov": "Kosti a kostné zvyšky", "kat": "02 02 02"}, {"kod": "kozne_odrezky", "nazov": "Kožné odrezky a podkožný tuk", "kat": "02 02 02"}, {"kod": "masovy_flotacny_kal", "nazov": "Flotačný kal z mäsospracovania", "kat": "02 02 04"}, {"kod": "zvp_kat3", "nazov": "Živočíšne vedľajšie produkty kategórie 3", "kat": "02 02 02"}, {"kod": "zvp_kat2", "nazov": "Živočíšne vedľajšie produkty kategórie 2", "kat": "02 02 02"}, {"kod": "zvp_kat1", "nazov": "Živočíšne vedľajšie produkty kategórie 1", "kat": "02 01 02"}, {"kod": "technicky_zivocisny_tuk", "nazov": "Technický živočíšny tuk", "kat": "02 02 03"}]}}, {"type": "Feature", "geometry": {"type": "Point", "coordinates": [18.40107, 49.167563]}, "properties": {"ico": "45736774", "nazov": "Centrum sociálnych služieb – Riviéra, n. o.", "obec": "Udiča", "okres": "Považská Bystrica", "kraj": "Trenčiansky", "typ": "socialne_zariadenie", "typ_nazov": "Zariadenie sociálnych služieb", "sektor": "Gastro a stravovacie zariadenia", "presnost": "obec", "t_rok": 0, "odpady": [{"kod": "bro_zahrady", "nazov": "Biologicky rozložiteľný odpad zo záhrad", "kat": "20 02 01"}, {"kod": "zvysky_z_taniera", "nazov": "Zvyšky z taniera", "kat": "20 01 08"}, {"kod": "nemocnicny_kuchynsky_odpad", "nazov": "Kuchynský odpad zo zdravotníckych a sociálnych zariadení", "kat": "20 01 08"}]}}, {"type": "Feature", "geometry": {"type": "Point", "coordinates": [21.983333, 48.416667]}, "properties": {"ico": "45737967", "nazov": "Nemocnica s poliklinikou n.o. Kráľovský Chlmec", "obec": "Kráľovský Chlmec", "okres": "Trebišov", "kraj": "Košický", "typ": "nemocnica", "typ_nazov": "Nemocnica", "sektor": "Gastro a stravovacie zariadenia", "presnost": "obec", "t_rok": 26.86, "odpady": [{"kod": "zvysky_z_taniera", "nazov": "Zvyšky z taniera", "kat": "20 01 08"}, {"kod": "nemocnicny_kuchynsky_odpad", "nazov": "Kuchynský odpad zo zdravotníckych a sociálnych zariadení", "kat": "20 01 08"}, {"kod": "gastro_fritovaci_olej", "nazov": "Použitý fritovací olej z gastroprevádzok", "kat": "20 01 25"}]}}, {"type": "Feature", "geometry": {"type": "Point", "coordinates": [18.176052, 48.559116]}, "properties": {"ico": "45738319", "nazov": "Zariadenie pre seniorov Komfort n.o.", "obec": "Topoľčany", "okres": "Topoľčany", "kraj": "Nitriansky", "typ": "socialne_zariadenie", "typ_nazov": "Zariadenie sociálnych služieb", "sektor": "Gastro a stravovacie zariadenia", "presnost": "obec", "t_rok": 0, "odpady": [{"kod": "bro_zahrady", "nazov": "Biologicky rozložiteľný odpad zo záhrad", "kat": "20 02 01"}, {"kod": "zvysky_z_taniera", "nazov": "Zvyšky z taniera", "kat": "20 01 08"}, {"kod": "nemocnicny_kuchynsky_odpad", "nazov": "Kuchynský odpad zo zdravotníckych a sociálnych zariadení", "kat": "20 01 08"}]}}, {"type": "Feature", "geometry": {"type": "Point", "coordinates": [21.720171, 48.628622]}, "properties": {"ico": "45740020", "nazov": "Nemocnica s poliklinikou Trebišov, n.o.", "obec": "Trebišov", "okres": "Trebišov", "kraj": "Košický", "typ": "nemocnica", "typ_nazov": "Nemocnica", "sektor": "Gastro a stravovacie zariadenia", "presnost": "obec", "t_rok": 26.86, "odpady": [{"kod": "zvysky_z_taniera", "nazov": "Zvyšky z taniera", "kat": "20 01 08"}, {"kod": "nemocnicny_kuchynsky_odpad", "nazov": "Kuchynský odpad zo zdravotníckych a sociálnych zariadení", "kat": "20 01 08"}, {"kod": "gastro_fritovaci_olej", "nazov": "Použitý fritovací olej z gastroprevádzok", "kat": "20 01 25"}]}}, {"type": "Feature", "geometry": {"type": "Point", "coordinates": [18.20814, 47.923548]}, "properties": {"ico": "45740071", "nazov": "Centrum sociálnych služieb - MARGARÉTA n.o.", "obec": "Bajč", "okres": "Komárno", "kraj": "Nitriansky", "typ": "socialne_zariadenie", "typ_nazov": "Zariadenie sociálnych služieb", "sektor": "Gastro a stravovacie zariadenia", "presnost": "obec", "t_rok": 0, "odpady": [{"kod": "bro_zahrady", "nazov": "Biologicky rozložiteľný odpad zo záhrad", "kat": "20 02 01"}, {"kod": "zvysky_z_taniera", "nazov": "Zvyšky z taniera", "kat": "20 01 08"}, {"kod": "nemocnicny_kuchynsky_odpad", "nazov": "Kuchynský odpad zo zdravotníckych a sociálnych zariadení", "kat": "20 01 08"}]}}, {"type": "Feature", "geometry": {"type": "Point", "coordinates": [21.651153, 49.202387]}, "properties": {"ico": "45741638", "nazov": "Špecializované centrum sociálnych služieb Stropkov, n.o.", "obec": "Stropkov", "okres": "Stropkov", "kraj": "Prešovský", "typ": "socialne_zariadenie", "typ_nazov": "Zariadenie sociálnych služieb", "sektor": "Gastro a stravovacie zariadenia", "presnost": "obec", "t_rok": 0, "odpady": [{"kod": "bro_zahrady", "nazov": "Biologicky rozložiteľný odpad zo záhrad", "kat": "20 02 01"}, {"kod": "zvysky_z_taniera", "nazov": "Zvyšky z taniera", "kat": "20 01 08"}, {"kod": "nemocnicny_kuchynsky_odpad", "nazov": "Kuchynský odpad zo zdravotníckych a sociálnych zariadení", "kat": "20 01 08"}]}}, {"type": "Feature", "geometry": {"type": "Point", "coordinates": [20.466667, 49.0]}, "properties": {"ico": "45743118", "nazov": "Centrum sociálnych služieb Spišský Štvrtok, n.o.", "obec": "Spišský Štvrtok", "okres": "Levoča", "kraj": "Prešovský", "typ": "socialne_zariadenie", "typ_nazov": "Zariadenie sociálnych služieb", "sektor": "Gastro a stravovacie zariadenia", "presnost": "obec", "t_rok": 0, "odpady": [{"kod": "bro_zahrady", "nazov": "Biologicky rozložiteľný odpad zo záhrad", "kat": "20 02 01"}, {"kod": "zvysky_z_taniera", "nazov": "Zvyšky z taniera", "kat": "20 01 08"}, {"kod": "nemocnicny_kuchynsky_odpad", "nazov": "Kuchynský odpad zo zdravotníckych a sociálnych zariadení", "kat": "20 01 08"}]}}, {"type": "Feature", "geometry": {"type": "Point", "coordinates": [21.433333, 48.95]}, "properties": {"ico": "45744114", "nazov": "Lekno - Centrum sociálnych služieb, n.o.", "obec": "Zlatá Baňa", "okres": "Prešov", "kraj": "Prešovský", "typ": "socialne_zariadenie", "typ_nazov": "Zariadenie sociálnych služieb", "sektor": "Gastro a stravovacie zariadenia", "presnost": "obec", "t_rok": 0, "odpady": [{"kod": "bro_zahrady", "nazov": "Biologicky rozložiteľný odpad zo záhrad", "kat": "20 02 01"}, {"kod": "zvysky_z_taniera", "nazov": "Zvyšky z taniera", "kat": "20 01 08"}, {"kod": "nemocnicny_kuchynsky_odpad", "nazov": "Kuchynský odpad zo zdravotníckych a sociálnych zariadení", "kat": "20 01 08"}]}}, {"type": "Feature", "geometry": {"type": "Point", "coordinates": [17.586718, 48.37729]}, "properties": {"ico": "45744211", "nazov": "Centrum SENIOR, n. o.", "obec": "Trnava", "okres": "Trnava", "kraj": "Trnavský", "typ": "socialne_zariadenie", "typ_nazov": "Zariadenie sociálnych služieb", "sektor": "Gastro a stravovacie zariadenia", "presnost": "obec", "t_rok": 0, "odpady": [{"kod": "bro_zahrady", "nazov": "Biologicky rozložiteľný odpad zo záhrad", "kat": "20 02 01"}, {"kod": "zvysky_z_taniera", "nazov": "Zvyšky z taniera", "kat": "20 01 08"}, {"kod": "nemocnicny_kuchynsky_odpad", "nazov": "Kuchynský odpad zo zdravotníckych a sociálnych zariadení", "kat": "20 01 08"}]}}, {"type": "Feature", "geometry": {"type": "Point", "coordinates": [18.405095, 47.760018]}, "properties": {"ico": "45747458", "nazov": "Rozmarín, n.o.", "obec": "Moča", "okres": "Komárno", "kraj": "Nitriansky", "typ": "socialne_zariadenie", "typ_nazov": "Zariadenie sociálnych služieb", "sektor": "Gastro a stravovacie zariadenia", "presnost": "obec", "t_rok": 0, "odpady": [{"kod": "bro_zahrady", "nazov": "Biologicky rozložiteľný odpad zo záhrad", "kat": "20 02 01"}, {"kod": "zvysky_z_taniera", "nazov": "Zvyšky z taniera", "kat": "20 01 08"}, {"kod": "nemocnicny_kuchynsky_odpad", "nazov": "Kuchynský odpad zo zdravotníckych a sociálnych zariadení", "kat": "20 01 08"}]}}, {"type": "Feature", "geometry": {"type": "Point", "coordinates": [22.100003, 48.433335]}, "properties": {"ico": "45791775", "nazov": "Centrum sociálnych služieb Balog Mikuláš Č.N.T.", "obec": "Čierna nad Tisou", "okres": "Trebišov", "kraj": "Košický", "typ": "socialne_zariadenie", "typ_nazov": "Zariadenie sociálnych služieb", "sektor": "Gastro a stravovacie zariadenia", "presnost": "obec", "t_rok": 0, "odpady": [{"kod": "bro_zahrady", "nazov": "Biologicky rozložiteľný odpad zo záhrad", "kat": "20 02 01"}, {"kod": "zvysky_z_taniera", "nazov": "Zvyšky z taniera", "kat": "20 01 08"}, {"kod": "nemocnicny_kuchynsky_odpad", "nazov": "Kuchynský odpad zo zdravotníckych a sociálnych zariadení", "kat": "20 01 08"}]}}, {"type": "Feature", "geometry": {"type": "Point", "coordinates": [18.324242, 49.123992]}, "properties": {"ico": "45848777", "nazov": "ALEXANDRA ŠPORT HOTEL, s. r. o.", "obec": "Púchov", "okres": "Púchov", "kraj": "Trenčiansky", "typ": "hotel", "typ_nazov": "Hotel", "sektor": "Gastro a stravovacie zariadenia", "presnost": "obec", "t_rok": 0, "odpady": [{"kod": "bro_zahrady", "nazov": "Biologicky rozložiteľný odpad zo záhrad", "kat": "20 02 01"}, {"kod": "zvysky_z_taniera", "nazov": "Zvyšky z taniera", "kat": "20 01 08"}, {"kod": "gastro_kuchynsky_odpad", "nazov": "Kuchynský odpad z reštaurácií a hotelov", "kat": "20 01 08"}, {"kod": "gastro_fritovaci_olej", "nazov": "Použitý fritovací olej z gastroprevádzok", "kat": "20 01 25"}, {"kod": "gastro_kavova_sedlina", "nazov": "Kávová sedlina z gastroprevádzok", "kat": "20 01 08"}]}}, {"type": "Feature", "geometry": {"type": "Point", "coordinates": [17.710276, 48.164293]}, "properties": {"ico": "45854891", "nazov": "Slobodné vinárstvo, s.r.o.", "obec": "Zemianske Sady", "okres": "Galanta", "kraj": "Trnavský", "typ": "vinarstvo", "typ_nazov": "Vinárstvo", "sektor": "Potravinárstvo a nápoje", "presnost": "okres", "t_rok": 0, "odpady": [{"kod": "hroznove_vylisky", "nazov": "Hroznové výlisky (matolina)", "kat": "02 07 04"}, {"kod": "vinne_kaly", "nazov": "Vínne kaly", "kat": "02 07 05"}, {"kod": "hroznove_stopky", "nazov": "Hroznové stopky (strapiny)", "kat": "02 07 01"}]}}, {"type": "Feature", "geometry": {"type": "Point", "coordinates": [18.124239, 48.552617]}, "properties": {"ico": "45858161", "nazov": "Hotel Piešťany s.r.o.", "obec": "Nemčice", "okres": "Topoľčany", "kraj": "Nitriansky", "typ": "hotel", "typ_nazov": "Hotel", "sektor": "Gastro a stravovacie zariadenia", "presnost": "obec", "t_rok": 0, "odpady": [{"kod": "bro_zahrady", "nazov": "Biologicky rozložiteľný odpad zo záhrad", "kat": "20 02 01"}, {"kod": "zvysky_z_taniera", "nazov": "Zvyšky z taniera", "kat": "20 01 08"}, {"kod": "gastro_kuchynsky_odpad", "nazov": "Kuchynský odpad z reštaurácií a hotelov", "kat": "20 01 08"}, {"kod": "gastro_fritovaci_olej", "nazov": "Použitý fritovací olej z gastroprevádzok", "kat": "20 01 25"}, {"kod": "gastro_kavova_sedlina", "nazov": "Kávová sedlina z gastroprevádzok", "kat": "20 01 08"}]}}, {"type": "Feature", "geometry": {"type": "Point", "coordinates": [18.467408, 48.072466]}, "properties": {"ico": "45881278", "nazov": "AGRO - MEDVECKÉ, s.r.o.", "obec": "Plavé Vozokany", "okres": "Levice", "kraj": "Nitriansky", "typ": "agro", "typ_nazov": "Poľnohospodársky podnik", "sektor": "Poľnohospodárstvo a chov", "presnost": "obec", "t_rok": 0, "odpady": [{"kod": "slama_obilna", "nazov": "Obilná slama", "kat": "02 01 03"}, {"kod": "kukuricne_korovie", "nazov": "Kukuričné kôrovie a stonky", "kat": "02 01 03"}, {"kod": "repkova_slama", "nazov": "Repková slama", "kat": "02 01 03"}, {"kod": "travna_hmota_ttp", "nazov": "Trávna hmota z lúk a TTP", "kat": "02 01 03"}, {"kod": "odpad_cistenie_zrna", "nazov": "Odpad z čistenia a sušenia obilia", "kat": "02 01 03"}]}}, {"type": "Feature", "geometry": {"type": "Point", "coordinates": [18.416667, 47.9]}, "properties": {"ico": "45896453", "nazov": "Kasnyik rodinné vinárstvo s.r.o.", "obec": "Strekov", "okres": "Nové Zámky", "kraj": "Nitriansky", "typ": "vinarstvo", "typ_nazov": "Vinárstvo", "sektor": "Potravinárstvo a nápoje", "presnost": "obec", "t_rok": 0, "odpady": [{"kod": "hroznove_vylisky", "nazov": "Hroznové výlisky (matolina)", "kat": "02 07 04"}, {"kod": "vinne_kaly", "nazov": "Vínne kaly", "kat": "02 07 05"}, {"kod": "hroznove_stopky", "nazov": "Hroznové stopky (strapiny)", "kat": "02 07 01"}]}}, {"type": "Feature", "geometry": {"type": "Point", "coordinates": [21.90314, 48.934603]}, "properties": {"ico": "45904243", "nazov": "Reštaurácia SLOVAKIA s.r.o.", "obec": "Humenné", "okres": "Humenné", "kraj": "Prešovský", "typ": "restauracia", "typ_nazov": "Reštaurácia", "sektor": "Gastro a stravovacie zariadenia", "presnost": "obec", "t_rok": 0, "odpady": [{"kod": "tuky_odlucovace", "nazov": "Tuky z odlučovačov", "kat": "19 08 09"}, {"kod": "zvysky_z_taniera", "nazov": "Zvyšky z taniera", "kat": "20 01 08"}, {"kod": "gastro_kuchynsky_odpad", "nazov": "Kuchynský odpad z reštaurácií a hotelov", "kat": "20 01 08"}, {"kod": "gastro_fritovaci_olej", "nazov": "Použitý fritovací olej z gastroprevádzok", "kat": "20 01 25"}, {"kod": "gastro_kavova_sedlina", "nazov": "Kávová sedlina z gastroprevádzok", "kat": "20 01 08"}]}}, {"type": "Feature", "geometry": {"type": "Point", "coordinates": [17.830386, 48.763325]}, "properties": {"ico": "45906688", "nazov": "SESSEL FARMA s. r. o.", "obec": "Nové Mesto nad Váhom", "okres": "Nové Mesto nad Váhom", "kraj": "Trenčiansky", "typ": "farma", "typ_nazov": "Živočíšna farma", "sektor": "Poľnohospodárstvo a chov", "presnost": "obec", "t_rok": 0, "odpady": [{"kod": "travna_hmota_ttp", "nazov": "Trávna hmota z lúk a TTP", "kat": "02 01 03"}, {"kod": "hnoj_hovadzi", "nazov": "Maštaľný hnoj hovädzí", "kat": "02 01 06"}, {"kod": "hnojovica_osipane", "nazov": "Hnojovica ošípaných", "kat": "02 01 06"}, {"kod": "ovciarsky_hnoj", "nazov": "Ovčí a kozí hnoj", "kat": "02 01 06"}, {"kod": "kadavery", "nazov": "Uhynuté zvieratá (kadávery)", "kat": "02 01 02"}]}}, {"type": "Feature", "geometry": {"type": "Point", "coordinates": [17.821604, 48.589897]}, "properties": {"ico": "45940151", "nazov": "Reštaurácia DAMI, s. r. o.", "obec": "Piešťany", "okres": "Piešťany", "kraj": "Trnavský", "typ": "restauracia", "typ_nazov": "Reštaurácia", "sektor": "Gastro a stravovacie zariadenia", "presnost": "obec", "t_rok": 0, "odpady": [{"kod": "tuky_odlucovace", "nazov": "Tuky z odlučovačov", "kat": "19 08 09"}, {"kod": "zvysky_z_taniera", "nazov": "Zvyšky z taniera", "kat": "20 01 08"}, {"kod": "gastro_kuchynsky_odpad", "nazov": "Kuchynský odpad z reštaurácií a hotelov", "kat": "20 01 08"}, {"kod": "gastro_fritovaci_olej", "nazov": "Použitý fritovací olej z gastroprevádzok", "kat": "20 01 25"}, {"kod": "gastro_kavova_sedlina", "nazov": "Kávová sedlina z gastroprevádzok", "kat": "20 01 08"}]}}, {"type": "Feature", "geometry": {"type": "Point", "coordinates": [18.782, 48.12704]}, "properties": {"ico": "45941700", "nazov": "I. Bioplynová elektráreň s.r.o.", "obec": "Demandice", "okres": "Levice", "kraj": "Nitriansky", "typ": "bioplynova_stanica", "typ_nazov": "Bioplynová stanica", "sektor": "Komunálny a gastro bioodpad", "presnost": "obec", "t_rok": 0, "odpady": [{"kod": "kukuricne_korovie", "nazov": "Kukuričné kôrovie a stonky", "kat": "02 01 03"}, {"kod": "hnojovica_osipane", "nazov": "Hnojovica ošípaných", "kat": "02 01 06"}, {"kod": "digestat", "nazov": "Digestát z bioplynovej stanice", "kat": "19 06 06"}]}}, {"type": "Feature", "geometry": {"type": "Point", "coordinates": [19.35296, 48.189639]}, "properties": {"ico": "45955182", "nazov": "Jedáleň s.r.o.", "obec": "Malý Krtíš", "okres": "Veľký Krtíš", "kraj": "Banskobystrický", "typ": "jedalen_zavodna", "typ_nazov": "Závodná a verejná jedáleň", "sektor": "Gastro a stravovacie zariadenia", "presnost": "obec", "t_rok": 0, "odpady": [{"kod": "tuky_odlucovace", "nazov": "Tuky z odlučovačov", "kat": "19 08 09"}, {"kod": "zvysky_z_taniera", "nazov": "Zvyšky z taniera", "kat": "20 01 08"}, {"kod": "gastro_kuchynsky_odpad", "nazov": "Kuchynský odpad z reštaurácií a hotelov", "kat": "20 01 08"}, {"kod": "gastro_fritovaci_olej", "nazov": "Použitý fritovací olej z gastroprevádzok", "kat": "20 01 25"}]}}, {"type": "Feature", "geometry": {"type": "Point", "coordinates": [18.129917, 47.757388]}, "properties": {"ico": "45981353", "nazov": "Ing. Július Beke - MÄSO-ÚDENINY", "obec": "Komárno", "okres": "Komárno", "kraj": "Nitriansky", "typ": "masovyroba", "typ_nazov": "Mäsospracovanie", "sektor": "Potravinárstvo a nápoje", "presnost": "obec", "t_rok": 0, "odpady": [{"kod": "kostny_zvysok", "nazov": "Kosti a kostné zvyšky", "kat": "02 02 02"}, {"kod": "kozne_odrezky", "nazov": "Kožné odrezky a podkožný tuk", "kat": "02 02 02"}, {"kod": "masovy_flotacny_kal", "nazov": "Flotačný kal z mäsospracovania", "kat": "02 02 04"}, {"kod": "zvp_kat3", "nazov": "Živočíšne vedľajšie produkty kategórie 3", "kat": "02 02 02"}, {"kod": "technicky_zivocisny_tuk", "nazov": "Technický živočíšny tuk", "kat": "02 02 03"}, {"kod": "masokostna_mucka", "nazov": "Mäsokostná múčka", "kat": "02 02 02"}]}}, {"type": "Feature", "geometry": {"type": "Point", "coordinates": [18.09061, 48.31257]}, "properties": {"ico": "45992240", "nazov": "Stará Pekáreň, s.r.o.", "obec": "Nitra", "okres": "Nitra", "kraj": "Nitriansky", "typ": "pekaren", "typ_nazov": "Pekáreň", "sektor": "Potravinárstvo a nápoje", "presnost": "obec", "t_rok": 0, "odpady": [{"kod": "pekarenske_zvysky", "nazov": "Pekárenské zvyšky", "kat": "02 06 01"}, {"kod": "cestovinove_zvysky", "nazov": "Cestovinové a múčne zvyšky", "kat": "02 06 01"}]}}, {"type": "Feature", "geometry": {"type": "Point", "coordinates": [21.573643, 49.308408]}, "properties": {"ico": "45999848", "nazov": "Svidnícka nemocnica s poliklinikou Dr. Jozefa Žáka, s.r.o.", "obec": "Svidník", "okres": "Svidník", "kraj": "Prešovský", "typ": "nemocnica", "typ_nazov": "Nemocnica", "sektor": "Gastro a stravovacie zariadenia", "presnost": "obec", "t_rok": 26.86, "odpady": [{"kod": "zvysky_z_taniera", "nazov": "Zvyšky z taniera", "kat": "20 01 08"}, {"kod": "nemocnicny_kuchynsky_odpad", "nazov": "Kuchynský odpad zo zdravotníckych a sociálnych zariadení", "kat": "20 01 08"}, {"kod": "gastro_fritovaci_olej", "nazov": "Použitý fritovací olej z gastroprevádzok", "kat": "20 01 25"}]}}, {"type": "Feature", "geometry": {"type": "Point", "coordinates": [17.926194, 48.151216]}, "properties": {"ico": "46035851", "nazov": "A.I.FARMA, s.r.o.", "obec": "Trnovec nad Váhom", "okres": "Šaľa", "kraj": "Nitriansky", "typ": "farma", "typ_nazov": "Živočíšna farma", "sektor": "Poľnohospodárstvo a chov", "presnost": "obec", "t_rok": 0, "odpady": [{"kod": "travna_hmota_ttp", "nazov": "Trávna hmota z lúk a TTP", "kat": "02 01 03"}, {"kod": "hnoj_hovadzi", "nazov": "Maštaľný hnoj hovädzí", "kat": "02 01 06"}, {"kod": "hnojovica_osipane", "nazov": "Hnojovica ošípaných", "kat": "02 01 06"}, {"kod": "ovciarsky_hnoj", "nazov": "Ovčí a kozí hnoj", "kat": "02 01 06"}, {"kod": "kadavery", "nazov": "Uhynuté zvieratá (kadávery)", "kat": "02 01 02"}]}}, {"type": "Feature", "geometry": {"type": "Point", "coordinates": [19.814002, 48.861528]}, "properties": {"ico": "46132651", "nazov": "Bioplynová Elektráreň Bacúch, s. r. o.", "obec": "Bacúch", "okres": "Brezno", "kraj": "Banskobystrický", "typ": "bioplynova_stanica", "typ_nazov": "Bioplynová stanica", "sektor": "Komunálny a gastro bioodpad", "presnost": "obec", "t_rok": 0, "odpady": [{"kod": "kukuricne_korovie", "nazov": "Kukuričné kôrovie a stonky", "kat": "02 01 03"}, {"kod": "hnojovica_osipane", "nazov": "Hnojovica ošípaných", "kat": "02 01 06"}, {"kod": "digestat", "nazov": "Digestát z bioplynovej stanice", "kat": "19 06 06"}]}}, {"type": "Feature", "geometry": {"type": "Point", "coordinates": [19.411609, 48.544384]}, "properties": {"ico": "46163409", "nazov": "AGROPARTNER, s.r.o.", "obec": "Detva", "okres": "Detva", "kraj": "Banskobystrický", "typ": "bioplynova_stanica", "typ_nazov": "Bioplynová stanica", "sektor": "Komunálny a gastro bioodpad", "presnost": "obec", "t_rok": 0, "odpady": [{"kod": "kukuricne_korovie", "nazov": "Kukuričné kôrovie a stonky", "kat": "02 01 03"}, {"kod": "hnojovica_osipane", "nazov": "Hnojovica ošípaných", "kat": "02 01 06"}, {"kod": "digestat", "nazov": "Digestát z bioplynovej stanice", "kat": "19 06 06"}]}}, {"type": "Feature", "geometry": {"type": "Point", "coordinates": [17.4, 48.483333]}, "properties": {"ico": "46169776", "nazov": "Bioplyn Naháč, s.r.o.", "obec": "Lošonec", "okres": "Trnava", "kraj": "Trnavský", "typ": "bioplynova_stanica", "typ_nazov": "Bioplynová stanica", "sektor": "Komunálny a gastro bioodpad", "presnost": "obec", "t_rok": 0, "odpady": [{"kod": "kukuricne_korovie", "nazov": "Kukuričné kôrovie a stonky", "kat": "02 01 03"}, {"kod": "hnojovica_osipane", "nazov": "Hnojovica ošípaných", "kat": "02 01 06"}, {"kod": "digestat", "nazov": "Digestát z bioplynovej stanice", "kat": "19 06 06"}]}}, {"type": "Feature", "geometry": {"type": "Point", "coordinates": [17.765415, 48.444113]}, "properties": {"ico": "46177175", "nazov": "Svijany Slovakia, s.r.o.", "obec": "Leopoldov", "okres": "Hlohovec", "kraj": "Trnavský", "typ": "pivovar", "typ_nazov": "Pivovar / minipivovar", "sektor": "Potravinárstvo a nápoje", "presnost": "obec", "t_rok": 0, "odpady": [{"kod": "pivovarske_mlato", "nazov": "Pivovarské mláto", "kat": "02 07 01"}, {"kod": "pivovarske_kvasnice", "nazov": "Pivovarské kvasnice", "kat": "02 07 05"}, {"kod": "chmelovy_mlat", "nazov": "Chmeľový mlát", "kat": "02 07 01"}, {"kod": "kremelinovy_kal", "nazov": "Kremelinový kal z filtrácie", "kat": "02 07 05"}]}}, {"type": "Feature", "geometry": {"type": "Point", "coordinates": [21.683333, 48.983333]}, "properties": {"ico": "46193154", "nazov": "EKOTES s.r.o.", "obec": "Kvakovce", "okres": "Vranov nad Topľou", "kraj": "Prešovský", "typ": "odpadove_hospodarstvo", "typ_nazov": "Odpadové hospodárstvo", "sektor": "Komunálny a gastro bioodpad", "presnost": "obec", "t_rok": 0, "odpady": [{"kod": "bro_zahrady", "nazov": "Biologicky rozložiteľný odpad zo záhrad", "kat": "20 02 01"}, {"kod": "kuchynsky_odpad", "nazov": "Biologicky rozložiteľný kuchynský a reštauračný odpad", "kat": "20 01 08"}, {"kod": "jedle_oleje_pouzite", "nazov": "Použité jedlé oleje a tuky", "kat": "20 01 25"}, {"kod": "potraviny_po_dobe", "nazov": "Nepredané potraviny po dátume spotreby", "kat": "20 01 08"}, {"kod": "tuky_odlucovace", "nazov": "Tuky z odlučovačov", "kat": "19 08 09"}]}}, {"type": "Feature", "geometry": {"type": "Point", "coordinates": [18.89834, 48.183939]}, "properties": {"ico": "46205799", "nazov": "Píla Terany, s.r.o.", "obec": "Terany", "okres": "Krupina", "kraj": "Banskobystrický", "typ": "pila", "typ_nazov": "Píla a drevospracovanie", "sektor": "Drevo, lesníctvo a ostatné", "presnost": "obec", "t_rok": 0, "odpady": [{"kod": "kora", "nazov": "Odpadová kôra", "kat": "03 01 01"}, {"kod": "piliny", "nazov": "Piliny a hobliny", "kat": "03 01 05"}, {"kod": "odrezky_dreva", "nazov": "Odrezky a drevný odpad", "kat": "03 01 05"}]}}, {"type": "Feature", "geometry": {"type": "Point", "coordinates": [19.302965, 49.08187]}, "properties": {"ico": "46210164", "nazov": "SJ - MÄSOPRODUKT, s. r. o.", "obec": "Ružomberok", "okres": "Ružomberok", "kraj": "Žilinský", "typ": "masovyroba", "typ_nazov": "Mäsospracovanie", "sektor": "Potravinárstvo a nápoje", "presnost": "obec", "t_rok": 0, "odpady": [{"kod": "kostny_zvysok", "nazov": "Kosti a kostné zvyšky", "kat": "02 02 02"}, {"kod": "kozne_odrezky", "nazov": "Kožné odrezky a podkožný tuk", "kat": "02 02 02"}, {"kod": "masovy_flotacny_kal", "nazov": "Flotačný kal z mäsospracovania", "kat": "02 02 04"}, {"kod": "zvp_kat3", "nazov": "Živočíšne vedľajšie produkty kategórie 3", "kat": "02 02 02"}, {"kod": "technicky_zivocisny_tuk", "nazov": "Technický živočíšny tuk", "kat": "02 02 03"}, {"kod": "masokostna_mucka", "nazov": "Mäsokostná múčka", "kat": "02 02 02"}]}}, {"type": "Feature", "geometry": {"type": "Point", "coordinates": [19.435844, 49.390418]}, "properties": {"ico": "46251308", "nazov": "Erika Kubicová reštaurácia Magura, s.r.o.", "obec": "Oravská Jasenica", "okres": "Námestovo", "kraj": "Žilinský", "typ": "restauracia", "typ_nazov": "Reštaurácia", "sektor": "Gastro a stravovacie zariadenia", "presnost": "obec", "t_rok": 0, "odpady": [{"kod": "tuky_odlucovace", "nazov": "Tuky z odlučovačov", "kat": "19 08 09"}, {"kod": "zvysky_z_taniera", "nazov": "Zvyšky z taniera", "kat": "20 01 08"}, {"kod": "gastro_kuchynsky_odpad", "nazov": "Kuchynský odpad z reštaurácií a hotelov", "kat": "20 01 08"}, {"kod": "gastro_fritovaci_olej", "nazov": "Použitý fritovací olej z gastroprevádzok", "kat": "20 01 25"}, {"kod": "gastro_kavova_sedlina", "nazov": "Kávová sedlina z gastroprevádzok", "kat": "20 01 08"}]}}, {"type": "Feature", "geometry": {"type": "Point", "coordinates": [18.039372, 48.892358]}, "properties": {"ico": "46302905", "nazov": "Mäsovýroba Madunice, s. r. o.", "obec": "Trenčín", "okres": "Trenčín", "kraj": "Trenčiansky", "typ": "masovyroba", "typ_nazov": "Mäsospracovanie", "sektor": "Potravinárstvo a nápoje", "presnost": "obec", "t_rok": 0, "odpady": [{"kod": "kostny_zvysok", "nazov": "Kosti a kostné zvyšky", "kat": "02 02 02"}, {"kod": "kozne_odrezky", "nazov": "Kožné odrezky a podkožný tuk", "kat": "02 02 02"}, {"kod": "masovy_flotacny_kal", "nazov": "Flotačný kal z mäsospracovania", "kat": "02 02 04"}, {"kod": "zvp_kat3", "nazov": "Živočíšne vedľajšie produkty kategórie 3", "kat": "02 02 02"}, {"kod": "technicky_zivocisny_tuk", "nazov": "Technický živočíšny tuk", "kat": "02 02 03"}, {"kod": "masokostna_mucka", "nazov": "Mäsokostná múčka", "kat": "02 02 02"}]}}, {"type": "Feature", "geometry": {"type": "Point", "coordinates": [17.311571, 48.027583]}, "properties": {"ico": "46356487", "nazov": "Somorja Distillery Samaria Ovocný Liehovar s.r.o.", "obec": "Šamorín", "okres": "Dunajská Streda", "kraj": "Trnavský", "typ": "liehovar", "typ_nazov": "Liehovar a pálenica", "sektor": "Potravinárstvo a nápoje", "presnost": "obec", "t_rok": 0, "odpady": [{"kod": "vypalky", "nazov": "Liehovarnícke výpalky", "kat": "02 07 02"}, {"kod": "drozdiarske_zvysky", "nazov": "Zvyšky z výroby droždia", "kat": "02 03 04"}]}}, {"type": "Feature", "geometry": {"type": "Point", "coordinates": [17.109671, 48.153538]}, "properties": {"ico": "46363505", "nazov": "Bioplyn Nižný Hrabovec s. r. o.", "obec": "Bratislava", "okres": "Bratislava I", "kraj": "Bratislavský", "typ": "bioplynova_stanica", "typ_nazov": "Bioplynová stanica", "sektor": "Komunálny a gastro bioodpad", "presnost": "obec", "t_rok": 0, "odpady": [{"kod": "kukuricne_korovie", "nazov": "Kukuričné kôrovie a stonky", "kat": "02 01 03"}, {"kod": "hnojovica_osipane", "nazov": "Hnojovica ošípaných", "kat": "02 01 06"}, {"kod": "digestat", "nazov": "Digestát z bioplynovej stanice", "kat": "19 06 06"}]}}, {"type": "Feature", "geometry": {"type": "Point", "coordinates": [19.183333, 49.15]}, "properties": {"ico": "46370161", "nazov": "DANIELA SYRY, s.r.o.", "obec": "Stankovany", "okres": "Ružomberok", "kraj": "Žilinský", "typ": "syraren", "typ_nazov": "Syráreň a bryndziareň", "sektor": "Potravinárstvo a nápoje", "presnost": "obec", "t_rok": 0, "odpady": [{"kod": "srvatka_sladka", "nazov": "Sladká srvátka", "kat": "02 05 01"}, {"kod": "srvatka_kysla", "nazov": "Kyslá srvátka", "kat": "02 05 01"}, {"kod": "mliekarensky_kal", "nazov": "Kal z mliekarenskej ČOV", "kat": "02 05 02"}, {"kod": "syrarska_srvatka_tuh", "nazov": "Tuhé zvyšky zo syrárskej výroby", "kat": "02 05 01"}]}}, {"type": "Feature", "geometry": {"type": "Point", "coordinates": [18.570538, 48.765376]}, "properties": {"ico": "46415955", "nazov": "Albiofarma s. r. o.", "obec": "Opatovce nad Nitrou", "okres": "Prievidza", "kraj": "Trenčiansky", "typ": "farma", "typ_nazov": "Živočíšna farma", "sektor": "Poľnohospodárstvo a chov", "presnost": "obec", "t_rok": 0, "odpady": [{"kod": "travna_hmota_ttp", "nazov": "Trávna hmota z lúk a TTP", "kat": "02 01 03"}, {"kod": "hnoj_hovadzi", "nazov": "Maštaľný hnoj hovädzí", "kat": "02 01 06"}, {"kod": "hnojovica_osipane", "nazov": "Hnojovica ošípaných", "kat": "02 01 06"}, {"kod": "ovciarsky_hnoj", "nazov": "Ovčí a kozí hnoj", "kat": "02 01 06"}, {"kod": "kadavery", "nazov": "Uhynuté zvieratá (kadávery)", "kat": "02 01 02"}]}}, {"type": "Feature", "geometry": {"type": "Point", "coordinates": [18.526082, 48.683233]}, "properties": {"ico": "46416251", "nazov": "REŠTAURÁCIA TURBÍNA, s. r. o.", "obec": "Zemianske Kostoľany", "okres": "Prievidza", "kraj": "Trenčiansky", "typ": "restauracia", "typ_nazov": "Reštaurácia", "sektor": "Gastro a stravovacie zariadenia", "presnost": "obec", "t_rok": 0, "odpady": [{"kod": "tuky_odlucovace", "nazov": "Tuky z odlučovačov", "kat": "19 08 09"}, {"kod": "zvysky_z_taniera", "nazov": "Zvyšky z taniera", "kat": "20 01 08"}, {"kod": "gastro_kuchynsky_odpad", "nazov": "Kuchynský odpad z reštaurácií a hotelov", "kat": "20 01 08"}, {"kod": "gastro_fritovaci_olej", "nazov": "Použitý fritovací olej z gastroprevádzok", "kat": "20 01 25"}, {"kod": "gastro_kavova_sedlina", "nazov": "Kávová sedlina z gastroprevádzok", "kat": "20 01 08"}]}}, {"type": "Feature", "geometry": {"type": "Point", "coordinates": [17.20201, 48.770797]}, "properties": {"ico": "46438190", "nazov": "Výroba syrov s.r.o.", "obec": "Skalica", "okres": "Skalica", "kraj": "Trnavský", "typ": "syraren", "typ_nazov": "Syráreň a bryndziareň", "sektor": "Potravinárstvo a nápoje", "presnost": "okres", "t_rok": 0, "odpady": [{"kod": "srvatka_sladka", "nazov": "Sladká srvátka", "kat": "02 05 01"}, {"kod": "srvatka_kysla", "nazov": "Kyslá srvátka", "kat": "02 05 01"}, {"kod": "mliekarensky_kal", "nazov": "Kal z mliekarenskej ČOV", "kat": "02 05 02"}, {"kod": "syrarska_srvatka_tuh", "nazov": "Tuhé zvyšky zo syrárskej výroby", "kat": "02 05 01"}]}}, {"type": "Feature", "geometry": {"type": "Point", "coordinates": [18.447319, 49.114507]}, "properties": {"ico": "46440691", "nazov": "Pekáreň CEREA, s.r.o.", "obec": "Považská Bystrica", "okres": "Považská Bystrica", "kraj": "Trenčiansky", "typ": "pekaren", "typ_nazov": "Pekáreň", "sektor": "Potravinárstvo a nápoje", "presnost": "obec", "t_rok": 0, "odpady": [{"kod": "pekarenske_zvysky", "nazov": "Pekárenské zvyšky", "kat": "02 06 01"}, {"kod": "cestovinove_zvysky", "nazov": "Cestovinové a múčne zvyšky", "kat": "02 06 01"}]}}, {"type": "Feature", "geometry": {"type": "Point", "coordinates": [18.71486, 47.797831]}, "properties": {"ico": "46454489", "nazov": "Diamantová Pekáreň, s. r. o.", "obec": "Štúrovo", "okres": "Nové Zámky", "kraj": "Nitriansky", "typ": "pekaren", "typ_nazov": "Pekáreň", "sektor": "Potravinárstvo a nápoje", "presnost": "obec", "t_rok": 0, "odpady": [{"kod": "pekarenske_zvysky", "nazov": "Pekárenské zvyšky", "kat": "02 06 01"}, {"kod": "cestovinove_zvysky", "nazov": "Cestovinové a múčne zvyšky", "kat": "02 06 01"}]}}, {"type": "Feature", "geometry": {"type": "Point", "coordinates": [18.533333, 49.2]}, "properties": {"ico": "46463259", "nazov": "Marián Skukálek Reštaurácia GÓL", "obec": "Predmier", "okres": "Bytča", "kraj": "Žilinský", "typ": "restauracia", "typ_nazov": "Reštaurácia", "sektor": "Gastro a stravovacie zariadenia", "presnost": "obec", "t_rok": 0, "odpady": [{"kod": "tuky_odlucovace", "nazov": "Tuky z odlučovačov", "kat": "19 08 09"}, {"kod": "zvysky_z_taniera", "nazov": "Zvyšky z taniera", "kat": "20 01 08"}, {"kod": "gastro_kuchynsky_odpad", "nazov": "Kuchynský odpad z reštaurácií a hotelov", "kat": "20 01 08"}, {"kod": "gastro_fritovaci_olej", "nazov": "Použitý fritovací olej z gastroprevádzok", "kat": "20 01 25"}, {"kod": "gastro_kavova_sedlina", "nazov": "Kávová sedlina z gastroprevádzok", "kat": "20 01 08"}]}}, {"type": "Feature", "geometry": {"type": "Point", "coordinates": [17.364383, 48.679121]}, "properties": {"ico": "46475419", "nazov": "Syráreň Havran, a.s.", "obec": "Senica", "okres": "Senica", "kraj": "Trnavský", "typ": "syraren", "typ_nazov": "Syráreň a bryndziareň", "sektor": "Potravinárstvo a nápoje", "presnost": "obec", "t_rok": 0, "odpady": [{"kod": "srvatka_sladka", "nazov": "Sladká srvátka", "kat": "02 05 01"}, {"kod": "srvatka_kysla", "nazov": "Kyslá srvátka", "kat": "02 05 01"}, {"kod": "mliekarensky_kal", "nazov": "Kal z mliekarenskej ČOV", "kat": "02 05 02"}, {"kod": "syrarska_srvatka_tuh", "nazov": "Tuhé zvyšky zo syrárskej výroby", "kat": "02 05 01"}]}}, {"type": "Feature", "geometry": {"type": "Point", "coordinates": [18.600392, 48.695466]}, "properties": {"ico": "46497013", "nazov": "MG AGRO, s. r. o.", "obec": "Lehota pod Vtáčnikom", "okres": "Prievidza", "kraj": "Trenčiansky", "typ": "agro", "typ_nazov": "Poľnohospodársky podnik", "sektor": "Poľnohospodárstvo a chov", "presnost": "obec", "t_rok": 0, "odpady": [{"kod": "slama_obilna", "nazov": "Obilná slama", "kat": "02 01 03"}, {"kod": "kukuricne_korovie", "nazov": "Kukuričné kôrovie a stonky", "kat": "02 01 03"}, {"kod": "repkova_slama", "nazov": "Repková slama", "kat": "02 01 03"}, {"kod": "travna_hmota_ttp", "nazov": "Trávna hmota z lúk a TTP", "kat": "02 01 03"}, {"kod": "odpad_cistenie_zrna", "nazov": "Odpad z čistenia a sušenia obilia", "kat": "02 01 03"}]}}, {"type": "Feature", "geometry": {"type": "Point", "coordinates": [18.517993, 48.244126]}, "properties": {"ico": "46530797", "nazov": "FARMA Ekovoktrans, s.r.o.", "obec": "Nový Tekov", "okres": "Levice", "kraj": "Nitriansky", "typ": "farma", "typ_nazov": "Živočíšna farma", "sektor": "Poľnohospodárstvo a chov", "presnost": "obec", "t_rok": 0, "odpady": [{"kod": "travna_hmota_ttp", "nazov": "Trávna hmota z lúk a TTP", "kat": "02 01 03"}, {"kod": "hnoj_hovadzi", "nazov": "Maštaľný hnoj hovädzí", "kat": "02 01 06"}, {"kod": "hnojovica_osipane", "nazov": "Hnojovica ošípaných", "kat": "02 01 06"}, {"kod": "ovciarsky_hnoj", "nazov": "Ovčí a kozí hnoj", "kat": "02 01 06"}, {"kod": "kadavery", "nazov": "Uhynuté zvieratá (kadávery)", "kat": "02 01 02"}]}}, {"type": "Feature", "geometry": {"type": "Point", "coordinates": [17.804559, 48.015847]}, "properties": {"ico": "46538968", "nazov": "Agro-hydina Godány s.r.o.", "obec": "Trstice", "okres": "Galanta", "kraj": "Trnavský", "typ": "hydina", "typ_nazov": "Hydinárska prevádzka", "sektor": "Poľnohospodárstvo a chov", "presnost": "obec", "t_rok": 0, "odpady": [{"kod": "krv_bitunok", "nazov": "Krv z bitúnku", "kat": "02 02 03"}, {"kod": "perie", "nazov": "Perie z hydinových bitúnkov", "kat": "02 02 02"}, {"kod": "hydinovy_trus", "nazov": "Hydinový trus a podstielka", "kat": "02 01 06"}, {"kod": "kadavery", "nazov": "Uhynuté zvieratá (kadávery)", "kat": "02 01 02"}, {"kod": "zvp_kat3", "nazov": "Živočíšne vedľajšie produkty kategórie 3", "kat": "02 02 02"}, {"kod": "zvp_kat2", "nazov": "Živočíšne vedľajšie produkty kategórie 2", "kat": "02 02 02"}]}}, {"type": "Feature", "geometry": {"type": "Point", "coordinates": [18.261852, 49.080275]}, "properties": {"ico": "46554670", "nazov": "AGRO BEDNÁR s.r.o.", "obec": "Dolná Breznica", "okres": "Púchov", "kraj": "Trenčiansky", "typ": "agro", "typ_nazov": "Poľnohospodársky podnik", "sektor": "Poľnohospodárstvo a chov", "presnost": "obec", "t_rok": 0, "odpady": [{"kod": "slama_obilna", "nazov": "Obilná slama", "kat": "02 01 03"}, {"kod": "kukuricne_korovie", "nazov": "Kukuričné kôrovie a stonky", "kat": "02 01 03"}, {"kod": "repkova_slama", "nazov": "Repková slama", "kat": "02 01 03"}, {"kod": "travna_hmota_ttp", "nazov": "Trávna hmota z lúk a TTP", "kat": "02 01 03"}, {"kod": "odpad_cistenie_zrna", "nazov": "Odpad z čistenia a sušenia obilia", "kat": "02 01 03"}]}}, {"type": "Feature", "geometry": {"type": "Point", "coordinates": [21.983333, 48.416667]}, "properties": {"ico": "46557181", "nazov": "AGROTISA - BIOPLYNOVÁ STANICA s.r.o.", "obec": "Kráľovský Chlmec", "okres": "Trebišov", "kraj": "Košický", "typ": "bioplynova_stanica", "typ_nazov": "Bioplynová stanica", "sektor": "Komunálny a gastro bioodpad", "presnost": "obec", "t_rok": 0, "odpady": [{"kod": "kukuricne_korovie", "nazov": "Kukuričné kôrovie a stonky", "kat": "02 01 03"}, {"kod": "hnojovica_osipane", "nazov": "Hnojovica ošípaných", "kat": "02 01 06"}, {"kod": "digestat", "nazov": "Digestát z bioplynovej stanice", "kat": "19 06 06"}]}}, {"type": "Feature", "geometry": {"type": "Point", "coordinates": [18.544241, 48.097445]}, "properties": {"ico": "46566325", "nazov": "PÍLA Tekovské Lužany s.r.o.", "obec": "Tekovské Lužany", "okres": "Levice", "kraj": "Nitriansky", "typ": "pila", "typ_nazov": "Píla a drevospracovanie", "sektor": "Drevo, lesníctvo a ostatné", "presnost": "obec", "t_rok": 0, "odpady": [{"kod": "kora", "nazov": "Odpadová kôra", "kat": "03 01 01"}, {"kod": "piliny", "nazov": "Piliny a hobliny", "kat": "03 01 05"}, {"kod": "odrezky_dreva", "nazov": "Odrezky a drevný odpad", "kat": "03 01 05"}]}}, {"type": "Feature", "geometry": {"type": "Point", "coordinates": [19.411609, 48.544384]}, "properties": {"ico": "46597123", "nazov": "Slovenská zelenina s.r.o.", "obec": "Detva", "okres": "Detva", "kraj": "Banskobystrický", "typ": "zeleninarstvo", "typ_nazov": "Zeleninárstvo", "sektor": "Poľnohospodárstvo a chov", "presnost": "obec", "t_rok": 0, "odpady": [{"kod": "zemiakove_supky", "nazov": "Zemiakové šupky a orezky", "kat": "02 03 04"}, {"kod": "zeleninove_orezky", "nazov": "Orezky a nepodarky zeleniny", "kat": "02 03 04"}, {"kod": "kal_pranie_zeleniny", "nazov": "Kal z prania a lúpania zeleniny", "kat": "02 03 01"}, {"kod": "vnate_pozberove", "nazov": "Vňate a pozberové zvyšky zeleniny", "kat": "02 01 03"}]}}, {"type": "Feature", "geometry": {"type": "Point", "coordinates": [18.039372, 48.892358]}, "properties": {"ico": "46630392", "nazov": "I.M.D.K. pekáreň TN s. r. o.", "obec": "Trenčín", "okres": "Trenčín", "kraj": "Trenčiansky", "typ": "pekaren", "typ_nazov": "Pekáreň", "sektor": "Potravinárstvo a nápoje", "presnost": "obec", "t_rok": 0, "odpady": [{"kod": "pekarenske_zvysky", "nazov": "Pekárenské zvyšky", "kat": "02 06 01"}, {"kod": "cestovinove_zvysky", "nazov": "Cestovinové a múčne zvyšky", "kat": "02 06 01"}]}}, {"type": "Feature", "geometry": {"type": "Point", "coordinates": [18.929174, 49.07226]}, "properties": {"ico": "46631160", "nazov": "Ryby Turiec s.r.o.", "obec": "Martin", "okres": "Martin", "kraj": "Žilinský", "typ": "rybarstvo", "typ_nazov": "Rybárstvo a akvakultúra", "sektor": "Drevo, lesníctvo a ostatné", "presnost": "obec", "t_rok": 0, "odpady": [{"kod": "rybie_zvysky", "nazov": "Rybie hlavy, vnútornosti a kosti", "kat": "02 02 03"}, {"kod": "kal_akvakultura", "nazov": "Kal z akvakultúry", "kat": "02 01 01"}]}}, {"type": "Feature", "geometry": {"type": "Point", "coordinates": [18.5, 48.466667]}, "properties": {"ico": "46635947", "nazov": "FARMA BORISKO s. r. o.", "obec": "Jedľové Kostoľany", "okres": "Zlaté Moravce", "kraj": "Nitriansky", "typ": "farma", "typ_nazov": "Živočíšna farma", "sektor": "Poľnohospodárstvo a chov", "presnost": "obec", "t_rok": 0, "odpady": [{"kod": "travna_hmota_ttp", "nazov": "Trávna hmota z lúk a TTP", "kat": "02 01 03"}, {"kod": "hnoj_hovadzi", "nazov": "Maštaľný hnoj hovädzí", "kat": "02 01 06"}, {"kod": "hnojovica_osipane", "nazov": "Hnojovica ošípaných", "kat": "02 01 06"}, {"kod": "ovciarsky_hnoj", "nazov": "Ovčí a kozí hnoj", "kat": "02 01 06"}, {"kod": "kadavery", "nazov": "Uhynuté zvieratá (kadávery)", "kat": "02 01 02"}]}}, {"type": "Feature", "geometry": {"type": "Point", "coordinates": [18.069378, 48.04401]}, "properties": {"ico": "46690531", "nazov": "AGRO FARMA PIKOVÁ s.r.o.", "obec": "Palárikovo", "okres": "Nové Zámky", "kraj": "Nitriansky", "typ": "agro", "typ_nazov": "Poľnohospodársky podnik", "sektor": "Poľnohospodárstvo a chov", "presnost": "obec", "t_rok": 0, "odpady": [{"kod": "slama_obilna", "nazov": "Obilná slama", "kat": "02 01 03"}, {"kod": "kukuricne_korovie", "nazov": "Kukuričné kôrovie a stonky", "kat": "02 01 03"}, {"kod": "repkova_slama", "nazov": "Repková slama", "kat": "02 01 03"}, {"kod": "travna_hmota_ttp", "nazov": "Trávna hmota z lúk a TTP", "kat": "02 01 03"}, {"kod": "odpad_cistenie_zrna", "nazov": "Odpad z čistenia a sušenia obilia", "kat": "02 01 03"}]}}, {"type": "Feature", "geometry": {"type": "Point", "coordinates": [20.446757, 49.11926]}, "properties": {"ico": "46691529", "nazov": "Pekárnička Family s. r. o.", "obec": "Ľubica", "okres": "Kežmarok", "kraj": "Prešovský", "typ": "pekaren", "typ_nazov": "Pekáreň", "sektor": "Potravinárstvo a nápoje", "presnost": "obec", "t_rok": 0, "odpady": [{"kod": "pekarenske_zvysky", "nazov": "Pekárenské zvyšky", "kat": "02 06 01"}, {"kod": "cestovinove_zvysky", "nazov": "Cestovinové a múčne zvyšky", "kat": "02 06 01"}]}}, {"type": "Feature", "geometry": {"type": "Point", "coordinates": [18.75, 49.283333]}, "properties": {"ico": "46705155", "nazov": "Pekáreň Monika, s.r.o.", "obec": "Rudina", "okres": "Kysucké Nové Mesto", "kraj": "Žilinský", "typ": "pekaren", "typ_nazov": "Pekáreň", "sektor": "Potravinárstvo a nápoje", "presnost": "obec", "t_rok": 0, "odpady": [{"kod": "pekarenske_zvysky", "nazov": "Pekárenské zvyšky", "kat": "02 06 01"}, {"kod": "cestovinove_zvysky", "nazov": "Cestovinové a múčne zvyšky", "kat": "02 06 01"}]}}, {"type": "Feature", "geometry": {"type": "Point", "coordinates": [21.680564, 48.890524]}, "properties": {"ico": "46751963", "nazov": "PEKÁREŇ STRÁŽSKE s.r.o.", "obec": "Vranov nad Topľou", "okres": "Vranov nad Topľou", "kraj": "Prešovský", "typ": "pekaren", "typ_nazov": "Pekáreň", "sektor": "Potravinárstvo a nápoje", "presnost": "obec", "t_rok": 0, "odpady": [{"kod": "pekarenske_zvysky", "nazov": "Pekárenské zvyšky", "kat": "02 06 01"}, {"kod": "cestovinove_zvysky", "nazov": "Cestovinové a múčne zvyšky", "kat": "02 06 01"}]}}, {"type": "Feature", "geometry": {"type": "Point", "coordinates": [18.543288, 48.292155]}, "properties": {"ico": "46759107", "nazov": "PÍLA VARGA, s.r.o.", "obec": "Tlmače", "okres": "Levice", "kraj": "Nitriansky", "typ": "pila", "typ_nazov": "Píla a drevospracovanie", "sektor": "Drevo, lesníctvo a ostatné", "presnost": "obec", "t_rok": 0, "odpady": [{"kod": "kora", "nazov": "Odpadová kôra", "kat": "03 01 01"}, {"kod": "piliny", "nazov": "Piliny a hobliny", "kat": "03 01 05"}, {"kod": "odrezky_dreva", "nazov": "Odrezky a drevný odpad", "kat": "03 01 05"}]}}, {"type": "Feature", "geometry": {"type": "Point", "coordinates": [16.982457, 48.317496]}, "properties": {"ico": "46768351", "nazov": "Technické služby Zohor, spol. s r.o.", "obec": "Zohor", "okres": "Malacky", "kraj": "Bratislavský", "typ": "technicke_sluzby", "typ_nazov": "Technické služby mesta / obce", "sektor": "Komunálny a gastro bioodpad", "presnost": "obec", "t_rok": 0, "odpady": [{"kod": "travna_hmota_kosba", "nazov": "Trávna hmota z kosby verejnej zelene", "kat": "20 02 01"}, {"kod": "konare_stiepka", "nazov": "Konáre a drevná štiepka z údržby zelene", "kat": "20 02 01"}, {"kod": "listie", "nazov": "Lístie z verejnej zelene", "kat": "20 02 01"}, {"kod": "bro_zahrady", "nazov": "Biologicky rozložiteľný odpad zo záhrad", "kat": "20 02 01"}, {"kod": "odpad_trhoviska", "nazov": "Odpad z trhovísk", "kat": "20 03 02"}]}}, {"type": "Feature", "geometry": {"type": "Point", "coordinates": [17.976459, 47.767557]}, "properties": {"ico": "46816461", "nazov": "AGRO STEEL, s.r.o.", "obec": "Zlatná na Ostrove", "okres": "Komárno", "kraj": "Nitriansky", "typ": "agro", "typ_nazov": "Poľnohospodársky podnik", "sektor": "Poľnohospodárstvo a chov", "presnost": "obec", "t_rok": 0, "odpady": [{"kod": "slama_obilna", "nazov": "Obilná slama", "kat": "02 01 03"}, {"kod": "kukuricne_korovie", "nazov": "Kukuričné kôrovie a stonky", "kat": "02 01 03"}, {"kod": "repkova_slama", "nazov": "Repková slama", "kat": "02 01 03"}, {"kod": "travna_hmota_ttp", "nazov": "Trávna hmota z lúk a TTP", "kat": "02 01 03"}, {"kod": "odpad_cistenie_zrna", "nazov": "Odpad z čistenia a sušenia obilia", "kat": "02 01 03"}]}}, {"type": "Feature", "geometry": {"type": "Point", "coordinates": [20.016302, 48.383832]}, "properties": {"ico": "46843591", "nazov": "Nord farm agro, s.r.o.", "obec": "Rimavská Sobota", "okres": "Rimavská Sobota", "kraj": "Banskobystrický", "typ": "agro", "typ_nazov": "Poľnohospodársky podnik", "sektor": "Poľnohospodárstvo a chov", "presnost": "obec", "t_rok": 0, "odpady": [{"kod": "slama_obilna", "nazov": "Obilná slama", "kat": "02 01 03"}, {"kod": "kukuricne_korovie", "nazov": "Kukuričné kôrovie a stonky", "kat": "02 01 03"}, {"kod": "repkova_slama", "nazov": "Repková slama", "kat": "02 01 03"}, {"kod": "travna_hmota_ttp", "nazov": "Trávna hmota z lúk a TTP", "kat": "02 01 03"}, {"kod": "odpad_cistenie_zrna", "nazov": "Odpad z čistenia a sušenia obilia", "kat": "02 01 03"}]}}, {"type": "Feature", "geometry": {"type": "Point", "coordinates": [18.039372, 48.892358]}, "properties": {"ico": "46857508", "nazov": "GRAND - HOTEL Trenčín, s.r.o.", "obec": "Trenčín", "okres": "Trenčín", "kraj": "Trenčiansky", "typ": "hotel", "typ_nazov": "Hotel", "sektor": "Gastro a stravovacie zariadenia", "presnost": "obec", "t_rok": 0, "odpady": [{"kod": "bro_zahrady", "nazov": "Biologicky rozložiteľný odpad zo záhrad", "kat": "20 02 01"}, {"kod": "zvysky_z_taniera", "nazov": "Zvyšky z taniera", "kat": "20 01 08"}, {"kod": "gastro_kuchynsky_odpad", "nazov": "Kuchynský odpad z reštaurácií a hotelov", "kat": "20 01 08"}, {"kod": "gastro_fritovaci_olej", "nazov": "Použitý fritovací olej z gastroprevádzok", "kat": "20 01 25"}, {"kod": "gastro_kavova_sedlina", "nazov": "Kávová sedlina z gastroprevádzok", "kat": "20 01 08"}]}}, {"type": "Feature", "geometry": {"type": "Point", "coordinates": [18.189095, 47.869084]}, "properties": {"ico": "46858873", "nazov": "TOM FARMA s.r.o.", "obec": "Hurbanovo", "okres": "Komárno", "kraj": "Nitriansky", "typ": "farma", "typ_nazov": "Živočíšna farma", "sektor": "Poľnohospodárstvo a chov", "presnost": "obec", "t_rok": 0, "odpady": [{"kod": "travna_hmota_ttp", "nazov": "Trávna hmota z lúk a TTP", "kat": "02 01 03"}, {"kod": "hnoj_hovadzi", "nazov": "Maštaľný hnoj hovädzí", "kat": "02 01 06"}, {"kod": "hnojovica_osipane", "nazov": "Hnojovica ošípaných", "kat": "02 01 06"}, {"kod": "ovciarsky_hnoj", "nazov": "Ovčí a kozí hnoj", "kat": "02 01 06"}, {"kod": "kadavery", "nazov": "Uhynuté zvieratá (kadávery)", "kat": "02 01 02"}]}}, {"type": "Feature", "geometry": {"type": "Point", "coordinates": [17.020348, 48.43475]}, "properties": {"ico": "46866663", "nazov": "PAVOS Vodárenská spoločnosť, s.r.o.", "obec": "Malacky", "okres": "Malacky", "kraj": "Bratislavský", "typ": "vodarenska", "typ_nazov": "Vodárenská spoločnosť (ČOV)", "sektor": "Komunálny a gastro bioodpad", "presnost": "obec", "t_rok": 0, "odpady": [{"kod": "cov_kal_komunalny", "nazov": "Kal z komunálnej ČOV", "kat": "19 08 05"}, {"kod": "tuky_odlucovace", "nazov": "Tuky z odlučovačov", "kat": "19 08 09"}]}}, {"type": "Feature", "geometry": {"type": "Point", "coordinates": [17.99042, 47.91593]}, "properties": {"ico": "46883631", "nazov": "Mlyn Kolárovo, a. s.", "obec": "Kolárovo", "okres": "Komárno", "kraj": "Nitriansky", "typ": "mlyn", "typ_nazov": "Mlyn", "sektor": "Potravinárstvo a nápoje", "presnost": "obec", "t_rok": 0, "odpady": [{"kod": "psenicne_otruby", "nazov": "Pšeničné otruby", "kat": "02 03 04"}, {"kod": "mlynske_zmetky", "nazov": "Mlynské zmetky a plevy", "kat": "02 03 04"}, {"kod": "odpad_cistenie_zrna", "nazov": "Odpad z čistenia a sušenia obilia", "kat": "02 01 03"}]}}, {"type": "Feature", "geometry": {"type": "Point", "coordinates": [18.206999, 48.693814]}, "properties": {"ico": "46895043", "nazov": "FARMA ISKROŠ, s. r. o.", "obec": "Otrhánky", "okres": "Bánovce nad Bebravou", "kraj": "Trenčiansky", "typ": "farma", "typ_nazov": "Živočíšna farma", "sektor": "Poľnohospodárstvo a chov", "presnost": "obec", "t_rok": 0, "odpady": [{"kod": "travna_hmota_ttp", "nazov": "Trávna hmota z lúk a TTP", "kat": "02 01 03"}, {"kod": "hnoj_hovadzi", "nazov": "Maštaľný hnoj hovädzí", "kat": "02 01 06"}, {"kod": "hnojovica_osipane", "nazov": "Hnojovica ošípaných", "kat": "02 01 06"}, {"kod": "ovciarsky_hnoj", "nazov": "Ovčí a kozí hnoj", "kat": "02 01 06"}, {"kod": "kadavery", "nazov": "Uhynuté zvieratá (kadávery)", "kat": "02 01 02"}]}}, {"type": "Feature", "geometry": {"type": "Point", "coordinates": [17.109671, 48.153538]}, "properties": {"ico": "46897399", "nazov": "BIOPLYN BIEROVCE 2 s. r. o.", "obec": "Bratislava - mestská časť Jarovce", "okres": "Bratislava I", "kraj": "Bratislavský", "typ": "bioplynova_stanica", "typ_nazov": "Bioplynová stanica", "sektor": "Komunálny a gastro bioodpad", "presnost": "obec_zaklad", "t_rok": 0, "odpady": [{"kod": "kukuricne_korovie", "nazov": "Kukuričné kôrovie a stonky", "kat": "02 01 03"}, {"kod": "hnojovica_osipane", "nazov": "Hnojovica ošípaných", "kat": "02 01 06"}, {"kod": "digestat", "nazov": "Digestát z bioplynovej stanice", "kat": "19 06 06"}]}}, {"type": "Feature", "geometry": {"type": "Point", "coordinates": [18.09061, 48.31257]}, "properties": {"ico": "46908200", "nazov": "Hotel Alexanders s.r.o.", "obec": "Nitra", "okres": "Nitra", "kraj": "Nitriansky", "typ": "hotel", "typ_nazov": "Hotel", "sektor": "Gastro a stravovacie zariadenia", "presnost": "obec", "t_rok": 0, "odpady": [{"kod": "bro_zahrady", "nazov": "Biologicky rozložiteľný odpad zo záhrad", "kat": "20 02 01"}, {"kod": "zvysky_z_taniera", "nazov": "Zvyšky z taniera", "kat": "20 01 08"}, {"kod": "gastro_kuchynsky_odpad", "nazov": "Kuchynský odpad z reštaurácií a hotelov", "kat": "20 01 08"}, {"kod": "gastro_fritovaci_olej", "nazov": "Použitý fritovací olej z gastroprevádzok", "kat": "20 01 25"}, {"kod": "gastro_kavova_sedlina", "nazov": "Kávová sedlina z gastroprevádzok", "kat": "20 01 08"}]}}, {"type": "Feature", "geometry": {"type": "Point", "coordinates": [18.259826, 48.721667]}, "properties": {"ico": "46911588", "nazov": "SeAd mäso s.r.o.", "obec": "Bánovce nad Bebravou", "okres": "Bánovce nad Bebravou", "kraj": "Trenčiansky", "typ": "masovyroba", "typ_nazov": "Mäsospracovanie", "sektor": "Potravinárstvo a nápoje", "presnost": "obec", "t_rok": 0, "odpady": [{"kod": "kostny_zvysok", "nazov": "Kosti a kostné zvyšky", "kat": "02 02 02"}, {"kod": "kozne_odrezky", "nazov": "Kožné odrezky a podkožný tuk", "kat": "02 02 02"}, {"kod": "masovy_flotacny_kal", "nazov": "Flotačný kal z mäsospracovania", "kat": "02 02 04"}, {"kod": "zvp_kat3", "nazov": "Živočíšne vedľajšie produkty kategórie 3", "kat": "02 02 02"}, {"kod": "technicky_zivocisny_tuk", "nazov": "Technický živočíšny tuk", "kat": "02 02 03"}, {"kod": "masokostna_mucka", "nazov": "Mäsokostná múčka", "kat": "02 02 02"}]}}, {"type": "Feature", "geometry": {"type": "Point", "coordinates": [21.088, 49.146]}, "properties": {"ico": "46937137", "nazov": "OVOCNÁ ZÁHRADA s.r.o.", "obec": "Červená Voda", "okres": "Sabinov", "kraj": "Prešovský", "typ": "ovocne_sady", "typ_nazov": "Ovocné sady a spracovanie ovocia", "sektor": "Poľnohospodárstvo a chov", "presnost": "obec", "t_rok": 0, "odpady": [{"kod": "jablcne_vylisky", "nazov": "Jablčné výlisky", "kat": "02 07 04"}, {"kod": "bobulove_vylisky", "nazov": "Výlisky z bobuľového ovocia", "kat": "02 07 04"}, {"kod": "vnate_pozberove", "nazov": "Vňate a pozberové zvyšky zeleniny", "kat": "02 01 03"}]}}, {"type": "Feature", "geometry": {"type": "Point", "coordinates": [19.615641, 49.363892]}, "properties": {"ico": "46941037", "nazov": "Trstenské technické služby - T T S, s.r.o.", "obec": "Trstená", "okres": "Tvrdošín", "kraj": "Žilinský", "typ": "technicke_sluzby", "typ_nazov": "Technické služby mesta / obce", "sektor": "Komunálny a gastro bioodpad", "presnost": "obec", "t_rok": 0, "odpady": [{"kod": "travna_hmota_kosba", "nazov": "Trávna hmota z kosby verejnej zelene", "kat": "20 02 01"}, {"kod": "konare_stiepka", "nazov": "Konáre a drevná štiepka z údržby zelene", "kat": "20 02 01"}, {"kod": "listie", "nazov": "Lístie z verejnej zelene", "kat": "20 02 01"}, {"kod": "bro_zahrady", "nazov": "Biologicky rozložiteľný odpad zo záhrad", "kat": "20 02 01"}, {"kod": "odpad_trhoviska", "nazov": "Odpad z trhovísk", "kat": "20 03 02"}]}}, {"type": "Feature", "geometry": {"type": "Point", "coordinates": [17.830386, 48.763325]}, "properties": {"ico": "46956921", "nazov": "KAČABÁR reštaurácia s. r. o.", "obec": "Nové Mesto nad Váhom", "okres": "Nové Mesto nad Váhom", "kraj": "Trenčiansky", "typ": "restauracia", "typ_nazov": "Reštaurácia", "sektor": "Gastro a stravovacie zariadenia", "presnost": "obec", "t_rok": 0, "odpady": [{"kod": "tuky_odlucovace", "nazov": "Tuky z odlučovačov", "kat": "19 08 09"}, {"kod": "zvysky_z_taniera", "nazov": "Zvyšky z taniera", "kat": "20 01 08"}, {"kod": "gastro_kuchynsky_odpad", "nazov": "Kuchynský odpad z reštaurácií a hotelov", "kat": "20 01 08"}, {"kod": "gastro_fritovaci_olej", "nazov": "Použitý fritovací olej z gastroprevádzok", "kat": "20 01 25"}, {"kod": "gastro_kavova_sedlina", "nazov": "Kávová sedlina z gastroprevádzok", "kat": "20 01 08"}]}}, {"type": "Feature", "geometry": {"type": "Point", "coordinates": [21.933333, 48.75]}, "properties": {"ico": "46965696", "nazov": "PEKÁREŇ ILaS - 8 s.r.o.", "obec": "Michalovce", "okres": "Michalovce", "kraj": "Košický", "typ": "pekaren", "typ_nazov": "Pekáreň", "sektor": "Potravinárstvo a nápoje", "presnost": "obec", "t_rok": 0, "odpady": [{"kod": "pekarenske_zvysky", "nazov": "Pekárenské zvyšky", "kat": "02 06 01"}, {"kod": "cestovinove_zvysky", "nazov": "Cestovinové a múčne zvyšky", "kat": "02 06 01"}]}}, {"type": "Feature", "geometry": {"type": "Point", "coordinates": [17.20201, 48.770797]}, "properties": {"ico": "46985701", "nazov": "VINÁRSTVO KOPEČEK s.r.o.", "obec": "Skalica", "okres": "Skalica", "kraj": "Trnavský", "typ": "vinarstvo", "typ_nazov": "Vinárstvo", "sektor": "Potravinárstvo a nápoje", "presnost": "okres", "t_rok": 0, "odpady": [{"kod": "hroznove_vylisky", "nazov": "Hroznové výlisky (matolina)", "kat": "02 07 04"}, {"kod": "vinne_kaly", "nazov": "Vínne kaly", "kat": "02 07 05"}, {"kod": "hroznove_stopky", "nazov": "Hroznové stopky (strapiny)", "kat": "02 07 01"}]}}, {"type": "Feature", "geometry": {"type": "Point", "coordinates": [17.876502, 48.150995]}, "properties": {"ico": "47002859", "nazov": "Farma Titváň s. r. o.", "obec": "Šaľa", "okres": "Šaľa", "kraj": "Nitriansky", "typ": "farma", "typ_nazov": "Živočíšna farma", "sektor": "Poľnohospodárstvo a chov", "presnost": "obec", "t_rok": 0, "odpady": [{"kod": "travna_hmota_ttp", "nazov": "Trávna hmota z lúk a TTP", "kat": "02 01 03"}, {"kod": "hnoj_hovadzi", "nazov": "Maštaľný hnoj hovädzí", "kat": "02 01 06"}, {"kod": "hnojovica_osipane", "nazov": "Hnojovica ošípaných", "kat": "02 01 06"}, {"kod": "ovciarsky_hnoj", "nazov": "Ovčí a kozí hnoj", "kat": "02 01 06"}, {"kod": "kadavery", "nazov": "Uhynuté zvieratá (kadávery)", "kat": "02 01 02"}]}}, {"type": "Feature", "geometry": {"type": "Point", "coordinates": [17.783323, 47.966677]}, "properties": {"ico": "47005050", "nazov": "Barczi - zelenina s.r.o.", "obec": "Topoľníky", "okres": "Dunajská Streda", "kraj": "Trnavský", "typ": "zeleninarstvo", "typ_nazov": "Zeleninárstvo", "sektor": "Poľnohospodárstvo a chov", "presnost": "obec", "t_rok": 0, "odpady": [{"kod": "zemiakove_supky", "nazov": "Zemiakové šupky a orezky", "kat": "02 03 04"}, {"kod": "zeleninove_orezky", "nazov": "Orezky a nepodarky zeleniny", "kat": "02 03 04"}, {"kod": "kal_pranie_zeleniny", "nazov": "Kal z prania a lúpania zeleniny", "kat": "02 03 01"}, {"kod": "vnate_pozberove", "nazov": "Vňate a pozberové zvyšky zeleniny", "kat": "02 01 03"}]}}, {"type": "Feature", "geometry": {"type": "Point", "coordinates": [18.647759, 49.106091]}, "properties": {"ico": "47035404", "nazov": "RyboCHov s. r. o.", "obec": "Kľače", "okres": "Žilina", "kraj": "Žilinský", "typ": "rybarstvo", "typ_nazov": "Rybárstvo a akvakultúra", "sektor": "Drevo, lesníctvo a ostatné", "presnost": "obec", "t_rok": 0, "odpady": [{"kod": "rybie_zvysky", "nazov": "Rybie hlavy, vnútornosti a kosti", "kat": "02 02 03"}, {"kod": "kal_akvakultura", "nazov": "Kal z akvakultúry", "kat": "02 01 01"}]}}, {"type": "Feature", "geometry": {"type": "Point", "coordinates": [18.201915, 48.587898]}, "properties": {"ico": "47049774", "nazov": "AK-FARMA s.r.o.", "obec": "Krušovce", "okres": "Topoľčany", "kraj": "Nitriansky", "typ": "farma", "typ_nazov": "Živočíšna farma", "sektor": "Poľnohospodárstvo a chov", "presnost": "obec", "t_rok": 0, "odpady": [{"kod": "travna_hmota_ttp", "nazov": "Trávna hmota z lúk a TTP", "kat": "02 01 03"}, {"kod": "hnoj_hovadzi", "nazov": "Maštaľný hnoj hovädzí", "kat": "02 01 06"}, {"kod": "hnojovica_osipane", "nazov": "Hnojovica ošípaných", "kat": "02 01 06"}, {"kod": "ovciarsky_hnoj", "nazov": "Ovčí a kozí hnoj", "kat": "02 01 06"}, {"kod": "kadavery", "nazov": "Uhynuté zvieratá (kadávery)", "kat": "02 01 02"}]}}, {"type": "Feature", "geometry": {"type": "Point", "coordinates": [18.589554, 49.21356]}, "properties": {"ico": "47062321", "nazov": "Ekopíla Bytča, s.r.o.", "obec": "Hlboké nad Váhom", "okres": "Bytča", "kraj": "Žilinský", "typ": "pila", "typ_nazov": "Píla a drevospracovanie", "sektor": "Drevo, lesníctvo a ostatné", "presnost": "obec", "t_rok": 0, "odpady": [{"kod": "kora", "nazov": "Odpadová kôra", "kat": "03 01 01"}, {"kod": "piliny", "nazov": "Piliny a hobliny", "kat": "03 01 05"}, {"kod": "odrezky_dreva", "nazov": "Odrezky a drevný odpad", "kat": "03 01 05"}]}}, {"type": "Feature", "geometry": {"type": "Point", "coordinates": [19.065196, 48.5743]}, "properties": {"ico": "47154497", "nazov": "Eko – Bio Budča s.r.o.", "obec": "Budča", "okres": "Zvolen", "kraj": "Banskobystrický", "typ": "bioplynova_stanica", "typ_nazov": "Bioplynová stanica", "sektor": "Komunálny a gastro bioodpad", "presnost": "obec", "t_rok": 0, "odpady": [{"kod": "kukuricne_korovie", "nazov": "Kukuričné kôrovie a stonky", "kat": "02 01 03"}, {"kod": "hnojovica_osipane", "nazov": "Hnojovica ošípaných", "kat": "02 01 06"}, {"kod": "digestat", "nazov": "Digestát z bioplynovej stanice", "kat": "19 06 06"}]}}, {"type": "Feature", "geometry": {"type": "Point", "coordinates": [18.447319, 49.114507]}, "properties": {"ico": "47156384", "nazov": "JMV Mäso-Údeniny, s. r. o.", "obec": "Považská Bystrica", "okres": "Považská Bystrica", "kraj": "Trenčiansky", "typ": "masovyroba", "typ_nazov": "Mäsospracovanie", "sektor": "Potravinárstvo a nápoje", "presnost": "obec", "t_rok": 0, "odpady": [{"kod": "kostny_zvysok", "nazov": "Kosti a kostné zvyšky", "kat": "02 02 02"}, {"kod": "kozne_odrezky", "nazov": "Kožné odrezky a podkožný tuk", "kat": "02 02 02"}, {"kod": "masovy_flotacny_kal", "nazov": "Flotačný kal z mäsospracovania", "kat": "02 02 04"}, {"kod": "zvp_kat3", "nazov": "Živočíšne vedľajšie produkty kategórie 3", "kat": "02 02 02"}, {"kod": "technicky_zivocisny_tuk", "nazov": "Technický živočíšny tuk", "kat": "02 02 03"}, {"kod": "masokostna_mucka", "nazov": "Mäsokostná múčka", "kat": "02 02 02"}]}}, {"type": "Feature", "geometry": {"type": "Point", "coordinates": [18.061308, 48.095688]}, "properties": {"ico": "47164468", "nazov": "PDT - poľná zelenina s.r.o.", "obec": "Tvrdošovce", "okres": "Nové Zámky", "kraj": "Nitriansky", "typ": "zeleninarstvo", "typ_nazov": "Zeleninárstvo", "sektor": "Poľnohospodárstvo a chov", "presnost": "obec", "t_rok": 0, "odpady": [{"kod": "zemiakove_supky", "nazov": "Zemiakové šupky a orezky", "kat": "02 03 04"}, {"kod": "zeleninove_orezky", "nazov": "Orezky a nepodarky zeleniny", "kat": "02 03 04"}, {"kod": "kal_pranie_zeleniny", "nazov": "Kal z prania a lúpania zeleniny", "kat": "02 03 01"}, {"kod": "vnate_pozberove", "nazov": "Vňate a pozberové zvyšky zeleniny", "kat": "02 01 03"}]}}, {"type": "Feature", "geometry": {"type": "Point", "coordinates": [21.249677, 48.717227]}, "properties": {"ico": "47191112", "nazov": "Sladovňa Košice, s.r.o.", "obec": "Košice", "okres": "Košice I", "kraj": "Košický", "typ": "sladovna", "typ_nazov": "Sladovňa", "sektor": "Potravinárstvo a nápoje", "presnost": "obec", "t_rok": 0, "odpady": [{"kod": "sladovy_klicok", "nazov": "Sladový klíčok", "kat": "02 07 01"}, {"kod": "sladovy_prach", "nazov": "Sladový prach a plevy", "kat": "02 07 01"}]}}, {"type": "Feature", "geometry": {"type": "Point", "coordinates": [19.156869, 48.738539]}, "properties": {"ico": "47211466", "nazov": "Hydinová farma Pačanský s.r.o.", "obec": "Banská Bystrica", "okres": "Banská Bystrica", "kraj": "Banskobystrický", "typ": "hydina", "typ_nazov": "Hydinárska prevádzka", "sektor": "Poľnohospodárstvo a chov", "presnost": "obec", "t_rok": 0, "odpady": [{"kod": "krv_bitunok", "nazov": "Krv z bitúnku", "kat": "02 02 03"}, {"kod": "perie", "nazov": "Perie z hydinových bitúnkov", "kat": "02 02 02"}, {"kod": "hydinovy_trus", "nazov": "Hydinový trus a podstielka", "kat": "02 01 06"}, {"kod": "kadavery", "nazov": "Uhynuté zvieratá (kadávery)", "kat": "02 01 02"}, {"kod": "zvp_kat3", "nazov": "Živočíšne vedľajšie produkty kategórie 3", "kat": "02 02 02"}, {"kod": "zvp_kat2", "nazov": "Živočíšne vedľajšie produkty kategórie 2", "kat": "02 02 02"}]}}, {"type": "Feature", "geometry": {"type": "Point", "coordinates": [18.176052, 48.559116]}, "properties": {"ico": "47236736", "nazov": "Nemocnica Topoľčany, a. s.", "obec": "Topoľčany", "okres": "Topoľčany", "kraj": "Nitriansky", "typ": "nemocnica", "typ_nazov": "Nemocnica", "sektor": "Gastro a stravovacie zariadenia", "presnost": "obec", "t_rok": 26.86, "odpady": [{"kod": "zvysky_z_taniera", "nazov": "Zvyšky z taniera", "kat": "20 01 08"}, {"kod": "nemocnicny_kuchynsky_odpad", "nazov": "Kuchynský odpad zo zdravotníckych a sociálnych zariadení", "kat": "20 01 08"}, {"kod": "gastro_fritovaci_olej", "nazov": "Použitý fritovací olej z gastroprevádzok", "kat": "20 01 25"}]}}, {"type": "Feature", "geometry": {"type": "Point", "coordinates": [21.680564, 48.890524]}, "properties": {"ico": "47249021", "nazov": "Vranovská nemocnica, a.s.", "obec": "Vranov nad Topľou", "okres": "Vranov nad Topľou", "kraj": "Prešovský", "typ": "nemocnica", "typ_nazov": "Nemocnica", "sektor": "Gastro a stravovacie zariadenia", "presnost": "obec", "t_rok": 26.86, "odpady": [{"kod": "zvysky_z_taniera", "nazov": "Zvyšky z taniera", "kat": "20 01 08"}, {"kod": "nemocnicny_kuchynsky_odpad", "nazov": "Kuchynský odpad zo zdravotníckych a sociálnych zariadení", "kat": "20 01 08"}, {"kod": "gastro_fritovaci_olej", "nazov": "Použitý fritovací olej z gastroprevádzok", "kat": "20 01 25"}]}}, {"type": "Feature", "geometry": {"type": "Point", "coordinates": [21.90314, 48.934603]}, "properties": {"ico": "47249048", "nazov": "Nemocnica A. Leňa Humenné, a.s.", "obec": "Humenné", "okres": "Humenné", "kraj": "Prešovský", "typ": "nemocnica", "typ_nazov": "Nemocnica", "sektor": "Gastro a stravovacie zariadenia", "presnost": "obec", "t_rok": 26.86, "odpady": [{"kod": "zvysky_z_taniera", "nazov": "Zvyšky z taniera", "kat": "20 01 08"}, {"kod": "nemocnicny_kuchynsky_odpad", "nazov": "Kuchynský odpad zo zdravotníckych a sociálnych zariadení", "kat": "20 01 08"}, {"kod": "gastro_fritovaci_olej", "nazov": "Použitý fritovací olej z gastroprevádzok", "kat": "20 01 25"}]}}, {"type": "Feature", "geometry": {"type": "Point", "coordinates": [21.573643, 49.308408]}, "properties": {"ico": "47249099", "nazov": "Nemocnica arm. generála L. Svobodu Svidník, a.s.", "obec": "Svidník", "okres": "Svidník", "kraj": "Prešovský", "typ": "nemocnica", "typ_nazov": "Nemocnica", "sektor": "Gastro a stravovacie zariadenia", "presnost": "obec", "t_rok": 26.86, "odpady": [{"kod": "zvysky_z_taniera", "nazov": "Zvyšky z taniera", "kat": "20 01 08"}, {"kod": "nemocnicny_kuchynsky_odpad", "nazov": "Kuchynský odpad zo zdravotníckych a sociálnych zariadení", "kat": "20 01 08"}, {"kod": "gastro_fritovaci_olej", "nazov": "Použitý fritovací olej z gastroprevádzok", "kat": "20 01 25"}]}}, {"type": "Feature", "geometry": {"type": "Point", "coordinates": [21.27554, 49.292999]}, "properties": {"ico": "47332638", "nazov": "Mestské lesy Bardejov, s. r. o.", "obec": "Bardejov", "okres": "Bardejov", "kraj": "Prešovský", "typ": "mestske_lesy", "typ_nazov": "Mestské lesy", "sektor": "Drevo, lesníctvo a ostatné", "presnost": "obec", "t_rok": 0, "odpady": [{"kod": "konare_stiepka", "nazov": "Konáre a drevná štiepka z údržby zelene", "kat": "20 02 01"}, {"kod": "kora", "nazov": "Odpadová kôra", "kat": "03 01 01"}, {"kod": "odrezky_dreva", "nazov": "Odrezky a drevný odpad", "kat": "03 01 05"}, {"kod": "lesna_stiepka", "nazov": "Lesná štiepka a haluzina", "kat": "02 01 07"}]}}, {"type": "Feature", "geometry": {"type": "Point", "coordinates": [18.447319, 49.114507]}, "properties": {"ico": "47345411", "nazov": "Píla Praznov s.r.o.", "obec": "Považská Bystrica", "okres": "Považská Bystrica", "kraj": "Trenčiansky", "typ": "pila", "typ_nazov": "Píla a drevospracovanie", "sektor": "Drevo, lesníctvo a ostatné", "presnost": "obec", "t_rok": 0, "odpady": [{"kod": "kora", "nazov": "Odpadová kôra", "kat": "03 01 01"}, {"kod": "piliny", "nazov": "Piliny a hobliny", "kat": "03 01 05"}, {"kod": "odrezky_dreva", "nazov": "Odrezky a drevný odpad", "kat": "03 01 05"}]}}, {"type": "Feature", "geometry": {"type": "Point", "coordinates": [19.735175, 49.053383]}, "properties": {"ico": "47352647", "nazov": "Píla Petro, s.r.o.", "obec": "Liptovský Peter", "okres": "Liptovský Mikuláš", "kraj": "Žilinský", "typ": "pila", "typ_nazov": "Píla a drevospracovanie", "sektor": "Drevo, lesníctvo a ostatné", "presnost": "obec", "t_rok": 0, "odpady": [{"kod": "kora", "nazov": "Odpadová kôra", "kat": "03 01 01"}, {"kod": "piliny", "nazov": "Piliny a hobliny", "kat": "03 01 05"}, {"kod": "odrezky_dreva", "nazov": "Odrezky a drevný odpad", "kat": "03 01 05"}]}}, {"type": "Feature", "geometry": {"type": "Point", "coordinates": [19.357114, 49.261134]}, "properties": {"ico": "47365773", "nazov": "Súkromná stredná odborná škola s.r.o.", "obec": "Oravský Podzámok", "okres": "Dolný Kubín", "kraj": "Žilinský", "typ": "skola_stredna", "typ_nazov": "Stredná škola", "sektor": "Gastro a stravovacie zariadenia", "presnost": "obec", "t_rok": 1.56, "odpady": [{"kod": "bro_zahrady", "nazov": "Biologicky rozložiteľný odpad zo záhrad", "kat": "20 02 01"}, {"kod": "skolsky_kuchynsky_odpad", "nazov": "Kuchynský odpad zo školských jedální", "kat": "20 01 08"}, {"kod": "zvysky_z_taniera", "nazov": "Zvyšky z taniera", "kat": "20 01 08"}, {"kod": "gastro_fritovaci_olej", "nazov": "Použitý fritovací olej z gastroprevádzok", "kat": "20 01 25"}]}}, {"type": "Feature", "geometry": {"type": "Point", "coordinates": [17.300361, 48.199027]}, "properties": {"ico": "47367431", "nazov": "Vinárstvo KORBAŠ, spol. s r.o.", "obec": "Bernolákovo", "okres": "Senec", "kraj": "Bratislavský", "typ": "vinarstvo", "typ_nazov": "Vinárstvo", "sektor": "Potravinárstvo a nápoje", "presnost": "obec", "t_rok": 0, "odpady": [{"kod": "hroznove_vylisky", "nazov": "Hroznové výlisky (matolina)", "kat": "02 07 04"}, {"kod": "vinne_kaly", "nazov": "Vínne kaly", "kat": "02 07 05"}, {"kod": "hroznove_stopky", "nazov": "Hroznové stopky (strapiny)", "kat": "02 07 01"}]}}, {"type": "Feature", "geometry": {"type": "Point", "coordinates": [17.595636, 48.548052]}, "properties": {"ico": "47371340", "nazov": "Bitúnok Dechtice s.r.o.", "obec": "Dechtice", "okres": "Trnava", "kraj": "Trnavský", "typ": "bitunok", "typ_nazov": "Bitúnok", "sektor": "Potravinárstvo a nápoje", "presnost": "obec", "t_rok": 0, "odpady": [{"kod": "bachorovy_obsah", "nazov": "Obsah bachora a tráviaceho traktu", "kat": "02 02 04"}, {"kod": "krv_bitunok", "nazov": "Krv z bitúnku", "kat": "02 02 03"}, {"kod": "kostny_zvysok", "nazov": "Kosti a kostné zvyšky", "kat": "02 02 02"}, {"kod": "kozne_odrezky", "nazov": "Kožné odrezky a podkožný tuk", "kat": "02 02 02"}, {"kod": "masovy_flotacny_kal", "nazov": "Flotačný kal z mäsospracovania", "kat": "02 02 04"}, {"kod": "zvp_kat3", "nazov": "Živočíšne vedľajšie produkty kategórie 3", "kat": "02 02 02"}, {"kod": "zvp_kat2", "nazov": "Živočíšne vedľajšie produkty kategórie 2", "kat": "02 02 02"}, {"kod": "zvp_kat1", "nazov": "Živočíšne vedľajšie produkty kategórie 1", "kat": "02 01 02"}, {"kod": "technicky_zivocisny_tuk", "nazov": "Technický živočíšny tuk", "kat": "02 02 03"}]}}, {"type": "Feature", "geometry": {"type": "Point", "coordinates": [17.020348, 48.43475]}, "properties": {"ico": "47417153", "nazov": "PEKÁRSKA A CUKRÁRSKA VÝROBA s. r. o.", "obec": "Malacky", "okres": "Malacky", "kraj": "Bratislavský", "typ": "pekaren", "typ_nazov": "Pekáreň", "sektor": "Potravinárstvo a nápoje", "presnost": "obec", "t_rok": 0, "odpady": [{"kod": "pekarenske_zvysky", "nazov": "Pekárenské zvyšky", "kat": "02 06 01"}, {"kod": "cestovinove_zvysky", "nazov": "Cestovinové a múčne zvyšky", "kat": "02 06 01"}]}}, {"type": "Feature", "geometry": {"type": "Point", "coordinates": [19.312134, 48.655259]}, "properties": {"ico": "47434058", "nazov": "Hrochotský mlyn, spol. s r.o.", "obec": "Hrochoť", "okres": "Banská Bystrica", "kraj": "Banskobystrický", "typ": "mlyn", "typ_nazov": "Mlyn", "sektor": "Potravinárstvo a nápoje", "presnost": "obec", "t_rok": 0, "odpady": [{"kod": "psenicne_otruby", "nazov": "Pšeničné otruby", "kat": "02 03 04"}, {"kod": "mlynske_zmetky", "nazov": "Mlynské zmetky a plevy", "kat": "02 03 04"}, {"kod": "odpad_cistenie_zrna", "nazov": "Odpad z čistenia a sušenia obilia", "kat": "02 01 03"}]}}, {"type": "Feature", "geometry": {"type": "Point", "coordinates": [18.89828, 48.458093]}, "properties": {"ico": "47449152", "nazov": "Reštaurácia 6/4 s. r. o.", "obec": "Banská Štiavnica", "okres": "Banská Štiavnica", "kraj": "Banskobystrický", "typ": "restauracia", "typ_nazov": "Reštaurácia", "sektor": "Gastro a stravovacie zariadenia", "presnost": "obec", "t_rok": 0, "odpady": [{"kod": "tuky_odlucovace", "nazov": "Tuky z odlučovačov", "kat": "19 08 09"}, {"kod": "zvysky_z_taniera", "nazov": "Zvyšky z taniera", "kat": "20 01 08"}, {"kod": "gastro_kuchynsky_odpad", "nazov": "Kuchynský odpad z reštaurácií a hotelov", "kat": "20 01 08"}, {"kod": "gastro_fritovaci_olej", "nazov": "Použitý fritovací olej z gastroprevádzok", "kat": "20 01 25"}, {"kod": "gastro_kavova_sedlina", "nazov": "Kávová sedlina z gastroprevádzok", "kat": "20 01 08"}]}}, {"type": "Feature", "geometry": {"type": "Point", "coordinates": [18.416667, 47.833333]}, "properties": {"ico": "47455616", "nazov": "AgroSzász s.r.o.", "obec": "Bátorove Kosihy", "okres": "Komárno", "kraj": "Nitriansky", "typ": "agro", "typ_nazov": "Poľnohospodársky podnik", "sektor": "Poľnohospodárstvo a chov", "presnost": "obec", "t_rok": 0, "odpady": [{"kod": "slama_obilna", "nazov": "Obilná slama", "kat": "02 01 03"}, {"kod": "kukuricne_korovie", "nazov": "Kukuričné kôrovie a stonky", "kat": "02 01 03"}, {"kod": "repkova_slama", "nazov": "Repková slama", "kat": "02 01 03"}, {"kod": "travna_hmota_ttp", "nazov": "Trávna hmota z lúk a TTP", "kat": "02 01 03"}, {"kod": "odpad_cistenie_zrna", "nazov": "Odpad z čistenia a sušenia obilia", "kat": "02 01 03"}]}}, {"type": "Feature", "geometry": {"type": "Point", "coordinates": [18.039372, 48.892358]}, "properties": {"ico": "47484004", "nazov": "I.M.D.K. pekáreň a predajne s. r. o.", "obec": "Trenčín", "okres": "Trenčín", "kraj": "Trenčiansky", "typ": "pekaren", "typ_nazov": "Pekáreň", "sektor": "Potravinárstvo a nápoje", "presnost": "obec", "t_rok": 0, "odpady": [{"kod": "pekarenske_zvysky", "nazov": "Pekárenské zvyšky", "kat": "02 06 01"}, {"kod": "cestovinove_zvysky", "nazov": "Cestovinové a múčne zvyšky", "kat": "02 06 01"}]}}, {"type": "Feature", "geometry": {"type": "Point", "coordinates": [18.230924, 48.835786]}, "properties": {"ico": "47502908", "nazov": "Pekáreň PODHORIE, s. r. o.", "obec": "Krásna Ves", "okres": "Bánovce nad Bebravou", "kraj": "Trenčiansky", "typ": "pekaren", "typ_nazov": "Pekáreň", "sektor": "Potravinárstvo a nápoje", "presnost": "obec", "t_rok": 0, "odpady": [{"kod": "pekarenske_zvysky", "nazov": "Pekárenské zvyšky", "kat": "02 06 01"}, {"kod": "cestovinove_zvysky", "nazov": "Cestovinové a múčne zvyšky", "kat": "02 06 01"}]}}, {"type": "Feature", "geometry": {"type": "Point", "coordinates": [17.032746, 48.273132]}, "properties": {"ico": "47511940", "nazov": "InterSporthotel, spol. s r.o.", "obec": "Stupava", "okres": "Malacky", "kraj": "Bratislavský", "typ": "hotel", "typ_nazov": "Hotel", "sektor": "Gastro a stravovacie zariadenia", "presnost": "obec", "t_rok": 0, "odpady": [{"kod": "bro_zahrady", "nazov": "Biologicky rozložiteľný odpad zo záhrad", "kat": "20 02 01"}, {"kod": "zvysky_z_taniera", "nazov": "Zvyšky z taniera", "kat": "20 01 08"}, {"kod": "gastro_kuchynsky_odpad", "nazov": "Kuchynský odpad z reštaurácií a hotelov", "kat": "20 01 08"}, {"kod": "gastro_fritovaci_olej", "nazov": "Použitý fritovací olej z gastroprevádzok", "kat": "20 01 25"}, {"kod": "gastro_kavova_sedlina", "nazov": "Kávová sedlina z gastroprevádzok", "kat": "20 01 08"}]}}, {"type": "Feature", "geometry": {"type": "Point", "coordinates": [19.680832, 48.273689]}, "properties": {"ico": "47517492", "nazov": "Malina - Jedáleň s.r.o.", "obec": "Rapovce", "okres": "Lučenec", "kraj": "Banskobystrický", "typ": "jedalen_zavodna", "typ_nazov": "Závodná a verejná jedáleň", "sektor": "Gastro a stravovacie zariadenia", "presnost": "obec", "t_rok": 0, "odpady": [{"kod": "tuky_odlucovace", "nazov": "Tuky z odlučovačov", "kat": "19 08 09"}, {"kod": "zvysky_z_taniera", "nazov": "Zvyšky z taniera", "kat": "20 01 08"}, {"kod": "gastro_kuchynsky_odpad", "nazov": "Kuchynský odpad z reštaurácií a hotelov", "kat": "20 01 08"}, {"kod": "gastro_fritovaci_olej", "nazov": "Použitý fritovací olej z gastroprevádzok", "kat": "20 01 25"}]}}, {"type": "Feature", "geometry": {"type": "Point", "coordinates": [18.833333, 48.216667]}, "properties": {"ico": "47531061", "nazov": "Olej Hont, s.r.o.", "obec": "Súdovce", "okres": "Krupina", "kraj": "Banskobystrický", "typ": "olejnin", "typ_nazov": "Spracovanie olejnín", "sektor": "Potravinárstvo a nápoje", "presnost": "obec", "t_rok": 0, "odpady": [{"kod": "repkovy_srot", "nazov": "Repkový extrahovaný šrot", "kat": "02 03 04"}, {"kod": "slnecnicovy_srot", "nazov": "Slnečnicový extrahovaný šrot", "kat": "02 03 04"}, {"kod": "olejnaty_kal", "nazov": "Kaly z rafinácie jedlých olejov", "kat": "02 03 05"}]}}, {"type": "Feature", "geometry": {"type": "Point", "coordinates": [18.983333, 48.983333]}, "properties": {"ico": "47548584", "nazov": "Necpalská mliekáreň, s. r. o.", "obec": "Necpaly", "okres": "Martin", "kraj": "Žilinský", "typ": "mliekaren", "typ_nazov": "Mliekáreň", "sektor": "Potravinárstvo a nápoje", "presnost": "obec", "t_rok": 0, "odpady": [{"kod": "srvatka_sladka", "nazov": "Sladká srvátka", "kat": "02 05 01"}, {"kod": "srvatka_kysla", "nazov": "Kyslá srvátka", "kat": "02 05 01"}, {"kod": "srvatkovy_permeat", "nazov": "Srvátkový permeát", "kat": "02 05 01"}, {"kod": "cmar", "nazov": "Cmar", "kat": "02 05 01"}, {"kod": "mliekarensky_kal", "nazov": "Kal z mliekarenskej ČOV", "kat": "02 05 02"}]}}, {"type": "Feature", "geometry": {"type": "Point", "coordinates": [21.261603, 48.91662]}, "properties": {"ico": "47551275", "nazov": "PREŠOVSKÝ PIVOVAR, s.r.o.", "obec": "Petrovany", "okres": "Prešov", "kraj": "Prešovský", "typ": "pivovar", "typ_nazov": "Pivovar / minipivovar", "sektor": "Potravinárstvo a nápoje", "presnost": "obec", "t_rok": 0, "odpady": [{"kod": "pivovarske_mlato", "nazov": "Pivovarské mláto", "kat": "02 07 01"}, {"kod": "pivovarske_kvasnice", "nazov": "Pivovarské kvasnice", "kat": "02 07 05"}, {"kod": "chmelovy_mlat", "nazov": "Chmeľový mlát", "kat": "02 07 01"}, {"kod": "kremelinovy_kal", "nazov": "Kremelinový kal z filtrácie", "kat": "02 07 05"}]}}, {"type": "Feature", "geometry": {"type": "Point", "coordinates": [19.286756, 48.599127]}, "properties": {"ico": "47560720", "nazov": "Reštaurácia Očová s.r.o.", "obec": "Očová", "okres": "Zvolen", "kraj": "Banskobystrický", "typ": "restauracia", "typ_nazov": "Reštaurácia", "sektor": "Gastro a stravovacie zariadenia", "presnost": "obec", "t_rok": 0, "odpady": [{"kod": "tuky_odlucovace", "nazov": "Tuky z odlučovačov", "kat": "19 08 09"}, {"kod": "zvysky_z_taniera", "nazov": "Zvyšky z taniera", "kat": "20 01 08"}, {"kod": "gastro_kuchynsky_odpad", "nazov": "Kuchynský odpad z reštaurácií a hotelov", "kat": "20 01 08"}, {"kod": "gastro_fritovaci_olej", "nazov": "Použitý fritovací olej z gastroprevádzok", "kat": "20 01 25"}, {"kod": "gastro_kavova_sedlina", "nazov": "Kávová sedlina z gastroprevádzok", "kat": "20 01 08"}]}}, {"type": "Feature", "geometry": {"type": "Point", "coordinates": [18.333333, 48.2]}, "properties": {"ico": "47570822", "nazov": "Mäso Melek, s.r.o.", "obec": "Melek", "okres": "Nitra", "kraj": "Nitriansky", "typ": "masovyroba", "typ_nazov": "Mäsospracovanie", "sektor": "Potravinárstvo a nápoje", "presnost": "obec", "t_rok": 0, "odpady": [{"kod": "kostny_zvysok", "nazov": "Kosti a kostné zvyšky", "kat": "02 02 02"}, {"kod": "kozne_odrezky", "nazov": "Kožné odrezky a podkožný tuk", "kat": "02 02 02"}, {"kod": "masovy_flotacny_kal", "nazov": "Flotačný kal z mäsospracovania", "kat": "02 02 04"}, {"kod": "zvp_kat3", "nazov": "Živočíšne vedľajšie produkty kategórie 3", "kat": "02 02 02"}, {"kod": "technicky_zivocisny_tuk", "nazov": "Technický živočíšny tuk", "kat": "02 02 03"}, {"kod": "masokostna_mucka", "nazov": "Mäsokostná múčka", "kat": "02 02 02"}]}}, {"type": "Feature", "geometry": {"type": "Point", "coordinates": [19.575561, 48.80232]}, "properties": {"ico": "47597291", "nazov": "Pekáreň u St. Klaus, s.r.o.", "obec": "Hronec", "okres": "Brezno", "kraj": "Banskobystrický", "typ": "pekaren", "typ_nazov": "Pekáreň", "sektor": "Potravinárstvo a nápoje", "presnost": "obec", "t_rok": 0, "odpady": [{"kod": "pekarenske_zvysky", "nazov": "Pekárenské zvyšky", "kat": "02 06 01"}, {"kod": "cestovinove_zvysky", "nazov": "Cestovinové a múčne zvyšky", "kat": "02 06 01"}]}}, {"type": "Feature", "geometry": {"type": "Point", "coordinates": [20.995106, 48.873225]}, "properties": {"ico": "47600578", "nazov": "PÍLA Jaklovce s. r. o.", "obec": "Jaklovce", "okres": "Gelnica", "kraj": "Košický", "typ": "pila", "typ_nazov": "Píla a drevospracovanie", "sektor": "Drevo, lesníctvo a ostatné", "presnost": "obec", "t_rok": 0, "odpady": [{"kod": "kora", "nazov": "Odpadová kôra", "kat": "03 01 01"}, {"kod": "piliny", "nazov": "Piliny a hobliny", "kat": "03 01 05"}, {"kod": "odrezky_dreva", "nazov": "Odrezky a drevný odpad", "kat": "03 01 05"}]}}, {"type": "Feature", "geometry": {"type": "Point", "coordinates": [18.447319, 49.114507]}, "properties": {"ico": "47613131", "nazov": "Reštaurácia Svätý Hubert, s. r. o.", "obec": "Považská Bystrica", "okres": "Považská Bystrica", "kraj": "Trenčiansky", "typ": "restauracia", "typ_nazov": "Reštaurácia", "sektor": "Gastro a stravovacie zariadenia", "presnost": "obec", "t_rok": 0, "odpady": [{"kod": "tuky_odlucovace", "nazov": "Tuky z odlučovačov", "kat": "19 08 09"}, {"kod": "zvysky_z_taniera", "nazov": "Zvyšky z taniera", "kat": "20 01 08"}, {"kod": "gastro_kuchynsky_odpad", "nazov": "Kuchynský odpad z reštaurácií a hotelov", "kat": "20 01 08"}, {"kod": "gastro_fritovaci_olej", "nazov": "Použitý fritovací olej z gastroprevádzok", "kat": "20 01 25"}, {"kod": "gastro_kavova_sedlina", "nazov": "Kávová sedlina z gastroprevádzok", "kat": "20 01 08"}]}}, {"type": "Feature", "geometry": {"type": "Point", "coordinates": [18.186834, 48.086106]}, "properties": {"ico": "47615591", "nazov": "Rybárová AGROFARMA s.r.o.", "obec": "Šurany", "okres": "Nové Zámky", "kraj": "Nitriansky", "typ": "farma", "typ_nazov": "Živočíšna farma", "sektor": "Poľnohospodárstvo a chov", "presnost": "obec", "t_rok": 0, "odpady": [{"kod": "travna_hmota_ttp", "nazov": "Trávna hmota z lúk a TTP", "kat": "02 01 03"}, {"kod": "hnoj_hovadzi", "nazov": "Maštaľný hnoj hovädzí", "kat": "02 01 06"}, {"kod": "hnojovica_osipane", "nazov": "Hnojovica ošípaných", "kat": "02 01 06"}, {"kod": "ovciarsky_hnoj", "nazov": "Ovčí a kozí hnoj", "kat": "02 01 06"}, {"kod": "kadavery", "nazov": "Uhynuté zvieratá (kadávery)", "kat": "02 01 02"}]}}, {"type": "Feature", "geometry": {"type": "Point", "coordinates": [17.994901, 47.987724]}, "properties": {"ico": "47655364", "nazov": "Pekáreň Dóža s.r.o.", "obec": "Zemné", "okres": "Nové Zámky", "kraj": "Nitriansky", "typ": "pekaren", "typ_nazov": "Pekáreň", "sektor": "Potravinárstvo a nápoje", "presnost": "obec", "t_rok": 0, "odpady": [{"kod": "pekarenske_zvysky", "nazov": "Pekárenské zvyšky", "kat": "02 06 01"}, {"kod": "cestovinove_zvysky", "nazov": "Cestovinové a múčne zvyšky", "kat": "02 06 01"}]}}, {"type": "Feature", "geometry": {"type": "Point", "coordinates": [21.768522, 48.704265]}, "properties": {"ico": "47655950", "nazov": "Agrofarma CM s.r.o.", "obec": "Horovce", "okres": "Michalovce", "kraj": "Košický", "typ": "farma", "typ_nazov": "Živočíšna farma", "sektor": "Poľnohospodárstvo a chov", "presnost": "obec", "t_rok": 0, "odpady": [{"kod": "travna_hmota_ttp", "nazov": "Trávna hmota z lúk a TTP", "kat": "02 01 03"}, {"kod": "hnoj_hovadzi", "nazov": "Maštaľný hnoj hovädzí", "kat": "02 01 06"}, {"kod": "hnojovica_osipane", "nazov": "Hnojovica ošípaných", "kat": "02 01 06"}, {"kod": "ovciarsky_hnoj", "nazov": "Ovčí a kozí hnoj", "kat": "02 01 06"}, {"kod": "kadavery", "nazov": "Uhynuté zvieratá (kadávery)", "kat": "02 01 02"}]}}, {"type": "Feature", "geometry": {"type": "Point", "coordinates": [18.09061, 48.31257]}, "properties": {"ico": "47668725", "nazov": "Reštaurácia ELSA, s.r.o.", "obec": "Nitra", "okres": "Nitra", "kraj": "Nitriansky", "typ": "restauracia", "typ_nazov": "Reštaurácia", "sektor": "Gastro a stravovacie zariadenia", "presnost": "obec", "t_rok": 0, "odpady": [{"kod": "tuky_odlucovace", "nazov": "Tuky z odlučovačov", "kat": "19 08 09"}, {"kod": "zvysky_z_taniera", "nazov": "Zvyšky z taniera", "kat": "20 01 08"}, {"kod": "gastro_kuchynsky_odpad", "nazov": "Kuchynský odpad z reštaurácií a hotelov", "kat": "20 01 08"}, {"kod": "gastro_fritovaci_olej", "nazov": "Použitý fritovací olej z gastroprevádzok", "kat": "20 01 25"}, {"kod": "gastro_kavova_sedlina", "nazov": "Kávová sedlina z gastroprevádzok", "kat": "20 01 08"}]}}, {"type": "Feature", "geometry": {"type": "Point", "coordinates": [17.308037, 48.336443]}, "properties": {"ico": "47683023", "nazov": "Výskumná a šľachtiteľská stanica vinohradnícka a vinárska, s. r. o.", "obec": "Modra", "okres": "Pezinok", "kraj": "Bratislavský", "typ": "vinarstvo", "typ_nazov": "Vinárstvo", "sektor": "Potravinárstvo a nápoje", "presnost": "obec", "t_rok": 0, "odpady": [{"kod": "hroznove_vylisky", "nazov": "Hroznové výlisky (matolina)", "kat": "02 07 04"}, {"kod": "vinne_kaly", "nazov": "Vínne kaly", "kat": "02 07 05"}, {"kod": "hroznove_stopky", "nazov": "Hroznové stopky (strapiny)", "kat": "02 07 01"}]}}, {"type": "Feature", "geometry": {"type": "Point", "coordinates": [17.396776, 48.219641]}, "properties": {"ico": "47687835", "nazov": "Drevársky závod - píla Senec, s.r.o.", "obec": "Senec", "okres": "Senec", "kraj": "Bratislavský", "typ": "pila", "typ_nazov": "Píla a drevospracovanie", "sektor": "Drevo, lesníctvo a ostatné", "presnost": "obec", "t_rok": 0, "odpady": [{"kod": "kora", "nazov": "Odpadová kôra", "kat": "03 01 01"}, {"kod": "piliny", "nazov": "Piliny a hobliny", "kat": "03 01 05"}, {"kod": "odrezky_dreva", "nazov": "Odrezky a drevný odpad", "kat": "03 01 05"}]}}, {"type": "Feature", "geometry": {"type": "Point", "coordinates": [19.223947, 48.879036]}, "properties": {"ico": "47696362", "nazov": "Donovalský pivovar a. s.", "obec": "Donovaly", "okres": "Banská Bystrica", "kraj": "Banskobystrický", "typ": "pivovar", "typ_nazov": "Pivovar / minipivovar", "sektor": "Potravinárstvo a nápoje", "presnost": "obec", "t_rok": 0, "odpady": [{"kod": "pivovarske_mlato", "nazov": "Pivovarské mláto", "kat": "02 07 01"}, {"kod": "pivovarske_kvasnice", "nazov": "Pivovarské kvasnice", "kat": "02 07 05"}, {"kod": "chmelovy_mlat", "nazov": "Chmeľový mlát", "kat": "02 07 01"}, {"kod": "kremelinovy_kal", "nazov": "Kremelinový kal z filtrácie", "kat": "02 07 05"}]}}, {"type": "Feature", "geometry": {"type": "Point", "coordinates": [18.233333, 49.0]}, "properties": {"ico": "47719648", "nazov": "Agrofarma Iliavka s.r.o.", "obec": "Ilava", "okres": "Ilava", "kraj": "Trenčiansky", "typ": "farma", "typ_nazov": "Živočíšna farma", "sektor": "Poľnohospodárstvo a chov", "presnost": "obec", "t_rok": 0, "odpady": [{"kod": "travna_hmota_ttp", "nazov": "Trávna hmota z lúk a TTP", "kat": "02 01 03"}, {"kod": "hnoj_hovadzi", "nazov": "Maštaľný hnoj hovädzí", "kat": "02 01 06"}, {"kod": "hnojovica_osipane", "nazov": "Hnojovica ošípaných", "kat": "02 01 06"}, {"kod": "ovciarsky_hnoj", "nazov": "Ovčí a kozí hnoj", "kat": "02 01 06"}, {"kod": "kadavery", "nazov": "Uhynuté zvieratá (kadávery)", "kat": "02 01 02"}]}}, {"type": "Feature", "geometry": {"type": "Point", "coordinates": [21.012272, 48.893544]}, "properties": {"ico": "47726709", "nazov": "Hydina Furajtár s.r.o.", "obec": "Margecany", "okres": "Gelnica", "kraj": "Košický", "typ": "hydina", "typ_nazov": "Hydinárska prevádzka", "sektor": "Poľnohospodárstvo a chov", "presnost": "obec", "t_rok": 0, "odpady": [{"kod": "krv_bitunok", "nazov": "Krv z bitúnku", "kat": "02 02 03"}, {"kod": "perie", "nazov": "Perie z hydinových bitúnkov", "kat": "02 02 02"}, {"kod": "hydinovy_trus", "nazov": "Hydinový trus a podstielka", "kat": "02 01 06"}, {"kod": "kadavery", "nazov": "Uhynuté zvieratá (kadávery)", "kat": "02 01 02"}, {"kod": "zvp_kat3", "nazov": "Živočíšne vedľajšie produkty kategórie 3", "kat": "02 02 02"}, {"kod": "zvp_kat2", "nazov": "Živočíšne vedľajšie produkty kategórie 2", "kat": "02 02 02"}]}}, {"type": "Feature", "geometry": {"type": "Point", "coordinates": [17.263614, 48.082194]}, "properties": {"ico": "47735830", "nazov": "Mäso údeniny Lintner s.r.o.", "obec": "Dunajská Lužná", "okres": "Senec", "kraj": "Bratislavský", "typ": "masovyroba", "typ_nazov": "Mäsospracovanie", "sektor": "Potravinárstvo a nápoje", "presnost": "obec", "t_rok": 0, "odpady": [{"kod": "kostny_zvysok", "nazov": "Kosti a kostné zvyšky", "kat": "02 02 02"}, {"kod": "kozne_odrezky", "nazov": "Kožné odrezky a podkožný tuk", "kat": "02 02 02"}, {"kod": "masovy_flotacny_kal", "nazov": "Flotačný kal z mäsospracovania", "kat": "02 02 04"}, {"kod": "zvp_kat3", "nazov": "Živočíšne vedľajšie produkty kategórie 3", "kat": "02 02 02"}, {"kod": "technicky_zivocisny_tuk", "nazov": "Technický živočíšny tuk", "kat": "02 02 03"}, {"kod": "masokostna_mucka", "nazov": "Mäsokostná múčka", "kat": "02 02 02"}]}}, {"type": "Feature", "geometry": {"type": "Point", "coordinates": [20.531184, 48.654392]}, "properties": {"ico": "47743522", "nazov": "Pivovar IKKONA s.r.o.", "obec": "Rožňava", "okres": "Rožňava", "kraj": "Košický", "typ": "pivovar", "typ_nazov": "Pivovar / minipivovar", "sektor": "Potravinárstvo a nápoje", "presnost": "obec", "t_rok": 0, "odpady": [{"kod": "pivovarske_mlato", "nazov": "Pivovarské mláto", "kat": "02 07 01"}, {"kod": "pivovarske_kvasnice", "nazov": "Pivovarské kvasnice", "kat": "02 07 05"}, {"kod": "chmelovy_mlat", "nazov": "Chmeľový mlát", "kat": "02 07 01"}, {"kod": "kremelinovy_kal", "nazov": "Kremelinový kal z filtrácie", "kat": "02 07 05"}]}}, {"type": "Feature", "geometry": {"type": "Point", "coordinates": [18.551924, 49.043114]}, "properties": {"ico": "47879408", "nazov": "Farma Horný Lieskov s.r.o.", "obec": "Domaniža", "okres": "Považská Bystrica", "kraj": "Trenčiansky", "typ": "farma", "typ_nazov": "Živočíšna farma", "sektor": "Poľnohospodárstvo a chov", "presnost": "obec", "t_rok": 0, "odpady": [{"kod": "travna_hmota_ttp", "nazov": "Trávna hmota z lúk a TTP", "kat": "02 01 03"}, {"kod": "hnoj_hovadzi", "nazov": "Maštaľný hnoj hovädzí", "kat": "02 01 06"}, {"kod": "hnojovica_osipane", "nazov": "Hnojovica ošípaných", "kat": "02 01 06"}, {"kod": "ovciarsky_hnoj", "nazov": "Ovčí a kozí hnoj", "kat": "02 01 06"}, {"kod": "kadavery", "nazov": "Uhynuté zvieratá (kadávery)", "kat": "02 01 02"}]}}, {"type": "Feature", "geometry": {"type": "Point", "coordinates": [19.480783, 49.409512]}, "properties": {"ico": "47916672", "nazov": "CUKROVINKY s.r.o.", "obec": "Námestovo", "okres": "Námestovo", "kraj": "Žilinský", "typ": "cukrovinky", "typ_nazov": "Výroba cukroviniek", "sektor": "Potravinárstvo a nápoje", "presnost": "obec", "t_rok": 0, "odpady": [{"kod": "cukrovinkarske_zvysky", "nazov": "Zvyšky z výroby cukroviniek", "kat": "02 06 01"}, {"kod": "kavove_slupky", "nazov": "Kávové šupky (silverskin)", "kat": "02 03 04"}]}}, {"type": "Feature", "geometry": {"type": "Point", "coordinates": [21.933333, 48.75]}, "properties": {"ico": "47926392", "nazov": "PEKÁREŇ ILaS - 37 s.r.o.", "obec": "Michalovce", "okres": "Michalovce", "kraj": "Košický", "typ": "pekaren", "typ_nazov": "Pekáreň", "sektor": "Potravinárstvo a nápoje", "presnost": "obec", "t_rok": 0, "odpady": [{"kod": "pekarenske_zvysky", "nazov": "Pekárenské zvyšky", "kat": "02 06 01"}, {"kod": "cestovinove_zvysky", "nazov": "Cestovinové a múčne zvyšky", "kat": "02 06 01"}]}}, {"type": "Feature", "geometry": {"type": "Point", "coordinates": [18.033094, 48.95799]}, "properties": {"ico": "47969300", "nazov": "Matica ovocná, s.r.o.", "obec": "Dolná Súča", "okres": "Trenčín", "kraj": "Trenčiansky", "typ": "ovocne_sady", "typ_nazov": "Ovocné sady a spracovanie ovocia", "sektor": "Poľnohospodárstvo a chov", "presnost": "obec", "t_rok": 0, "odpady": [{"kod": "jablcne_vylisky", "nazov": "Jablčné výlisky", "kat": "02 07 04"}, {"kod": "bobulove_vylisky", "nazov": "Výlisky z bobuľového ovocia", "kat": "02 07 04"}, {"kod": "vnate_pozberove", "nazov": "Vňate a pozberové zvyšky zeleniny", "kat": "02 01 03"}]}}, {"type": "Feature", "geometry": {"type": "Point", "coordinates": [18.586242, 48.73968]}, "properties": {"ico": "47989289", "nazov": "AGRODAN, s.r.o.", "obec": "Koš", "okres": "Prievidza", "kraj": "Trenčiansky", "typ": "agro", "typ_nazov": "Poľnohospodársky podnik", "sektor": "Poľnohospodárstvo a chov", "presnost": "obec", "t_rok": 0, "odpady": [{"kod": "slama_obilna", "nazov": "Obilná slama", "kat": "02 01 03"}, {"kod": "kukuricne_korovie", "nazov": "Kukuričné kôrovie a stonky", "kat": "02 01 03"}, {"kod": "repkova_slama", "nazov": "Repková slama", "kat": "02 01 03"}, {"kod": "travna_hmota_ttp", "nazov": "Trávna hmota z lúk a TTP", "kat": "02 01 03"}, {"kod": "odpad_cistenie_zrna", "nazov": "Odpad z čistenia a sušenia obilia", "kat": "02 01 03"}]}}, {"type": "Feature", "geometry": {"type": "Point", "coordinates": [18.116667, 48.233333]}, "properties": {"ico": "48002445", "nazov": "FARMA AGROBEL, spol. s r.o.", "obec": "Ivanka pri Nitre", "okres": "Nitra", "kraj": "Nitriansky", "typ": "farma", "typ_nazov": "Živočíšna farma", "sektor": "Poľnohospodárstvo a chov", "presnost": "obec", "t_rok": 0, "odpady": [{"kod": "travna_hmota_ttp", "nazov": "Trávna hmota z lúk a TTP", "kat": "02 01 03"}, {"kod": "hnoj_hovadzi", "nazov": "Maštaľný hnoj hovädzí", "kat": "02 01 06"}, {"kod": "hnojovica_osipane", "nazov": "Hnojovica ošípaných", "kat": "02 01 06"}, {"kod": "ovciarsky_hnoj", "nazov": "Ovčí a kozí hnoj", "kat": "02 01 06"}, {"kod": "kadavery", "nazov": "Uhynuté zvieratá (kadávery)", "kat": "02 01 02"}]}}, {"type": "Feature", "geometry": {"type": "Point", "coordinates": [18.596253, 47.849877]}, "properties": {"ico": "48046621", "nazov": "FARMA ĽUBÁ, s.r.o.", "obec": "Ľubá", "okres": "Nové Zámky", "kraj": "Nitriansky", "typ": "farma", "typ_nazov": "Živočíšna farma", "sektor": "Poľnohospodárstvo a chov", "presnost": "obec", "t_rok": 0, "odpady": [{"kod": "travna_hmota_ttp", "nazov": "Trávna hmota z lúk a TTP", "kat": "02 01 03"}, {"kod": "hnoj_hovadzi", "nazov": "Maštaľný hnoj hovädzí", "kat": "02 01 06"}, {"kod": "hnojovica_osipane", "nazov": "Hnojovica ošípaných", "kat": "02 01 06"}, {"kod": "ovciarsky_hnoj", "nazov": "Ovčí a kozí hnoj", "kat": "02 01 06"}, {"kod": "kadavery", "nazov": "Uhynuté zvieratá (kadávery)", "kat": "02 01 02"}]}}, {"type": "Feature", "geometry": {"type": "Point", "coordinates": [21.012272, 48.893544]}, "properties": {"ico": "48067687", "nazov": "Alžbeta Nalevanková MÄSO-ÚDENINY", "obec": "Margecany", "okres": "Gelnica", "kraj": "Košický", "typ": "masovyroba", "typ_nazov": "Mäsospracovanie", "sektor": "Potravinárstvo a nápoje", "presnost": "obec", "t_rok": 0, "odpady": [{"kod": "kostny_zvysok", "nazov": "Kosti a kostné zvyšky", "kat": "02 02 02"}, {"kod": "kozne_odrezky", "nazov": "Kožné odrezky a podkožný tuk", "kat": "02 02 02"}, {"kod": "masovy_flotacny_kal", "nazov": "Flotačný kal z mäsospracovania", "kat": "02 02 04"}, {"kod": "zvp_kat3", "nazov": "Živočíšne vedľajšie produkty kategórie 3", "kat": "02 02 02"}, {"kod": "technicky_zivocisny_tuk", "nazov": "Technický živočíšny tuk", "kat": "02 02 03"}, {"kod": "masokostna_mucka", "nazov": "Mäsokostná múčka", "kat": "02 02 02"}]}}, {"type": "Feature", "geometry": {"type": "Point", "coordinates": [18.416667, 47.9]}, "properties": {"ico": "48080080", "nazov": "Vinárstvo Izsák, s.r.o.", "obec": "Strekov", "okres": "Nové Zámky", "kraj": "Nitriansky", "typ": "vinarstvo", "typ_nazov": "Vinárstvo", "sektor": "Potravinárstvo a nápoje", "presnost": "obec", "t_rok": 0, "odpady": [{"kod": "hroznove_vylisky", "nazov": "Hroznové výlisky (matolina)", "kat": "02 07 04"}, {"kod": "vinne_kaly", "nazov": "Vínne kaly", "kat": "02 07 05"}, {"kod": "hroznove_stopky", "nazov": "Hroznové stopky (strapiny)", "kat": "02 07 01"}]}}, {"type": "Feature", "geometry": {"type": "Point", "coordinates": [21.816667, 48.95]}, "properties": {"ico": "48103039", "nazov": "SLOVENSKÁ HYDINA s. r. o.", "obec": "Lieskovec", "okres": "Humenné", "kraj": "Prešovský", "typ": "hydina", "typ_nazov": "Hydinárska prevádzka", "sektor": "Poľnohospodárstvo a chov", "presnost": "obec", "t_rok": 0, "odpady": [{"kod": "krv_bitunok", "nazov": "Krv z bitúnku", "kat": "02 02 03"}, {"kod": "perie", "nazov": "Perie z hydinových bitúnkov", "kat": "02 02 02"}, {"kod": "hydinovy_trus", "nazov": "Hydinový trus a podstielka", "kat": "02 01 06"}, {"kod": "kadavery", "nazov": "Uhynuté zvieratá (kadávery)", "kat": "02 01 02"}, {"kod": "zvp_kat3", "nazov": "Živočíšne vedľajšie produkty kategórie 3", "kat": "02 02 02"}, {"kod": "zvp_kat2", "nazov": "Živočíšne vedľajšie produkty kategórie 2", "kat": "02 02 02"}]}}, {"type": "Feature", "geometry": {"type": "Point", "coordinates": [21.166667, 48.95]}, "properties": {"ico": "48115134", "nazov": "Technické služby Bzenov, s.r.o.", "obec": "Bzenov", "okres": "Prešov", "kraj": "Prešovský", "typ": "technicke_sluzby", "typ_nazov": "Technické služby mesta / obce", "sektor": "Komunálny a gastro bioodpad", "presnost": "obec", "t_rok": 0, "odpady": [{"kod": "travna_hmota_kosba", "nazov": "Trávna hmota z kosby verejnej zelene", "kat": "20 02 01"}, {"kod": "konare_stiepka", "nazov": "Konáre a drevná štiepka z údržby zelene", "kat": "20 02 01"}, {"kod": "listie", "nazov": "Lístie z verejnej zelene", "kat": "20 02 01"}, {"kod": "bro_zahrady", "nazov": "Biologicky rozložiteľný odpad zo záhrad", "kat": "20 02 01"}, {"kod": "odpad_trhoviska", "nazov": "Odpad z trhovísk", "kat": "20 03 02"}]}}, {"type": "Feature", "geometry": {"type": "Point", "coordinates": [18.447319, 49.114507]}, "properties": {"ico": "48132489", "nazov": "Farma Podskalie, s.r.o.", "obec": "Považská Bystrica", "okres": "Považská Bystrica", "kraj": "Trenčiansky", "typ": "farma", "typ_nazov": "Živočíšna farma", "sektor": "Poľnohospodárstvo a chov", "presnost": "obec", "t_rok": 0, "odpady": [{"kod": "travna_hmota_ttp", "nazov": "Trávna hmota z lúk a TTP", "kat": "02 01 03"}, {"kod": "hnoj_hovadzi", "nazov": "Maštaľný hnoj hovädzí", "kat": "02 01 06"}, {"kod": "hnojovica_osipane", "nazov": "Hnojovica ošípaných", "kat": "02 01 06"}, {"kod": "ovciarsky_hnoj", "nazov": "Ovčí a kozí hnoj", "kat": "02 01 06"}, {"kod": "kadavery", "nazov": "Uhynuté zvieratá (kadávery)", "kat": "02 01 02"}]}}, {"type": "Feature", "geometry": {"type": "Point", "coordinates": [21.325644, 48.60973]}, "properties": {"ico": "48135429", "nazov": "Agrofarma - plus s.r.o.", "obec": "Čaňa", "okres": "Košice - okolie", "kraj": "Košický", "typ": "farma", "typ_nazov": "Živočíšna farma", "sektor": "Poľnohospodárstvo a chov", "presnost": "obec", "t_rok": 0, "odpady": [{"kod": "travna_hmota_ttp", "nazov": "Trávna hmota z lúk a TTP", "kat": "02 01 03"}, {"kod": "hnoj_hovadzi", "nazov": "Maštaľný hnoj hovädzí", "kat": "02 01 06"}, {"kod": "hnojovica_osipane", "nazov": "Hnojovica ošípaných", "kat": "02 01 06"}, {"kod": "ovciarsky_hnoj", "nazov": "Ovčí a kozí hnoj", "kat": "02 01 06"}, {"kod": "kadavery", "nazov": "Uhynuté zvieratá (kadávery)", "kat": "02 01 02"}]}}, {"type": "Feature", "geometry": {"type": "Point", "coordinates": [20.133912, 48.550407]}, "properties": {"ico": "48152633", "nazov": "Vinárstvo UHNÁK s.r.o.", "obec": "Rybník", "okres": "Revúca", "kraj": "Banskobystrický", "typ": "vinarstvo", "typ_nazov": "Vinárstvo", "sektor": "Potravinárstvo a nápoje", "presnost": "obec", "t_rok": 0, "odpady": [{"kod": "hroznove_vylisky", "nazov": "Hroznové výlisky (matolina)", "kat": "02 07 04"}, {"kod": "vinne_kaly", "nazov": "Vínne kaly", "kat": "02 07 05"}, {"kod": "hroznove_stopky", "nazov": "Hroznové stopky (strapiny)", "kat": "02 07 01"}]}}, {"type": "Feature", "geometry": {"type": "Point", "coordinates": [17.166667, 48.8]}, "properties": {"ico": "48153745", "nazov": "VINÁRSTVO HABSBURG a.s.", "obec": "Holíč", "okres": "Skalica", "kraj": "Trnavský", "typ": "vinarstvo", "typ_nazov": "Vinárstvo", "sektor": "Potravinárstvo a nápoje", "presnost": "obec", "t_rok": 0, "odpady": [{"kod": "hroznove_vylisky", "nazov": "Hroznové výlisky (matolina)", "kat": "02 07 04"}, {"kod": "vinne_kaly", "nazov": "Vínne kaly", "kat": "02 07 05"}, {"kod": "hroznove_stopky", "nazov": "Hroznové stopky (strapiny)", "kat": "02 07 01"}]}}, {"type": "Feature", "geometry": {"type": "Point", "coordinates": [18.581862, 48.78]}, "properties": {"ico": "48174548", "nazov": "HOTEL LIPA BOJNICE s.r.o.", "obec": "Bojnice", "okres": "Prievidza", "kraj": "Trenčiansky", "typ": "hotel", "typ_nazov": "Hotel", "sektor": "Gastro a stravovacie zariadenia", "presnost": "obec", "t_rok": 0, "odpady": [{"kod": "bro_zahrady", "nazov": "Biologicky rozložiteľný odpad zo záhrad", "kat": "20 02 01"}, {"kod": "zvysky_z_taniera", "nazov": "Zvyšky z taniera", "kat": "20 01 08"}, {"kod": "gastro_kuchynsky_odpad", "nazov": "Kuchynský odpad z reštaurácií a hotelov", "kat": "20 01 08"}, {"kod": "gastro_fritovaci_olej", "nazov": "Použitý fritovací olej z gastroprevádzok", "kat": "20 01 25"}, {"kod": "gastro_kavova_sedlina", "nazov": "Kávová sedlina z gastroprevádzok", "kat": "20 01 08"}]}}, {"type": "Feature", "geometry": {"type": "Point", "coordinates": [17.933333, 48.55]}, "properties": {"ico": "48177369", "nazov": "Pivovar Trogár, s.r.o.", "obec": "Radošina", "okres": "Topoľčany", "kraj": "Nitriansky", "typ": "pivovar", "typ_nazov": "Pivovar / minipivovar", "sektor": "Potravinárstvo a nápoje", "presnost": "obec", "t_rok": 0, "odpady": [{"kod": "pivovarske_mlato", "nazov": "Pivovarské mláto", "kat": "02 07 01"}, {"kod": "pivovarske_kvasnice", "nazov": "Pivovarské kvasnice", "kat": "02 07 05"}, {"kod": "chmelovy_mlat", "nazov": "Chmeľový mlát", "kat": "02 07 01"}, {"kod": "kremelinovy_kal", "nazov": "Kremelinový kal z filtrácie", "kat": "02 07 05"}]}}, {"type": "Feature", "geometry": {"type": "Point", "coordinates": [17.730881, 48.288903]}, "properties": {"ico": "48185272", "nazov": "Miroslav Bédi - REŠTAURÁCIA U NOTÁRA", "obec": "Sereď", "okres": "Galanta", "kraj": "Trnavský", "typ": "restauracia", "typ_nazov": "Reštaurácia", "sektor": "Gastro a stravovacie zariadenia", "presnost": "obec", "t_rok": 0, "odpady": [{"kod": "tuky_odlucovace", "nazov": "Tuky z odlučovačov", "kat": "19 08 09"}, {"kod": "zvysky_z_taniera", "nazov": "Zvyšky z taniera", "kat": "20 01 08"}, {"kod": "gastro_kuchynsky_odpad", "nazov": "Kuchynský odpad z reštaurácií a hotelov", "kat": "20 01 08"}, {"kod": "gastro_fritovaci_olej", "nazov": "Použitý fritovací olej z gastroprevádzok", "kat": "20 01 25"}, {"kod": "gastro_kavova_sedlina", "nazov": "Kávová sedlina z gastroprevádzok", "kat": "20 01 08"}]}}, {"type": "Feature", "geometry": {"type": "Point", "coordinates": [17.450829, 48.195128]}, "properties": {"ico": "48198641", "nazov": "Zeleninárska organizácia výrobcov, družstvo", "obec": "Kráľová pri Senci", "okres": "Senec", "kraj": "Bratislavský", "typ": "zeleninarstvo", "typ_nazov": "Zeleninárstvo", "sektor": "Poľnohospodárstvo a chov", "presnost": "obec", "t_rok": 0, "odpady": [{"kod": "zemiakove_supky", "nazov": "Zemiakové šupky a orezky", "kat": "02 03 04"}, {"kod": "zeleninove_orezky", "nazov": "Orezky a nepodarky zeleniny", "kat": "02 03 04"}, {"kod": "kal_pranie_zeleniny", "nazov": "Kal z prania a lúpania zeleniny", "kat": "02 03 01"}, {"kod": "vnate_pozberove", "nazov": "Vňate a pozberové zvyšky zeleniny", "kat": "02 01 03"}]}}, {"type": "Feature", "geometry": {"type": "Point", "coordinates": [18.767884, 49.387301]}, "properties": {"ico": "48199524", "nazov": "Hydina Kysuce s. r. o.", "obec": "Čierne", "okres": "Čadca", "kraj": "Žilinský", "typ": "hydina", "typ_nazov": "Hydinárska prevádzka", "sektor": "Poľnohospodárstvo a chov", "presnost": "okres", "t_rok": 0, "odpady": [{"kod": "krv_bitunok", "nazov": "Krv z bitúnku", "kat": "02 02 03"}, {"kod": "perie", "nazov": "Perie z hydinových bitúnkov", "kat": "02 02 02"}, {"kod": "hydinovy_trus", "nazov": "Hydinový trus a podstielka", "kat": "02 01 06"}, {"kod": "kadavery", "nazov": "Uhynuté zvieratá (kadávery)", "kat": "02 01 02"}, {"kod": "zvp_kat3", "nazov": "Živočíšne vedľajšie produkty kategórie 3", "kat": "02 02 02"}, {"kod": "zvp_kat2", "nazov": "Živočíšne vedľajšie produkty kategórie 2", "kat": "02 02 02"}]}}, {"type": "Feature", "geometry": {"type": "Point", "coordinates": [17.164279, 48.149645]}, "properties": {"ico": "48218588", "nazov": "Reštaurácia BESEDA s. r. o.", "obec": "Bratislava - mestská časť Ružinov", "okres": "Bratislava II", "kraj": "Bratislavský", "typ": "restauracia", "typ_nazov": "Reštaurácia", "sektor": "Gastro a stravovacie zariadenia", "presnost": "mestska_cast", "t_rok": 0, "odpady": [{"kod": "tuky_odlucovace", "nazov": "Tuky z odlučovačov", "kat": "19 08 09"}, {"kod": "zvysky_z_taniera", "nazov": "Zvyšky z taniera", "kat": "20 01 08"}, {"kod": "gastro_kuchynsky_odpad", "nazov": "Kuchynský odpad z reštaurácií a hotelov", "kat": "20 01 08"}, {"kod": "gastro_fritovaci_olej", "nazov": "Použitý fritovací olej z gastroprevádzok", "kat": "20 01 25"}, {"kod": "gastro_kavova_sedlina", "nazov": "Kávová sedlina z gastroprevádzok", "kat": "20 01 08"}]}}, {"type": "Feature", "geometry": {"type": "Point", "coordinates": [17.112478, 48.140553]}, "properties": {"ico": "48220558", "nazov": "Nemocnica novej generácie Michalovce, a.s.", "obec": "Košice - mestská časť Staré Mesto", "okres": "Bratislava I", "kraj": "Bratislavský", "typ": "nemocnica", "typ_nazov": "Nemocnica", "sektor": "Gastro a stravovacie zariadenia", "presnost": "mestska_cast", "t_rok": 26.86, "odpady": [{"kod": "zvysky_z_taniera", "nazov": "Zvyšky z taniera", "kat": "20 01 08"}, {"kod": "nemocnicny_kuchynsky_odpad", "nazov": "Kuchynský odpad zo zdravotníckych a sociálnych zariadení", "kat": "20 01 08"}, {"kod": "gastro_fritovaci_olej", "nazov": "Použitý fritovací olej z gastroprevádzok", "kat": "20 01 25"}]}}, {"type": "Feature", "geometry": {"type": "Point", "coordinates": [18.129917, 47.757388]}, "properties": {"ico": "48252735", "nazov": "Nagy-Hydina, s.r.o.", "obec": "Komárno", "okres": "Komárno", "kraj": "Nitriansky", "typ": "hydina", "typ_nazov": "Hydinárska prevádzka", "sektor": "Poľnohospodárstvo a chov", "presnost": "obec", "t_rok": 0, "odpady": [{"kod": "krv_bitunok", "nazov": "Krv z bitúnku", "kat": "02 02 03"}, {"kod": "perie", "nazov": "Perie z hydinových bitúnkov", "kat": "02 02 02"}, {"kod": "hydinovy_trus", "nazov": "Hydinový trus a podstielka", "kat": "02 01 06"}, {"kod": "kadavery", "nazov": "Uhynuté zvieratá (kadávery)", "kat": "02 01 02"}, {"kod": "zvp_kat3", "nazov": "Živočíšne vedľajšie produkty kategórie 3", "kat": "02 02 02"}, {"kod": "zvp_kat2", "nazov": "Živočíšne vedľajšie produkty kategórie 2", "kat": "02 02 02"}]}}, {"type": "Feature", "geometry": {"type": "Point", "coordinates": [20.222448, 49.137283]}, "properties": {"ico": "48280011", "nazov": "ODPADY TATRY, s. r. o.", "obec": "Vysoké Tatry", "okres": "Poprad", "kraj": "Prešovský", "typ": "odpadove_hospodarstvo", "typ_nazov": "Odpadové hospodárstvo", "sektor": "Komunálny a gastro bioodpad", "presnost": "obec", "t_rok": 0, "odpady": [{"kod": "bro_zahrady", "nazov": "Biologicky rozložiteľný odpad zo záhrad", "kat": "20 02 01"}, {"kod": "kuchynsky_odpad", "nazov": "Biologicky rozložiteľný kuchynský a reštauračný odpad", "kat": "20 01 08"}, {"kod": "jedle_oleje_pouzite", "nazov": "Použité jedlé oleje a tuky", "kat": "20 01 25"}, {"kod": "potraviny_po_dobe", "nazov": "Nepredané potraviny po dátume spotreby", "kat": "20 01 08"}, {"kod": "tuky_odlucovace", "nazov": "Tuky z odlučovačov", "kat": "19 08 09"}]}}, {"type": "Feature", "geometry": {"type": "Point", "coordinates": [18.167022, 48.957172]}, "properties": {"ico": "48282197", "nazov": "Agrofarma - Prejta s.r.o.", "obec": "Dubnica nad Váhom", "okres": "Ilava", "kraj": "Trenčiansky", "typ": "farma", "typ_nazov": "Živočíšna farma", "sektor": "Poľnohospodárstvo a chov", "presnost": "obec", "t_rok": 0, "odpady": [{"kod": "travna_hmota_ttp", "nazov": "Trávna hmota z lúk a TTP", "kat": "02 01 03"}, {"kod": "hnoj_hovadzi", "nazov": "Maštaľný hnoj hovädzí", "kat": "02 01 06"}, {"kod": "hnojovica_osipane", "nazov": "Hnojovica ošípaných", "kat": "02 01 06"}, {"kod": "ovciarsky_hnoj", "nazov": "Ovčí a kozí hnoj", "kat": "02 01 06"}, {"kod": "kadavery", "nazov": "Uhynuté zvieratá (kadávery)", "kat": "02 01 02"}]}}, {"type": "Feature", "geometry": {"type": "Point", "coordinates": [18.324242, 49.123992]}, "properties": {"ico": "48302741", "nazov": "Považský olej, s.r.o.", "obec": "Púchov", "okres": "Púchov", "kraj": "Trenčiansky", "typ": "olejnin", "typ_nazov": "Spracovanie olejnín", "sektor": "Potravinárstvo a nápoje", "presnost": "obec", "t_rok": 0, "odpady": [{"kod": "repkovy_srot", "nazov": "Repkový extrahovaný šrot", "kat": "02 03 04"}, {"kod": "slnecnicovy_srot", "nazov": "Slnečnicový extrahovaný šrot", "kat": "02 03 04"}, {"kod": "olejnaty_kal", "nazov": "Kaly z rafinácie jedlých olejov", "kat": "02 03 05"}]}}, {"type": "Feature", "geometry": {"type": "Point", "coordinates": [17.27028, 48.285586]}, "properties": {"ico": "48310841", "nazov": "Zámocké vinárstvo, s. r. o.", "obec": "Pezinok", "okres": "Pezinok", "kraj": "Bratislavský", "typ": "vinarstvo", "typ_nazov": "Vinárstvo", "sektor": "Potravinárstvo a nápoje", "presnost": "obec", "t_rok": 0, "odpady": [{"kod": "hroznove_vylisky", "nazov": "Hroznové výlisky (matolina)", "kat": "02 07 04"}, {"kod": "vinne_kaly", "nazov": "Vínne kaly", "kat": "02 07 05"}, {"kod": "hroznove_stopky", "nazov": "Hroznové stopky (strapiny)", "kat": "02 07 01"}]}}, {"type": "Feature", "geometry": {"type": "Point", "coordinates": [20.881877, 48.600452]}, "properties": {"ico": "50005723", "nazov": "Základná škola s materskou školou, Školská 301/16, Turňa nad Bodvou", "obec": "Turňa nad Bodvou", "okres": "Košice - okolie", "kraj": "Košický", "typ": "skola_zakladna", "typ_nazov": "Základná škola", "sektor": "Gastro a stravovacie zariadenia", "presnost": "obec", "t_rok": 1.77, "odpady": [{"kod": "bro_zahrady", "nazov": "Biologicky rozložiteľný odpad zo záhrad", "kat": "20 02 01"}, {"kod": "skolsky_kuchynsky_odpad", "nazov": "Kuchynský odpad zo školských jedální", "kat": "20 01 08"}, {"kod": "zvysky_z_taniera", "nazov": "Zvyšky z taniera", "kat": "20 01 08"}, {"kod": "gastro_kavova_sedlina", "nazov": "Kávová sedlina z gastroprevádzok", "kat": "20 01 08"}]}}, {"type": "Feature", "geometry": {"type": "Point", "coordinates": [21.966667, 48.583333]}, "properties": {"ico": "50030329", "nazov": "Centrum sociálnych služieb Elemér Lázár Drahňov", "obec": "Drahňov", "okres": "Michalovce", "kraj": "Košický", "typ": "socialne_zariadenie", "typ_nazov": "Zariadenie sociálnych služieb", "sektor": "Gastro a stravovacie zariadenia", "presnost": "obec", "t_rok": 0, "odpady": [{"kod": "bro_zahrady", "nazov": "Biologicky rozložiteľný odpad zo záhrad", "kat": "20 02 01"}, {"kod": "zvysky_z_taniera", "nazov": "Zvyšky z taniera", "kat": "20 01 08"}, {"kod": "nemocnicny_kuchynsky_odpad", "nazov": "Kuchynský odpad zo zdravotníckych a sociálnych zariadení", "kat": "20 01 08"}]}}, {"type": "Feature", "geometry": {"type": "Point", "coordinates": [17.620142, 47.989309]}, "properties": {"ico": "50164252", "nazov": "Hydina PIERKO, s.r.o.", "obec": "Dunajská Streda", "okres": "Dunajská Streda", "kraj": "Trnavský", "typ": "hydina", "typ_nazov": "Hydinárska prevádzka", "sektor": "Poľnohospodárstvo a chov", "presnost": "obec", "t_rok": 0, "odpady": [{"kod": "krv_bitunok", "nazov": "Krv z bitúnku", "kat": "02 02 03"}, {"kod": "perie", "nazov": "Perie z hydinových bitúnkov", "kat": "02 02 02"}, {"kod": "hydinovy_trus", "nazov": "Hydinový trus a podstielka", "kat": "02 01 06"}, {"kod": "kadavery", "nazov": "Uhynuté zvieratá (kadávery)", "kat": "02 01 02"}, {"kod": "zvp_kat3", "nazov": "Živočíšne vedľajšie produkty kategórie 3", "kat": "02 02 02"}, {"kod": "zvp_kat2", "nazov": "Živočíšne vedľajšie produkty kategórie 2", "kat": "02 02 02"}]}}, {"type": "Feature", "geometry": {"type": "Point", "coordinates": [17.300361, 48.199027]}, "properties": {"ico": "50196766", "nazov": "Mäso - Údeniny K. Achberger, s.r.o.", "obec": "Bernolákovo", "okres": "Senec", "kraj": "Bratislavský", "typ": "masovyroba", "typ_nazov": "Mäsospracovanie", "sektor": "Potravinárstvo a nápoje", "presnost": "obec", "t_rok": 0, "odpady": [{"kod": "kostny_zvysok", "nazov": "Kosti a kostné zvyšky", "kat": "02 02 02"}, {"kod": "kozne_odrezky", "nazov": "Kožné odrezky a podkožný tuk", "kat": "02 02 02"}, {"kod": "masovy_flotacny_kal", "nazov": "Flotačný kal z mäsospracovania", "kat": "02 02 04"}, {"kod": "zvp_kat3", "nazov": "Živočíšne vedľajšie produkty kategórie 3", "kat": "02 02 02"}, {"kod": "technicky_zivocisny_tuk", "nazov": "Technický živočíšny tuk", "kat": "02 02 03"}, {"kod": "masokostna_mucka", "nazov": "Mäsokostná múčka", "kat": "02 02 02"}]}}, {"type": "Feature", "geometry": {"type": "Point", "coordinates": [17.541932, 48.596678]}, "properties": {"ico": "50219081", "nazov": "Malokarpatská píla s. r. o.", "obec": "Dobrá Voda", "okres": "Trnava", "kraj": "Trnavský", "typ": "pila", "typ_nazov": "Píla a drevospracovanie", "sektor": "Drevo, lesníctvo a ostatné", "presnost": "obec", "t_rok": 0, "odpady": [{"kod": "kora", "nazov": "Odpadová kôra", "kat": "03 01 01"}, {"kod": "piliny", "nazov": "Piliny a hobliny", "kat": "03 01 05"}, {"kod": "odrezky_dreva", "nazov": "Odrezky a drevný odpad", "kat": "03 01 05"}]}}, {"type": "Feature", "geometry": {"type": "Point", "coordinates": [17.886407, 48.618016]}, "properties": {"ico": "50265288", "nazov": "PILA FOREST s.r.o.", "obec": "Hubina", "okres": "Piešťany", "kraj": "Trnavský", "typ": "pila", "typ_nazov": "Píla a drevospracovanie", "sektor": "Drevo, lesníctvo a ostatné", "presnost": "obec", "t_rok": 0, "odpady": [{"kod": "kora", "nazov": "Odpadová kôra", "kat": "03 01 01"}, {"kod": "piliny", "nazov": "Piliny a hobliny", "kat": "03 01 05"}, {"kod": "odrezky_dreva", "nazov": "Odrezky a drevný odpad", "kat": "03 01 05"}]}}, {"type": "Feature", "geometry": {"type": "Point", "coordinates": [21.287603, 48.687456]}, "properties": {"ico": "50291491", "nazov": "Košická hydina s.r.o.", "obec": "Košice - mestská časť Nad jazerom", "okres": "Košice IV", "kraj": "Košický", "typ": "hydina", "typ_nazov": "Hydinárska prevádzka", "sektor": "Poľnohospodárstvo a chov", "presnost": "mestska_cast", "t_rok": 0, "odpady": [{"kod": "krv_bitunok", "nazov": "Krv z bitúnku", "kat": "02 02 03"}, {"kod": "perie", "nazov": "Perie z hydinových bitúnkov", "kat": "02 02 02"}, {"kod": "hydinovy_trus", "nazov": "Hydinový trus a podstielka", "kat": "02 01 06"}, {"kod": "kadavery", "nazov": "Uhynuté zvieratá (kadávery)", "kat": "02 01 02"}, {"kod": "zvp_kat3", "nazov": "Živočíšne vedľajšie produkty kategórie 3", "kat": "02 02 02"}, {"kod": "zvp_kat2", "nazov": "Živočíšne vedľajšie produkty kategórie 2", "kat": "02 02 02"}]}}, {"type": "Feature", "geometry": {"type": "Point", "coordinates": [17.112478, 48.140553]}, "properties": {"ico": "50317016", "nazov": "Bardejovský pivovar, s. r. o.", "obec": "Bratislava - mestská časť Staré Mesto", "okres": "Bratislava I", "kraj": "Bratislavský", "typ": "pivovar", "typ_nazov": "Pivovar / minipivovar", "sektor": "Potravinárstvo a nápoje", "presnost": "mestska_cast", "t_rok": 0, "odpady": [{"kod": "pivovarske_mlato", "nazov": "Pivovarské mláto", "kat": "02 07 01"}, {"kod": "pivovarske_kvasnice", "nazov": "Pivovarské kvasnice", "kat": "02 07 05"}, {"kod": "chmelovy_mlat", "nazov": "Chmeľový mlát", "kat": "02 07 01"}, {"kod": "kremelinovy_kal", "nazov": "Kremelinový kal z filtrácie", "kat": "02 07 05"}]}}, {"type": "Feature", "geometry": {"type": "Point", "coordinates": [18.953488, 48.59038]}, "properties": {"ico": "50341057", "nazov": "Píla Donoval & syn s.r.o.", "obec": "Trnavá Hora", "okres": "Žiar nad Hronom", "kraj": "Banskobystrický", "typ": "pila", "typ_nazov": "Píla a drevospracovanie", "sektor": "Drevo, lesníctvo a ostatné", "presnost": "obec", "t_rok": 0, "odpady": [{"kod": "kora", "nazov": "Odpadová kôra", "kat": "03 01 01"}, {"kod": "piliny", "nazov": "Piliny a hobliny", "kat": "03 01 05"}, {"kod": "odrezky_dreva", "nazov": "Odrezky a drevný odpad", "kat": "03 01 05"}]}}, {"type": "Feature", "geometry": {"type": "Point", "coordinates": [18.255734, 48.579391]}, "properties": {"ico": "50426281", "nazov": "Technické služby Obce Bošany s.r.o.", "obec": "Bošany", "okres": "Partizánske", "kraj": "Trenčiansky", "typ": "technicke_sluzby", "typ_nazov": "Technické služby mesta / obce", "sektor": "Komunálny a gastro bioodpad", "presnost": "obec", "t_rok": 0, "odpady": [{"kod": "travna_hmota_kosba", "nazov": "Trávna hmota z kosby verejnej zelene", "kat": "20 02 01"}, {"kod": "konare_stiepka", "nazov": "Konáre a drevná štiepka z údržby zelene", "kat": "20 02 01"}, {"kod": "listie", "nazov": "Lístie z verejnej zelene", "kat": "20 02 01"}, {"kod": "bro_zahrady", "nazov": "Biologicky rozložiteľný odpad zo záhrad", "kat": "20 02 01"}, {"kod": "odpad_trhoviska", "nazov": "Odpad z trhovísk", "kat": "20 03 02"}]}}, {"type": "Feature", "geometry": {"type": "Point", "coordinates": [17.68716, 48.700576]}, "properties": {"ico": "50451596", "nazov": "ZOS Krajné, n.o.", "obec": "Krajné", "okres": "Myjava", "kraj": "Trenčiansky", "typ": "socialne_zariadenie", "typ_nazov": "Zariadenie sociálnych služieb", "sektor": "Gastro a stravovacie zariadenia", "presnost": "obec", "t_rok": 0, "odpady": [{"kod": "bro_zahrady", "nazov": "Biologicky rozložiteľný odpad zo záhrad", "kat": "20 02 01"}, {"kod": "zvysky_z_taniera", "nazov": "Zvyšky z taniera", "kat": "20 01 08"}, {"kod": "nemocnicny_kuchynsky_odpad", "nazov": "Kuchynský odpad zo zdravotníckych a sociálnych zariadení", "kat": "20 01 08"}]}}, {"type": "Feature", "geometry": {"type": "Point", "coordinates": [18.929174, 49.07226]}, "properties": {"ico": "50469053", "nazov": "DSS a zariadenie pre seniorov LIBERUM MARTIN, n. o.", "obec": "Martin", "okres": "Martin", "kraj": "Žilinský", "typ": "socialne_zariadenie", "typ_nazov": "Zariadenie sociálnych služieb", "sektor": "Gastro a stravovacie zariadenia", "presnost": "obec", "t_rok": 0, "odpady": [{"kod": "bro_zahrady", "nazov": "Biologicky rozložiteľný odpad zo záhrad", "kat": "20 02 01"}, {"kod": "zvysky_z_taniera", "nazov": "Zvyšky z taniera", "kat": "20 01 08"}, {"kod": "nemocnicny_kuchynsky_odpad", "nazov": "Kuchynský odpad zo zdravotníckych a sociálnych zariadení", "kat": "20 01 08"}]}}, {"type": "Feature", "geometry": {"type": "Point", "coordinates": [21.252273, 49.000411]}, "properties": {"ico": "50543911", "nazov": "Martin Holda - RETRO ÚDENINY", "obec": "Prešov", "okres": "Prešov", "kraj": "Prešovský", "typ": "masovyroba", "typ_nazov": "Mäsospracovanie", "sektor": "Potravinárstvo a nápoje", "presnost": "obec", "t_rok": 0, "odpady": [{"kod": "kostny_zvysok", "nazov": "Kosti a kostné zvyšky", "kat": "02 02 02"}, {"kod": "kozne_odrezky", "nazov": "Kožné odrezky a podkožný tuk", "kat": "02 02 02"}, {"kod": "masovy_flotacny_kal", "nazov": "Flotačný kal z mäsospracovania", "kat": "02 02 04"}, {"kod": "zvp_kat3", "nazov": "Živočíšne vedľajšie produkty kategórie 3", "kat": "02 02 02"}, {"kod": "technicky_zivocisny_tuk", "nazov": "Technický živočíšny tuk", "kat": "02 02 03"}, {"kod": "masokostna_mucka", "nazov": "Mäsokostná múčka", "kat": "02 02 02"}]}}, {"type": "Feature", "geometry": {"type": "Point", "coordinates": [17.396776, 48.219641]}, "properties": {"ico": "50575872", "nazov": "Ovocná Farma, s.r.o.", "obec": "Senec", "okres": "Senec", "kraj": "Bratislavský", "typ": "ovocne_sady", "typ_nazov": "Ovocné sady a spracovanie ovocia", "sektor": "Poľnohospodárstvo a chov", "presnost": "obec", "t_rok": 0, "odpady": [{"kod": "jablcne_vylisky", "nazov": "Jablčné výlisky", "kat": "02 07 04"}, {"kod": "bobulove_vylisky", "nazov": "Výlisky z bobuľového ovocia", "kat": "02 07 04"}, {"kod": "vnate_pozberove", "nazov": "Vňate a pozberové zvyšky zeleniny", "kat": "02 01 03"}]}}, {"type": "Feature", "geometry": {"type": "Point", "coordinates": [18.739498, 49.223464]}, "properties": {"ico": "50611917", "nazov": "Minipivovar Harvánek, s. r. o.", "obec": "Žilina - Zádubnie", "okres": "Žilina", "kraj": "Žilinský", "typ": "pivovar", "typ_nazov": "Pivovar / minipivovar", "sektor": "Potravinárstvo a nápoje", "presnost": "obec_zaklad", "t_rok": 0, "odpady": [{"kod": "pivovarske_mlato", "nazov": "Pivovarské mláto", "kat": "02 07 01"}, {"kod": "pivovarske_kvasnice", "nazov": "Pivovarské kvasnice", "kat": "02 07 05"}, {"kod": "chmelovy_mlat", "nazov": "Chmeľový mlát", "kat": "02 07 01"}, {"kod": "kremelinovy_kal", "nazov": "Kremelinový kal z filtrácie", "kat": "02 07 05"}]}}, {"type": "Feature", "geometry": {"type": "Point", "coordinates": [18.8, 49.233333]}, "properties": {"ico": "50645935", "nazov": "Školská jedáleň, Školská 491/18A, Teplička nad Váhom", "obec": "Teplička nad Váhom", "okres": "Žilina", "kraj": "Žilinský", "typ": "skolska_jedalen", "typ_nazov": "Školská jedáleň", "sektor": "Gastro a stravovacie zariadenia", "presnost": "obec", "t_rok": 2.36, "odpady": [{"kod": "skolsky_kuchynsky_odpad", "nazov": "Kuchynský odpad zo školských jedální", "kat": "20 01 08"}, {"kod": "zvysky_z_taniera", "nazov": "Zvyšky z taniera", "kat": "20 01 08"}, {"kod": "gastro_fritovaci_olej", "nazov": "Použitý fritovací olej z gastroprevádzok", "kat": "20 01 25"}]}}, {"type": "Feature", "geometry": {"type": "Point", "coordinates": [20.25, 49.05]}, "properties": {"ico": "50681788", "nazov": "Mliekovýroba Teplica, s.r.o.", "obec": "Spišská Teplica", "okres": "Poprad", "kraj": "Prešovský", "typ": "mliekaren", "typ_nazov": "Mliekáreň", "sektor": "Potravinárstvo a nápoje", "presnost": "obec", "t_rok": 0, "odpady": [{"kod": "srvatka_sladka", "nazov": "Sladká srvátka", "kat": "02 05 01"}, {"kod": "srvatka_kysla", "nazov": "Kyslá srvátka", "kat": "02 05 01"}, {"kod": "srvatkovy_permeat", "nazov": "Srvátkový permeát", "kat": "02 05 01"}, {"kod": "cmar", "nazov": "Cmar", "kat": "02 05 01"}, {"kod": "mliekarensky_kal", "nazov": "Kal z mliekarenskej ČOV", "kat": "02 05 02"}]}}, {"type": "Feature", "geometry": {"type": "Point", "coordinates": [18.691039, 49.421675]}, "properties": {"ico": "50691759", "nazov": "Píla Staškov, s.r.o.", "obec": "Staškov", "okres": "Čadca", "kraj": "Žilinský", "typ": "pila", "typ_nazov": "Píla a drevospracovanie", "sektor": "Drevo, lesníctvo a ostatné", "presnost": "obec", "t_rok": 0, "odpady": [{"kod": "kora", "nazov": "Odpadová kôra", "kat": "03 01 01"}, {"kod": "piliny", "nazov": "Piliny a hobliny", "kat": "03 01 05"}, {"kod": "odrezky_dreva", "nazov": "Odrezky a drevný odpad", "kat": "03 01 05"}]}}, {"type": "Feature", "geometry": {"type": "Point", "coordinates": [17.112478, 48.140553]}, "properties": {"ico": "50732650", "nazov": "Pivovary Lobkowicz SK, s.r.o.", "obec": "Bratislava - mestská časť Staré Mesto", "okres": "Bratislava I", "kraj": "Bratislavský", "typ": "pivovar", "typ_nazov": "Pivovar / minipivovar", "sektor": "Potravinárstvo a nápoje", "presnost": "mestska_cast", "t_rok": 0, "odpady": [{"kod": "pivovarske_mlato", "nazov": "Pivovarské mláto", "kat": "02 07 01"}, {"kod": "pivovarske_kvasnice", "nazov": "Pivovarské kvasnice", "kat": "02 07 05"}, {"kod": "chmelovy_mlat", "nazov": "Chmeľový mlát", "kat": "02 07 01"}, {"kod": "kremelinovy_kal", "nazov": "Kremelinový kal z filtrácie", "kat": "02 07 05"}]}}, {"type": "Feature", "geometry": {"type": "Point", "coordinates": [19.302965, 49.08187]}, "properties": {"ico": "50743058", "nazov": "BARTÁNUS - MÄSO ÚDENINY, s.r.o.", "obec": "Ružomberok", "okres": "Ružomberok", "kraj": "Žilinský", "typ": "masovyroba", "typ_nazov": "Mäsospracovanie", "sektor": "Potravinárstvo a nápoje", "presnost": "obec", "t_rok": 0, "odpady": [{"kod": "kostny_zvysok", "nazov": "Kosti a kostné zvyšky", "kat": "02 02 02"}, {"kod": "kozne_odrezky", "nazov": "Kožné odrezky a podkožný tuk", "kat": "02 02 02"}, {"kod": "masovy_flotacny_kal", "nazov": "Flotačný kal z mäsospracovania", "kat": "02 02 04"}, {"kod": "zvp_kat3", "nazov": "Živočíšne vedľajšie produkty kategórie 3", "kat": "02 02 02"}, {"kod": "technicky_zivocisny_tuk", "nazov": "Technický živočíšny tuk", "kat": "02 02 03"}, {"kod": "masokostna_mucka", "nazov": "Mäsokostná múčka", "kat": "02 02 02"}]}}, {"type": "Feature", "geometry": {"type": "Point", "coordinates": [17.656969, 48.171511]}, "properties": {"ico": "50827383", "nazov": "Ovocný sad Košúty s.r.o.", "obec": "Košúty", "okres": "Galanta", "kraj": "Trnavský", "typ": "ovocne_sady", "typ_nazov": "Ovocné sady a spracovanie ovocia", "sektor": "Poľnohospodárstvo a chov", "presnost": "obec", "t_rok": 0, "odpady": [{"kod": "jablcne_vylisky", "nazov": "Jablčné výlisky", "kat": "02 07 04"}, {"kod": "bobulove_vylisky", "nazov": "Výlisky z bobuľového ovocia", "kat": "02 07 04"}, {"kod": "vnate_pozberove", "nazov": "Vňate a pozberové zvyšky zeleniny", "kat": "02 01 03"}]}}, {"type": "Feature", "geometry": {"type": "Point", "coordinates": [17.644866, 48.208208]}, "properties": {"ico": "50852698", "nazov": "Technické služby Sládkovičovo, spol. s r. o.", "obec": "Sládkovičovo", "okres": "Galanta", "kraj": "Trnavský", "typ": "technicke_sluzby", "typ_nazov": "Technické služby mesta / obce", "sektor": "Komunálny a gastro bioodpad", "presnost": "obec", "t_rok": 0, "odpady": [{"kod": "travna_hmota_kosba", "nazov": "Trávna hmota z kosby verejnej zelene", "kat": "20 02 01"}, {"kod": "konare_stiepka", "nazov": "Konáre a drevná štiepka z údržby zelene", "kat": "20 02 01"}, {"kod": "listie", "nazov": "Lístie z verejnej zelene", "kat": "20 02 01"}, {"kod": "bro_zahrady", "nazov": "Biologicky rozložiteľný odpad zo záhrad", "kat": "20 02 01"}, {"kod": "odpad_trhoviska", "nazov": "Odpad z trhovísk", "kat": "20 03 02"}]}}, {"type": "Feature", "geometry": {"type": "Point", "coordinates": [17.405103, 48.360397]}, "properties": {"ico": "50999028", "nazov": "Mach Hydina Invest s. r. o.", "obec": "Budmerice", "okres": "Pezinok", "kraj": "Bratislavský", "typ": "hydina", "typ_nazov": "Hydinárska prevádzka", "sektor": "Poľnohospodárstvo a chov", "presnost": "obec", "t_rok": 0, "odpady": [{"kod": "krv_bitunok", "nazov": "Krv z bitúnku", "kat": "02 02 03"}, {"kod": "perie", "nazov": "Perie z hydinových bitúnkov", "kat": "02 02 02"}, {"kod": "hydinovy_trus", "nazov": "Hydinový trus a podstielka", "kat": "02 01 06"}, {"kod": "kadavery", "nazov": "Uhynuté zvieratá (kadávery)", "kat": "02 01 02"}, {"kod": "zvp_kat3", "nazov": "Živočíšne vedľajšie produkty kategórie 3", "kat": "02 02 02"}, {"kod": "zvp_kat2", "nazov": "Živočíšne vedľajšie produkty kategórie 2", "kat": "02 02 02"}]}}, {"type": "Feature", "geometry": {"type": "Point", "coordinates": [20.752504, 49.000817]}, "properties": {"ico": "51011859", "nazov": "Centrum sociálnych služieb \"Johanka\", n.o.", "obec": "Spišské Podhradie", "okres": "Levoča", "kraj": "Prešovský", "typ": "socialne_zariadenie", "typ_nazov": "Zariadenie sociálnych služieb", "sektor": "Gastro a stravovacie zariadenia", "presnost": "obec", "t_rok": 0, "odpady": [{"kod": "bro_zahrady", "nazov": "Biologicky rozložiteľný odpad zo záhrad", "kat": "20 02 01"}, {"kod": "zvysky_z_taniera", "nazov": "Zvyšky z taniera", "kat": "20 01 08"}, {"kod": "nemocnicny_kuchynsky_odpad", "nazov": "Kuchynský odpad zo zdravotníckych a sociálnych zariadení", "kat": "20 01 08"}]}}, {"type": "Feature", "geometry": {"type": "Point", "coordinates": [20.430447, 49.136318]}, "properties": {"ico": "51206790", "nazov": "Kežmarské Gymnázium P. O. Hviezdoslava", "obec": "Kežmarok", "okres": "Kežmarok", "kraj": "Prešovský", "typ": "skola_stredna", "typ_nazov": "Stredná škola", "sektor": "Gastro a stravovacie zariadenia", "presnost": "obec", "t_rok": 1.56, "odpady": [{"kod": "bro_zahrady", "nazov": "Biologicky rozložiteľný odpad zo záhrad", "kat": "20 02 01"}, {"kod": "skolsky_kuchynsky_odpad", "nazov": "Kuchynský odpad zo školských jedální", "kat": "20 01 08"}, {"kod": "zvysky_z_taniera", "nazov": "Zvyšky z taniera", "kat": "20 01 08"}, {"kod": "gastro_fritovaci_olej", "nazov": "Použitý fritovací olej z gastroprevádzok", "kat": "20 01 25"}]}}, {"type": "Feature", "geometry": {"type": "Point", "coordinates": [17.268859, 48.139812]}, "properties": {"ico": "51266784", "nazov": "Materská škola, Ul. 29. augusta 384/2A, Most pri Bratislave", "obec": "Most pri Bratislave", "okres": "Senec", "kraj": "Bratislavský", "typ": "skola_materska", "typ_nazov": "Materská škola", "sektor": "Gastro a stravovacie zariadenia", "presnost": "obec", "t_rok": 1.54, "odpady": [{"kod": "bro_zahrady", "nazov": "Biologicky rozložiteľný odpad zo záhrad", "kat": "20 02 01"}, {"kod": "skolsky_kuchynsky_odpad", "nazov": "Kuchynský odpad zo školských jedální", "kat": "20 01 08"}, {"kod": "zvysky_z_taniera", "nazov": "Zvyšky z taniera", "kat": "20 01 08"}]}}, {"type": "Feature", "geometry": {"type": "Point", "coordinates": [17.490022, 48.315284]}, "properties": {"ico": "51278308", "nazov": "Školská jedáleň, Námestie A. Hlinku 31, Cífer", "obec": "Cífer", "okres": "Trnava", "kraj": "Trnavský", "typ": "skolska_jedalen", "typ_nazov": "Školská jedáleň", "sektor": "Gastro a stravovacie zariadenia", "presnost": "obec", "t_rok": 2.36, "odpady": [{"kod": "skolsky_kuchynsky_odpad", "nazov": "Kuchynský odpad zo školských jedální", "kat": "20 01 08"}, {"kod": "zvysky_z_taniera", "nazov": "Zvyšky z taniera", "kat": "20 01 08"}, {"kod": "gastro_fritovaci_olej", "nazov": "Použitý fritovací olej z gastroprevádzok", "kat": "20 01 25"}]}}, {"type": "Feature", "geometry": {"type": "Point", "coordinates": [18.129917, 47.757388]}, "properties": {"ico": "51329760", "nazov": "Juraj Bielik - BIELIK UDENINY", "obec": "Komárno", "okres": "Komárno", "kraj": "Nitriansky", "typ": "masovyroba", "typ_nazov": "Mäsospracovanie", "sektor": "Potravinárstvo a nápoje", "presnost": "obec", "t_rok": 0, "odpady": [{"kod": "kostny_zvysok", "nazov": "Kosti a kostné zvyšky", "kat": "02 02 02"}, {"kod": "kozne_odrezky", "nazov": "Kožné odrezky a podkožný tuk", "kat": "02 02 02"}, {"kod": "masovy_flotacny_kal", "nazov": "Flotačný kal z mäsospracovania", "kat": "02 02 04"}, {"kod": "zvp_kat3", "nazov": "Živočíšne vedľajšie produkty kategórie 3", "kat": "02 02 02"}, {"kod": "technicky_zivocisny_tuk", "nazov": "Technický živočíšny tuk", "kat": "02 02 03"}, {"kod": "masokostna_mucka", "nazov": "Mäsokostná múčka", "kat": "02 02 02"}]}}, {"type": "Feature", "geometry": {"type": "Point", "coordinates": [19.156869, 48.738539]}, "properties": {"ico": "51412098", "nazov": "BioOdpad a.s.", "obec": "Banská Bystrica", "okres": "Banská Bystrica", "kraj": "Banskobystrický", "typ": "odpadove_hospodarstvo", "typ_nazov": "Odpadové hospodárstvo", "sektor": "Komunálny a gastro bioodpad", "presnost": "obec", "t_rok": 0, "odpady": [{"kod": "bro_zahrady", "nazov": "Biologicky rozložiteľný odpad zo záhrad", "kat": "20 02 01"}, {"kod": "kuchynsky_odpad", "nazov": "Biologicky rozložiteľný kuchynský a reštauračný odpad", "kat": "20 01 08"}, {"kod": "jedle_oleje_pouzite", "nazov": "Použité jedlé oleje a tuky", "kat": "20 01 25"}, {"kod": "potraviny_po_dobe", "nazov": "Nepredané potraviny po dátume spotreby", "kat": "20 01 08"}, {"kod": "tuky_odlucovace", "nazov": "Tuky z odlučovačov", "kat": "19 08 09"}]}}, {"type": "Feature", "geometry": {"type": "Point", "coordinates": [17.396776, 48.219641]}, "properties": {"ico": "51465752", "nazov": "Technické služby Senec s. r. o.", "obec": "Senec", "okres": "Senec", "kraj": "Bratislavský", "typ": "technicke_sluzby", "typ_nazov": "Technické služby mesta / obce", "sektor": "Komunálny a gastro bioodpad", "presnost": "obec", "t_rok": 0, "odpady": [{"kod": "travna_hmota_kosba", "nazov": "Trávna hmota z kosby verejnej zelene", "kat": "20 02 01"}, {"kod": "konare_stiepka", "nazov": "Konáre a drevná štiepka z údržby zelene", "kat": "20 02 01"}, {"kod": "listie", "nazov": "Lístie z verejnej zelene", "kat": "20 02 01"}, {"kod": "bro_zahrady", "nazov": "Biologicky rozložiteľný odpad zo záhrad", "kat": "20 02 01"}, {"kod": "odpad_trhoviska", "nazov": "Odpad z trhovísk", "kat": "20 03 02"}]}}, {"type": "Feature", "geometry": {"type": "Point", "coordinates": [19.4, 49.383333]}, "properties": {"ico": "51469529", "nazov": "Píla Breza, s.r.o.", "obec": "Breza", "okres": "Námestovo", "kraj": "Žilinský", "typ": "pila", "typ_nazov": "Píla a drevospracovanie", "sektor": "Drevo, lesníctvo a ostatné", "presnost": "obec", "t_rok": 0, "odpady": [{"kod": "kora", "nazov": "Odpadová kôra", "kat": "03 01 01"}, {"kod": "piliny", "nazov": "Piliny a hobliny", "kat": "03 01 05"}, {"kod": "odrezky_dreva", "nazov": "Odrezky a drevný odpad", "kat": "03 01 05"}]}}, {"type": "Feature", "geometry": {"type": "Point", "coordinates": [18.6, 48.266667]}, "properties": {"ico": "51686317", "nazov": "ZELENINKA s.r.o.", "obec": "Hronské Kosihy", "okres": "Levice", "kraj": "Nitriansky", "typ": "zeleninarstvo", "typ_nazov": "Zeleninárstvo", "sektor": "Poľnohospodárstvo a chov", "presnost": "obec", "t_rok": 0, "odpady": [{"kod": "zemiakove_supky", "nazov": "Zemiakové šupky a orezky", "kat": "02 03 04"}, {"kod": "zeleninove_orezky", "nazov": "Orezky a nepodarky zeleniny", "kat": "02 03 04"}, {"kod": "kal_pranie_zeleniny", "nazov": "Kal z prania a lúpania zeleniny", "kat": "02 03 01"}, {"kod": "vnate_pozberove", "nazov": "Vňate a pozberové zvyšky zeleniny", "kat": "02 01 03"}]}}, {"type": "Feature", "geometry": {"type": "Point", "coordinates": [19.035849, 48.7355]}, "properties": {"ico": "51706083", "nazov": "Zelenina zo Slovenska s.r.o.", "obec": "Králiky", "okres": "Banská Bystrica", "kraj": "Banskobystrický", "typ": "zeleninarstvo", "typ_nazov": "Zeleninárstvo", "sektor": "Poľnohospodárstvo a chov", "presnost": "obec", "t_rok": 0, "odpady": [{"kod": "zemiakove_supky", "nazov": "Zemiakové šupky a orezky", "kat": "02 03 04"}, {"kod": "zeleninove_orezky", "nazov": "Orezky a nepodarky zeleniny", "kat": "02 03 04"}, {"kod": "kal_pranie_zeleniny", "nazov": "Kal z prania a lúpania zeleniny", "kat": "02 03 01"}, {"kod": "vnate_pozberove", "nazov": "Vňate a pozberové zvyšky zeleniny", "kat": "02 01 03"}]}}, {"type": "Feature", "geometry": {"type": "Point", "coordinates": [18.666576, 49.428876]}, "properties": {"ico": "51748100", "nazov": "Čedopol PÍLA s.r.o.", "obec": "Olešná", "okres": "Čadca", "kraj": "Žilinský", "typ": "pila", "typ_nazov": "Píla a drevospracovanie", "sektor": "Drevo, lesníctvo a ostatné", "presnost": "obec", "t_rok": 0, "odpady": [{"kod": "kora", "nazov": "Odpadová kôra", "kat": "03 01 01"}, {"kod": "piliny", "nazov": "Piliny a hobliny", "kat": "03 01 05"}, {"kod": "odrezky_dreva", "nazov": "Odrezky a drevný odpad", "kat": "03 01 05"}]}}, {"type": "Feature", "geometry": {"type": "Point", "coordinates": [18.623306, 48.77104]}, "properties": {"ico": "51840286", "nazov": "Pražiareň kávy Ollivier coffee s. r. o.", "obec": "Prievidza", "okres": "Prievidza", "kraj": "Trenčiansky", "typ": "praziaren_kavy", "typ_nazov": "Pražiareň kávy", "sektor": "Potravinárstvo a nápoje", "presnost": "obec", "t_rok": 0, "odpady": [{"kod": "kavova_sedlina", "nazov": "Kávová sedlina", "kat": "02 03 04"}, {"kod": "kavove_slupky", "nazov": "Kávové šupky (silverskin)", "kat": "02 03 04"}]}}, {"type": "Feature", "geometry": {"type": "Point", "coordinates": [17.985146, 48.44016]}, "properties": {"ico": "51897237", "nazov": "Zelenina Nitra s.r.o.", "obec": "Malé Zálužie", "okres": "Nitra", "kraj": "Nitriansky", "typ": "zeleninarstvo", "typ_nazov": "Zeleninárstvo", "sektor": "Poľnohospodárstvo a chov", "presnost": "obec", "t_rok": 0, "odpady": [{"kod": "zemiakove_supky", "nazov": "Zemiakové šupky a orezky", "kat": "02 03 04"}, {"kod": "zeleninove_orezky", "nazov": "Orezky a nepodarky zeleniny", "kat": "02 03 04"}, {"kod": "kal_pranie_zeleniny", "nazov": "Kal z prania a lúpania zeleniny", "kat": "02 03 01"}, {"kod": "vnate_pozberove", "nazov": "Vňate a pozberové zvyšky zeleniny", "kat": "02 01 03"}]}}, {"type": "Feature", "geometry": {"type": "Point", "coordinates": [20.533333, 49.266667]}, "properties": {"ico": "51906228", "nazov": "Spojená škola sv. Klementa Hofbauera internátna, Podolínec", "obec": "Podolínec", "okres": "Stará Ľubovňa", "kraj": "Prešovský", "typ": "skola_stredna", "typ_nazov": "Stredná škola", "sektor": "Gastro a stravovacie zariadenia", "presnost": "obec", "t_rok": 1.56, "odpady": [{"kod": "bro_zahrady", "nazov": "Biologicky rozložiteľný odpad zo záhrad", "kat": "20 02 01"}, {"kod": "skolsky_kuchynsky_odpad", "nazov": "Kuchynský odpad zo školských jedální", "kat": "20 01 08"}, {"kod": "zvysky_z_taniera", "nazov": "Zvyšky z taniera", "kat": "20 01 08"}, {"kod": "gastro_fritovaci_olej", "nazov": "Použitý fritovací olej z gastroprevádzok", "kat": "20 01 25"}]}}, {"type": "Feature", "geometry": {"type": "Point", "coordinates": [18.033094, 48.95799]}, "properties": {"ico": "52020576", "nazov": "Ovocný strom s.r.o.", "obec": "Dolná Súča", "okres": "Trenčín", "kraj": "Trenčiansky", "typ": "ovocne_sady", "typ_nazov": "Ovocné sady a spracovanie ovocia", "sektor": "Poľnohospodárstvo a chov", "presnost": "obec", "t_rok": 0, "odpady": [{"kod": "jablcne_vylisky", "nazov": "Jablčné výlisky", "kat": "02 07 04"}, {"kod": "bobulove_vylisky", "nazov": "Výlisky z bobuľového ovocia", "kat": "02 07 04"}, {"kod": "vnate_pozberove", "nazov": "Vňate a pozberové zvyšky zeleniny", "kat": "02 01 03"}]}}, {"type": "Feature", "geometry": {"type": "Point", "coordinates": [17.641948, 48.302946]}, "properties": {"ico": "52089282", "nazov": "Materská škola, Ulica Ľ. G. Zaoseka 247/10, Opoj", "obec": "Opoj", "okres": "Trnava", "kraj": "Trnavský", "typ": "skola_materska", "typ_nazov": "Materská škola", "sektor": "Gastro a stravovacie zariadenia", "presnost": "obec", "t_rok": 1.54, "odpady": [{"kod": "bro_zahrady", "nazov": "Biologicky rozložiteľný odpad zo záhrad", "kat": "20 02 01"}, {"kod": "skolsky_kuchynsky_odpad", "nazov": "Kuchynský odpad zo školských jedální", "kat": "20 01 08"}, {"kod": "zvysky_z_taniera", "nazov": "Zvyšky z taniera", "kat": "20 01 08"}]}}, {"type": "Feature", "geometry": {"type": "Point", "coordinates": [17.830386, 48.763325]}, "properties": {"ico": "52206416", "nazov": "Stredná odborná škola Edith Steinovej, s.r.o.", "obec": "Nové Mesto nad Váhom", "okres": "Nové Mesto nad Váhom", "kraj": "Trenčiansky", "typ": "skola_stredna", "typ_nazov": "Stredná škola", "sektor": "Gastro a stravovacie zariadenia", "presnost": "obec", "t_rok": 1.56, "odpady": [{"kod": "bro_zahrady", "nazov": "Biologicky rozložiteľný odpad zo záhrad", "kat": "20 02 01"}, {"kod": "skolsky_kuchynsky_odpad", "nazov": "Kuchynský odpad zo školských jedální", "kat": "20 01 08"}, {"kod": "zvysky_z_taniera", "nazov": "Zvyšky z taniera", "kat": "20 01 08"}, {"kod": "gastro_fritovaci_olej", "nazov": "Použitý fritovací olej z gastroprevádzok", "kat": "20 01 25"}]}}, {"type": "Feature", "geometry": {"type": "Point", "coordinates": [21.680564, 48.890524]}, "properties": {"ico": "52245284", "nazov": "HYDINA VRANOV, s. r. o.", "obec": "Vranov nad Topľou", "okres": "Vranov nad Topľou", "kraj": "Prešovský", "typ": "hydina", "typ_nazov": "Hydinárska prevádzka", "sektor": "Poľnohospodárstvo a chov", "presnost": "obec", "t_rok": 0, "odpady": [{"kod": "krv_bitunok", "nazov": "Krv z bitúnku", "kat": "02 02 03"}, {"kod": "perie", "nazov": "Perie z hydinových bitúnkov", "kat": "02 02 02"}, {"kod": "hydinovy_trus", "nazov": "Hydinový trus a podstielka", "kat": "02 01 06"}, {"kod": "kadavery", "nazov": "Uhynuté zvieratá (kadávery)", "kat": "02 01 02"}, {"kod": "zvp_kat3", "nazov": "Živočíšne vedľajšie produkty kategórie 3", "kat": "02 02 02"}, {"kod": "zvp_kat2", "nazov": "Živočíšne vedľajšie produkty kategórie 2", "kat": "02 02 02"}]}}, {"type": "Feature", "geometry": {"type": "Point", "coordinates": [18.89828, 48.458093]}, "properties": {"ico": "52259897", "nazov": "SITTA PÍLA ŠOBOV s. r. o.", "obec": "Banská Štiavnica", "okres": "Banská Štiavnica", "kraj": "Banskobystrický", "typ": "pila", "typ_nazov": "Píla a drevospracovanie", "sektor": "Drevo, lesníctvo a ostatné", "presnost": "obec", "t_rok": 0, "odpady": [{"kod": "kora", "nazov": "Odpadová kôra", "kat": "03 01 01"}, {"kod": "piliny", "nazov": "Piliny a hobliny", "kat": "03 01 05"}, {"kod": "odrezky_dreva", "nazov": "Odrezky a drevný odpad", "kat": "03 01 05"}]}}, {"type": "Feature", "geometry": {"type": "Point", "coordinates": [20.062215, 48.342051]}, "properties": {"ico": "52361861", "nazov": "Zeleninárstvo Rimavské Janovce s. r. o.", "obec": "Rimavské Janovce", "okres": "Rimavská Sobota", "kraj": "Banskobystrický", "typ": "zeleninarstvo", "typ_nazov": "Zeleninárstvo", "sektor": "Poľnohospodárstvo a chov", "presnost": "obec", "t_rok": 0, "odpady": [{"kod": "zemiakove_supky", "nazov": "Zemiakové šupky a orezky", "kat": "02 03 04"}, {"kod": "zeleninove_orezky", "nazov": "Orezky a nepodarky zeleniny", "kat": "02 03 04"}, {"kod": "kal_pranie_zeleniny", "nazov": "Kal z prania a lúpania zeleniny", "kat": "02 03 01"}, {"kod": "vnate_pozberove", "nazov": "Vňate a pozberové zvyšky zeleniny", "kat": "02 01 03"}]}}, {"type": "Feature", "geometry": {"type": "Point", "coordinates": [20.242744, 48.991455]}, "properties": {"ico": "52438546", "nazov": "Píla SOEL s.r.o.", "obec": "Spišské Bystré", "okres": "Poprad", "kraj": "Prešovský", "typ": "pila", "typ_nazov": "Píla a drevospracovanie", "sektor": "Drevo, lesníctvo a ostatné", "presnost": "obec", "t_rok": 0, "odpady": [{"kod": "kora", "nazov": "Odpadová kôra", "kat": "03 01 01"}, {"kod": "piliny", "nazov": "Piliny a hobliny", "kat": "03 01 05"}, {"kod": "odrezky_dreva", "nazov": "Odrezky a drevný odpad", "kat": "03 01 05"}]}}, {"type": "Feature", "geometry": {"type": "Point", "coordinates": [20.23735, 48.304087]}, "properties": {"ico": "52547591", "nazov": "Materská škola s VJM - Óvoda, Rimavská Seč 410", "obec": "Rimavská Seč", "okres": "Rimavská Sobota", "kraj": "Banskobystrický", "typ": "skola_materska", "typ_nazov": "Materská škola", "sektor": "Gastro a stravovacie zariadenia", "presnost": "obec", "t_rok": 1.54, "odpady": [{"kod": "bro_zahrady", "nazov": "Biologicky rozložiteľný odpad zo záhrad", "kat": "20 02 01"}, {"kod": "skolsky_kuchynsky_odpad", "nazov": "Kuchynský odpad zo školských jedální", "kat": "20 01 08"}, {"kod": "zvysky_z_taniera", "nazov": "Zvyšky z taniera", "kat": "20 01 08"}]}}, {"type": "Feature", "geometry": {"type": "Point", "coordinates": [17.207422, 48.130042]}, "properties": {"ico": "52585204", "nazov": "Materská škola - Óvoda, Komárovská 58, Bratislava", "obec": "Bratislava - mestská časť Podunajské Biskupice", "okres": "Bratislava II", "kraj": "Bratislavský", "typ": "skola_materska", "typ_nazov": "Materská škola", "sektor": "Gastro a stravovacie zariadenia", "presnost": "mestska_cast", "t_rok": 1.54, "odpady": [{"kod": "bro_zahrady", "nazov": "Biologicky rozložiteľný odpad zo záhrad", "kat": "20 02 01"}, {"kod": "skolsky_kuchynsky_odpad", "nazov": "Kuchynský odpad zo školských jedální", "kat": "20 01 08"}, {"kod": "zvysky_z_taniera", "nazov": "Zvyšky z taniera", "kat": "20 01 08"}]}}, {"type": "Feature", "geometry": {"type": "Point", "coordinates": [19.640961, 48.805335]}, "properties": {"ico": "52641414", "nazov": "RH-PILA s. r. o.", "obec": "Brezno", "okres": "Brezno", "kraj": "Banskobystrický", "typ": "pila", "typ_nazov": "Píla a drevospracovanie", "sektor": "Drevo, lesníctvo a ostatné", "presnost": "obec", "t_rok": 0, "odpady": [{"kod": "kora", "nazov": "Odpadová kôra", "kat": "03 01 01"}, {"kod": "piliny", "nazov": "Piliny a hobliny", "kat": "03 01 05"}, {"kod": "odrezky_dreva", "nazov": "Odrezky a drevný odpad", "kat": "03 01 05"}]}}, {"type": "Feature", "geometry": {"type": "Point", "coordinates": [17.421944, 48.121323]}, "properties": {"ico": "52740790", "nazov": "Technické služby Zlaté Klasy, s.r.o.", "obec": "Zlaté Klasy", "okres": "Dunajská Streda", "kraj": "Trnavský", "typ": "technicke_sluzby", "typ_nazov": "Technické služby mesta / obce", "sektor": "Komunálny a gastro bioodpad", "presnost": "obec", "t_rok": 0, "odpady": [{"kod": "travna_hmota_kosba", "nazov": "Trávna hmota z kosby verejnej zelene", "kat": "20 02 01"}, {"kod": "konare_stiepka", "nazov": "Konáre a drevná štiepka z údržby zelene", "kat": "20 02 01"}, {"kod": "listie", "nazov": "Lístie z verejnej zelene", "kat": "20 02 01"}, {"kod": "bro_zahrady", "nazov": "Biologicky rozložiteľný odpad zo záhrad", "kat": "20 02 01"}, {"kod": "odpad_trhoviska", "nazov": "Odpad z trhovísk", "kat": "20 03 02"}]}}, {"type": "Feature", "geometry": {"type": "Point", "coordinates": [21.517528, 49.116295]}, "properties": {"ico": "52800318", "nazov": "Spojená škola, Dukelská 26/30, Giraltovce", "obec": "Giraltovce", "okres": "Svidník", "kraj": "Prešovský", "typ": "skola_stredna", "typ_nazov": "Stredná škola", "sektor": "Gastro a stravovacie zariadenia", "presnost": "obec", "t_rok": 1.56, "odpady": [{"kod": "bro_zahrady", "nazov": "Biologicky rozložiteľný odpad zo záhrad", "kat": "20 02 01"}, {"kod": "skolsky_kuchynsky_odpad", "nazov": "Kuchynský odpad zo školských jedální", "kat": "20 01 08"}, {"kod": "zvysky_z_taniera", "nazov": "Zvyšky z taniera", "kat": "20 01 08"}, {"kod": "gastro_fritovaci_olej", "nazov": "Použitý fritovací olej z gastroprevádzok", "kat": "20 01 25"}]}}, {"type": "Feature", "geometry": {"type": "Point", "coordinates": [19.793827, 48.432586]}, "properties": {"ico": "52830586", "nazov": "Technické služby Poltár, s.r.o.", "obec": "Poltár", "okres": "Poltár", "kraj": "Banskobystrický", "typ": "technicke_sluzby", "typ_nazov": "Technické služby mesta / obce", "sektor": "Komunálny a gastro bioodpad", "presnost": "obec", "t_rok": 0, "odpady": [{"kod": "travna_hmota_kosba", "nazov": "Trávna hmota z kosby verejnej zelene", "kat": "20 02 01"}, {"kod": "konare_stiepka", "nazov": "Konáre a drevná štiepka z údržby zelene", "kat": "20 02 01"}, {"kod": "listie", "nazov": "Lístie z verejnej zelene", "kat": "20 02 01"}, {"kod": "bro_zahrady", "nazov": "Biologicky rozložiteľný odpad zo záhrad", "kat": "20 02 01"}, {"kod": "odpad_trhoviska", "nazov": "Odpad z trhovísk", "kat": "20 03 02"}]}}, {"type": "Feature", "geometry": {"type": "Point", "coordinates": [18.785426, 49.301674]}, "properties": {"ico": "52891194", "nazov": "MÄSO - UDENINY ČIČALA, s. r. o.", "obec": "Kysucké Nové Mesto", "okres": "Kysucké Nové Mesto", "kraj": "Žilinský", "typ": "masovyroba", "typ_nazov": "Mäsospracovanie", "sektor": "Potravinárstvo a nápoje", "presnost": "obec", "t_rok": 0, "odpady": [{"kod": "kostny_zvysok", "nazov": "Kosti a kostné zvyšky", "kat": "02 02 02"}, {"kod": "kozne_odrezky", "nazov": "Kožné odrezky a podkožný tuk", "kat": "02 02 02"}, {"kod": "masovy_flotacny_kal", "nazov": "Flotačný kal z mäsospracovania", "kat": "02 02 04"}, {"kod": "zvp_kat3", "nazov": "Živočíšne vedľajšie produkty kategórie 3", "kat": "02 02 02"}, {"kod": "technicky_zivocisny_tuk", "nazov": "Technický živočíšny tuk", "kat": "02 02 03"}, {"kod": "masokostna_mucka", "nazov": "Mäsokostná múčka", "kat": "02 02 02"}]}}, {"type": "Feature", "geometry": {"type": "Point", "coordinates": [18.365466, 48.627231]}, "properties": {"ico": "52904555", "nazov": "SLOVENSKÉ SYROVÉ VÝROBKY s. r. o.", "obec": "Partizánske", "okres": "Partizánske", "kraj": "Trenčiansky", "typ": "syraren", "typ_nazov": "Syráreň a bryndziareň", "sektor": "Potravinárstvo a nápoje", "presnost": "obec", "t_rok": 0, "odpady": [{"kod": "srvatka_sladka", "nazov": "Sladká srvátka", "kat": "02 05 01"}, {"kod": "srvatka_kysla", "nazov": "Kyslá srvátka", "kat": "02 05 01"}, {"kod": "mliekarensky_kal", "nazov": "Kal z mliekarenskej ČOV", "kat": "02 05 02"}, {"kod": "syrarska_srvatka_tuh", "nazov": "Tuhé zvyšky zo syrárskej výroby", "kat": "02 05 01"}]}}, {"type": "Feature", "geometry": {"type": "Point", "coordinates": [17.364383, 48.679121]}, "properties": {"ico": "52916626", "nazov": "Záhorácka Pražiareň s.r.o.", "obec": "Senica", "okres": "Senica", "kraj": "Trnavský", "typ": "praziaren_kavy", "typ_nazov": "Pražiareň kávy", "sektor": "Potravinárstvo a nápoje", "presnost": "obec", "t_rok": 0, "odpady": [{"kod": "kavova_sedlina", "nazov": "Kávová sedlina", "kat": "02 03 04"}, {"kod": "kavove_slupky", "nazov": "Kávové šupky (silverskin)", "kat": "02 03 04"}]}}, {"type": "Feature", "geometry": {"type": "Point", "coordinates": [21.533333, 49.283333]}, "properties": {"ico": "53039301", "nazov": "Debra, n.o. - Zariadenie pre seniorov", "obec": "Rovné", "okres": "Svidník", "kraj": "Prešovský", "typ": "socialne_zariadenie", "typ_nazov": "Zariadenie sociálnych služieb", "sektor": "Gastro a stravovacie zariadenia", "presnost": "obec", "t_rok": 0, "odpady": [{"kod": "bro_zahrady", "nazov": "Biologicky rozložiteľný odpad zo záhrad", "kat": "20 02 01"}, {"kod": "zvysky_z_taniera", "nazov": "Zvyšky z taniera", "kat": "20 01 08"}, {"kod": "nemocnicny_kuchynsky_odpad", "nazov": "Kuchynský odpad zo zdravotníckych a sociálnych zariadení", "kat": "20 01 08"}]}}, {"type": "Feature", "geometry": {"type": "Point", "coordinates": [21.3, 49.366667]}, "properties": {"ico": "53044703", "nazov": "Zariadenie pre seniorov Minor, n.o.", "obec": "Zborov", "okres": "Bardejov", "kraj": "Prešovský", "typ": "socialne_zariadenie", "typ_nazov": "Zariadenie sociálnych služieb", "sektor": "Gastro a stravovacie zariadenia", "presnost": "obec", "t_rok": 0, "odpady": [{"kod": "bro_zahrady", "nazov": "Biologicky rozložiteľný odpad zo záhrad", "kat": "20 02 01"}, {"kod": "zvysky_z_taniera", "nazov": "Zvyšky z taniera", "kat": "20 01 08"}, {"kod": "nemocnicny_kuchynsky_odpad", "nazov": "Kuchynský odpad zo zdravotníckych a sociálnych zariadení", "kat": "20 01 08"}]}}, {"type": "Feature", "geometry": {"type": "Point", "coordinates": [18.71486, 47.797831]}, "properties": {"ico": "53166078", "nazov": "Technické služby mesta Štúrovo", "obec": "Štúrovo", "okres": "Nové Zámky", "kraj": "Nitriansky", "typ": "technicke_sluzby", "typ_nazov": "Technické služby mesta / obce", "sektor": "Komunálny a gastro bioodpad", "presnost": "obec", "t_rok": 0, "odpady": [{"kod": "travna_hmota_kosba", "nazov": "Trávna hmota z kosby verejnej zelene", "kat": "20 02 01"}, {"kod": "konare_stiepka", "nazov": "Konáre a drevná štiepka z údržby zelene", "kat": "20 02 01"}, {"kod": "listie", "nazov": "Lístie z verejnej zelene", "kat": "20 02 01"}, {"kod": "bro_zahrady", "nazov": "Biologicky rozložiteľný odpad zo záhrad", "kat": "20 02 01"}, {"kod": "odpad_trhoviska", "nazov": "Odpad z trhovísk", "kat": "20 03 02"}]}}, {"type": "Feature", "geometry": {"type": "Point", "coordinates": [18.255734, 48.579391]}, "properties": {"ico": "53199685", "nazov": "Zariadenie pre seniorov Sv. Kataríny Labouré", "obec": "Bošany", "okres": "Partizánske", "kraj": "Trenčiansky", "typ": "socialne_zariadenie", "typ_nazov": "Zariadenie sociálnych služieb", "sektor": "Gastro a stravovacie zariadenia", "presnost": "obec", "t_rok": 0, "odpady": [{"kod": "bro_zahrady", "nazov": "Biologicky rozložiteľný odpad zo záhrad", "kat": "20 02 01"}, {"kod": "zvysky_z_taniera", "nazov": "Zvyšky z taniera", "kat": "20 01 08"}, {"kod": "nemocnicny_kuchynsky_odpad", "nazov": "Kuchynský odpad zo zdravotníckych a sociálnych zariadení", "kat": "20 01 08"}]}}, {"type": "Feature", "geometry": {"type": "Point", "coordinates": [17.110791, 48.111346]}, "properties": {"ico": "53200268", "nazov": "Súkromná spojená škola francúzsko-slovenská, Bratislava", "obec": "Bratislava - mestská časť Petržalka", "okres": "Bratislava V", "kraj": "Bratislavský", "typ": "skola_stredna", "typ_nazov": "Stredná škola", "sektor": "Gastro a stravovacie zariadenia", "presnost": "mestska_cast", "t_rok": 1.56, "odpady": [{"kod": "bro_zahrady", "nazov": "Biologicky rozložiteľný odpad zo záhrad", "kat": "20 02 01"}, {"kod": "skolsky_kuchynsky_odpad", "nazov": "Kuchynský odpad zo školských jedální", "kat": "20 01 08"}, {"kod": "zvysky_z_taniera", "nazov": "Zvyšky z taniera", "kat": "20 01 08"}, {"kod": "gastro_fritovaci_olej", "nazov": "Použitý fritovací olej z gastroprevádzok", "kat": "20 01 25"}]}}, {"type": "Feature", "geometry": {"type": "Point", "coordinates": [21.252273, 49.000411]}, "properties": {"ico": "53200284", "nazov": "Spojená škola bl. biskupa Gojdiča, Bernolákova 21, Prešov", "obec": "Prešov", "okres": "Prešov", "kraj": "Prešovský", "typ": "skola_stredna", "typ_nazov": "Stredná škola", "sektor": "Gastro a stravovacie zariadenia", "presnost": "obec", "t_rok": 1.56, "odpady": [{"kod": "bro_zahrady", "nazov": "Biologicky rozložiteľný odpad zo záhrad", "kat": "20 02 01"}, {"kod": "skolsky_kuchynsky_odpad", "nazov": "Kuchynský odpad zo školských jedální", "kat": "20 01 08"}, {"kod": "zvysky_z_taniera", "nazov": "Zvyšky z taniera", "kat": "20 01 08"}, {"kod": "gastro_fritovaci_olej", "nazov": "Použitý fritovací olej z gastroprevádzok", "kat": "20 01 25"}]}}, {"type": "Feature", "geometry": {"type": "Point", "coordinates": [17.205724, 48.143251]}, "properties": {"ico": "53200331", "nazov": "Materská škola, Bodvianska 4, Bratislava", "obec": "Bratislava - mestská časť Vrakuňa", "okres": "Bratislava II", "kraj": "Bratislavský", "typ": "skola_materska", "typ_nazov": "Materská škola", "sektor": "Gastro a stravovacie zariadenia", "presnost": "mestska_cast", "t_rok": 1.54, "odpady": [{"kod": "bro_zahrady", "nazov": "Biologicky rozložiteľný odpad zo záhrad", "kat": "20 02 01"}, {"kod": "skolsky_kuchynsky_odpad", "nazov": "Kuchynský odpad zo školských jedální", "kat": "20 01 08"}, {"kod": "zvysky_z_taniera", "nazov": "Zvyšky z taniera", "kat": "20 01 08"}]}}, {"type": "Feature", "geometry": {"type": "Point", "coordinates": [17.311571, 48.027583]}, "properties": {"ico": "53200349", "nazov": "Súkromná spojená škola Quality Schools International, Šamorín", "obec": "Šamorín", "okres": "Dunajská Streda", "kraj": "Trnavský", "typ": "skola_stredna", "typ_nazov": "Stredná škola", "sektor": "Gastro a stravovacie zariadenia", "presnost": "obec", "t_rok": 1.56, "odpady": [{"kod": "bro_zahrady", "nazov": "Biologicky rozložiteľný odpad zo záhrad", "kat": "20 02 01"}, {"kod": "skolsky_kuchynsky_odpad", "nazov": "Kuchynský odpad zo školských jedální", "kat": "20 01 08"}, {"kod": "zvysky_z_taniera", "nazov": "Zvyšky z taniera", "kat": "20 01 08"}, {"kod": "gastro_fritovaci_olej", "nazov": "Použitý fritovací olej z gastroprevádzok", "kat": "20 01 25"}]}}, {"type": "Feature", "geometry": {"type": "Point", "coordinates": [19.266667, 49.433333]}, "properties": {"ico": "53231058", "nazov": "Technické služby obce Novoť s. r. o.", "obec": "Novoť", "okres": "Námestovo", "kraj": "Žilinský", "typ": "technicke_sluzby", "typ_nazov": "Technické služby mesta / obce", "sektor": "Komunálny a gastro bioodpad", "presnost": "obec", "t_rok": 0, "odpady": [{"kod": "travna_hmota_kosba", "nazov": "Trávna hmota z kosby verejnej zelene", "kat": "20 02 01"}, {"kod": "konare_stiepka", "nazov": "Konáre a drevná štiepka z údržby zelene", "kat": "20 02 01"}, {"kod": "listie", "nazov": "Lístie z verejnej zelene", "kat": "20 02 01"}, {"kod": "bro_zahrady", "nazov": "Biologicky rozložiteľný odpad zo záhrad", "kat": "20 02 01"}, {"kod": "odpad_trhoviska", "nazov": "Odpad z trhovísk", "kat": "20 03 02"}]}}, {"type": "Feature", "geometry": {"type": "Point", "coordinates": [17.586718, 48.37729]}, "properties": {"ico": "53242599", "nazov": "Spojená škola, Jána Bottu 31, Trnava", "obec": "Trnava", "okres": "Trnava", "kraj": "Trnavský", "typ": "skola_stredna", "typ_nazov": "Stredná škola", "sektor": "Gastro a stravovacie zariadenia", "presnost": "obec", "t_rok": 1.56, "odpady": [{"kod": "bro_zahrady", "nazov": "Biologicky rozložiteľný odpad zo záhrad", "kat": "20 02 01"}, {"kod": "skolsky_kuchynsky_odpad", "nazov": "Kuchynský odpad zo školských jedální", "kat": "20 01 08"}, {"kod": "zvysky_z_taniera", "nazov": "Zvyšky z taniera", "kat": "20 01 08"}, {"kod": "gastro_fritovaci_olej", "nazov": "Použitý fritovací olej z gastroprevádzok", "kat": "20 01 25"}]}}, {"type": "Feature", "geometry": {"type": "Point", "coordinates": [17.164279, 48.149645]}, "properties": {"ico": "53242726", "nazov": "Spojená škola, Ostredková 10, Bratislava", "obec": "Bratislava - mestská časť Ružinov", "okres": "Bratislava II", "kraj": "Bratislavský", "typ": "skola_stredna", "typ_nazov": "Stredná škola", "sektor": "Gastro a stravovacie zariadenia", "presnost": "mestska_cast", "t_rok": 1.56, "odpady": [{"kod": "bro_zahrady", "nazov": "Biologicky rozložiteľný odpad zo záhrad", "kat": "20 02 01"}, {"kod": "skolsky_kuchynsky_odpad", "nazov": "Kuchynský odpad zo školských jedální", "kat": "20 01 08"}, {"kod": "zvysky_z_taniera", "nazov": "Zvyšky z taniera", "kat": "20 01 08"}, {"kod": "gastro_fritovaci_olej", "nazov": "Použitý fritovací olej z gastroprevádzok", "kat": "20 01 25"}]}}, {"type": "Feature", "geometry": {"type": "Point", "coordinates": [17.110791, 48.111346]}, "properties": {"ico": "53242742", "nazov": "Spojená škola, Pankúchova 6, Bratislava", "obec": "Bratislava - mestská časť Petržalka", "okres": "Bratislava V", "kraj": "Bratislavský", "typ": "skola_stredna", "typ_nazov": "Stredná škola", "sektor": "Gastro a stravovacie zariadenia", "presnost": "mestska_cast", "t_rok": 1.56, "odpady": [{"kod": "bro_zahrady", "nazov": "Biologicky rozložiteľný odpad zo záhrad", "kat": "20 02 01"}, {"kod": "skolsky_kuchynsky_odpad", "nazov": "Kuchynský odpad zo školských jedální", "kat": "20 01 08"}, {"kod": "zvysky_z_taniera", "nazov": "Zvyšky z taniera", "kat": "20 01 08"}, {"kod": "gastro_fritovaci_olej", "nazov": "Použitý fritovací olej z gastroprevádzok", "kat": "20 01 25"}]}}, {"type": "Feature", "geometry": {"type": "Point", "coordinates": [18.567083, 49.446206]}, "properties": {"ico": "53255500", "nazov": "Súkromná spojená škola, Klokočov 90", "obec": "Klokočov", "okres": "Čadca", "kraj": "Žilinský", "typ": "skola_stredna", "typ_nazov": "Stredná škola", "sektor": "Gastro a stravovacie zariadenia", "presnost": "obec", "t_rok": 1.56, "odpady": [{"kod": "bro_zahrady", "nazov": "Biologicky rozložiteľný odpad zo záhrad", "kat": "20 02 01"}, {"kod": "skolsky_kuchynsky_odpad", "nazov": "Kuchynský odpad zo školských jedální", "kat": "20 01 08"}, {"kod": "zvysky_z_taniera", "nazov": "Zvyšky z taniera", "kat": "20 01 08"}, {"kod": "gastro_fritovaci_olej", "nazov": "Použitý fritovací olej z gastroprevádzok", "kat": "20 01 25"}]}}, {"type": "Feature", "geometry": {"type": "Point", "coordinates": [20.687317, 49.297258]}, "properties": {"ico": "53265301", "nazov": "Spojená škola, Jarmočná 108, Stará Ľubovňa", "obec": "Stará Ľubovňa", "okres": "Stará Ľubovňa", "kraj": "Prešovský", "typ": "skola_stredna", "typ_nazov": "Stredná škola", "sektor": "Gastro a stravovacie zariadenia", "presnost": "obec", "t_rok": 1.56, "odpady": [{"kod": "bro_zahrady", "nazov": "Biologicky rozložiteľný odpad zo záhrad", "kat": "20 02 01"}, {"kod": "skolsky_kuchynsky_odpad", "nazov": "Kuchynský odpad zo školských jedální", "kat": "20 01 08"}, {"kod": "zvysky_z_taniera", "nazov": "Zvyšky z taniera", "kat": "20 01 08"}, {"kod": "gastro_fritovaci_olej", "nazov": "Použitý fritovací olej z gastroprevádzok", "kat": "20 01 25"}]}}, {"type": "Feature", "geometry": {"type": "Point", "coordinates": [19.35, 49.316667]}, "properties": {"ico": "53280491", "nazov": "PÍLA ORAVA, s.r.o.", "obec": "Hruštín", "okres": "Námestovo", "kraj": "Žilinský", "typ": "pila", "typ_nazov": "Píla a drevospracovanie", "sektor": "Drevo, lesníctvo a ostatné", "presnost": "obec", "t_rok": 0, "odpady": [{"kod": "kora", "nazov": "Odpadová kôra", "kat": "03 01 01"}, {"kod": "piliny", "nazov": "Piliny a hobliny", "kat": "03 01 05"}, {"kod": "odrezky_dreva", "nazov": "Odrezky a drevný odpad", "kat": "03 01 05"}]}}, {"type": "Feature", "geometry": {"type": "Point", "coordinates": [17.00306, 48.501984]}, "properties": {"ico": "53324421", "nazov": "Píla LAKY s. r. o.", "obec": "Veľké Leváre", "okres": "Malacky", "kraj": "Bratislavský", "typ": "pila", "typ_nazov": "Píla a drevospracovanie", "sektor": "Drevo, lesníctvo a ostatné", "presnost": "obec", "t_rok": 0, "odpady": [{"kod": "kora", "nazov": "Odpadová kôra", "kat": "03 01 01"}, {"kod": "piliny", "nazov": "Piliny a hobliny", "kat": "03 01 05"}, {"kod": "odrezky_dreva", "nazov": "Odrezky a drevný odpad", "kat": "03 01 05"}]}}, {"type": "Feature", "geometry": {"type": "Point", "coordinates": [21.252273, 49.000411]}, "properties": {"ico": "53390920", "nazov": "Súkromná školská jedáleň, 17. novembra 3723/13, Prešov", "obec": "Prešov", "okres": "Prešov", "kraj": "Prešovský", "typ": "skolska_jedalen", "typ_nazov": "Školská jedáleň", "sektor": "Gastro a stravovacie zariadenia", "presnost": "obec", "t_rok": 2.36, "odpady": [{"kod": "skolsky_kuchynsky_odpad", "nazov": "Kuchynský odpad zo školských jedální", "kat": "20 01 08"}, {"kod": "zvysky_z_taniera", "nazov": "Zvyšky z taniera", "kat": "20 01 08"}, {"kod": "gastro_fritovaci_olej", "nazov": "Použitý fritovací olej z gastroprevádzok", "kat": "20 01 25"}]}}, {"type": "Feature", "geometry": {"type": "Point", "coordinates": [17.299044, 48.103575]}, "properties": {"ico": "53420471", "nazov": "Základná škola, Hlavná ulica 81/42, Miloslavov", "obec": "Miloslavov", "okres": "Senec", "kraj": "Bratislavský", "typ": "skola_zakladna", "typ_nazov": "Základná škola", "sektor": "Gastro a stravovacie zariadenia", "presnost": "obec", "t_rok": 1.77, "odpady": [{"kod": "bro_zahrady", "nazov": "Biologicky rozložiteľný odpad zo záhrad", "kat": "20 02 01"}, {"kod": "skolsky_kuchynsky_odpad", "nazov": "Kuchynský odpad zo školských jedální", "kat": "20 01 08"}, {"kod": "zvysky_z_taniera", "nazov": "Zvyšky z taniera", "kat": "20 01 08"}, {"kod": "gastro_kavova_sedlina", "nazov": "Kávová sedlina z gastroprevádzok", "kat": "20 01 08"}]}}, {"type": "Feature", "geometry": {"type": "Point", "coordinates": [18.296077, 48.346006]}, "properties": {"ico": "53459148", "nazov": "Základná škola s materskou školou, Školská 252, Beladice", "obec": "Beladice", "okres": "Zlaté Moravce", "kraj": "Nitriansky", "typ": "skola_zakladna", "typ_nazov": "Základná škola", "sektor": "Gastro a stravovacie zariadenia", "presnost": "obec", "t_rok": 1.77, "odpady": [{"kod": "bro_zahrady", "nazov": "Biologicky rozložiteľný odpad zo záhrad", "kat": "20 02 01"}, {"kod": "skolsky_kuchynsky_odpad", "nazov": "Kuchynský odpad zo školských jedální", "kat": "20 01 08"}, {"kod": "zvysky_z_taniera", "nazov": "Zvyšky z taniera", "kat": "20 01 08"}, {"kod": "gastro_kavova_sedlina", "nazov": "Kávová sedlina z gastroprevádzok", "kat": "20 01 08"}]}}, {"type": "Feature", "geometry": {"type": "Point", "coordinates": [20.587999, 49.025112]}, "properties": {"ico": "53480341", "nazov": "Materská škola, Ulica Gašpara Haina 1237/36, Levoča", "obec": "Levoča", "okres": "Levoča", "kraj": "Prešovský", "typ": "skola_materska", "typ_nazov": "Materská škola", "sektor": "Gastro a stravovacie zariadenia", "presnost": "obec", "t_rok": 1.54, "odpady": [{"kod": "bro_zahrady", "nazov": "Biologicky rozložiteľný odpad zo záhrad", "kat": "20 02 01"}, {"kod": "skolsky_kuchynsky_odpad", "nazov": "Kuchynský odpad zo školských jedální", "kat": "20 01 08"}, {"kod": "zvysky_z_taniera", "nazov": "Zvyšky z taniera", "kat": "20 01 08"}]}}, {"type": "Feature", "geometry": {"type": "Point", "coordinates": [20.587999, 49.025112]}, "properties": {"ico": "53480465", "nazov": "Materská škola, Predmestie 832/26, Levoča", "obec": "Levoča", "okres": "Levoča", "kraj": "Prešovský", "typ": "skola_materska", "typ_nazov": "Materská škola", "sektor": "Gastro a stravovacie zariadenia", "presnost": "obec", "t_rok": 1.54, "odpady": [{"kod": "bro_zahrady", "nazov": "Biologicky rozložiteľný odpad zo záhrad", "kat": "20 02 01"}, {"kod": "skolsky_kuchynsky_odpad", "nazov": "Kuchynský odpad zo školských jedální", "kat": "20 01 08"}, {"kod": "zvysky_z_taniera", "nazov": "Zvyšky z taniera", "kat": "20 01 08"}]}}, {"type": "Feature", "geometry": {"type": "Point", "coordinates": [20.587999, 49.025112]}, "properties": {"ico": "53480783", "nazov": "Materská škola, Ulica Gustáva Hermanna 225/9, Levoča", "obec": "Levoča", "okres": "Levoča", "kraj": "Prešovský", "typ": "skola_materska", "typ_nazov": "Materská škola", "sektor": "Gastro a stravovacie zariadenia", "presnost": "obec", "t_rok": 1.54, "odpady": [{"kod": "bro_zahrady", "nazov": "Biologicky rozložiteľný odpad zo záhrad", "kat": "20 02 01"}, {"kod": "skolsky_kuchynsky_odpad", "nazov": "Kuchynský odpad zo školských jedální", "kat": "20 01 08"}, {"kod": "zvysky_z_taniera", "nazov": "Zvyšky z taniera", "kat": "20 01 08"}]}}, {"type": "Feature", "geometry": {"type": "Point", "coordinates": [20.587999, 49.025112]}, "properties": {"ico": "53480899", "nazov": "Materská škola, Ulica Jána Francisciho 1674/8, Levoča", "obec": "Levoča", "okres": "Levoča", "kraj": "Prešovský", "typ": "skola_materska", "typ_nazov": "Materská škola", "sektor": "Gastro a stravovacie zariadenia", "presnost": "obec", "t_rok": 1.54, "odpady": [{"kod": "bro_zahrady", "nazov": "Biologicky rozložiteľný odpad zo záhrad", "kat": "20 02 01"}, {"kod": "skolsky_kuchynsky_odpad", "nazov": "Kuchynský odpad zo školských jedální", "kat": "20 01 08"}, {"kod": "zvysky_z_taniera", "nazov": "Zvyšky z taniera", "kat": "20 01 08"}]}}, {"type": "Feature", "geometry": {"type": "Point", "coordinates": [18.259826, 48.721667]}, "properties": {"ico": "53482077", "nazov": "René Šiko - Mäso - údeniny", "obec": "Bánovce nad Bebravou", "okres": "Bánovce nad Bebravou", "kraj": "Trenčiansky", "typ": "masovyroba", "typ_nazov": "Mäsospracovanie", "sektor": "Potravinárstvo a nápoje", "presnost": "obec", "t_rok": 0, "odpady": [{"kod": "kostny_zvysok", "nazov": "Kosti a kostné zvyšky", "kat": "02 02 02"}, {"kod": "kozne_odrezky", "nazov": "Kožné odrezky a podkožný tuk", "kat": "02 02 02"}, {"kod": "masovy_flotacny_kal", "nazov": "Flotačný kal z mäsospracovania", "kat": "02 02 04"}, {"kod": "zvp_kat3", "nazov": "Živočíšne vedľajšie produkty kategórie 3", "kat": "02 02 02"}, {"kod": "technicky_zivocisny_tuk", "nazov": "Technický živočíšny tuk", "kat": "02 02 03"}, {"kod": "masokostna_mucka", "nazov": "Mäsokostná múčka", "kat": "02 02 02"}]}}, {"type": "Feature", "geometry": {"type": "Point", "coordinates": [20.364743, 48.821028]}, "properties": {"ico": "53490827", "nazov": "Hydina Gemer, s. r. o.", "obec": "Dobšiná", "okres": "Rožňava", "kraj": "Košický", "typ": "hydina", "typ_nazov": "Hydinárska prevádzka", "sektor": "Poľnohospodárstvo a chov", "presnost": "obec", "t_rok": 0, "odpady": [{"kod": "krv_bitunok", "nazov": "Krv z bitúnku", "kat": "02 02 03"}, {"kod": "perie", "nazov": "Perie z hydinových bitúnkov", "kat": "02 02 02"}, {"kod": "hydinovy_trus", "nazov": "Hydinový trus a podstielka", "kat": "02 01 06"}, {"kod": "kadavery", "nazov": "Uhynuté zvieratá (kadávery)", "kat": "02 01 02"}, {"kod": "zvp_kat3", "nazov": "Živočíšne vedľajšie produkty kategórie 3", "kat": "02 02 02"}, {"kod": "zvp_kat2", "nazov": "Živočíšne vedľajšie produkty kategórie 2", "kat": "02 02 02"}]}}, {"type": "Feature", "geometry": {"type": "Point", "coordinates": [17.644866, 48.208208]}, "properties": {"ico": "53574222", "nazov": "TT-kompost, s. r. o.", "obec": "Sládkovičovo", "okres": "Galanta", "kraj": "Trnavský", "typ": "kompostaren", "typ_nazov": "Kompostáreň", "sektor": "Komunálny a gastro bioodpad", "presnost": "obec", "t_rok": 0, "odpady": [{"kod": "travna_hmota_kosba", "nazov": "Trávna hmota z kosby verejnej zelene", "kat": "20 02 01"}, {"kod": "bro_zahrady", "nazov": "Biologicky rozložiteľný odpad zo záhrad", "kat": "20 02 01"}, {"kod": "kompost_nevyhovujuci", "nazov": "Kompost nevyhovujúcej kvality", "kat": "19 05 03"}]}}, {"type": "Feature", "geometry": {"type": "Point", "coordinates": [20.116667, 48.683333]}, "properties": {"ico": "53698185", "nazov": "Technické služby mesta Revúca - sociálny podnik s.r.o.", "obec": "Revúca", "okres": "Revúca", "kraj": "Banskobystrický", "typ": "technicke_sluzby", "typ_nazov": "Technické služby mesta / obce", "sektor": "Komunálny a gastro bioodpad", "presnost": "obec", "t_rok": 0, "odpady": [{"kod": "travna_hmota_kosba", "nazov": "Trávna hmota z kosby verejnej zelene", "kat": "20 02 01"}, {"kod": "konare_stiepka", "nazov": "Konáre a drevná štiepka z údržby zelene", "kat": "20 02 01"}, {"kod": "listie", "nazov": "Lístie z verejnej zelene", "kat": "20 02 01"}, {"kod": "bro_zahrady", "nazov": "Biologicky rozložiteľný odpad zo záhrad", "kat": "20 02 01"}, {"kod": "odpad_trhoviska", "nazov": "Odpad z trhovísk", "kat": "20 03 02"}]}}, {"type": "Feature", "geometry": {"type": "Point", "coordinates": [18.636664, 49.087947]}, "properties": {"ico": "53708725", "nazov": "Technické služby mesta Rajec, s. r. o.", "obec": "Rajec", "okres": "Žilina", "kraj": "Žilinský", "typ": "technicke_sluzby", "typ_nazov": "Technické služby mesta / obce", "sektor": "Komunálny a gastro bioodpad", "presnost": "obec", "t_rok": 0, "odpady": [{"kod": "travna_hmota_kosba", "nazov": "Trávna hmota z kosby verejnej zelene", "kat": "20 02 01"}, {"kod": "konare_stiepka", "nazov": "Konáre a drevná štiepka z údržby zelene", "kat": "20 02 01"}, {"kod": "listie", "nazov": "Lístie z verejnej zelene", "kat": "20 02 01"}, {"kod": "bro_zahrady", "nazov": "Biologicky rozložiteľný odpad zo záhrad", "kat": "20 02 01"}, {"kod": "odpad_trhoviska", "nazov": "Odpad z trhovísk", "kat": "20 03 02"}]}}, {"type": "Feature", "geometry": {"type": "Point", "coordinates": [21.27554, 49.292999]}, "properties": {"ico": "53764021", "nazov": "MILKFARM s. r. o.", "obec": "Bardejov", "okres": "Bardejov", "kraj": "Prešovský", "typ": "mliekaren", "typ_nazov": "Mliekáreň", "sektor": "Potravinárstvo a nápoje", "presnost": "obec", "t_rok": 0, "odpady": [{"kod": "srvatka_sladka", "nazov": "Sladká srvátka", "kat": "02 05 01"}, {"kod": "srvatka_kysla", "nazov": "Kyslá srvátka", "kat": "02 05 01"}, {"kod": "srvatkovy_permeat", "nazov": "Srvátkový permeát", "kat": "02 05 01"}, {"kod": "cmar", "nazov": "Cmar", "kat": "02 05 01"}, {"kod": "mliekarensky_kal", "nazov": "Kal z mliekarenskej ČOV", "kat": "02 05 02"}]}}, {"type": "Feature", "geometry": {"type": "Point", "coordinates": [17.109671, 48.153538]}, "properties": {"ico": "53800818", "nazov": "Súkromná školská jedáleň VČ s. r. o.", "obec": "Bratislava - mestská časť Jarovce", "okres": "Bratislava I", "kraj": "Bratislavský", "typ": "skolska_jedalen", "typ_nazov": "Školská jedáleň", "sektor": "Gastro a stravovacie zariadenia", "presnost": "obec_zaklad", "t_rok": 2.36, "odpady": [{"kod": "skolsky_kuchynsky_odpad", "nazov": "Kuchynský odpad zo školských jedální", "kat": "20 01 08"}, {"kod": "zvysky_z_taniera", "nazov": "Zvyšky z taniera", "kat": "20 01 08"}, {"kod": "gastro_fritovaci_olej", "nazov": "Použitý fritovací olej z gastroprevádzok", "kat": "20 01 25"}]}}, {"type": "Feature", "geometry": {"type": "Point", "coordinates": [18.739498, 49.223464]}, "properties": {"ico": "53946600", "nazov": "Technické služby mesta Žilina, s.r.o.", "obec": "Žilina", "okres": "Žilina", "kraj": "Žilinský", "typ": "technicke_sluzby", "typ_nazov": "Technické služby mesta / obce", "sektor": "Komunálny a gastro bioodpad", "presnost": "obec", "t_rok": 0, "odpady": [{"kod": "travna_hmota_kosba", "nazov": "Trávna hmota z kosby verejnej zelene", "kat": "20 02 01"}, {"kod": "konare_stiepka", "nazov": "Konáre a drevná štiepka z údržby zelene", "kat": "20 02 01"}, {"kod": "listie", "nazov": "Lístie z verejnej zelene", "kat": "20 02 01"}, {"kod": "bro_zahrady", "nazov": "Biologicky rozložiteľný odpad zo záhrad", "kat": "20 02 01"}, {"kod": "odpad_trhoviska", "nazov": "Odpad z trhovísk", "kat": "20 03 02"}]}}, {"type": "Feature", "geometry": {"type": "Point", "coordinates": [18.089173, 48.64101]}, "properties": {"ico": "53975707", "nazov": "Píla Sucháň s.r.o.", "obec": "Závada", "okres": "Topoľčany", "kraj": "Nitriansky", "typ": "pila", "typ_nazov": "Píla a drevospracovanie", "sektor": "Drevo, lesníctvo a ostatné", "presnost": "obec", "t_rok": 0, "odpady": [{"kod": "kora", "nazov": "Odpadová kôra", "kat": "03 01 01"}, {"kod": "piliny", "nazov": "Piliny a hobliny", "kat": "03 01 05"}, {"kod": "odrezky_dreva", "nazov": "Odrezky a drevný odpad", "kat": "03 01 05"}]}}, {"type": "Feature", "geometry": {"type": "Point", "coordinates": [21.680564, 48.890524]}, "properties": {"ico": "54006805", "nazov": "Školská jedáleň, Sídlisko II 1336, Vranov nad Topľou", "obec": "Vranov nad Topľou", "okres": "Vranov nad Topľou", "kraj": "Prešovský", "typ": "skolska_jedalen", "typ_nazov": "Školská jedáleň", "sektor": "Gastro a stravovacie zariadenia", "presnost": "obec", "t_rok": 2.36, "odpady": [{"kod": "skolsky_kuchynsky_odpad", "nazov": "Kuchynský odpad zo školských jedální", "kat": "20 01 08"}, {"kod": "zvysky_z_taniera", "nazov": "Zvyšky z taniera", "kat": "20 01 08"}, {"kod": "gastro_fritovaci_olej", "nazov": "Použitý fritovací olej z gastroprevádzok", "kat": "20 01 25"}]}}, {"type": "Feature", "geometry": {"type": "Point", "coordinates": [21.680564, 48.890524]}, "properties": {"ico": "54006937", "nazov": "Školská jedáleň, Lúčna 827/26, Vranov nad Topľou", "obec": "Vranov nad Topľou", "okres": "Vranov nad Topľou", "kraj": "Prešovský", "typ": "skolska_jedalen", "typ_nazov": "Školská jedáleň", "sektor": "Gastro a stravovacie zariadenia", "presnost": "obec", "t_rok": 2.36, "odpady": [{"kod": "skolsky_kuchynsky_odpad", "nazov": "Kuchynský odpad zo školských jedální", "kat": "20 01 08"}, {"kod": "zvysky_z_taniera", "nazov": "Zvyšky z taniera", "kat": "20 01 08"}, {"kod": "gastro_fritovaci_olej", "nazov": "Použitý fritovací olej z gastroprevádzok", "kat": "20 01 25"}]}}, {"type": "Feature", "geometry": {"type": "Point", "coordinates": [21.680564, 48.890524]}, "properties": {"ico": "54006996", "nazov": "Školská jedáleň, Juh 1054, Vranov nad Topľou", "obec": "Vranov nad Topľou", "okres": "Vranov nad Topľou", "kraj": "Prešovský", "typ": "skolska_jedalen", "typ_nazov": "Školská jedáleň", "sektor": "Gastro a stravovacie zariadenia", "presnost": "obec", "t_rok": 2.36, "odpady": [{"kod": "skolsky_kuchynsky_odpad", "nazov": "Kuchynský odpad zo školských jedální", "kat": "20 01 08"}, {"kod": "zvysky_z_taniera", "nazov": "Zvyšky z taniera", "kat": "20 01 08"}, {"kod": "gastro_fritovaci_olej", "nazov": "Použitý fritovací olej z gastroprevádzok", "kat": "20 01 25"}]}}, {"type": "Feature", "geometry": {"type": "Point", "coordinates": [21.680564, 48.890524]}, "properties": {"ico": "54007097", "nazov": "Školská jedáleň, Bernolákova ulica 1061, Vranov nad Topľou", "obec": "Vranov nad Topľou", "okres": "Vranov nad Topľou", "kraj": "Prešovský", "typ": "skolska_jedalen", "typ_nazov": "Školská jedáleň", "sektor": "Gastro a stravovacie zariadenia", "presnost": "obec", "t_rok": 2.36, "odpady": [{"kod": "skolsky_kuchynsky_odpad", "nazov": "Kuchynský odpad zo školských jedální", "kat": "20 01 08"}, {"kod": "zvysky_z_taniera", "nazov": "Zvyšky z taniera", "kat": "20 01 08"}, {"kod": "gastro_fritovaci_olej", "nazov": "Použitý fritovací olej z gastroprevádzok", "kat": "20 01 25"}]}}, {"type": "Feature", "geometry": {"type": "Point", "coordinates": [18.883333, 49.05]}, "properties": {"ico": "54278236", "nazov": "Kocúr - pražiareň kávy, s.r.o.", "obec": "Bystrička", "okres": "Martin", "kraj": "Žilinský", "typ": "praziaren_kavy", "typ_nazov": "Pražiareň kávy", "sektor": "Potravinárstvo a nápoje", "presnost": "obec", "t_rok": 0, "odpady": [{"kod": "kavova_sedlina", "nazov": "Kávová sedlina", "kat": "02 03 04"}, {"kod": "kavove_slupky", "nazov": "Kávové šupky (silverskin)", "kat": "02 03 04"}]}}, {"type": "Feature", "geometry": {"type": "Point", "coordinates": [20.35, 49.233333]}, "properties": {"ico": "54348315", "nazov": "Píla Lendak, s. r. o.", "obec": "Lendak", "okres": "Kežmarok", "kraj": "Prešovský", "typ": "pila", "typ_nazov": "Píla a drevospracovanie", "sektor": "Drevo, lesníctvo a ostatné", "presnost": "obec", "t_rok": 0, "odpady": [{"kod": "kora", "nazov": "Odpadová kôra", "kat": "03 01 01"}, {"kod": "piliny", "nazov": "Piliny a hobliny", "kat": "03 01 05"}, {"kod": "odrezky_dreva", "nazov": "Odrezky a drevný odpad", "kat": "03 01 05"}]}}, {"type": "Feature", "geometry": {"type": "Point", "coordinates": [17.396776, 48.219641]}, "properties": {"ico": "54645298", "nazov": "Školská jedáleň, Kysucká 14, Senec", "obec": "Senec", "okres": "Senec", "kraj": "Bratislavský", "typ": "skolska_jedalen", "typ_nazov": "Školská jedáleň", "sektor": "Gastro a stravovacie zariadenia", "presnost": "obec", "t_rok": 2.36, "odpady": [{"kod": "skolsky_kuchynsky_odpad", "nazov": "Kuchynský odpad zo školských jedální", "kat": "20 01 08"}, {"kod": "zvysky_z_taniera", "nazov": "Zvyšky z taniera", "kat": "20 01 08"}, {"kod": "gastro_fritovaci_olej", "nazov": "Použitý fritovací olej z gastroprevádzok", "kat": "20 01 25"}]}}, {"type": "Feature", "geometry": {"type": "Point", "coordinates": [18.488024, 48.609859]}, "properties": {"ico": "54709202", "nazov": "Píla - Dub s.r.o.", "obec": "Horná Ves", "okres": "Prievidza", "kraj": "Trenčiansky", "typ": "pila", "typ_nazov": "Píla a drevospracovanie", "sektor": "Drevo, lesníctvo a ostatné", "presnost": "obec", "t_rok": 0, "odpady": [{"kod": "kora", "nazov": "Odpadová kôra", "kat": "03 01 01"}, {"kod": "piliny", "nazov": "Piliny a hobliny", "kat": "03 01 05"}, {"kod": "odrezky_dreva", "nazov": "Odrezky a drevný odpad", "kat": "03 01 05"}]}}, {"type": "Feature", "geometry": {"type": "Point", "coordinates": [17.048575, 48.194538]}, "properties": {"ico": "54909082", "nazov": "Súkromná výdajná školská jedáleň Libellus, Bratislava", "obec": "Bratislava - mestská časť Lamač", "okres": "Bratislava IV", "kraj": "Bratislavský", "typ": "skolska_jedalen", "typ_nazov": "Školská jedáleň", "sektor": "Gastro a stravovacie zariadenia", "presnost": "mestska_cast", "t_rok": 2.36, "odpady": [{"kod": "skolsky_kuchynsky_odpad", "nazov": "Kuchynský odpad zo školských jedální", "kat": "20 01 08"}, {"kod": "zvysky_z_taniera", "nazov": "Zvyšky z taniera", "kat": "20 01 08"}, {"kod": "gastro_fritovaci_olej", "nazov": "Použitý fritovací olej z gastroprevádzok", "kat": "20 01 25"}]}}, {"type": "Feature", "geometry": {"type": "Point", "coordinates": [19.331842, 49.046667]}, "properties": {"ico": "54932378", "nazov": "Bioplynová stanica, s. r. o.", "obec": "Ludrová", "okres": "Ružomberok", "kraj": "Žilinský", "typ": "bioplynova_stanica", "typ_nazov": "Bioplynová stanica", "sektor": "Komunálny a gastro bioodpad", "presnost": "obec", "t_rok": 0, "odpady": [{"kod": "kukuricne_korovie", "nazov": "Kukuričné kôrovie a stonky", "kat": "02 01 03"}, {"kod": "hnojovica_osipane", "nazov": "Hnojovica ošípaných", "kat": "02 01 06"}, {"kod": "digestat", "nazov": "Digestát z bioplynovej stanice", "kat": "19 06 06"}]}}, {"type": "Feature", "geometry": {"type": "Point", "coordinates": [20.363755, 48.659884]}, "properties": {"ico": "54993296", "nazov": "PÍLA KALINA s.r.o.", "obec": "Štítnik", "okres": "Rožňava", "kraj": "Košický", "typ": "pila", "typ_nazov": "Píla a drevospracovanie", "sektor": "Drevo, lesníctvo a ostatné", "presnost": "obec", "t_rok": 0, "odpady": [{"kod": "kora", "nazov": "Odpadová kôra", "kat": "03 01 01"}, {"kod": "piliny", "nazov": "Piliny a hobliny", "kat": "03 01 05"}, {"kod": "odrezky_dreva", "nazov": "Odrezky a drevný odpad", "kat": "03 01 05"}]}}, {"type": "Feature", "geometry": {"type": "Point", "coordinates": [21.259905, 48.706875]}, "properties": {"ico": "55350500", "nazov": "Papierne Stakčín, s.r.o.", "obec": "Košice - mestská časť Juh", "okres": "Košice IV", "kraj": "Košický", "typ": "papierne", "typ_nazov": "Papiereň a celulózka", "sektor": "Drevo, lesníctvo a ostatné", "presnost": "mestska_cast", "t_rok": 0, "odpady": [{"kod": "kora", "nazov": "Odpadová kôra", "kat": "03 01 01"}, {"kod": "papierensky_kal", "nazov": "Papierenský kal", "kat": "03 03 11"}, {"kod": "vlaknity_vymet", "nazov": "Výmety z vlákien a plnív", "kat": "03 03 10"}]}}, {"type": "Feature", "geometry": {"type": "Point", "coordinates": [18.447319, 49.114507]}, "properties": {"ico": "55423230", "nazov": "Píla Praznov SK, s. r. o.", "obec": "Považská Bystrica", "okres": "Považská Bystrica", "kraj": "Trenčiansky", "typ": "pila", "typ_nazov": "Píla a drevospracovanie", "sektor": "Drevo, lesníctvo a ostatné", "presnost": "obec", "t_rok": 0, "odpady": [{"kod": "kora", "nazov": "Odpadová kôra", "kat": "03 01 01"}, {"kod": "piliny", "nazov": "Piliny a hobliny", "kat": "03 01 05"}, {"kod": "odrezky_dreva", "nazov": "Odrezky a drevný odpad", "kat": "03 01 05"}]}}, {"type": "Feature", "geometry": {"type": "Point", "coordinates": [19.390697, 49.061607]}, "properties": {"ico": "55424961", "nazov": "Mliekareň Liptovské Sliače, družstvo", "obec": "Liptovské Sliače", "okres": "Ružomberok", "kraj": "Žilinský", "typ": "mliekaren", "typ_nazov": "Mliekáreň", "sektor": "Potravinárstvo a nápoje", "presnost": "obec", "t_rok": 0, "odpady": [{"kod": "srvatka_sladka", "nazov": "Sladká srvátka", "kat": "02 05 01"}, {"kod": "srvatka_kysla", "nazov": "Kyslá srvátka", "kat": "02 05 01"}, {"kod": "srvatkovy_permeat", "nazov": "Srvátkový permeát", "kat": "02 05 01"}, {"kod": "cmar", "nazov": "Cmar", "kat": "02 05 01"}, {"kod": "mliekarensky_kal", "nazov": "Kal z mliekarenskej ČOV", "kat": "02 05 02"}]}}, {"type": "Feature", "geometry": {"type": "Point", "coordinates": [18.35, 48.016667]}, "properties": {"ico": "55452302", "nazov": "Hydina Semerovo, s. r. o.", "obec": "Semerovo", "okres": "Nové Zámky", "kraj": "Nitriansky", "typ": "hydina", "typ_nazov": "Hydinárska prevádzka", "sektor": "Poľnohospodárstvo a chov", "presnost": "obec", "t_rok": 0, "odpady": [{"kod": "krv_bitunok", "nazov": "Krv z bitúnku", "kat": "02 02 03"}, {"kod": "perie", "nazov": "Perie z hydinových bitúnkov", "kat": "02 02 02"}, {"kod": "hydinovy_trus", "nazov": "Hydinový trus a podstielka", "kat": "02 01 06"}, {"kod": "kadavery", "nazov": "Uhynuté zvieratá (kadávery)", "kat": "02 01 02"}, {"kod": "zvp_kat3", "nazov": "Živočíšne vedľajšie produkty kategórie 3", "kat": "02 02 02"}, {"kod": "zvp_kat2", "nazov": "Živočíšne vedľajšie produkty kategórie 2", "kat": "02 02 02"}]}}, {"type": "Feature", "geometry": {"type": "Point", "coordinates": [21.287603, 48.687456]}, "properties": {"ico": "55519971", "nazov": "HYDINA KOŠICE s. r. o.", "obec": "Košice - mestská časť Nad jazerom", "okres": "Košice IV", "kraj": "Košický", "typ": "hydina", "typ_nazov": "Hydinárska prevádzka", "sektor": "Poľnohospodárstvo a chov", "presnost": "mestska_cast", "t_rok": 0, "odpady": [{"kod": "krv_bitunok", "nazov": "Krv z bitúnku", "kat": "02 02 03"}, {"kod": "perie", "nazov": "Perie z hydinových bitúnkov", "kat": "02 02 02"}, {"kod": "hydinovy_trus", "nazov": "Hydinový trus a podstielka", "kat": "02 01 06"}, {"kod": "kadavery", "nazov": "Uhynuté zvieratá (kadávery)", "kat": "02 01 02"}, {"kod": "zvp_kat3", "nazov": "Živočíšne vedľajšie produkty kategórie 3", "kat": "02 02 02"}, {"kod": "zvp_kat2", "nazov": "Živočíšne vedľajšie produkty kategórie 2", "kat": "02 02 02"}]}}, {"type": "Feature", "geometry": {"type": "Point", "coordinates": [17.644866, 48.208208]}, "properties": {"ico": "55598234", "nazov": "Kompost Senec s.r.o.", "obec": "Sládkovičovo", "okres": "Galanta", "kraj": "Trnavský", "typ": "kompostaren", "typ_nazov": "Kompostáreň", "sektor": "Komunálny a gastro bioodpad", "presnost": "obec", "t_rok": 0, "odpady": [{"kod": "travna_hmota_kosba", "nazov": "Trávna hmota z kosby verejnej zelene", "kat": "20 02 01"}, {"kod": "bro_zahrady", "nazov": "Biologicky rozložiteľný odpad zo záhrad", "kat": "20 02 01"}, {"kod": "kompost_nevyhovujuci", "nazov": "Kompost nevyhovujúcej kvality", "kat": "19 05 03"}]}}, {"type": "Feature", "geometry": {"type": "Point", "coordinates": [19.156869, 48.738539]}, "properties": {"ico": "55807348", "nazov": "Banícky remeselný liehovar SCHEMNITZ s. r. o.", "obec": "Banská Bystrica", "okres": "Banská Bystrica", "kraj": "Banskobystrický", "typ": "liehovar", "typ_nazov": "Liehovar a pálenica", "sektor": "Potravinárstvo a nápoje", "presnost": "obec", "t_rok": 0, "odpady": [{"kod": "vypalky", "nazov": "Liehovarnícke výpalky", "kat": "02 07 02"}, {"kod": "drozdiarske_zvysky", "nazov": "Zvyšky z výroby droždia", "kat": "02 03 04"}]}}, {"type": "Feature", "geometry": {"type": "Point", "coordinates": [17.718435, 47.936163]}, "properties": {"ico": "56034831", "nazov": "Školská jedáleň, Hlavná 789, Dolný Štál", "obec": "Dolný Štál", "okres": "Dunajská Streda", "kraj": "Trnavský", "typ": "skolska_jedalen", "typ_nazov": "Školská jedáleň", "sektor": "Gastro a stravovacie zariadenia", "presnost": "obec", "t_rok": 2.36, "odpady": [{"kod": "skolsky_kuchynsky_odpad", "nazov": "Kuchynský odpad zo školských jedální", "kat": "20 01 08"}, {"kod": "zvysky_z_taniera", "nazov": "Zvyšky z taniera", "kat": "20 01 08"}, {"kod": "gastro_fritovaci_olej", "nazov": "Použitý fritovací olej z gastroprevádzok", "kat": "20 01 25"}]}}, {"type": "Feature", "geometry": {"type": "Point", "coordinates": [17.364383, 48.679121]}, "properties": {"ico": "56490437", "nazov": "MLIEKAREŇ MORAVA VP, s. r. o.", "obec": "Senica", "okres": "Senica", "kraj": "Trnavský", "typ": "mliekaren", "typ_nazov": "Mliekáreň", "sektor": "Potravinárstvo a nápoje", "presnost": "obec", "t_rok": 0, "odpady": [{"kod": "srvatka_sladka", "nazov": "Sladká srvátka", "kat": "02 05 01"}, {"kod": "srvatka_kysla", "nazov": "Kyslá srvátka", "kat": "02 05 01"}, {"kod": "srvatkovy_permeat", "nazov": "Srvátkový permeát", "kat": "02 05 01"}, {"kod": "cmar", "nazov": "Cmar", "kat": "02 05 01"}, {"kod": "mliekarensky_kal", "nazov": "Kal z mliekarenskej ČOV", "kat": "02 05 02"}]}}, {"type": "Feature", "geometry": {"type": "Point", "coordinates": [21.252273, 49.000411]}, "properties": {"ico": "56660740", "nazov": "Súkromná školská jedáleň KSPV, Jesenná 18, Prešov", "obec": "Prešov", "okres": "Prešov", "kraj": "Prešovský", "typ": "skolska_jedalen", "typ_nazov": "Školská jedáleň", "sektor": "Gastro a stravovacie zariadenia", "presnost": "obec", "t_rok": 2.36, "odpady": [{"kod": "skolsky_kuchynsky_odpad", "nazov": "Kuchynský odpad zo školských jedální", "kat": "20 01 08"}, {"kod": "zvysky_z_taniera", "nazov": "Zvyšky z taniera", "kat": "20 01 08"}, {"kod": "gastro_fritovaci_olej", "nazov": "Použitý fritovací olej z gastroprevádzok", "kat": "20 01 25"}]}}, {"type": "Feature", "geometry": {"type": "Point", "coordinates": [18.09061, 48.31257]}, "properties": {"ico": "56762402", "nazov": "JEDÁLEŇ KATARÍNA s. r. o.", "obec": "Nitra", "okres": "Nitra", "kraj": "Nitriansky", "typ": "jedalen_zavodna", "typ_nazov": "Závodná a verejná jedáleň", "sektor": "Gastro a stravovacie zariadenia", "presnost": "obec", "t_rok": 0, "odpady": [{"kod": "tuky_odlucovace", "nazov": "Tuky z odlučovačov", "kat": "19 08 09"}, {"kod": "zvysky_z_taniera", "nazov": "Zvyšky z taniera", "kat": "20 01 08"}, {"kod": "gastro_kuchynsky_odpad", "nazov": "Kuchynský odpad z reštaurácií a hotelov", "kat": "20 01 08"}, {"kod": "gastro_fritovaci_olej", "nazov": "Použitý fritovací olej z gastroprevádzok", "kat": "20 01 25"}]}}, {"type": "Feature", "geometry": {"type": "Point", "coordinates": [17.75, 48.266667]}, "properties": {"ico": "56946350", "nazov": "PRODUKT KOMPOST s. r. o.", "obec": "Dolná Streda", "okres": "Galanta", "kraj": "Trnavský", "typ": "kompostaren", "typ_nazov": "Kompostáreň", "sektor": "Komunálny a gastro bioodpad", "presnost": "obec", "t_rok": 0, "odpady": [{"kod": "travna_hmota_kosba", "nazov": "Trávna hmota z kosby verejnej zelene", "kat": "20 02 01"}, {"kod": "bro_zahrady", "nazov": "Biologicky rozložiteľný odpad zo záhrad", "kat": "20 02 01"}, {"kod": "kompost_nevyhovujuci", "nazov": "Kompost nevyhovujúcej kvality", "kat": "19 05 03"}]}}, {"type": "Feature", "geometry": {"type": "Point", "coordinates": [20.822502, 49.193961]}, "properties": {"ico": "57063800", "nazov": "Bc. Markéta Novysedláková - ŠARIŠSKÁ REMESELNÁ MLIEKAREŇ", "obec": "Krásna Lúka", "okres": "Sabinov", "kraj": "Prešovský", "typ": "mliekaren", "typ_nazov": "Mliekáreň", "sektor": "Potravinárstvo a nápoje", "presnost": "obec", "t_rok": 0, "odpady": [{"kod": "srvatka_sladka", "nazov": "Sladká srvátka", "kat": "02 05 01"}, {"kod": "srvatka_kysla", "nazov": "Kyslá srvátka", "kat": "02 05 01"}, {"kod": "srvatkovy_permeat", "nazov": "Srvátkový permeát", "kat": "02 05 01"}, {"kod": "cmar", "nazov": "Cmar", "kat": "02 05 01"}, {"kod": "mliekarensky_kal", "nazov": "Kal z mliekarenskej ČOV", "kat": "02 05 02"}]}}, {"type": "Feature", "geometry": {"type": "Point", "coordinates": [17.302281, 48.269892]}, "properties": {"ico": "57114838", "nazov": "Školská jedáleň – Mavi s. r. o.", "obec": "Viničné", "okres": "Pezinok", "kraj": "Bratislavský", "typ": "skolska_jedalen", "typ_nazov": "Školská jedáleň", "sektor": "Gastro a stravovacie zariadenia", "presnost": "obec", "t_rok": 2.36, "odpady": [{"kod": "skolsky_kuchynsky_odpad", "nazov": "Kuchynský odpad zo školských jedální", "kat": "20 01 08"}, {"kod": "zvysky_z_taniera", "nazov": "Zvyšky z taniera", "kat": "20 01 08"}, {"kod": "gastro_fritovaci_olej", "nazov": "Použitý fritovací olej z gastroprevádzok", "kat": "20 01 25"}]}}, {"type": "Feature", "geometry": {"type": "Point", "coordinates": [17.166667, 48.8]}, "properties": {"ico": "57237646", "nazov": "Holíčska Pražiareň s. r. o.", "obec": "Holíč", "okres": "Skalica", "kraj": "Trnavský", "typ": "praziaren_kavy", "typ_nazov": "Pražiareň kávy", "sektor": "Potravinárstvo a nápoje", "presnost": "obec", "t_rok": 0, "odpady": [{"kod": "kavova_sedlina", "nazov": "Kávová sedlina", "kat": "02 03 04"}, {"kod": "kavove_slupky", "nazov": "Kávové šupky (silverskin)", "kat": "02 03 04"}]}}, {"type": "Feature", "geometry": {"type": "Point", "coordinates": [19.462852, 48.813419]}, "properties": {"ico": "57255342", "nazov": "MÄSO-ÚDENINY Podbrezová s. r. o.", "obec": "Predajná", "okres": "Brezno", "kraj": "Banskobystrický", "typ": "masovyroba", "typ_nazov": "Mäsospracovanie", "sektor": "Potravinárstvo a nápoje", "presnost": "obec", "t_rok": 0, "odpady": [{"kod": "kostny_zvysok", "nazov": "Kosti a kostné zvyšky", "kat": "02 02 02"}, {"kod": "kozne_odrezky", "nazov": "Kožné odrezky a podkožný tuk", "kat": "02 02 02"}, {"kod": "masovy_flotacny_kal", "nazov": "Flotačný kal z mäsospracovania", "kat": "02 02 04"}, {"kod": "zvp_kat3", "nazov": "Živočíšne vedľajšie produkty kategórie 3", "kat": "02 02 02"}, {"kod": "technicky_zivocisny_tuk", "nazov": "Technický živočíšny tuk", "kat": "02 02 03"}, {"kod": "masokostna_mucka", "nazov": "Mäsokostná múčka", "kat": "02 02 02"}]}}, {"type": "Feature", "geometry": {"type": "Point", "coordinates": [21.566667, 48.883333]}, "properties": {"ico": "57371598", "nazov": "HUDÁK HYDINA s. r. o.", "obec": "Juskova Voľa", "okres": "Vranov nad Topľou", "kraj": "Prešovský", "typ": "hydina", "typ_nazov": "Hydinárska prevádzka", "sektor": "Poľnohospodárstvo a chov", "presnost": "obec", "t_rok": 0, "odpady": [{"kod": "krv_bitunok", "nazov": "Krv z bitúnku", "kat": "02 02 03"}, {"kod": "perie", "nazov": "Perie z hydinových bitúnkov", "kat": "02 02 02"}, {"kod": "hydinovy_trus", "nazov": "Hydinový trus a podstielka", "kat": "02 01 06"}, {"kod": "kadavery", "nazov": "Uhynuté zvieratá (kadávery)", "kat": "02 01 02"}, {"kod": "zvp_kat3", "nazov": "Živočíšne vedľajšie produkty kategórie 3", "kat": "02 02 02"}, {"kod": "zvp_kat2", "nazov": "Živočíšne vedľajšie produkty kategórie 2", "kat": "02 02 02"}]}}, {"type": "Feature", "geometry": {"type": "Point", "coordinates": [18.72155, 48.483398]}, "properties": {"ico": "57418616", "nazov": "Anna Arvajová - JEDÁLEŇ JELEŇ", "obec": "Žarnovica", "okres": "Žarnovica", "kraj": "Banskobystrický", "typ": "jedalen_zavodna", "typ_nazov": "Závodná a verejná jedáleň", "sektor": "Gastro a stravovacie zariadenia", "presnost": "obec", "t_rok": 0, "odpady": [{"kod": "tuky_odlucovace", "nazov": "Tuky z odlučovačov", "kat": "19 08 09"}, {"kod": "zvysky_z_taniera", "nazov": "Zvyšky z taniera", "kat": "20 01 08"}, {"kod": "gastro_kuchynsky_odpad", "nazov": "Kuchynský odpad z reštaurácií a hotelov", "kat": "20 01 08"}, {"kod": "gastro_fritovaci_olej", "nazov": "Použitý fritovací olej z gastroprevádzok", "kat": "20 01 25"}]}}, {"type": "Feature", "geometry": {"type": "Point", "coordinates": [19.692702, 49.053592]}, "properties": {"ico": "57424136", "nazov": "PÍLA PODTUREŇ, s. r. o.", "obec": "Podtureň", "okres": "Liptovský Mikuláš", "kraj": "Žilinský", "typ": "pila", "typ_nazov": "Píla a drevospracovanie", "sektor": "Drevo, lesníctvo a ostatné", "presnost": "obec", "t_rok": 0, "odpady": [{"kod": "kora", "nazov": "Odpadová kôra", "kat": "03 01 01"}, {"kod": "piliny", "nazov": "Piliny a hobliny", "kat": "03 01 05"}, {"kod": "odrezky_dreva", "nazov": "Odrezky a drevný odpad", "kat": "03 01 05"}]}}, {"type": "Feature", "geometry": {"type": "Point", "coordinates": [17.586718, 48.37729]}, "properties": {"ico": "57433933", "nazov": "ATELIÉR pražiareň s. r. o.", "obec": "Trnava", "okres": "Trnava", "kraj": "Trnavský", "typ": "praziaren_kavy", "typ_nazov": "Pražiareň kávy", "sektor": "Potravinárstvo a nápoje", "presnost": "obec", "t_rok": 0, "odpady": [{"kod": "kavova_sedlina", "nazov": "Kávová sedlina", "kat": "02 03 04"}, {"kod": "kavove_slupky", "nazov": "Kávové šupky (silverskin)", "kat": "02 03 04"}]}}, {"type": "Feature", "geometry": {"type": "Point", "coordinates": [19.35, 49.316667]}, "properties": {"ico": "57497931", "nazov": "Hruštínska mliekareň, s. r. o.", "obec": "Hruštín", "okres": "Námestovo", "kraj": "Žilinský", "typ": "mliekaren", "typ_nazov": "Mliekáreň", "sektor": "Potravinárstvo a nápoje", "presnost": "obec", "t_rok": 0, "odpady": [{"kod": "srvatka_sladka", "nazov": "Sladká srvátka", "kat": "02 05 01"}, {"kod": "srvatka_kysla", "nazov": "Kyslá srvátka", "kat": "02 05 01"}, {"kod": "srvatkovy_permeat", "nazov": "Srvátkový permeát", "kat": "02 05 01"}, {"kod": "cmar", "nazov": "Cmar", "kat": "02 05 01"}, {"kod": "mliekarensky_kal", "nazov": "Kal z mliekarenskej ČOV", "kat": "02 05 02"}]}}, {"type": "Feature", "geometry": {"type": "Point", "coordinates": [19.615641, 49.363892]}, "properties": {"ico": "57527458", "nazov": "JEDÁLEŇ ŠMAK s.r.o.", "obec": "Trstená", "okres": "Tvrdošín", "kraj": "Žilinský", "typ": "jedalen_zavodna", "typ_nazov": "Závodná a verejná jedáleň", "sektor": "Gastro a stravovacie zariadenia", "presnost": "obec", "t_rok": 0, "odpady": [{"kod": "tuky_odlucovace", "nazov": "Tuky z odlučovačov", "kat": "19 08 09"}, {"kod": "zvysky_z_taniera", "nazov": "Zvyšky z taniera", "kat": "20 01 08"}, {"kod": "gastro_kuchynsky_odpad", "nazov": "Kuchynský odpad z reštaurácií a hotelov", "kat": "20 01 08"}, {"kod": "gastro_fritovaci_olej", "nazov": "Použitý fritovací olej z gastroprevádzok", "kat": "20 01 25"}]}}, {"type": "Feature", "geometry": {"type": "Point", "coordinates": [16.973293, 48.363703]}, "properties": {"ico": "57571635", "nazov": "Mäso údeniny Dudek s. r. o.", "obec": "Láb", "okres": "Malacky", "kraj": "Bratislavský", "typ": "masovyroba", "typ_nazov": "Mäsospracovanie", "sektor": "Potravinárstvo a nápoje", "presnost": "obec", "t_rok": 0, "odpady": [{"kod": "kostny_zvysok", "nazov": "Kosti a kostné zvyšky", "kat": "02 02 02"}, {"kod": "kozne_odrezky", "nazov": "Kožné odrezky a podkožný tuk", "kat": "02 02 02"}, {"kod": "masovy_flotacny_kal", "nazov": "Flotačný kal z mäsospracovania", "kat": "02 02 04"}, {"kod": "zvp_kat3", "nazov": "Živočíšne vedľajšie produkty kategórie 3", "kat": "02 02 02"}, {"kod": "technicky_zivocisny_tuk", "nazov": "Technický živočíšny tuk", "kat": "02 02 03"}, {"kod": "masokostna_mucka", "nazov": "Mäsokostná múčka", "kat": "02 02 02"}]}}, {"type": "Feature", "geometry": {"type": "Point", "coordinates": [21.252273, 49.000411]}, "properties": {"ico": "57675112", "nazov": "Súkromná školská jedáleň, Bernolákova 21, Prešov", "obec": "Prešov", "okres": "Prešov", "kraj": "Prešovský", "typ": "skolska_jedalen", "typ_nazov": "Školská jedáleň", "sektor": "Gastro a stravovacie zariadenia", "presnost": "obec", "t_rok": 2.36, "odpady": [{"kod": "skolsky_kuchynsky_odpad", "nazov": "Kuchynský odpad zo školských jedální", "kat": "20 01 08"}, {"kod": "zvysky_z_taniera", "nazov": "Zvyšky z taniera", "kat": "20 01 08"}, {"kod": "gastro_fritovaci_olej", "nazov": "Použitý fritovací olej z gastroprevádzok", "kat": "20 01 25"}]}}, {"type": "Feature", "geometry": {"type": "Point", "coordinates": [21.883333, 48.633333]}, "properties": {"ico": "57767394", "nazov": "Súkromná školská jedáleň Zdravý projekt, Pekníkova 6, Bratislava", "obec": "Bratislava - mestská časť Dúbravka", "okres": "Michalovce", "kraj": "Košický", "typ": "skolska_jedalen", "typ_nazov": "Školská jedáleň", "sektor": "Gastro a stravovacie zariadenia", "presnost": "mestska_cast", "t_rok": 2.36, "odpady": [{"kod": "skolsky_kuchynsky_odpad", "nazov": "Kuchynský odpad zo školských jedální", "kat": "20 01 08"}, {"kod": "zvysky_z_taniera", "nazov": "Zvyšky z taniera", "kat": "20 01 08"}, {"kod": "gastro_fritovaci_olej", "nazov": "Použitý fritovací olej z gastroprevádzok", "kat": "20 01 25"}]}}, {"type": "Feature", "geometry": {"type": "Point", "coordinates": [21.883333, 48.633333]}, "properties": {"ico": "57767581", "nazov": "Súkromná školská jedáleň, Bilíková 24, Bratislava", "obec": "Bratislava - mestská časť Dúbravka", "okres": "Michalovce", "kraj": "Košický", "typ": "skolska_jedalen", "typ_nazov": "Školská jedáleň", "sektor": "Gastro a stravovacie zariadenia", "presnost": "mestska_cast", "t_rok": 2.36, "odpady": [{"kod": "skolsky_kuchynsky_odpad", "nazov": "Kuchynský odpad zo školských jedální", "kat": "20 01 08"}, {"kod": "zvysky_z_taniera", "nazov": "Zvyšky z taniera", "kat": "20 01 08"}, {"kod": "gastro_fritovaci_olej", "nazov": "Použitý fritovací olej z gastroprevádzok", "kat": "20 01 25"}]}}, {"type": "Feature", "geometry": {"type": "Point", "coordinates": [18.539765, 48.714477]}, "properties": {"ico": "57769621", "nazov": "Súkromná výdajná školská jedáleň, Rastislavova 332, Nováky", "obec": "Nováky", "okres": "Prievidza", "kraj": "Trenčiansky", "typ": "skolska_jedalen", "typ_nazov": "Školská jedáleň", "sektor": "Gastro a stravovacie zariadenia", "presnost": "obec", "t_rok": 2.36, "odpady": [{"kod": "skolsky_kuchynsky_odpad", "nazov": "Kuchynský odpad zo školských jedální", "kat": "20 01 08"}, {"kod": "zvysky_z_taniera", "nazov": "Zvyšky z taniera", "kat": "20 01 08"}, {"kod": "gastro_fritovaci_olej", "nazov": "Použitý fritovací olej z gastroprevádzok", "kat": "20 01 25"}]}}, {"type": "Feature", "geometry": {"type": "Point", "coordinates": [21.883333, 48.633333]}, "properties": {"ico": "57802262", "nazov": "Súkromná výdajná školská jedáleň, Dúbravská cesta 11, Bratislava", "obec": "Bratislava - mestská časť Dúbravka", "okres": "Michalovce", "kraj": "Košický", "typ": "skolska_jedalen", "typ_nazov": "Školská jedáleň", "sektor": "Gastro a stravovacie zariadenia", "presnost": "mestska_cast", "t_rok": 2.36, "odpady": [{"kod": "skolsky_kuchynsky_odpad", "nazov": "Kuchynský odpad zo školských jedální", "kat": "20 01 08"}, {"kod": "zvysky_z_taniera", "nazov": "Zvyšky z taniera", "kat": "20 01 08"}, {"kod": "gastro_fritovaci_olej", "nazov": "Použitý fritovací olej z gastroprevádzok", "kat": "20 01 25"}]}}]}